Rented_Bike_Count,Temperature,Holiday,Autumn,Spring,Summer,Weather_Condition_Bad,Weather_Condition_Good,Weather_Condition_Regular,DayOfWeek_sin,DayOfWeek_cos,Hour_sin,Hour_cos
254,-5.2,0,0,0,0,0,0,1,-0.433883739117558,-0.9009688679024191,0.0,1.0
204,-5.5,0,0,0,0,0,0,1,-0.433883739117558,-0.9009688679024191,0.25881904510252074,0.9659258262890683
173,-6.0,0,0,0,0,0,0,1,-0.433883739117558,-0.9009688679024191,0.49999999999999994,0.8660254037844387
107,-6.2,0,0,0,0,0,0,1,-0.433883739117558,-0.9009688679024191,0.7071067811865476,0.7071067811865476
78,-6.0,0,0,0,0,0,0,1,-0.433883739117558,-0.9009688679024191,0.8660254037844386,0.5000000000000001
100,-6.4,0,0,0,0,0,0,1,-0.433883739117558,-0.9009688679024191,0.9659258262890683,0.25881904510252074
181,-6.6,0,0,0,0,0,0,1,-0.433883739117558,-0.9009688679024191,1.0,6.123233995736766e-17
460,-7.4,0,0,0,0,0,0,1,-0.433883739117558,-0.9009688679024191,0.9659258262890683,-0.25881904510252063
930,-7.6,0,0,0,0,0,0,1,-0.433883739117558,-0.9009688679024191,0.8660254037844387,-0.4999999999999998
490,-6.5,0,0,0,0,0,0,1,-0.433883739117558,-0.9009688679024191,0.7071067811865476,-0.7071067811865475
339,-3.5,0,0,0,0,0,0,1,-0.433883739117558,-0.9009688679024191,0.49999999999999994,-0.8660254037844387
360,-0.5,0,0,0,0,0,1,0,-0.433883739117558,-0.9009688679024191,0.258819045102521,-0.9659258262890682
449,1.7,0,0,0,0,0,1,0,-0.433883739117558,-0.9009688679024191,1.2246467991473532e-16,-1.0
451,2.4,0,0,0,0,0,1,0,-0.433883739117558,-0.9009688679024191,-0.2588190451025208,-0.9659258262890683
447,3.0,0,0,0,0,0,1,0,-0.433883739117558,-0.9009688679024191,-0.4999999999999997,-0.8660254037844388
463,2.1,0,0,0,0,0,0,1,-0.433883739117558,-0.9009688679024191,-0.7071067811865471,-0.7071067811865479
484,1.2,0,0,0,0,0,0,1,-0.433883739117558,-0.9009688679024191,-0.8660254037844385,-0.5000000000000004
555,0.8,0,0,0,0,0,0,1,-0.433883739117558,-0.9009688679024191,-0.9659258262890683,-0.25881904510252063
862,0.6,0,0,0,0,0,0,1,-0.433883739117558,-0.9009688679024191,-1.0,-1.8369701987210297e-16
600,0.0,0,0,0,0,0,0,1,-0.433883739117558,-0.9009688679024191,-0.9659258262890684,0.2588190451025203
426,-0.3,0,0,0,0,0,0,1,-0.433883739117558,-0.9009688679024191,-0.8660254037844386,0.5000000000000001
405,-0.8,0,0,0,0,0,0,1,-0.433883739117558,-0.9009688679024191,-0.7071067811865477,0.7071067811865474
398,-0.9,0,0,0,0,0,0,1,-0.433883739117558,-0.9009688679024191,-0.5000000000000004,0.8660254037844384
323,-1.3,0,0,0,0,0,0,1,-0.433883739117558,-0.9009688679024191,-0.25881904510252157,0.9659258262890681
328,-1.8,0,0,0,0,0,0,1,-0.9749279121818236,-0.2225209339563146,0.0,1.0
308,-2.2,0,0,0,0,0,0,1,-0.9749279121818236,-0.2225209339563146,0.25881904510252074,0.9659258262890683
262,-2.9,0,0,0,0,0,0,1,-0.9749279121818236,-0.2225209339563146,0.49999999999999994,0.8660254037844387
167,-3.5,0,0,0,0,0,0,1,-0.9749279121818236,-0.2225209339563146,0.7071067811865476,0.7071067811865476
89,-3.8,0,0,0,0,0,0,1,-0.9749279121818236,-0.2225209339563146,0.8660254037844386,0.5000000000000001
79,-4.0,0,0,0,0,0,0,1,-0.9749279121818236,-0.2225209339563146,0.9659258262890683,0.25881904510252074
70,-4.3,0,0,0,0,0,0,1,-0.9749279121818236,-0.2225209339563146,1.0,6.123233995736766e-17
146,-4.4,0,0,0,0,0,0,1,-0.9749279121818236,-0.2225209339563146,0.9659258262890683,-0.25881904510252063
219,-4.2,0,0,0,0,0,0,1,-0.9749279121818236,-0.2225209339563146,0.8660254037844387,-0.4999999999999998
328,-2.9,0,0,0,0,0,0,1,-0.9749279121818236,-0.2225209339563146,0.7071067811865476,-0.7071067811865475
334,-0.4,0,0,0,0,0,0,1,-0.9749279121818236,-0.2225209339563146,0.49999999999999994,-0.8660254037844387
388,1.9,0,0,0,0,0,0,1,-0.9749279121818236,-0.2225209339563146,0.258819045102521,-0.9659258262890682
479,4.3,0,0,0,0,0,1,0,-0.9749279121818236,-0.2225209339563146,1.2246467991473532e-16,-1.0
606,6.0,0,0,0,0,0,1,0,-0.9749279121818236,-0.2225209339563146,-0.2588190451025208,-0.9659258262890683
611,7.3,0,0,0,0,0,1,0,-0.9749279121818236,-0.2225209339563146,-0.4999999999999997,-0.8660254037844388
589,7.6,0,0,0,0,0,0,1,-0.9749279121818236,-0.2225209339563146,-0.7071067811865471,-0.7071067811865479
618,6.4,0,0,0,0,0,0,1,-0.9749279121818236,-0.2225209339563146,-0.8660254037844385,-0.5000000000000004
572,6.0,0,0,0,0,0,0,1,-0.9749279121818236,-0.2225209339563146,-0.9659258262890683,-0.25881904510252063
489,5.5,0,0,0,0,0,0,1,-0.9749279121818236,-0.2225209339563146,-1.0,-1.8369701987210297e-16
385,5.0,0,0,0,0,0,0,1,-0.9749279121818236,-0.2225209339563146,-0.9659258262890684,0.2588190451025203
359,4.6,0,0,0,0,0,0,1,-0.9749279121818236,-0.2225209339563146,-0.8660254037844386,0.5000000000000001
377,4.1,0,0,0,0,0,0,1,-0.9749279121818236,-0.2225209339563146,-0.7071067811865477,0.7071067811865474
354,3.5,0,0,0,0,0,0,1,-0.9749279121818236,-0.2225209339563146,-0.5000000000000004,0.8660254037844384
366,4.0,0,0,0,0,0,0,1,-0.9749279121818236,-0.2225209339563146,-0.25881904510252157,0.9659258262890681
342,4.0,0,0,0,0,0,0,1,-0.7818314824680299,0.6234898018587334,0.0,1.0
227,3.9,0,0,0,0,1,0,0,-0.7818314824680299,0.6234898018587334,0.25881904510252074,0.9659258262890683
228,3.3,0,0,0,0,0,0,1,-0.7818314824680299,0.6234898018587334,0.49999999999999994,0.8660254037844387
117,3.4,0,0,0,0,1,0,0,-0.7818314824680299,0.6234898018587334,0.7071067811865476,0.7071067811865476
76,3.5,0,0,0,0,0,0,1,-0.7818314824680299,0.6234898018587334,0.8660254037844386,0.5000000000000001
32,3.9,0,0,0,0,0,0,1,-0.7818314824680299,0.6234898018587334,0.9659258262890683,0.25881904510252074
13,3.4,0,0,0,0,1,0,0,-0.7818314824680299,0.6234898018587334,1.0,6.123233995736766e-17
22,3.1,0,0,0,0,1,0,0,-0.7818314824680299,0.6234898018587334,0.9659258262890683,-0.25881904510252063
85,3.2,0,0,0,0,1,0,0,-0.7818314824680299,0.6234898018587334,0.8660254037844387,-0.4999999999999998
152,3.5,0,0,0,0,1,0,0,-0.7818314824680299,0.6234898018587334,0.7071067811865476,-0.7071067811865475
200,4.4,0,0,0,0,1,0,0,-0.7818314824680299,0.6234898018587334,0.49999999999999994,-0.8660254037844387
273,5.1,0,0,0,0,1,0,0,-0.7818314824680299,0.6234898018587334,0.258819045102521,-0.9659258262890682
333,5.8,0,0,0,0,1,0,0,-0.7818314824680299,0.6234898018587334,1.2246467991473532e-16,-1.0
495,6.8,0,0,0,0,1,0,0,-0.7818314824680299,0.6234898018587334,-0.2588190451025208,-0.9659258262890683
563,7.6,0,0,0,0,1,0,0,-0.7818314824680299,0.6234898018587334,-0.4999999999999997,-0.8660254037844388
621,8.0,0,0,0,0,1,0,0,-0.7818314824680299,0.6234898018587334,-0.7071067811865471,-0.7071067811865479
598,7.6,0,0,0,0,1,0,0,-0.7818314824680299,0.6234898018587334,-0.8660254037844385,-0.5000000000000004
545,6.7,0,0,0,0,1,0,0,-0.7818314824680299,0.6234898018587334,-0.9659258262890683,-0.25881904510252063
443,6.0,0,0,0,0,1,0,0,-0.7818314824680299,0.6234898018587334,-1.0,-1.8369701987210297e-16
422,5.7,0,0,0,0,1,0,0,-0.7818314824680299,0.6234898018587334,-0.9659258262890684,0.2588190451025203
397,5.2,0,0,0,0,1,0,0,-0.7818314824680299,0.6234898018587334,-0.8660254037844386,0.5000000000000001
385,4.7,0,0,0,0,1,0,0,-0.7818314824680299,0.6234898018587334,-0.7071067811865477,0.7071067811865474
350,4.3,0,0,0,0,1,0,0,-0.7818314824680299,0.6234898018587334,-0.5000000000000004,0.8660254037844384
303,3.9,0,0,0,0,1,0,0,-0.7818314824680299,0.6234898018587334,-0.25881904510252157,0.9659258262890681
285,4.2,0,0,0,0,1,0,0,0.0,1.0,0.0,1.0
186,4.3,0,0,0,0,1,0,0,0.0,1.0,0.25881904510252074,0.9659258262890683
112,4.4,0,0,0,0,1,0,0,0.0,1.0,0.49999999999999994,0.8660254037844387
65,3.6,0,0,0,0,1,0,0,0.0,1.0,0.7071067811865476,0.7071067811865476
41,2.8,0,0,0,0,1,0,0,0.0,1.0,0.8660254037844386,0.5000000000000001
82,2.0,0,0,0,0,1,0,0,0.0,1.0,0.9659258262890683,0.25881904510252074
200,1.2,0,0,0,0,1,0,0,0.0,1.0,1.0,6.123233995736766e-17
498,0.2,0,0,0,0,0,0,1,0.0,1.0,0.9659258262890683,-0.25881904510252063
937,-0.8,0,0,0,0,0,0,1,0.0,1.0,0.8660254037844387,-0.4999999999999998
509,-1.5,0,0,0,0,0,0,1,0.0,1.0,0.7071067811865476,-0.7071067811865475
311,-1.1,0,0,0,0,0,0,1,0.0,1.0,0.49999999999999994,-0.8660254037844387
379,-0.5,0,0,0,0,0,0,1,0.0,1.0,0.258819045102521,-0.9659258262890682
393,-0.3,0,0,0,0,0,0,1,0.0,1.0,1.2246467991473532e-16,-1.0
391,0.0,0,0,0,0,1,0,0,0.0,1.0,-0.2588190451025208,-0.9659258262890683
338,0.1,0,0,0,0,0,0,1,0.0,1.0,-0.4999999999999997,-0.8660254037844388
341,-0.1,0,0,0,0,1,0,0,0.0,1.0,-0.7071067811865471,-0.7071067811865479
375,-0.2,0,0,0,0,0,0,1,0.0,1.0,-0.8660254037844385,-0.5000000000000004
515,-1.3,0,0,0,0,1,0,0,0.0,1.0,-0.9659258262890683,-0.25881904510252063
807,-2.1,0,0,0,0,0,0,1,0.0,1.0,-1.0,-1.8369701987210297e-16
568,-2.9,0,0,0,0,0,0,1,0.0,1.0,-0.9659258262890684,0.2588190451025203
398,-3.6,0,0,0,0,0,0,1,0.0,1.0,-0.8660254037844386,0.5000000000000001
397,-4.6,0,0,0,0,0,0,1,0.0,1.0,-0.7071067811865477,0.7071067811865474
353,-5.3,0,0,0,0,0,0,1,0.0,1.0,-0.5000000000000004,0.8660254037844384
248,-5.8,0,0,0,0,0,0,1,0.0,1.0,-0.25881904510252157,0.9659258262890681
216,-6.1,0,0,0,0,0,0,1,0.7818314824680298,0.6234898018587336,0.0,1.0
198,-6.5,0,0,0,0,0,0,1,0.7818314824680298,0.6234898018587336,0.25881904510252074,0.9659258262890683
124,-6.8,0,0,0,0,0,0,1,0.7818314824680298,0.6234898018587336,0.49999999999999994,0.8660254037844387
62,-6.9,0,0,0,0,0,0,1,0.7818314824680298,0.6234898018587336,0.7071067811865476,0.7071067811865476
42,-7.2,0,0,0,0,0,0,1,0.7818314824680298,0.6234898018587336,0.8660254037844386,0.5000000000000001
82,-7.4,0,0,0,0,0,0,1,0.7818314824680298,0.6234898018587336,0.9659258262890683,0.25881904510252074
172,-7.4,0,0,0,0,0,0,1,0.7818314824680298,0.6234898018587336,1.0,6.123233995736766e-17
381,-7.5,0,0,0,0,0,0,1,0.7818314824680298,0.6234898018587336,0.9659258262890683,-0.25881904510252063
812,-8.1,0,0,0,0,0,0,1,0.7818314824680298,0.6234898018587336,0.8660254037844387,-0.4999999999999998
462,-7.6,0,0,0,0,0,0,1,0.7818314824680298,0.6234898018587336,0.7071067811865476,-0.7071067811865475
269,-5.5,0,0,0,0,0,0,1,0.7818314824680298,0.6234898018587336,0.49999999999999994,-0.8660254037844387
334,-3.9,0,0,0,0,0,0,1,0.7818314824680298,0.6234898018587336,0.258819045102521,-0.9659258262890682
321,-2.3,0,0,0,0,0,0,1,0.7818314824680298,0.6234898018587336,1.2246467991473532e-16,-1.0
325,-1.6,0,0,0,0,0,0,1,0.7818314824680298,0.6234898018587336,-0.2588190451025208,-0.9659258262890683
334,-1.1,0,0,0,0,0,0,1,0.7818314824680298,0.6234898018587336,-0.4999999999999997,-0.8660254037844388
353,-0.7,0,0,0,0,0,0,1,0.7818314824680298,0.6234898018587336,-0.7071067811865471,-0.7071067811865479
435,-0.5,0,0,0,0,0,0,1,0.7818314824680298,0.6234898018587336,-0.8660254037844385,-0.5000000000000004
529,-1.6,0,0,0,0,0,0,1,0.7818314824680298,0.6234898018587336,-0.9659258262890683,-0.25881904510252063
789,-2.6,0,0,0,0,0,0,1,0.7818314824680298,0.6234898018587336,-1.0,-1.8369701987210297e-16
597,-3.2,0,0,0,0,0,0,1,0.7818314824680298,0.6234898018587336,-0.9659258262890684,0.2588190451025203
418,-3.5,0,0,0,0,0,0,1,0.7818314824680298,0.6234898018587336,-0.8660254037844386,0.5000000000000001
415,-3.7,0,0,0,0,0,0,1,0.7818314824680298,0.6234898018587336,-0.7071067811865477,0.7071067811865474
393,-2.8,0,0,0,0,0,0,1,0.7818314824680298,0.6234898018587336,-0.5000000000000004,0.8660254037844384
244,-2.5,0,0,0,0,0,0,1,0.7818314824680298,0.6234898018587336,-0.25881904510252157,0.9659258262890681
145,-2.8,0,0,0,0,1,0,0,0.9749279121818236,-0.22252093395631434,0.0,1.0
144,-3.0,0,0,0,0,1,0,0,0.9749279121818236,-0.22252093395631434,0.25881904510252074,0.9659258262890683
117,-3.0,0,0,0,0,1,0,0,0.9749279121818236,-0.22252093395631434,0.49999999999999994,0.8660254037844387
78,-3.2,0,0,0,0,1,0,0,0.9749279121818236,-0.22252093395631434,0.7071067811865476,0.7071067811865476
58,-3.4,0,0,0,0,1,0,0,0.9749279121818236,-0.22252093395631434,0.8660254037844386,0.5000000000000001
87,-3.6,0,0,0,0,1,0,0,0.9749279121818236,-0.22252093395631434,0.9659258262890683,0.25881904510252074
142,-3.7,0,0,0,0,1,0,0,0.9749279121818236,-0.22252093395631434,1.0,6.123233995736766e-17
379,-4.2,0,0,0,0,1,0,0,0.9749279121818236,-0.22252093395631434,0.9659258262890683,-0.25881904510252063
802,-4.2,0,0,0,0,1,0,0,0.9749279121818236,-0.22252093395631434,0.8660254037844387,-0.4999999999999998
440,-3.3,0,0,0,0,1,0,0,0.9749279121818236,-0.22252093395631434,0.7071067811865476,-0.7071067811865475
307,-0.9,0,0,0,0,1,0,0,0.9749279121818236,-0.22252093395631434,0.49999999999999994,-0.8660254037844387
381,1.6,0,0,0,0,0,0,1,0.9749279121818236,-0.22252093395631434,0.258819045102521,-0.9659258262890682
405,2.4,0,0,0,0,0,0,1,0.9749279121818236,-0.22252093395631434,1.2246467991473532e-16,-1.0
442,4.2,0,0,0,0,0,0,1,0.9749279121818236,-0.22252093395631434,-0.2588190451025208,-0.9659258262890683
416,5.5,0,0,0,0,0,1,0,0.9749279121818236,-0.22252093395631434,-0.4999999999999997,-0.8660254037844388
412,5.5,0,0,0,0,0,0,1,0.9749279121818236,-0.22252093395631434,-0.7071067811865471,-0.7071067811865479
496,5.3,0,0,0,0,0,0,1,0.9749279121818236,-0.22252093395631434,-0.8660254037844385,-0.5000000000000004
239,4.1,0,0,0,0,0,0,1,0.9749279121818236,-0.22252093395631434,-0.9659258262890683,-0.25881904510252063
204,1.7,0,0,0,0,1,0,0,0.9749279121818236,-0.22252093395631434,-1.0,-1.8369701987210297e-16
205,1.2,0,0,0,0,1,0,0,0.9749279121818236,-0.22252093395631434,-0.9659258262890684,0.2588190451025203
190,1.2,0,0,0,0,1,0,0,0.9749279121818236,-0.22252093395631434,-0.8660254037844386,0.5000000000000001
165,1.1,0,0,0,0,1,0,0,0.9749279121818236,-0.22252093395631434,-0.7071067811865477,0.7071067811865474
222,1.3,0,0,0,0,1,0,0,0.9749279121818236,-0.22252093395631434,-0.5000000000000004,0.8660254037844384
193,1.3,0,0,0,0,1,0,0,0.9749279121818236,-0.22252093395631434,-0.25881904510252157,0.9659258262890681
198,1.4,0,0,0,0,1,0,0,0.43388373911755823,-0.900968867902419,0.0,1.0
218,1.5,0,0,0,0,1,0,0,0.43388373911755823,-0.900968867902419,0.25881904510252074,0.9659258262890683
149,1.4,0,0,0,0,1,0,0,0.43388373911755823,-0.900968867902419,0.49999999999999994,0.8660254037844387
102,1.9,0,0,0,0,1,0,0,0.43388373911755823,-0.900968867902419,0.7071067811865476,0.7071067811865476
62,1.6,0,0,0,0,1,0,0,0.43388373911755823,-0.900968867902419,0.8660254037844386,0.5000000000000001
83,1.5,0,0,0,0,1,0,0,0.43388373911755823,-0.900968867902419,0.9659258262890683,0.25881904510252074
137,1.0,0,0,0,0,1,0,0,0.43388373911755823,-0.900968867902419,1.0,6.123233995736766e-17
367,0.3,0,0,0,0,1,0,0,0.43388373911755823,-0.900968867902419,0.9659258262890683,-0.25881904510252063
754,-0.2,0,0,0,0,1,0,0,0.43388373911755823,-0.900968867902419,0.8660254037844387,-0.4999999999999998
415,0.1,0,0,0,0,1,0,0,0.43388373911755823,-0.900968867902419,0.7071067811865476,-0.7071067811865475
321,1.1,0,0,0,0,1,0,0,0.43388373911755823,-0.900968867902419,0.49999999999999994,-0.8660254037844387
333,2.3,0,0,0,0,1,0,0,0.43388373911755823,-0.900968867902419,0.258819045102521,-0.9659258262890682
431,3.7,0,0,0,0,1,0,0,0.43388373911755823,-0.900968867902419,1.2246467991473532e-16,-1.0
394,4.1,0,0,0,0,0,0,1,0.43388373911755823,-0.900968867902419,-0.2588190451025208,-0.9659258262890683
390,4.4,0,0,0,0,0,1,0,0.43388373911755823,-0.900968867902419,-0.4999999999999997,-0.8660254037844388
430,4.0,0,0,0,0,0,0,1,0.43388373911755823,-0.900968867902419,-0.7071067811865471,-0.7071067811865479
471,3.2,0,0,0,0,0,0,1,0.43388373911755823,-0.900968867902419,-0.8660254037844385,-0.5000000000000004
552,2.1,0,0,0,0,0,0,1,0.43388373911755823,-0.900968867902419,-0.9659258262890683,-0.25881904510252063
795,0.7,0,0,0,0,0,0,1,0.43388373911755823,-0.900968867902419,-1.0,-1.8369701987210297e-16
507,-0.4,0,0,0,0,0,0,1,0.43388373911755823,-0.900968867902419,-0.9659258262890684,0.2588190451025203
390,-1.4,0,0,0,0,0,0,1,0.43388373911755823,-0.900968867902419,-0.8660254037844386,0.5000000000000001
402,-2.2,0,0,0,0,0,0,1,0.43388373911755823,-0.900968867902419,-0.7071067811865477,0.7071067811865474
389,-2.7,0,0,0,0,0,0,1,0.43388373911755823,-0.900968867902419,-0.5000000000000004,0.8660254037844384
259,-3.2,0,0,0,0,0,0,1,0.43388373911755823,-0.900968867902419,-0.25881904510252157,0.9659258262890681
233,-3.5,0,0,0,0,0,0,1,-0.433883739117558,-0.9009688679024191,0.0,1.0
230,-3.7,0,0,0,0,0,0,1,-0.433883739117558,-0.9009688679024191,0.25881904510252074,0.9659258262890683
131,-4.3,0,0,0,0,0,0,1,-0.433883739117558,-0.9009688679024191,0.49999999999999994,0.8660254037844387
99,-4.8,0,0,0,0,0,0,1,-0.433883739117558,-0.9009688679024191,0.7071067811865476,0.7071067811865476
71,-5.3,0,0,0,0,0,0,1,-0.433883739117558,-0.9009688679024191,0.8660254037844386,0.5000000000000001
84,-5.8,0,0,0,0,0,0,1,-0.433883739117558,-0.9009688679024191,0.9659258262890683,0.25881904510252074
158,-6.0,0,0,0,0,0,0,1,-0.433883739117558,-0.9009688679024191,1.0,6.123233995736766e-17
387,-6.5,0,0,0,0,0,0,1,-0.433883739117558,-0.9009688679024191,0.9659258262890683,-0.25881904510252063
780,-7.0,0,0,0,0,0,0,1,-0.433883739117558,-0.9009688679024191,0.8660254037844387,-0.4999999999999998
395,-6.7,0,0,0,0,0,0,1,-0.433883739117558,-0.9009688679024191,0.7071067811865476,-0.7071067811865475
261,-5.3,0,0,0,0,0,0,1,-0.433883739117558,-0.9009688679024191,0.49999999999999994,-0.8660254037844387
310,-3.7,0,0,0,0,0,1,0,-0.433883739117558,-0.9009688679024191,0.258819045102521,-0.9659258262890682
355,-2.0,0,0,0,0,0,1,0,-0.433883739117558,-0.9009688679024191,1.2246467991473532e-16,-1.0
354,-1.7,0,0,0,0,0,1,0,-0.433883739117558,-0.9009688679024191,-0.2588190451025208,-0.9659258262890683
350,-1.3,0,0,0,0,0,0,1,-0.433883739117558,-0.9009688679024191,-0.4999999999999997,-0.8660254037844388
362,-0.8,0,0,0,0,0,0,1,-0.433883739117558,-0.9009688679024191,-0.7071067811865471,-0.7071067811865479
401,-1.1,0,0,0,0,0,0,1,-0.433883739117558,-0.9009688679024191,-0.8660254037844385,-0.5000000000000004
500,-2.4,0,0,0,0,0,0,1,-0.433883739117558,-0.9009688679024191,-0.9659258262890683,-0.25881904510252063
752,-3.1,0,0,0,0,0,0,1,-0.433883739117558,-0.9009688679024191,-1.0,-1.8369701987210297e-16
477,-3.3,0,0,0,0,0,0,1,-0.433883739117558,-0.9009688679024191,-0.9659258262890684,0.2588190451025203
384,-3.3,0,0,0,0,0,0,1,-0.433883739117558,-0.9009688679024191,-0.8660254037844386,0.5000000000000001
336,-3.3,0,0,0,0,0,0,1,-0.433883739117558,-0.9009688679024191,-0.7071067811865477,0.7071067811865474
347,-3.4,0,0,0,0,0,0,1,-0.433883739117558,-0.9009688679024191,-0.5000000000000004,0.8660254037844384
275,-3.5,0,0,0,0,0,0,1,-0.433883739117558,-0.9009688679024191,-0.25881904510252157,0.9659258262890681
267,-3.5,0,0,0,0,0,0,1,-0.9749279121818236,-0.2225209339563146,0.0,1.0
296,-4.1,0,0,0,0,0,0,1,-0.9749279121818236,-0.2225209339563146,0.25881904510252074,0.9659258262890683
237,-4.7,0,0,0,0,0,0,1,-0.9749279121818236,-0.2225209339563146,0.49999999999999994,0.8660254037844387
169,-4.3,0,0,0,0,0,0,1,-0.9749279121818236,-0.2225209339563146,0.7071067811865476,0.7071067811865476
96,-4.3,0,0,0,0,0,0,1,-0.9749279121818236,-0.2225209339563146,0.8660254037844386,0.5000000000000001
56,-4.7,0,0,0,0,0,0,1,-0.9749279121818236,-0.2225209339563146,0.9659258262890683,0.25881904510252074
76,-5.1,0,0,0,0,0,0,1,-0.9749279121818236,-0.2225209339563146,1.0,6.123233995736766e-17
127,-5.5,0,0,0,0,0,0,1,-0.9749279121818236,-0.2225209339563146,0.9659258262890683,-0.25881904510252063
222,-5.4,0,0,0,0,0,0,1,-0.9749279121818236,-0.2225209339563146,0.8660254037844387,-0.4999999999999998
291,-4.7,0,0,0,0,0,0,1,-0.9749279121818236,-0.2225209339563146,0.7071067811865476,-0.7071067811865475
273,-2.2,0,0,0,0,0,0,1,-0.9749279121818236,-0.2225209339563146,0.49999999999999994,-0.8660254037844387
351,0.0,0,0,0,0,0,1,0,-0.9749279121818236,-0.2225209339563146,0.258819045102521,-0.9659258262890682
427,2.4,0,0,0,0,0,1,0,-0.9749279121818236,-0.2225209339563146,1.2246467991473532e-16,-1.0
431,3.9,0,0,0,0,0,1,0,-0.9749279121818236,-0.2225209339563146,-0.2588190451025208,-0.9659258262890683
486,4.7,0,0,0,0,0,1,0,-0.9749279121818236,-0.2225209339563146,-0.4999999999999997,-0.8660254037844388
569,5.2,0,0,0,0,0,0,1,-0.9749279121818236,-0.2225209339563146,-0.7071067811865471,-0.7071067811865479
546,4.4,0,0,0,0,0,0,1,-0.9749279121818236,-0.2225209339563146,-0.8660254037844385,-0.5000000000000004
481,3.5,0,0,0,0,0,0,1,-0.9749279121818236,-0.2225209339563146,-0.9659258262890683,-0.25881904510252063
384,2.5,0,0,0,0,0,0,1,-0.9749279121818236,-0.2225209339563146,-1.0,-1.8369701987210297e-16
275,1.5,0,0,0,0,0,0,1,-0.9749279121818236,-0.2225209339563146,-0.9659258262890684,0.2588190451025203
298,0.8,0,0,0,0,0,0,1,-0.9749279121818236,-0.2225209339563146,-0.8660254037844386,0.5000000000000001
321,-0.1,0,0,0,0,0,0,1,-0.9749279121818236,-0.2225209339563146,-0.7071067811865477,0.7071067811865474
289,-0.5,0,0,0,0,0,0,1,-0.9749279121818236,-0.2225209339563146,-0.5000000000000004,0.8660254037844384
265,-0.1,0,0,0,0,0,0,1,-0.9749279121818236,-0.2225209339563146,-0.25881904510252157,0.9659258262890681
326,-0.2,0,0,0,0,0,0,1,-0.7818314824680299,0.6234898018587334,0.0,1.0
280,-0.2,0,0,0,0,0,0,1,-0.7818314824680299,0.6234898018587334,0.25881904510252074,0.9659258262890683
243,0.2,0,0,0,0,0,0,1,-0.7818314824680299,0.6234898018587334,0.49999999999999994,0.8660254037844387
169,0.3,0,0,0,0,0,0,1,-0.7818314824680299,0.6234898018587334,0.7071067811865476,0.7071067811865476
71,0.4,0,0,0,0,0,0,1,-0.7818314824680299,0.6234898018587334,0.8660254037844386,0.5000000000000001
13,0.3,0,0,0,0,1,0,0,-0.7818314824680299,0.6234898018587334,0.9659258262890683,0.25881904510252074
9,-0.5,0,0,0,0,1,0,0,-0.7818314824680299,0.6234898018587334,1.0,6.123233995736766e-17
20,-0.4,0,0,0,0,1,0,0,-0.7818314824680299,0.6234898018587334,0.9659258262890683,-0.25881904510252063
35,-0.2,0,0,0,0,1,0,0,-0.7818314824680299,0.6234898018587334,0.8660254037844387,-0.4999999999999998
31,0.2,0,0,0,0,1,0,0,-0.7818314824680299,0.6234898018587334,0.7071067811865476,-0.7071067811865475
19,0.5,0,0,0,0,1,0,0,-0.7818314824680299,0.6234898018587334,0.49999999999999994,-0.8660254037844387
58,0.9,0,0,0,0,1,0,0,-0.7818314824680299,0.6234898018587334,0.258819045102521,-0.9659258262890682
119,2.3,0,0,0,0,1,0,0,-0.7818314824680299,0.6234898018587334,1.2246467991473532e-16,-1.0
182,3.3,0,0,0,0,1,0,0,-0.7818314824680299,0.6234898018587334,-0.2588190451025208,-0.9659258262890683
235,4.2,0,0,0,0,1,0,0,-0.7818314824680299,0.6234898018587334,-0.4999999999999997,-0.8660254037844388
180,6.7,0,0,0,0,1,0,0,-0.7818314824680299,0.6234898018587334,-0.7071067811865471,-0.7071067811865479
214,5.4,0,0,0,0,1,0,0,-0.7818314824680299,0.6234898018587334,-0.8660254037844385,-0.5000000000000004
226,3.6,0,0,0,0,1,0,0,-0.7818314824680299,0.6234898018587334,-0.9659258262890683,-0.25881904510252063
210,2.0,0,0,0,0,0,0,1,-0.7818314824680299,0.6234898018587334,-1.0,-1.8369701987210297e-16
181,1.6,0,0,0,0,0,0,1,-0.7818314824680299,0.6234898018587334,-0.9659258262890684,0.2588190451025203
165,0.6,0,0,0,0,0,0,1,-0.7818314824680299,0.6234898018587334,-0.8660254037844386,0.5000000000000001
167,0.0,0,0,0,0,0,0,1,-0.7818314824680299,0.6234898018587334,-0.7071067811865477,0.7071067811865474
152,-1.0,0,0,0,0,0,0,1,-0.7818314824680299,0.6234898018587334,-0.5000000000000004,0.8660254037844384
148,-1.4,0,0,0,0,0,0,1,-0.7818314824680299,0.6234898018587334,-0.25881904510252157,0.9659258262890681
125,-2.5,0,0,0,0,0,0,1,0.0,1.0,0.0,1.0
111,-3.4,0,0,0,0,0,0,1,0.0,1.0,0.25881904510252074,0.9659258262890683
67,-4.2,0,0,0,0,0,0,1,0.0,1.0,0.49999999999999994,0.8660254037844387
45,-4.7,0,0,0,0,0,0,1,0.0,1.0,0.7071067811865476,0.7071067811865476
44,-5.2,0,0,0,0,0,0,1,0.0,1.0,0.8660254037844386,0.5000000000000001
86,-5.6,0,0,0,0,0,0,1,0.0,1.0,0.9659258262890683,0.25881904510252074
136,-5.9,0,0,0,0,0,0,1,0.0,1.0,1.0,6.123233995736766e-17
325,-6.0,0,0,0,0,0,0,1,0.0,1.0,0.9659258262890683,-0.25881904510252063
653,-6.0,0,0,0,0,0,0,1,0.0,1.0,0.8660254037844387,-0.4999999999999998
326,-5.9,0,0,0,0,1,0,0,0.0,1.0,0.7071067811865476,-0.7071067811865475
212,-5.3,0,0,0,0,0,0,1,0.0,1.0,0.49999999999999994,-0.8660254037844387
226,-4.7,0,0,0,0,0,0,1,0.0,1.0,0.258819045102521,-0.9659258262890682
247,-5.2,0,0,0,0,0,0,1,0.0,1.0,1.2246467991473532e-16,-1.0
241,-5.4,0,0,0,0,1,0,0,0.0,1.0,-0.2588190451025208,-0.9659258262890683
253,-5.4,0,0,0,0,0,0,1,0.0,1.0,-0.4999999999999997,-0.8660254037844388
269,-5.5,0,0,0,0,0,0,1,0.0,1.0,-0.7071067811865471,-0.7071067811865479
277,-6.0,0,0,0,0,0,0,1,0.0,1.0,-0.8660254037844385,-0.5000000000000004
361,-7.1,0,0,0,0,0,0,1,0.0,1.0,-0.9659258262890683,-0.25881904510252063
557,-7.9,0,0,0,0,0,0,1,0.0,1.0,-1.0,-1.8369701987210297e-16
371,-8.6,0,0,0,0,0,0,1,0.0,1.0,-0.9659258262890684,0.2588190451025203
254,-9.3,0,0,0,0,0,0,1,0.0,1.0,-0.8660254037844386,0.5000000000000001
266,-9.7,0,0,0,0,0,0,1,0.0,1.0,-0.7071067811865477,0.7071067811865474
222,-10.2,0,0,0,0,0,0,1,0.0,1.0,-0.5000000000000004,0.8660254037844384
174,-10.7,0,0,0,0,0,0,1,0.0,1.0,-0.25881904510252157,0.9659258262890681
133,-11.0,0,0,0,0,0,0,1,0.7818314824680298,0.6234898018587336,0.0,1.0
127,-11.2,0,0,0,0,0,0,1,0.7818314824680298,0.6234898018587336,0.25881904510252074,0.9659258262890683
95,-11.5,0,0,0,0,0,0,1,0.7818314824680298,0.6234898018587336,0.49999999999999994,0.8660254037844387
54,-11.6,0,0,0,0,0,0,1,0.7818314824680298,0.6234898018587336,0.7071067811865476,0.7071067811865476
46,-11.6,0,0,0,0,0,0,1,0.7818314824680298,0.6234898018587336,0.8660254037844386,0.5000000000000001
65,-11.6,0,0,0,0,0,0,1,0.7818314824680298,0.6234898018587336,0.9659258262890683,0.25881904510252074
104,-11.8,0,0,0,0,0,0,1,0.7818314824680298,0.6234898018587336,1.0,6.123233995736766e-17
280,-12.1,0,0,0,0,0,0,1,0.7818314824680298,0.6234898018587336,0.9659258262890683,-0.25881904510252063
580,-12.3,0,0,0,0,0,0,1,0.7818314824680298,0.6234898018587336,0.8660254037844387,-0.4999999999999998
275,-11.8,0,0,0,0,0,0,1,0.7818314824680298,0.6234898018587336,0.7071067811865476,-0.7071067811865475
184,-10.5,0,0,0,0,0,0,1,0.7818314824680298,0.6234898018587336,0.49999999999999994,-0.8660254037844387
201,-9.4,0,0,0,0,0,0,1,0.7818314824680298,0.6234898018587336,0.258819045102521,-0.9659258262890682
228,-8.3,0,0,0,0,0,1,0,0.7818314824680298,0.6234898018587336,1.2246467991473532e-16,-1.0
225,-6.9,0,0,0,0,0,1,0,0.7818314824680298,0.6234898018587336,-0.2588190451025208,-0.9659258262890683
258,-5.4,0,0,0,0,0,1,0,0.7818314824680298,0.6234898018587336,-0.4999999999999997,-0.8660254037844388
250,-5.8,0,0,0,0,0,1,0,0.7818314824680298,0.6234898018587336,-0.7071067811865471,-0.7071067811865479
248,-6.0,0,0,0,0,0,0,1,0.7818314824680298,0.6234898018587336,-0.8660254037844385,-0.5000000000000004
305,-7.0,0,0,0,0,0,0,1,0.7818314824680298,0.6234898018587336,-0.9659258262890683,-0.25881904510252063
529,-7.7,0,0,0,0,0,0,1,0.7818314824680298,0.6234898018587336,-1.0,-1.8369701987210297e-16
350,-8.2,0,0,0,0,0,0,1,0.7818314824680298,0.6234898018587336,-0.9659258262890684,0.2588190451025203
260,-8.4,0,0,0,0,0,0,1,0.7818314824680298,0.6234898018587336,-0.8660254037844386,0.5000000000000001
270,-8.8,0,0,0,0,0,0,1,0.7818314824680298,0.6234898018587336,-0.7071067811865477,0.7071067811865474
256,-9.0,0,0,0,0,0,0,1,0.7818314824680298,0.6234898018587336,-0.5000000000000004,0.8660254037844384
173,-9.3,0,0,0,0,0,0,1,0.7818314824680298,0.6234898018587336,-0.25881904510252157,0.9659258262890681
168,-9.5,0,0,0,0,0,0,1,0.9749279121818236,-0.22252093395631434,0.0,1.0
183,-10.2,0,0,0,0,0,0,1,0.9749279121818236,-0.22252093395631434,0.25881904510252074,0.9659258262890683
120,-10.4,0,0,0,0,0,0,1,0.9749279121818236,-0.22252093395631434,0.49999999999999994,0.8660254037844387
79,-10.9,0,0,0,0,0,0,1,0.9749279121818236,-0.22252093395631434,0.7071067811865476,0.7071067811865476
41,-11.4,0,0,0,0,0,0,1,0.9749279121818236,-0.22252093395631434,0.8660254037844386,0.5000000000000001
68,-11.5,0,0,0,0,0,0,1,0.9749279121818236,-0.22252093395631434,0.9659258262890683,0.25881904510252074
109,-11.9,0,0,0,0,0,0,1,0.9749279121818236,-0.22252093395631434,1.0,6.123233995736766e-17
310,-11.7,0,0,0,0,0,0,1,0.9749279121818236,-0.22252093395631434,0.9659258262890683,-0.25881904510252063
591,-11.4,0,0,0,0,0,0,1,0.9749279121818236,-0.22252093395631434,0.8660254037844387,-0.4999999999999998
340,-11.1,0,0,0,0,0,0,1,0.9749279121818236,-0.22252093395631434,0.7071067811865476,-0.7071067811865475
202,-9.5,0,0,0,0,0,0,1,0.9749279121818236,-0.22252093395631434,0.49999999999999994,-0.8660254037844387
251,-8.1,0,0,0,0,0,1,0,0.9749279121818236,-0.22252093395631434,0.258819045102521,-0.9659258262890682
267,-6.5,0,0,0,0,0,1,0,0.9749279121818236,-0.22252093395631434,1.2246467991473532e-16,-1.0
251,-5.8,0,0,0,0,0,1,0,0.9749279121818236,-0.22252093395631434,-0.2588190451025208,-0.9659258262890683
240,-4.7,0,0,0,0,0,1,0,0.9749279121818236,-0.22252093395631434,-0.4999999999999997,-0.8660254037844388
240,-4.9,0,0,0,0,0,0,1,0.9749279121818236,-0.22252093395631434,-0.7071067811865471,-0.7071067811865479
278,-4.5,0,0,0,0,0,0,1,0.9749279121818236,-0.22252093395631434,-0.8660254037844385,-0.5000000000000004
392,-5.6,0,0,0,0,0,0,1,0.9749279121818236,-0.22252093395631434,-0.9659258262890683,-0.25881904510252063
537,-6.6,0,0,0,0,0,0,1,0.9749279121818236,-0.22252093395631434,-1.0,-1.8369701987210297e-16
373,-6.6,0,0,0,0,0,0,1,0.9749279121818236,-0.22252093395631434,-0.9659258262890684,0.2588190451025203
263,-7.6,0,0,0,0,0,0,1,0.9749279121818236,-0.22252093395631434,-0.8660254037844386,0.5000000000000001
271,-8.3,0,0,0,0,0,0,1,0.9749279121818236,-0.22252093395631434,-0.7071067811865477,0.7071067811865474
271,-8.9,0,0,0,0,0,0,1,0.9749279121818236,-0.22252093395631434,-0.5000000000000004,0.8660254037844384
174,-9.2,0,0,0,0,0,0,1,0.9749279121818236,-0.22252093395631434,-0.25881904510252157,0.9659258262890681
171,-9.5,0,0,0,0,0,0,1,0.43388373911755823,-0.900968867902419,0.0,1.0
170,-9.8,0,0,0,0,0,0,1,0.43388373911755823,-0.900968867902419,0.25881904510252074,0.9659258262890683
107,-10.6,0,0,0,0,0,0,1,0.43388373911755823,-0.900968867902419,0.49999999999999994,0.8660254037844387
80,-10.7,0,0,0,0,0,0,1,0.43388373911755823,-0.900968867902419,0.7071067811865476,0.7071067811865476
52,-11.0,0,0,0,0,0,0,1,0.43388373911755823,-0.900968867902419,0.8660254037844386,0.5000000000000001
62,-10.8,0,0,0,0,0,0,1,0.43388373911755823,-0.900968867902419,0.9659258262890683,0.25881904510252074
108,-11.0,0,0,0,0,0,0,1,0.43388373911755823,-0.900968867902419,1.0,6.123233995736766e-17
279,-10.9,0,0,0,0,0,0,1,0.43388373911755823,-0.900968867902419,0.9659258262890683,-0.25881904510252063
621,-10.4,0,0,0,0,0,0,1,0.43388373911755823,-0.900968867902419,0.8660254037844387,-0.4999999999999998
305,-9.4,0,0,0,0,0,0,1,0.43388373911755823,-0.900968867902419,0.7071067811865476,-0.7071067811865475
189,-7.7,0,0,0,0,0,0,1,0.43388373911755823,-0.900968867902419,0.49999999999999994,-0.8660254037844387
247,-6.1,0,0,0,0,0,0,1,0.43388373911755823,-0.900968867902419,0.258819045102521,-0.9659258262890682
278,-4.9,0,0,0,0,0,0,1,0.43388373911755823,-0.900968867902419,1.2246467991473532e-16,-1.0
282,-3.8,0,0,0,0,0,0,1,0.43388373911755823,-0.900968867902419,-0.2588190451025208,-0.9659258262890683
294,-2.7,0,0,0,0,0,0,1,0.43388373911755823,-0.900968867902419,-0.4999999999999997,-0.8660254037844388
301,-2.5,0,0,0,0,0,0,1,0.43388373911755823,-0.900968867902419,-0.7071067811865471,-0.7071067811865479
335,-2.4,0,0,0,0,0,0,1,0.43388373911755823,-0.900968867902419,-0.8660254037844385,-0.5000000000000004
382,-2.9,0,0,0,0,0,0,1,0.43388373911755823,-0.900968867902419,-0.9659258262890683,-0.25881904510252063
612,-3.5,0,0,0,0,0,0,1,0.43388373911755823,-0.900968867902419,-1.0,-1.8369701987210297e-16
410,-4.2,0,0,0,0,0,0,1,0.43388373911755823,-0.900968867902419,-0.9659258262890684,0.2588190451025203
277,-4.8,0,0,0,0,0,0,1,0.43388373911755823,-0.900968867902419,-0.8660254037844386,0.5000000000000001
316,-4.8,0,0,0,0,0,0,1,0.43388373911755823,-0.900968867902419,-0.7071067811865477,0.7071067811865474
309,-4.9,0,0,0,0,0,0,1,0.43388373911755823,-0.900968867902419,-0.5000000000000004,0.8660254037844384
211,-5.6,0,0,0,0,0,0,1,0.43388373911755823,-0.900968867902419,-0.25881904510252157,0.9659258262890681
227,-5.7,0,0,0,0,0,0,1,-0.433883739117558,-0.9009688679024191,0.0,1.0
241,-6.3,0,0,0,0,0,0,1,-0.433883739117558,-0.9009688679024191,0.25881904510252074,0.9659258262890683
162,-6.8,0,0,0,0,0,0,1,-0.433883739117558,-0.9009688679024191,0.49999999999999994,0.8660254037844387
110,-6.9,0,0,0,0,0,0,1,-0.433883739117558,-0.9009688679024191,0.7071067811865476,0.7071067811865476
69,-7.1,0,0,0,0,0,0,1,-0.433883739117558,-0.9009688679024191,0.8660254037844386,0.5000000000000001
68,-7.5,0,0,0,0,0,0,1,-0.433883739117558,-0.9009688679024191,0.9659258262890683,0.25881904510252074
129,-7.4,0,0,0,0,0,0,1,-0.433883739117558,-0.9009688679024191,1.0,6.123233995736766e-17
285,-7.0,0,0,0,0,0,0,1,-0.433883739117558,-0.9009688679024191,0.9659258262890683,-0.25881904510252063
658,-6.6,0,0,0,0,0,0,1,-0.433883739117558,-0.9009688679024191,0.8660254037844387,-0.4999999999999998
330,-5.9,0,0,0,0,0,0,1,-0.433883739117558,-0.9009688679024191,0.7071067811865476,-0.7071067811865475
221,-4.6,0,0,0,0,0,0,1,-0.433883739117558,-0.9009688679024191,0.49999999999999994,-0.8660254037844387
279,-2.9,0,0,0,0,0,0,1,-0.433883739117558,-0.9009688679024191,0.258819045102521,-0.9659258262890682
309,-2.5,0,0,0,0,0,0,1,-0.433883739117558,-0.9009688679024191,1.2246467991473532e-16,-1.0
325,-1.6,0,0,0,0,0,0,1,-0.433883739117558,-0.9009688679024191,-0.2588190451025208,-0.9659258262890683
329,-0.7,0,0,0,0,0,0,1,-0.433883739117558,-0.9009688679024191,-0.4999999999999997,-0.8660254037844388
342,0.1,0,0,0,0,0,0,1,-0.433883739117558,-0.9009688679024191,-0.7071067811865471,-0.7071067811865479
354,0.0,0,0,0,0,0,0,1,-0.433883739117558,-0.9009688679024191,-0.8660254037844385,-0.5000000000000004
464,-0.2,0,0,0,0,0,0,1,-0.433883739117558,-0.9009688679024191,-0.9659258262890683,-0.25881904510252063
682,0.1,0,0,0,0,0,0,1,-0.433883739117558,-0.9009688679024191,-1.0,-1.8369701987210297e-16
451,0.6,0,0,0,0,0,0,1,-0.433883739117558,-0.9009688679024191,-0.9659258262890684,0.2588190451025203
320,0.9,0,0,0,0,0,0,1,-0.433883739117558,-0.9009688679024191,-0.8660254037844386,0.5000000000000001
300,0.7,0,0,0,0,0,0,1,-0.433883739117558,-0.9009688679024191,-0.7071067811865477,0.7071067811865474
296,-0.1,0,0,0,0,0,0,1,-0.433883739117558,-0.9009688679024191,-0.5000000000000004,0.8660254037844384
247,-1.3,0,0,0,0,0,0,1,-0.433883739117558,-0.9009688679024191,-0.25881904510252157,0.9659258262890681
217,-2.6,0,0,0,0,0,0,1,-0.9749279121818236,-0.2225209339563146,0.0,1.0
302,-3.4,0,0,0,0,0,0,1,-0.9749279121818236,-0.2225209339563146,0.25881904510252074,0.9659258262890683
228,-4.1,0,0,0,0,0,0,1,-0.9749279121818236,-0.2225209339563146,0.49999999999999994,0.8660254037844387
129,-4.5,0,0,0,0,0,0,1,-0.9749279121818236,-0.2225209339563146,0.7071067811865476,0.7071067811865476
80,-5.0,0,0,0,0,0,0,1,-0.9749279121818236,-0.2225209339563146,0.8660254037844386,0.5000000000000001
45,-5.6,0,0,0,0,0,0,1,-0.9749279121818236,-0.2225209339563146,0.9659258262890683,0.25881904510252074
66,-6.1,0,0,0,0,0,0,1,-0.9749279121818236,-0.2225209339563146,1.0,6.123233995736766e-17
90,-6.7,0,0,0,0,0,0,1,-0.9749279121818236,-0.2225209339563146,0.9659258262890683,-0.25881904510252063
190,-7.3,0,0,0,0,0,0,1,-0.9749279121818236,-0.2225209339563146,0.8660254037844387,-0.4999999999999998
195,-7.2,0,0,0,0,0,0,1,-0.9749279121818236,-0.2225209339563146,0.7071067811865476,-0.7071067811865475
201,-6.2,0,0,0,0,0,0,1,-0.9749279121818236,-0.2225209339563146,0.49999999999999994,-0.8660254037844387
239,-5.2,0,0,0,0,0,0,1,-0.9749279121818236,-0.2225209339563146,0.258819045102521,-0.9659258262890682
252,-4.1,0,0,0,0,0,0,1,-0.9749279121818236,-0.2225209339563146,1.2246467991473532e-16,-1.0
296,-3.7,0,0,0,0,0,0,1,-0.9749279121818236,-0.2225209339563146,-0.2588190451025208,-0.9659258262890683
292,-3.4,0,0,0,0,0,0,1,-0.9749279121818236,-0.2225209339563146,-0.4999999999999997,-0.8660254037844388
291,-3.3,0,0,0,0,0,0,1,-0.9749279121818236,-0.2225209339563146,-0.7071067811865471,-0.7071067811865479
258,-3.3,0,0,0,0,0,0,1,-0.9749279121818236,-0.2225209339563146,-0.8660254037844385,-0.5000000000000004
277,-4.6,0,0,0,0,0,0,1,-0.9749279121818236,-0.2225209339563146,-0.9659258262890683,-0.25881904510252063
212,-5.3,0,0,0,0,0,0,1,-0.9749279121818236,-0.2225209339563146,-1.0,-1.8369701987210297e-16
173,-6.0,0,0,0,0,0,0,1,-0.9749279121818236,-0.2225209339563146,-0.9659258262890684,0.2588190451025203
143,-6.6,0,0,0,0,0,0,1,-0.9749279121818236,-0.2225209339563146,-0.8660254037844386,0.5000000000000001
159,-7.1,0,0,0,0,0,0,1,-0.9749279121818236,-0.2225209339563146,-0.7071067811865477,0.7071067811865474
155,-7.6,0,0,0,0,0,0,1,-0.9749279121818236,-0.2225209339563146,-0.5000000000000004,0.8660254037844384
142,-8.0,0,0,0,0,0,0,1,-0.9749279121818236,-0.2225209339563146,-0.25881904510252157,0.9659258262890681
175,-8.1,0,0,0,0,0,0,1,-0.7818314824680299,0.6234898018587334,0.0,1.0
146,-8.4,0,0,0,0,0,0,1,-0.7818314824680299,0.6234898018587334,0.25881904510252074,0.9659258262890683
132,-8.7,0,0,0,0,0,0,1,-0.7818314824680299,0.6234898018587334,0.49999999999999994,0.8660254037844387
100,-9.0,0,0,0,0,0,0,1,-0.7818314824680299,0.6234898018587334,0.7071067811865476,0.7071067811865476
41,-9.5,0,0,0,0,0,0,1,-0.7818314824680299,0.6234898018587334,0.8660254037844386,0.5000000000000001
31,-9.7,0,0,0,0,0,0,1,-0.7818314824680299,0.6234898018587334,0.9659258262890683,0.25881904510252074
39,-9.9,0,0,0,0,0,0,1,-0.7818314824680299,0.6234898018587334,1.0,6.123233995736766e-17
53,-10.2,0,0,0,0,0,0,1,-0.7818314824680299,0.6234898018587334,0.9659258262890683,-0.25881904510252063
94,-10.7,0,0,0,0,0,0,1,-0.7818314824680299,0.6234898018587334,0.8660254037844387,-0.4999999999999998
122,-10.5,0,0,0,0,0,0,1,-0.7818314824680299,0.6234898018587334,0.7071067811865476,-0.7071067811865475
142,-8.5,0,0,0,0,0,0,1,-0.7818314824680299,0.6234898018587334,0.49999999999999994,-0.8660254037844387
189,-7.2,0,0,0,0,0,1,0,-0.7818314824680299,0.6234898018587334,0.258819045102521,-0.9659258262890682
216,-4.9,0,0,0,0,0,1,0,-0.7818314824680299,0.6234898018587334,1.2246467991473532e-16,-1.0
223,-4.5,0,0,0,0,0,0,1,-0.7818314824680299,0.6234898018587334,-0.2588190451025208,-0.9659258262890683
268,-3.2,0,0,0,0,0,0,1,-0.7818314824680299,0.6234898018587334,-0.4999999999999997,-0.8660254037844388
278,-2.5,0,0,0,0,0,0,1,-0.7818314824680299,0.6234898018587334,-0.7071067811865471,-0.7071067811865479
256,-2.7,0,0,0,0,0,0,1,-0.7818314824680299,0.6234898018587334,-0.8660254037844385,-0.5000000000000004
266,-3.8,0,0,0,0,0,0,1,-0.7818314824680299,0.6234898018587334,-0.9659258262890683,-0.25881904510252063
204,-4.7,0,0,0,0,0,0,1,-0.7818314824680299,0.6234898018587334,-1.0,-1.8369701987210297e-16
157,-5.6,0,0,0,0,0,0,1,-0.7818314824680299,0.6234898018587334,-0.9659258262890684,0.2588190451025203
166,-6.0,0,0,0,0,0,0,1,-0.7818314824680299,0.6234898018587334,-0.8660254037844386,0.5000000000000001
168,-6.5,0,0,0,0,0,0,1,-0.7818314824680299,0.6234898018587334,-0.7071067811865477,0.7071067811865474
172,-6.6,0,0,0,0,0,0,1,-0.7818314824680299,0.6234898018587334,-0.5000000000000004,0.8660254037844384
138,-6.9,0,0,0,0,0,0,1,-0.7818314824680299,0.6234898018587334,-0.25881904510252157,0.9659258262890681
151,-5.9,0,0,0,0,0,0,1,0.0,1.0,0.0,1.0
97,-5.3,0,0,0,0,0,0,1,0.0,1.0,0.25881904510252074,0.9659258262890683
38,-5.0,0,0,0,0,1,0,0,0.0,1.0,0.49999999999999994,0.8660254037844387
32,-5.3,0,0,0,0,1,0,0,0.0,1.0,0.7071067811865476,0.7071067811865476
29,-5.4,0,0,0,0,1,0,0,0.0,1.0,0.8660254037844386,0.5000000000000001
27,-5.3,0,0,0,0,1,0,0,0.0,1.0,0.9659258262890683,0.25881904510252074
45,-5.2,0,0,0,0,1,0,0,0.0,1.0,1.0,6.123233995736766e-17
96,-5.0,0,0,0,0,1,0,0,0.0,1.0,0.9659258262890683,-0.25881904510252063
146,-4.6,0,0,0,0,1,0,0,0.0,1.0,0.8660254037844387,-0.4999999999999998
52,-4.3,0,0,0,0,1,0,0,0.0,1.0,0.7071067811865476,-0.7071067811865475
36,-3.7,0,0,0,0,1,0,0,0.0,1.0,0.49999999999999994,-0.8660254037844387
44,-2.9,0,0,0,0,1,0,0,0.0,1.0,0.258819045102521,-0.9659258262890682
62,-1.8,0,0,0,0,1,0,0,0.0,1.0,1.2246467991473532e-16,-1.0
76,-0.9,0,0,0,0,1,0,0,0.0,1.0,-0.2588190451025208,-0.9659258262890683
116,0.5,0,0,0,0,1,0,0,0.0,1.0,-0.4999999999999997,-0.8660254037844388
137,1.6,0,0,0,0,1,0,0,0.0,1.0,-0.7071067811865471,-0.7071067811865479
181,1.8,0,0,0,0,1,0,0,0.0,1.0,-0.8660254037844385,-0.5000000000000004
175,0.4,0,0,0,0,1,0,0,0.0,1.0,-0.9659258262890683,-0.25881904510252063
281,0.0,0,0,0,0,1,0,0,0.0,1.0,-1.0,-1.8369701987210297e-16
198,1.3,0,0,0,0,1,0,0,0.0,1.0,-0.9659258262890684,0.2588190451025203
165,3.3,0,0,0,0,1,0,0,0.0,1.0,-0.8660254037844386,0.5000000000000001
148,2.8,0,0,0,0,1,0,0,0.0,1.0,-0.7071067811865477,0.7071067811865474
160,1.5,0,0,0,0,1,0,0,0.0,1.0,-0.5000000000000004,0.8660254037844384
128,0.1,0,0,0,0,1,0,0,0.0,1.0,-0.25881904510252157,0.9659258262890681
122,-1.0,0,0,0,0,1,0,0,0.7818314824680298,0.6234898018587336,0.0,1.0
122,-2.0,0,0,0,0,1,0,0,0.7818314824680298,0.6234898018587336,0.25881904510252074,0.9659258262890683
93,-2.7,0,0,0,0,1,0,0,0.7818314824680298,0.6234898018587336,0.49999999999999994,0.8660254037844387
55,-2.8,0,0,0,0,1,0,0,0.7818314824680298,0.6234898018587336,0.7071067811865476,0.7071067811865476
39,-2.9,0,0,0,0,1,0,0,0.7818314824680298,0.6234898018587336,0.8660254037844386,0.5000000000000001
55,-3.9,0,0,0,0,1,0,0,0.7818314824680298,0.6234898018587336,0.9659258262890683,0.25881904510252074
78,-4.3,0,0,0,0,1,0,0,0.7818314824680298,0.6234898018587336,1.0,6.123233995736766e-17
165,-4.4,0,0,0,0,1,0,0,0.7818314824680298,0.6234898018587336,0.9659258262890683,-0.25881904510252063
390,-5.2,0,0,0,0,1,0,0,0.7818314824680298,0.6234898018587336,0.8660254037844387,-0.4999999999999998
199,-5.3,0,0,0,0,1,0,0,0.7818314824680298,0.6234898018587336,0.7071067811865476,-0.7071067811865475
151,-4.6,0,0,0,0,1,0,0,0.7818314824680298,0.6234898018587336,0.49999999999999994,-0.8660254037844387
174,-3.5,0,0,0,0,1,0,0,0.7818314824680298,0.6234898018587336,0.258819045102521,-0.9659258262890682
191,-2.5,0,0,0,0,1,0,0,0.7818314824680298,0.6234898018587336,1.2246467991473532e-16,-1.0
189,-2.2,0,0,0,0,1,0,0,0.7818314824680298,0.6234898018587336,-0.2588190451025208,-0.9659258262890683
178,-2.2,0,0,0,0,1,0,0,0.7818314824680298,0.6234898018587336,-0.4999999999999997,-0.8660254037844388
195,-1.3,0,0,0,0,1,0,0,0.7818314824680298,0.6234898018587336,-0.7071067811865471,-0.7071067811865479
211,-1.8,0,0,0,0,1,0,0,0.7818314824680298,0.6234898018587336,-0.8660254037844385,-0.5000000000000004
256,-2.7,0,0,0,0,1,0,0,0.7818314824680298,0.6234898018587336,-0.9659258262890683,-0.25881904510252063
384,-3.8,0,0,0,0,1,0,0,0.7818314824680298,0.6234898018587336,-1.0,-1.8369701987210297e-16
276,-4.5,0,0,0,0,1,0,0,0.7818314824680298,0.6234898018587336,-0.9659258262890684,0.2588190451025203
225,-4.9,0,0,0,0,1,0,0,0.7818314824680298,0.6234898018587336,-0.8660254037844386,0.5000000000000001
224,-5.0,0,0,0,0,1,0,0,0.7818314824680298,0.6234898018587336,-0.7071067811865477,0.7071067811865474
213,-5.5,0,0,0,0,1,0,0,0.7818314824680298,0.6234898018587336,-0.5000000000000004,0.8660254037844384
149,-5.8,0,0,0,0,1,0,0,0.7818314824680298,0.6234898018587336,-0.25881904510252157,0.9659258262890681
142,-6.5,0,0,0,0,1,0,0,0.9749279121818236,-0.22252093395631434,0.0,1.0
172,-7.3,0,0,0,0,1,0,0,0.9749279121818236,-0.22252093395631434,0.25881904510252074,0.9659258262890683
108,-7.8,0,0,0,0,1,0,0,0.9749279121818236,-0.22252093395631434,0.49999999999999994,0.8660254037844387
71,-8.1,0,0,0,0,1,0,0,0.9749279121818236,-0.22252093395631434,0.7071067811865476,0.7071067811865476
38,-8.5,0,0,0,0,1,0,0,0.9749279121818236,-0.22252093395631434,0.8660254037844386,0.5000000000000001
56,-8.3,0,0,0,0,1,0,0,0.9749279121818236,-0.22252093395631434,0.9659258262890683,0.25881904510252074
97,-8.2,0,0,0,0,1,0,0,0.9749279121818236,-0.22252093395631434,1.0,6.123233995736766e-17
213,-8.1,0,0,0,0,1,0,0,0.9749279121818236,-0.22252093395631434,0.9659258262890683,-0.25881904510252063
466,-7.8,0,0,0,0,1,0,0,0.9749279121818236,-0.22252093395631434,0.8660254037844387,-0.4999999999999998
239,-6.7,0,0,0,0,1,0,0,0.9749279121818236,-0.22252093395631434,0.7071067811865476,-0.7071067811865475
162,-5.4,0,0,0,0,1,0,0,0.9749279121818236,-0.22252093395631434,0.49999999999999994,-0.8660254037844387
204,-4.2,0,0,0,0,1,0,0,0.9749279121818236,-0.22252093395631434,0.258819045102521,-0.9659258262890682
209,-3.2,0,0,0,0,1,0,0,0.9749279121818236,-0.22252093395631434,1.2246467991473532e-16,-1.0
228,-1.3,0,0,0,0,1,0,0,0.9749279121818236,-0.22252093395631434,-0.2588190451025208,-0.9659258262890683
243,-0.5,0,0,0,0,1,0,0,0.9749279121818236,-0.22252093395631434,-0.4999999999999997,-0.8660254037844388
240,-0.2,0,0,0,0,1,0,0,0.9749279121818236,-0.22252093395631434,-0.7071067811865471,-0.7071067811865479
225,-0.5,0,0,0,0,1,0,0,0.9749279121818236,-0.22252093395631434,-0.8660254037844385,-0.5000000000000004
237,-0.9,0,0,0,0,1,0,0,0.9749279121818236,-0.22252093395631434,-0.9659258262890683,-0.25881904510252063
329,-1.4,0,0,0,0,1,0,0,0.9749279121818236,-0.22252093395631434,-1.0,-1.8369701987210297e-16
190,-1.5,0,0,0,0,1,0,0,0.9749279121818236,-0.22252093395631434,-0.9659258262890684,0.2588190451025203
165,-1.9,0,0,0,0,1,0,0,0.9749279121818236,-0.22252093395631434,-0.8660254037844386,0.5000000000000001
197,-2.0,0,0,0,0,1,0,0,0.9749279121818236,-0.22252093395631434,-0.7071067811865477,0.7071067811865474
184,-1.6,0,0,0,0,1,0,0,0.9749279121818236,-0.22252093395631434,-0.5000000000000004,0.8660254037844384
153,-1.1,0,0,0,0,1,0,0,0.9749279121818236,-0.22252093395631434,-0.25881904510252157,0.9659258262890681
166,-1.3,0,0,0,0,1,0,0,0.43388373911755823,-0.900968867902419,0.0,1.0
189,-1.8,0,0,0,0,1,0,0,0.43388373911755823,-0.900968867902419,0.25881904510252074,0.9659258262890683
132,-2.2,0,0,0,0,1,0,0,0.43388373911755823,-0.900968867902419,0.49999999999999994,0.8660254037844387
79,-2.9,0,0,0,0,1,0,0,0.43388373911755823,-0.900968867902419,0.7071067811865476,0.7071067811865476
58,-3.6,0,0,0,0,1,0,0,0.43388373911755823,-0.900968867902419,0.8660254037844386,0.5000000000000001
49,-4.3,0,0,0,0,1,0,0,0.43388373911755823,-0.900968867902419,0.9659258262890683,0.25881904510252074
84,-4.8,0,0,0,0,1,0,0,0.43388373911755823,-0.900968867902419,1.0,6.123233995736766e-17
178,-5.3,0,0,0,0,1,0,0,0.43388373911755823,-0.900968867902419,0.9659258262890683,-0.25881904510252063
423,-5.6,0,0,0,0,1,0,0,0.43388373911755823,-0.900968867902419,0.8660254037844387,-0.4999999999999998
265,-5.3,0,0,0,0,1,0,0,0.43388373911755823,-0.900968867902419,0.7071067811865476,-0.7071067811865475
169,-3.0,0,0,0,0,1,0,0,0.43388373911755823,-0.900968867902419,0.49999999999999994,-0.8660254037844387
243,-0.7,0,0,0,0,1,0,0,0.43388373911755823,-0.900968867902419,0.258819045102521,-0.9659258262890682
290,1.9,0,0,0,0,1,0,0,0.43388373911755823,-0.900968867902419,1.2246467991473532e-16,-1.0
285,3.2,0,0,0,0,1,0,0,0.43388373911755823,-0.900968867902419,-0.2588190451025208,-0.9659258262890683
255,4.3,0,0,0,0,1,0,0,0.43388373911755823,-0.900968867902419,-0.4999999999999997,-0.8660254037844388
316,4.4,0,0,0,0,1,0,0,0.43388373911755823,-0.900968867902419,-0.7071067811865471,-0.7071067811865479
301,4.1,0,0,0,0,1,0,0,0.43388373911755823,-0.900968867902419,-0.8660254037844385,-0.5000000000000004
366,2.9,0,0,0,0,1,0,0,0.43388373911755823,-0.900968867902419,-0.9659258262890683,-0.25881904510252063
531,1.7,0,0,0,0,1,0,0,0.43388373911755823,-0.900968867902419,-1.0,-1.8369701987210297e-16
355,0.8,0,0,0,0,1,0,0,0.43388373911755823,-0.900968867902419,-0.9659258262890684,0.2588190451025203
288,0.2,0,0,0,0,1,0,0,0.43388373911755823,-0.900968867902419,-0.8660254037844386,0.5000000000000001
248,-0.4,0,0,0,0,1,0,0,0.43388373911755823,-0.900968867902419,-0.7071067811865477,0.7071067811865474
252,-1.1,0,0,0,0,1,0,0,0.43388373911755823,-0.900968867902419,-0.5000000000000004,0.8660254037844384
212,-1.5,0,0,0,0,1,0,0,0.43388373911755823,-0.900968867902419,-0.25881904510252157,0.9659258262890681
196,-1.7,1,0,0,0,1,0,0,-0.433883739117558,-0.9009688679024191,0.0,1.0
250,-1.6,1,0,0,0,1,0,0,-0.433883739117558,-0.9009688679024191,0.25881904510252074,0.9659258262890683
161,-1.1,1,0,0,0,1,0,0,-0.433883739117558,-0.9009688679024191,0.49999999999999994,0.8660254037844387
99,-0.6,1,0,0,0,1,0,0,-0.433883739117558,-0.9009688679024191,0.7071067811865476,0.7071067811865476
64,-0.3,1,0,0,0,1,0,0,-0.433883739117558,-0.9009688679024191,0.8660254037844386,0.5000000000000001
76,-0.2,1,0,0,0,1,0,0,-0.433883739117558,-0.9009688679024191,0.9659258262890683,0.25881904510252074
114,-0.1,1,0,0,0,1,0,0,-0.433883739117558,-0.9009688679024191,1.0,6.123233995736766e-17
283,-0.3,1,0,0,0,1,0,0,-0.433883739117558,-0.9009688679024191,0.9659258262890683,-0.25881904510252063
544,-0.4,1,0,0,0,1,0,0,-0.433883739117558,-0.9009688679024191,0.8660254037844387,-0.4999999999999998
298,0.3,1,0,0,0,1,0,0,-0.433883739117558,-0.9009688679024191,0.7071067811865476,-0.7071067811865475
248,1.4,1,0,0,0,1,0,0,-0.433883739117558,-0.9009688679024191,0.49999999999999994,-0.8660254037844387
278,3.1,1,0,0,0,0,0,1,-0.433883739117558,-0.9009688679024191,0.258819045102521,-0.9659258262890682
301,4.5,1,0,0,0,0,0,1,-0.433883739117558,-0.9009688679024191,1.2246467991473532e-16,-1.0
320,5.4,1,0,0,0,0,0,1,-0.433883739117558,-0.9009688679024191,-0.2588190451025208,-0.9659258262890683
326,5.9,1,0,0,0,0,0,1,-0.433883739117558,-0.9009688679024191,-0.4999999999999997,-0.8660254037844388
386,6.5,1,0,0,0,0,0,1,-0.433883739117558,-0.9009688679024191,-0.7071067811865471,-0.7071067811865479
416,6.0,1,0,0,0,0,0,1,-0.433883739117558,-0.9009688679024191,-0.8660254037844385,-0.5000000000000004
477,5.4,1,0,0,0,0,0,1,-0.433883739117558,-0.9009688679024191,-0.9659258262890683,-0.25881904510252063
671,4.9,1,0,0,0,0,0,1,-0.433883739117558,-0.9009688679024191,-1.0,-1.8369701987210297e-16
481,5.2,1,0,0,0,0,0,1,-0.433883739117558,-0.9009688679024191,-0.9659258262890684,0.2588190451025203
323,5.9,1,0,0,0,0,0,1,-0.433883739117558,-0.9009688679024191,-0.8660254037844386,0.5000000000000001
309,6.1,1,0,0,0,0,0,1,-0.433883739117558,-0.9009688679024191,-0.7071067811865477,0.7071067811865474
314,6.1,1,0,0,0,0,0,1,-0.433883739117558,-0.9009688679024191,-0.5000000000000004,0.8660254037844384
249,5.8,1,0,0,0,0,0,1,-0.433883739117558,-0.9009688679024191,-0.25881904510252157,0.9659258262890681
282,5.8,0,0,0,0,0,0,1,-0.9749279121818236,-0.2225209339563146,0.0,1.0
337,5.7,0,0,0,0,0,0,1,-0.9749279121818236,-0.2225209339563146,0.25881904510252074,0.9659258262890683
312,5.6,0,0,0,0,0,0,1,-0.9749279121818236,-0.2225209339563146,0.49999999999999994,0.8660254037844387
230,5.4,0,0,0,0,0,0,1,-0.9749279121818236,-0.2225209339563146,0.7071067811865476,0.7071067811865476
120,5.3,0,0,0,0,0,0,1,-0.9749279121818236,-0.2225209339563146,0.8660254037844386,0.5000000000000001
59,5.0,0,0,0,0,1,0,0,-0.9749279121818236,-0.2225209339563146,0.9659258262890683,0.25881904510252074
63,5.1,0,0,0,0,1,0,0,-0.9749279121818236,-0.2225209339563146,1.0,6.123233995736766e-17
99,5.1,0,0,0,0,1,0,0,-0.9749279121818236,-0.2225209339563146,0.9659258262890683,-0.25881904510252063
188,5.1,0,0,0,0,1,0,0,-0.9749279121818236,-0.2225209339563146,0.8660254037844387,-0.4999999999999998
239,5.2,0,0,0,0,1,0,0,-0.9749279121818236,-0.2225209339563146,0.7071067811865476,-0.7071067811865475
235,5.4,0,0,0,0,1,0,0,-0.9749279121818236,-0.2225209339563146,0.49999999999999994,-0.8660254037844387
282,5.7,0,0,0,0,1,0,0,-0.9749279121818236,-0.2225209339563146,0.258819045102521,-0.9659258262890682
325,7.0,0,0,0,0,1,0,0,-0.9749279121818236,-0.2225209339563146,1.2246467991473532e-16,-1.0
423,7.7,0,0,0,0,1,0,0,-0.9749279121818236,-0.2225209339563146,-0.2588190451025208,-0.9659258262890683
405,8.6,0,0,0,0,1,0,0,-0.9749279121818236,-0.2225209339563146,-0.4999999999999997,-0.8660254037844388
443,8.6,0,0,0,0,1,0,0,-0.9749279121818236,-0.2225209339563146,-0.7071067811865471,-0.7071067811865479
473,8.2,0,0,0,0,1,0,0,-0.9749279121818236,-0.2225209339563146,-0.8660254037844385,-0.5000000000000004
453,7.7,0,0,0,0,1,0,0,-0.9749279121818236,-0.2225209339563146,-0.9659258262890683,-0.25881904510252063
340,6.6,0,0,0,0,1,0,0,-0.9749279121818236,-0.2225209339563146,-1.0,-1.8369701987210297e-16
260,6.0,0,0,0,0,1,0,0,-0.9749279121818236,-0.2225209339563146,-0.9659258262890684,0.2588190451025203
258,5.9,0,0,0,0,1,0,0,-0.9749279121818236,-0.2225209339563146,-0.8660254037844386,0.5000000000000001
279,5.6,0,0,0,0,1,0,0,-0.9749279121818236,-0.2225209339563146,-0.7071067811865477,0.7071067811865474
282,5.3,0,0,0,0,1,0,0,-0.9749279121818236,-0.2225209339563146,-0.5000000000000004,0.8660254037844384
237,5.5,0,0,0,0,1,0,0,-0.9749279121818236,-0.2225209339563146,-0.25881904510252157,0.9659258262890681
266,5.6,1,0,0,0,1,0,0,-0.7818314824680299,0.6234898018587334,0.0,1.0
251,5.6,1,0,0,0,1,0,0,-0.7818314824680299,0.6234898018587334,0.25881904510252074,0.9659258262890683
196,5.4,1,0,0,0,1,0,0,-0.7818314824680299,0.6234898018587334,0.49999999999999994,0.8660254037844387
149,5.2,1,0,0,0,1,0,0,-0.7818314824680299,0.6234898018587334,0.7071067811865476,0.7071067811865476
79,5.2,1,0,0,0,1,0,0,-0.7818314824680299,0.6234898018587334,0.8660254037844386,0.5000000000000001
44,5.1,1,0,0,0,1,0,0,-0.7818314824680299,0.6234898018587334,0.9659258262890683,0.25881904510252074
12,4.9,1,0,0,0,1,0,0,-0.7818314824680299,0.6234898018587334,1.0,6.123233995736766e-17
3,4.7,1,0,0,0,1,0,0,-0.7818314824680299,0.6234898018587334,0.9659258262890683,-0.25881904510252063
4,4.6,1,0,0,0,1,0,0,-0.7818314824680299,0.6234898018587334,0.8660254037844387,-0.4999999999999998
3,4.6,1,0,0,0,1,0,0,-0.7818314824680299,0.6234898018587334,0.7071067811865476,-0.7071067811865475
4,4.8,1,0,0,0,1,0,0,-0.7818314824680299,0.6234898018587334,0.49999999999999994,-0.8660254037844387
9,4.6,1,0,0,0,1,0,0,-0.7818314824680299,0.6234898018587334,0.258819045102521,-0.9659258262890682
4,4.1,1,0,0,0,1,0,0,-0.7818314824680299,0.6234898018587334,1.2246467991473532e-16,-1.0
7,3.7,1,0,0,0,0,0,1,-0.7818314824680299,0.6234898018587334,-0.2588190451025208,-0.9659258262890683
28,3.3,1,0,0,0,0,0,1,-0.7818314824680299,0.6234898018587334,-0.4999999999999997,-0.8660254037844388
38,2.9,1,0,0,0,1,0,0,-0.7818314824680299,0.6234898018587334,-0.7071067811865471,-0.7071067811865479
54,2.3,1,0,0,0,1,0,0,-0.7818314824680299,0.6234898018587334,-0.8660254037844385,-0.5000000000000004
104,2.2,1,0,0,0,0,0,1,-0.7818314824680299,0.6234898018587334,-0.9659258262890683,-0.25881904510252063
128,1.9,1,0,0,0,1,0,0,-0.7818314824680299,0.6234898018587334,-1.0,-1.8369701987210297e-16
132,1.1,1,0,0,0,0,0,1,-0.7818314824680299,0.6234898018587334,-0.9659258262890684,0.2588190451025203
116,0.6,1,0,0,0,0,0,1,-0.7818314824680299,0.6234898018587334,-0.8660254037844386,0.5000000000000001
145,0.4,1,0,0,0,1,0,0,-0.7818314824680299,0.6234898018587334,-0.7071067811865477,0.7071067811865474
110,0.2,1,0,0,0,0,0,1,-0.7818314824680299,0.6234898018587334,-0.5000000000000004,0.8660254037844384
128,0.0,1,0,0,0,0,0,1,-0.7818314824680299,0.6234898018587334,-0.25881904510252157,0.9659258262890681
160,-0.6,1,0,0,0,0,0,1,0.0,1.0,0.0,1.0
132,-1.2,1,0,0,0,0,0,1,0.0,1.0,0.25881904510252074,0.9659258262890683
115,-1.8,1,0,0,0,0,0,1,0.0,1.0,0.49999999999999994,0.8660254037844387
100,-2.3,1,0,0,0,0,0,1,0.0,1.0,0.7071067811865476,0.7071067811865476
72,-3.0,1,0,0,0,0,0,1,0.0,1.0,0.8660254037844386,0.5000000000000001
32,-3.7,1,0,0,0,0,0,1,0.0,1.0,0.9659258262890683,0.25881904510252074
59,-4.1,1,0,0,0,0,0,1,0.0,1.0,1.0,6.123233995736766e-17
61,-4.6,1,0,0,0,0,0,1,0.0,1.0,0.9659258262890683,-0.25881904510252063
94,-4.9,1,0,0,0,0,0,1,0.0,1.0,0.8660254037844387,-0.4999999999999998
107,-4.6,1,0,0,0,0,0,1,0.0,1.0,0.7071067811865476,-0.7071067811865475
133,-3.7,1,0,0,0,0,0,1,0.0,1.0,0.49999999999999994,-0.8660254037844387
179,-2.8,1,0,0,0,0,1,0,0.0,1.0,0.258819045102521,-0.9659258262890682
221,-1.6,1,0,0,0,0,1,0,0.0,1.0,1.2246467991473532e-16,-1.0
244,-1.5,1,0,0,0,0,0,1,0.0,1.0,-0.2588190451025208,-0.9659258262890683
274,-0.4,1,0,0,0,0,1,0,0.0,1.0,-0.4999999999999997,-0.8660254037844388
319,0.4,1,0,0,0,0,1,0,0.0,1.0,-0.7071067811865471,-0.7071067811865479
272,0.4,1,0,0,0,0,0,1,0.0,1.0,-0.8660254037844385,-0.5000000000000004
260,-0.7,1,0,0,0,0,0,1,0.0,1.0,-0.9659258262890683,-0.25881904510252063
237,-1.6,1,0,0,0,0,0,1,0.0,1.0,-1.0,-1.8369701987210297e-16
184,-1.8,1,0,0,0,0,0,1,0.0,1.0,-0.9659258262890684,0.2588190451025203
181,-2.1,1,0,0,0,0,0,1,0.0,1.0,-0.8660254037844386,0.5000000000000001
185,-1.7,1,0,0,0,0,0,1,0.0,1.0,-0.7071067811865477,0.7071067811865474
176,-1.3,1,0,0,0,0,0,1,0.0,1.0,-0.5000000000000004,0.8660254037844384
169,-1.0,1,0,0,0,0,0,1,0.0,1.0,-0.25881904510252157,0.9659258262890681
178,-1.4,0,0,0,0,0,0,1,0.7818314824680298,0.6234898018587336,0.0,1.0
127,-1.5,0,0,0,0,0,0,1,0.7818314824680298,0.6234898018587336,0.25881904510252074,0.9659258262890683
85,-2.1,0,0,0,0,0,0,1,0.7818314824680298,0.6234898018587336,0.49999999999999994,0.8660254037844387
72,-2.6,0,0,0,0,0,0,1,0.7818314824680298,0.6234898018587336,0.7071067811865476,0.7071067811865476
49,-2.6,0,0,0,0,0,0,1,0.7818314824680298,0.6234898018587336,0.8660254037844386,0.5000000000000001
65,-2.9,0,0,0,0,0,0,1,0.7818314824680298,0.6234898018587336,0.9659258262890683,0.25881904510252074
120,-2.8,0,0,0,0,0,0,1,0.7818314824680298,0.6234898018587336,1.0,6.123233995736766e-17
296,-2.9,0,0,0,0,0,0,1,0.7818314824680298,0.6234898018587336,0.9659258262890683,-0.25881904510252063
578,-2.7,0,0,0,0,0,0,1,0.7818314824680298,0.6234898018587336,0.8660254037844387,-0.4999999999999998
293,-2.8,0,0,0,0,0,0,1,0.7818314824680298,0.6234898018587336,0.7071067811865476,-0.7071067811865475
180,-2.2,0,0,0,0,0,0,1,0.7818314824680298,0.6234898018587336,0.49999999999999994,-0.8660254037844387
250,-2.1,0,0,0,0,0,0,1,0.7818314824680298,0.6234898018587336,0.258819045102521,-0.9659258262890682
262,-1.3,0,0,0,0,0,0,1,0.7818314824680298,0.6234898018587336,1.2246467991473532e-16,-1.0
262,-2.0,0,0,0,0,0,0,1,0.7818314824680298,0.6234898018587336,-0.2588190451025208,-0.9659258262890683
271,-1.6,0,0,0,0,0,0,1,0.7818314824680298,0.6234898018587336,-0.4999999999999997,-0.8660254037844388
246,-1.9,0,0,0,0,0,0,1,0.7818314824680298,0.6234898018587336,-0.7071067811865471,-0.7071067811865479
282,-1.9,0,0,0,0,0,0,1,0.7818314824680298,0.6234898018587336,-0.8660254037844385,-0.5000000000000004
350,-3.6,0,0,0,0,0,0,1,0.7818314824680298,0.6234898018587336,-0.9659258262890683,-0.25881904510252063
481,-4.7,0,0,0,0,0,0,1,0.7818314824680298,0.6234898018587336,-1.0,-1.8369701987210297e-16
317,-5.4,0,0,0,0,0,0,1,0.7818314824680298,0.6234898018587336,-0.9659258262890684,0.2588190451025203
252,-6.1,0,0,0,0,0,0,1,0.7818314824680298,0.6234898018587336,-0.8660254037844386,0.5000000000000001
220,-6.6,0,0,0,0,0,0,1,0.7818314824680298,0.6234898018587336,-0.7071067811865477,0.7071067811865474
213,-7.2,0,0,0,0,0,0,1,0.7818314824680298,0.6234898018587336,-0.5000000000000004,0.8660254037844384
156,-7.5,0,0,0,0,0,0,1,0.7818314824680298,0.6234898018587336,-0.25881904510252157,0.9659258262890681
133,-7.9,0,0,0,0,0,0,1,0.9749279121818236,-0.22252093395631434,0.0,1.0
142,-8.2,0,0,0,0,0,0,1,0.9749279121818236,-0.22252093395631434,0.25881904510252074,0.9659258262890683
93,-8.6,0,0,0,0,0,0,1,0.9749279121818236,-0.22252093395631434,0.49999999999999994,0.8660254037844387
81,-9.1,0,0,0,0,0,0,1,0.9749279121818236,-0.22252093395631434,0.7071067811865476,0.7071067811865476
55,-9.1,0,0,0,0,0,0,1,0.9749279121818236,-0.22252093395631434,0.8660254037844386,0.5000000000000001
66,-9.4,0,0,0,0,0,0,1,0.9749279121818236,-0.22252093395631434,0.9659258262890683,0.25881904510252074
105,-9.8,0,0,0,0,0,0,1,0.9749279121818236,-0.22252093395631434,1.0,6.123233995736766e-17
262,-10.1,0,0,0,0,0,0,1,0.9749279121818236,-0.22252093395631434,0.9659258262890683,-0.25881904510252063
502,-10.2,0,0,0,0,0,0,1,0.9749279121818236,-0.22252093395631434,0.8660254037844387,-0.4999999999999998
279,-9.8,0,0,0,0,0,0,1,0.9749279121818236,-0.22252093395631434,0.7071067811865476,-0.7071067811865475
146,-8.5,0,0,0,0,0,0,1,0.9749279121818236,-0.22252093395631434,0.49999999999999994,-0.8660254037844387
213,-6.8,0,0,0,0,0,1,0,0.9749279121818236,-0.22252093395631434,0.258819045102521,-0.9659258262890682
230,-5.5,0,0,0,0,0,1,0,0.9749279121818236,-0.22252093395631434,1.2246467991473532e-16,-1.0
258,-4.7,0,0,0,0,0,0,1,0.9749279121818236,-0.22252093395631434,-0.2588190451025208,-0.9659258262890683
231,-4.0,0,0,0,0,0,1,0,0.9749279121818236,-0.22252093395631434,-0.4999999999999997,-0.8660254037844388
228,-3.1,0,0,0,0,0,1,0,0.9749279121818236,-0.22252093395631434,-0.7071067811865471,-0.7071067811865479
269,-3.2,0,0,0,0,0,0,1,0.9749279121818236,-0.22252093395631434,-0.8660254037844385,-0.5000000000000004
314,-4.2,0,0,0,0,0,0,1,0.9749279121818236,-0.22252093395631434,-0.9659258262890683,-0.25881904510252063
466,-5.2,0,0,0,0,0,0,1,0.9749279121818236,-0.22252093395631434,-1.0,-1.8369701987210297e-16
315,-5.5,0,0,0,0,0,0,1,0.9749279121818236,-0.22252093395631434,-0.9659258262890684,0.2588190451025203
262,-5.9,0,0,0,0,0,0,1,0.9749279121818236,-0.22252093395631434,-0.8660254037844386,0.5000000000000001
242,-6.4,0,0,0,0,0,0,1,0.9749279121818236,-0.22252093395631434,-0.7071067811865477,0.7071067811865474
243,-6.4,0,0,0,0,0,0,1,0.9749279121818236,-0.22252093395631434,-0.5000000000000004,0.8660254037844384
216,-6.3,0,0,0,0,0,0,1,0.9749279121818236,-0.22252093395631434,-0.25881904510252157,0.9659258262890681
164,-6.5,0,0,0,0,0,0,1,0.43388373911755823,-0.900968867902419,0.0,1.0
169,-6.6,0,0,0,0,0,0,1,0.43388373911755823,-0.900968867902419,0.25881904510252074,0.9659258262890683
163,-6.6,0,0,0,0,0,0,1,0.43388373911755823,-0.900968867902419,0.49999999999999994,0.8660254037844387
86,-6.0,0,0,0,0,0,0,1,0.43388373911755823,-0.900968867902419,0.7071067811865476,0.7071067811865476
50,-5.8,0,0,0,0,0,0,1,0.43388373911755823,-0.900968867902419,0.8660254037844386,0.5000000000000001
61,-5.7,0,0,0,0,0,0,1,0.43388373911755823,-0.900968867902419,0.9659258262890683,0.25881904510252074
103,-5.5,0,0,0,0,0,0,1,0.43388373911755823,-0.900968867902419,1.0,6.123233995736766e-17
257,-5.0,0,0,0,0,0,0,1,0.43388373911755823,-0.900968867902419,0.9659258262890683,-0.25881904510252063
554,-4.7,0,0,0,0,0,0,1,0.43388373911755823,-0.900968867902419,0.8660254037844387,-0.4999999999999998
326,-4.3,0,0,0,0,0,0,1,0.43388373911755823,-0.900968867902419,0.7071067811865476,-0.7071067811865475
225,-3.4,0,0,0,0,0,0,1,0.43388373911755823,-0.900968867902419,0.49999999999999994,-0.8660254037844387
288,-2.1,0,0,0,0,0,0,1,0.43388373911755823,-0.900968867902419,0.258819045102521,-0.9659258262890682
286,-0.8,0,0,0,0,0,0,1,0.43388373911755823,-0.900968867902419,1.2246467991473532e-16,-1.0
301,0.8,0,0,0,0,0,0,1,0.43388373911755823,-0.900968867902419,-0.2588190451025208,-0.9659258262890683
311,0.8,0,0,0,0,0,0,1,0.43388373911755823,-0.900968867902419,-0.4999999999999997,-0.8660254037844388
303,0.4,0,0,0,0,0,0,1,0.43388373911755823,-0.900968867902419,-0.7071067811865471,-0.7071067811865479
390,0.3,0,0,0,0,0,0,1,0.43388373911755823,-0.900968867902419,-0.8660254037844385,-0.5000000000000004
407,0.2,0,0,0,0,0,0,1,0.43388373911755823,-0.900968867902419,-0.9659258262890683,-0.25881904510252063
552,-0.6,0,0,0,0,0,0,1,0.43388373911755823,-0.900968867902419,-1.0,-1.8369701987210297e-16
402,-0.4,0,0,0,0,0,0,1,0.43388373911755823,-0.900968867902419,-0.9659258262890684,0.2588190451025203
319,-0.3,0,0,0,0,0,0,1,0.43388373911755823,-0.900968867902419,-0.8660254037844386,0.5000000000000001
332,-0.2,0,0,0,0,0,0,1,0.43388373911755823,-0.900968867902419,-0.7071067811865477,0.7071067811865474
285,0.0,0,0,0,0,0,0,1,0.43388373911755823,-0.900968867902419,-0.5000000000000004,0.8660254037844384
260,0.1,0,0,0,0,0,0,1,0.43388373911755823,-0.900968867902419,-0.25881904510252157,0.9659258262890681
233,0.2,0,0,0,0,0,0,1,-0.433883739117558,-0.9009688679024191,0.0,1.0
269,0.3,0,0,0,0,0,0,1,-0.433883739117558,-0.9009688679024191,0.25881904510252074,0.9659258262890683
210,0.5,0,0,0,0,0,0,1,-0.433883739117558,-0.9009688679024191,0.49999999999999994,0.8660254037844387
135,0.6,0,0,0,0,0,0,1,-0.433883739117558,-0.9009688679024191,0.7071067811865476,0.7071067811865476
85,0.6,0,0,0,0,0,0,1,-0.433883739117558,-0.9009688679024191,0.8660254037844386,0.5000000000000001
67,0.7,0,0,0,0,0,0,1,-0.433883739117558,-0.9009688679024191,0.9659258262890683,0.25881904510252074
128,0.8,0,0,0,0,0,0,1,-0.433883739117558,-0.9009688679024191,1.0,6.123233995736766e-17
289,0.9,0,0,0,0,0,0,1,-0.433883739117558,-0.9009688679024191,0.9659258262890683,-0.25881904510252063
636,1.0,0,0,0,0,0,0,1,-0.433883739117558,-0.9009688679024191,0.8660254037844387,-0.4999999999999998
353,1.2,0,0,0,0,0,0,1,-0.433883739117558,-0.9009688679024191,0.7071067811865476,-0.7071067811865475
252,1.9,0,0,0,0,0,0,1,-0.433883739117558,-0.9009688679024191,0.49999999999999994,-0.8660254037844387
317,3.1,0,0,0,0,0,0,1,-0.433883739117558,-0.9009688679024191,0.258819045102521,-0.9659258262890682
363,4.3,0,0,0,0,1,0,0,-0.433883739117558,-0.9009688679024191,1.2246467991473532e-16,-1.0
370,5.2,0,0,0,0,1,0,0,-0.433883739117558,-0.9009688679024191,-0.2588190451025208,-0.9659258262890683
419,5.7,0,0,0,0,1,0,0,-0.433883739117558,-0.9009688679024191,-0.4999999999999997,-0.8660254037844388
426,5.7,0,0,0,0,1,0,0,-0.433883739117558,-0.9009688679024191,-0.7071067811865471,-0.7071067811865479
504,5.4,0,0,0,0,1,0,0,-0.433883739117558,-0.9009688679024191,-0.8660254037844385,-0.5000000000000004
534,4.5,0,0,0,0,1,0,0,-0.433883739117558,-0.9009688679024191,-0.9659258262890683,-0.25881904510252063
574,3.6,0,0,0,0,1,0,0,-0.433883739117558,-0.9009688679024191,-1.0,-1.8369701987210297e-16
395,2.7,0,0,0,0,1,0,0,-0.433883739117558,-0.9009688679024191,-0.9659258262890684,0.2588190451025203
292,1.7,0,0,0,0,1,0,0,-0.433883739117558,-0.9009688679024191,-0.8660254037844386,0.5000000000000001
282,1.0,0,0,0,0,1,0,0,-0.433883739117558,-0.9009688679024191,-0.7071067811865477,0.7071067811865474
294,0.8,0,0,0,0,1,0,0,-0.433883739117558,-0.9009688679024191,-0.5000000000000004,0.8660254037844384
236,0.3,0,0,0,0,1,0,0,-0.433883739117558,-0.9009688679024191,-0.25881904510252157,0.9659258262890681
240,-0.4,0,0,0,0,1,0,0,-0.9749279121818236,-0.2225209339563146,0.0,1.0
234,-0.5,0,0,0,0,1,0,0,-0.9749279121818236,-0.2225209339563146,0.25881904510252074,0.9659258262890683
192,-0.9,0,0,0,0,1,0,0,-0.9749279121818236,-0.2225209339563146,0.49999999999999994,0.8660254037844387
127,-1.1,0,0,0,0,1,0,0,-0.9749279121818236,-0.2225209339563146,0.7071067811865476,0.7071067811865476
86,-1.1,0,0,0,0,1,0,0,-0.9749279121818236,-0.2225209339563146,0.8660254037844386,0.5000000000000001
52,-1.2,0,0,0,0,1,0,0,-0.9749279121818236,-0.2225209339563146,0.9659258262890683,0.25881904510252074
62,-1.1,0,0,0,0,1,0,0,-0.9749279121818236,-0.2225209339563146,1.0,6.123233995736766e-17
88,-0.7,0,0,0,0,1,0,0,-0.9749279121818236,-0.2225209339563146,0.9659258262890683,-0.25881904510252063
162,-0.4,0,0,0,0,1,0,0,-0.9749279121818236,-0.2225209339563146,0.8660254037844387,-0.4999999999999998
224,0.2,0,0,0,0,1,0,0,-0.9749279121818236,-0.2225209339563146,0.7071067811865476,-0.7071067811865475
208,0.8,0,0,0,0,1,0,0,-0.9749279121818236,-0.2225209339563146,0.49999999999999994,-0.8660254037844387
237,2.0,0,0,0,0,1,0,0,-0.9749279121818236,-0.2225209339563146,0.258819045102521,-0.9659258262890682
274,3.2,0,0,0,0,1,0,0,-0.9749279121818236,-0.2225209339563146,1.2246467991473532e-16,-1.0
333,4.0,0,0,0,0,1,0,0,-0.9749279121818236,-0.2225209339563146,-0.2588190451025208,-0.9659258262890683
356,4.3,0,0,0,0,1,0,0,-0.9749279121818236,-0.2225209339563146,-0.4999999999999997,-0.8660254037844388
337,4.3,0,0,0,0,1,0,0,-0.9749279121818236,-0.2225209339563146,-0.7071067811865471,-0.7071067811865479
345,4.1,0,0,0,0,1,0,0,-0.9749279121818236,-0.2225209339563146,-0.8660254037844385,-0.5000000000000004
183,3.8,0,0,0,0,1,0,0,-0.9749279121818236,-0.2225209339563146,-0.9659258262890683,-0.25881904510252063
45,3.0,0,0,0,0,1,0,0,-0.9749279121818236,-0.2225209339563146,-1.0,-1.8369701987210297e-16
40,2.3,0,0,0,0,1,0,0,-0.9749279121818236,-0.2225209339563146,-0.9659258262890684,0.2588190451025203
66,1.9,0,0,0,0,1,0,0,-0.9749279121818236,-0.2225209339563146,-0.8660254037844386,0.5000000000000001
64,1.8,0,0,0,0,1,0,0,-0.9749279121818236,-0.2225209339563146,-0.7071067811865477,0.7071067811865474
30,1.8,0,0,0,0,1,0,0,-0.9749279121818236,-0.2225209339563146,-0.5000000000000004,0.8660254037844384
42,1.4,0,0,0,0,1,0,0,-0.9749279121818236,-0.2225209339563146,-0.25881904510252157,0.9659258262890681
43,0.9,1,0,0,0,1,0,0,-0.7818314824680299,0.6234898018587334,0.0,1.0
43,0.5,1,0,0,0,1,0,0,-0.7818314824680299,0.6234898018587334,0.25881904510252074,0.9659258262890683
65,0.4,1,0,0,0,1,0,0,-0.7818314824680299,0.6234898018587334,0.49999999999999994,0.8660254037844387
65,0.3,1,0,0,0,1,0,0,-0.7818314824680299,0.6234898018587334,0.7071067811865476,0.7071067811865476
32,-0.2,1,0,0,0,1,0,0,-0.7818314824680299,0.6234898018587334,0.8660254037844386,0.5000000000000001
22,-0.8,1,0,0,0,1,0,0,-0.7818314824680299,0.6234898018587334,0.9659258262890683,0.25881904510252074
25,-1.3,1,0,0,0,1,0,0,-0.7818314824680299,0.6234898018587334,1.0,6.123233995736766e-17
39,-1.8,1,0,0,0,1,0,0,-0.7818314824680299,0.6234898018587334,0.9659258262890683,-0.25881904510252063
84,-2.1,1,0,0,0,1,0,0,-0.7818314824680299,0.6234898018587334,0.8660254037844387,-0.4999999999999998
103,-1.9,1,0,0,0,1,0,0,-0.7818314824680299,0.6234898018587334,0.7071067811865476,-0.7071067811865475
110,-0.5,1,0,0,0,1,0,0,-0.7818314824680299,0.6234898018587334,0.49999999999999994,-0.8660254037844387
142,0.8,1,0,0,0,1,0,0,-0.7818314824680299,0.6234898018587334,0.258819045102521,-0.9659258262890682
209,1.4,1,0,0,0,1,0,0,-0.7818314824680299,0.6234898018587334,1.2246467991473532e-16,-1.0
267,2.5,1,0,0,0,1,0,0,-0.7818314824680299,0.6234898018587334,-0.2588190451025208,-0.9659258262890683
262,3.0,1,0,0,0,0,0,1,-0.7818314824680299,0.6234898018587334,-0.4999999999999997,-0.8660254037844388
300,3.1,1,0,0,0,0,0,1,-0.7818314824680299,0.6234898018587334,-0.7071067811865471,-0.7071067811865479
272,2.7,1,0,0,0,0,0,1,-0.7818314824680299,0.6234898018587334,-0.8660254037844385,-0.5000000000000004
240,1.7,1,0,0,0,0,0,1,-0.7818314824680299,0.6234898018587334,-0.9659258262890683,-0.25881904510252063
215,0.7,1,0,0,0,0,0,1,-0.7818314824680299,0.6234898018587334,-1.0,-1.8369701987210297e-16
163,0.0,1,0,0,0,0,0,1,-0.7818314824680299,0.6234898018587334,-0.9659258262890684,0.2588190451025203
161,-1.0,1,0,0,0,0,0,1,-0.7818314824680299,0.6234898018587334,-0.8660254037844386,0.5000000000000001
179,-1.6,1,0,0,0,0,0,1,-0.7818314824680299,0.6234898018587334,-0.7071067811865477,0.7071067811865474
155,-2.1,1,0,0,0,0,0,1,-0.7818314824680299,0.6234898018587334,-0.5000000000000004,0.8660254037844384
227,-2.6,1,0,0,0,0,0,1,-0.7818314824680299,0.6234898018587334,-0.25881904510252157,0.9659258262890681
206,-3.2,1,0,0,0,0,0,1,0.0,1.0,0.0,1.0
230,-3.3,1,0,0,0,0,0,1,0.0,1.0,0.25881904510252074,0.9659258262890683
178,-3.7,1,0,0,0,0,0,1,0.0,1.0,0.49999999999999994,0.8660254037844387
119,-4.0,1,0,0,0,0,0,1,0.0,1.0,0.7071067811865476,0.7071067811865476
62,-4.2,1,0,0,0,0,0,1,0.0,1.0,0.8660254037844386,0.5000000000000001
61,-4.4,1,0,0,0,0,0,1,0.0,1.0,0.9659258262890683,0.25881904510252074
65,-4.5,1,0,0,0,0,0,1,0.0,1.0,1.0,6.123233995736766e-17
81,-4.7,1,0,0,0,0,0,1,0.0,1.0,0.9659258262890683,-0.25881904510252063
89,-5.0,1,0,0,0,0,0,1,0.0,1.0,0.8660254037844387,-0.4999999999999998
121,-4.3,1,0,0,0,0,0,1,0.0,1.0,0.7071067811865476,-0.7071067811865475
139,-1.6,1,0,0,0,0,0,1,0.0,1.0,0.49999999999999994,-0.8660254037844387
169,0.1,1,0,0,0,0,0,1,0.0,1.0,0.258819045102521,-0.9659258262890682
225,1.5,1,0,0,0,0,1,0,0.0,1.0,1.2246467991473532e-16,-1.0
248,2.4,1,0,0,0,0,1,0,0.0,1.0,-0.2588190451025208,-0.9659258262890683
298,3.7,1,0,0,0,0,1,0,0.0,1.0,-0.4999999999999997,-0.8660254037844388
344,3.0,1,0,0,0,0,0,1,0.0,1.0,-0.7071067811865471,-0.7071067811865479
310,3.0,1,0,0,0,0,0,1,0.0,1.0,-0.8660254037844385,-0.5000000000000004
271,1.8,1,0,0,0,0,0,1,0.0,1.0,-0.9659258262890683,-0.25881904510252063
218,0.8,1,0,0,0,0,0,1,0.0,1.0,-1.0,-1.8369701987210297e-16
125,-0.1,1,0,0,0,0,0,1,0.0,1.0,-0.9659258262890684,0.2588190451025203
206,-0.3,1,0,0,0,0,0,1,0.0,1.0,-0.8660254037844386,0.5000000000000001
203,-0.9,1,0,0,0,0,0,1,0.0,1.0,-0.7071067811865477,0.7071067811865474
168,-1.3,1,0,0,0,0,0,1,0.0,1.0,-0.5000000000000004,0.8660254037844384
154,-1.6,1,0,0,0,0,0,1,0.0,1.0,-0.25881904510252157,0.9659258262890681
148,-1.8,0,0,0,0,0,0,1,0.7818314824680298,0.6234898018587336,0.0,1.0
108,-2.1,0,0,0,0,0,0,1,0.7818314824680298,0.6234898018587336,0.25881904510252074,0.9659258262890683
69,-2.3,0,0,0,0,0,0,1,0.7818314824680298,0.6234898018587336,0.49999999999999994,0.8660254037844387
41,-2.5,0,0,0,0,0,0,1,0.7818314824680298,0.6234898018587336,0.7071067811865476,0.7071067811865476
31,-2.7,0,0,0,0,0,0,1,0.7818314824680298,0.6234898018587336,0.8660254037844386,0.5000000000000001
58,-3.1,0,0,0,0,0,0,1,0.7818314824680298,0.6234898018587336,0.9659258262890683,0.25881904510252074
139,-3.2,0,0,0,0,0,0,1,0.7818314824680298,0.6234898018587336,1.0,6.123233995736766e-17
344,-3.2,0,0,0,0,0,0,1,0.7818314824680298,0.6234898018587336,0.9659258262890683,-0.25881904510252063
655,-3.4,0,0,0,0,0,0,1,0.7818314824680298,0.6234898018587336,0.8660254037844387,-0.4999999999999998
315,-3.1,0,0,0,0,0,0,1,0.7818314824680298,0.6234898018587336,0.7071067811865476,-0.7071067811865475
208,-1.4,0,0,0,0,0,0,1,0.7818314824680298,0.6234898018587336,0.49999999999999994,-0.8660254037844387
269,-0.4,0,0,0,0,0,0,1,0.7818314824680298,0.6234898018587336,0.258819045102521,-0.9659258262890682
293,0.9,0,0,0,0,0,1,0,0.7818314824680298,0.6234898018587336,1.2246467991473532e-16,-1.0
273,1.5,0,0,0,0,0,0,1,0.7818314824680298,0.6234898018587336,-0.2588190451025208,-0.9659258262890683
302,1.7,0,0,0,0,0,0,1,0.7818314824680298,0.6234898018587336,-0.4999999999999997,-0.8660254037844388
295,1.5,0,0,0,0,0,0,1,0.7818314824680298,0.6234898018587336,-0.7071067811865471,-0.7071067811865479
320,1.3,0,0,0,0,0,0,1,0.7818314824680298,0.6234898018587336,-0.8660254037844385,-0.5000000000000004
373,0.3,0,0,0,0,0,0,1,0.7818314824680298,0.6234898018587336,-0.9659258262890683,-0.25881904510252063
675,-0.8,0,0,0,0,0,0,1,0.7818314824680298,0.6234898018587336,-1.0,-1.8369701987210297e-16
403,-1.3,0,0,0,0,0,0,1,0.7818314824680298,0.6234898018587336,-0.9659258262890684,0.2588190451025203
364,-1.9,0,0,0,0,0,0,1,0.7818314824680298,0.6234898018587336,-0.8660254037844386,0.5000000000000001
304,-2.6,0,0,0,0,0,0,1,0.7818314824680298,0.6234898018587336,-0.7071067811865477,0.7071067811865474
273,-3.4,0,0,0,0,0,0,1,0.7818314824680298,0.6234898018587336,-0.5000000000000004,0.8660254037844384
186,-3.8,0,0,0,0,0,0,1,0.7818314824680298,0.6234898018587336,-0.25881904510252157,0.9659258262890681
160,-4.3,0,0,0,0,0,0,1,0.9749279121818236,-0.22252093395631434,0.0,1.0
130,-5.0,0,0,0,0,0,0,1,0.9749279121818236,-0.22252093395631434,0.25881904510252074,0.9659258262890683
110,-5.5,0,0,0,0,0,0,1,0.9749279121818236,-0.22252093395631434,0.49999999999999994,0.8660254037844387
67,-6.1,0,0,0,0,0,0,1,0.9749279121818236,-0.22252093395631434,0.7071067811865476,0.7071067811865476
43,-6.1,0,0,0,0,0,0,1,0.9749279121818236,-0.22252093395631434,0.8660254037844386,0.5000000000000001
67,-6.4,0,0,0,0,0,0,1,0.9749279121818236,-0.22252093395631434,0.9659258262890683,0.25881904510252074
137,-6.7,0,0,0,0,0,0,1,0.9749279121818236,-0.22252093395631434,1.0,6.123233995736766e-17
308,-6.9,0,0,0,0,0,0,1,0.9749279121818236,-0.22252093395631434,0.9659258262890683,-0.25881904510252063
670,-7.0,0,0,0,0,0,0,1,0.9749279121818236,-0.22252093395631434,0.8660254037844387,-0.4999999999999998
342,-6.8,0,0,0,0,0,0,1,0.9749279121818236,-0.22252093395631434,0.7071067811865476,-0.7071067811865475
213,-5.6,0,0,0,0,0,0,1,0.9749279121818236,-0.22252093395631434,0.49999999999999994,-0.8660254037844387
267,-4.5,0,0,0,0,0,0,1,0.9749279121818236,-0.22252093395631434,0.258819045102521,-0.9659258262890682
297,-3.4,0,0,0,0,0,0,1,0.9749279121818236,-0.22252093395631434,1.2246467991473532e-16,-1.0
279,-2.2,0,0,0,0,0,1,0,0.9749279121818236,-0.22252093395631434,-0.2588190451025208,-0.9659258262890683
270,-1.5,0,0,0,0,0,1,0,0.9749279121818236,-0.22252093395631434,-0.4999999999999997,-0.8660254037844388
286,-1.1,0,0,0,0,0,1,0,0.9749279121818236,-0.22252093395631434,-0.7071067811865471,-0.7071067811865479
299,-0.4,0,0,0,0,0,0,1,0.9749279121818236,-0.22252093395631434,-0.8660254037844385,-0.5000000000000004
382,-1.9,0,0,0,0,0,0,1,0.9749279121818236,-0.22252093395631434,-0.9659258262890683,-0.25881904510252063
637,-3.1,0,0,0,0,0,0,1,0.9749279121818236,-0.22252093395631434,-1.0,-1.8369701987210297e-16
431,-3.7,0,0,0,0,0,0,1,0.9749279121818236,-0.22252093395631434,-0.9659258262890684,0.2588190451025203
294,-3.9,0,0,0,0,0,0,1,0.9749279121818236,-0.22252093395631434,-0.8660254037844386,0.5000000000000001
335,-4.3,0,0,0,0,0,0,1,0.9749279121818236,-0.22252093395631434,-0.7071067811865477,0.7071067811865474
291,-5.2,0,0,0,0,0,0,1,0.9749279121818236,-0.22252093395631434,-0.5000000000000004,0.8660254037844384
197,-5.9,0,0,0,0,0,0,1,0.9749279121818236,-0.22252093395631434,-0.25881904510252157,0.9659258262890681
159,-6.3,0,0,0,0,0,0,1,0.43388373911755823,-0.900968867902419,0.0,1.0
150,-6.9,0,0,0,0,0,0,1,0.43388373911755823,-0.900968867902419,0.25881904510252074,0.9659258262890683
123,-7.3,0,0,0,0,0,0,1,0.43388373911755823,-0.900968867902419,0.49999999999999994,0.8660254037844387
57,-7.4,0,0,0,0,0,0,1,0.43388373911755823,-0.900968867902419,0.7071067811865476,0.7071067811865476
38,-7.5,0,0,0,0,0,0,1,0.43388373911755823,-0.900968867902419,0.8660254037844386,0.5000000000000001
66,-7.6,0,0,0,0,0,0,1,0.43388373911755823,-0.900968867902419,0.9659258262890683,0.25881904510252074
120,-7.6,0,0,0,0,0,0,1,0.43388373911755823,-0.900968867902419,1.0,6.123233995736766e-17
302,-8.1,0,0,0,0,0,0,1,0.43388373911755823,-0.900968867902419,0.9659258262890683,-0.25881904510252063
646,-8.6,0,0,0,0,0,0,1,0.43388373911755823,-0.900968867902419,0.8660254037844387,-0.4999999999999998
340,-7.9,0,0,0,0,0,0,1,0.43388373911755823,-0.900968867902419,0.7071067811865476,-0.7071067811865475
197,-6.4,0,0,0,0,0,0,1,0.43388373911755823,-0.900968867902419,0.49999999999999994,-0.8660254037844387
264,-4.4,0,0,0,0,0,0,1,0.43388373911755823,-0.900968867902419,0.258819045102521,-0.9659258262890682
290,-2.9,0,0,0,0,0,1,0,0.43388373911755823,-0.900968867902419,1.2246467991473532e-16,-1.0
284,-2.0,0,0,0,0,0,1,0,0.43388373911755823,-0.900968867902419,-0.2588190451025208,-0.9659258262890683
262,-0.8,0,0,0,0,0,0,1,0.43388373911755823,-0.900968867902419,-0.4999999999999997,-0.8660254037844388
281,-1.2,0,0,0,0,0,0,1,0.43388373911755823,-0.900968867902419,-0.7071067811865471,-0.7071067811865479
309,-1.4,0,0,0,0,0,0,1,0.43388373911755823,-0.900968867902419,-0.8660254037844385,-0.5000000000000004
397,-2.1,0,0,0,0,0,0,1,0.43388373911755823,-0.900968867902419,-0.9659258262890683,-0.25881904510252063
603,-2.6,0,0,0,0,0,0,1,0.43388373911755823,-0.900968867902419,-1.0,-1.8369701987210297e-16
417,-2.7,0,0,0,0,0,0,1,0.43388373911755823,-0.900968867902419,-0.9659258262890684,0.2588190451025203
311,-2.8,0,0,0,0,0,0,1,0.43388373911755823,-0.900968867902419,-0.8660254037844386,0.5000000000000001
310,-3.1,0,0,0,0,0,0,1,0.43388373911755823,-0.900968867902419,-0.7071067811865477,0.7071067811865474
306,-3.6,0,0,0,0,0,0,1,0.43388373911755823,-0.900968867902419,-0.5000000000000004,0.8660254037844384
221,-4.0,0,0,0,0,0,0,1,0.43388373911755823,-0.900968867902419,-0.25881904510252157,0.9659258262890681
202,-4.7,0,0,0,0,0,0,1,-0.433883739117558,-0.9009688679024191,0.0,1.0
170,-5.1,0,0,0,0,0,0,1,-0.433883739117558,-0.9009688679024191,0.25881904510252074,0.9659258262890683
118,-5.3,0,0,0,0,0,0,1,-0.433883739117558,-0.9009688679024191,0.49999999999999994,0.8660254037844387
67,-5.5,0,0,0,0,0,0,1,-0.433883739117558,-0.9009688679024191,0.7071067811865476,0.7071067811865476
47,-5.1,0,0,0,0,0,0,1,-0.433883739117558,-0.9009688679024191,0.8660254037844386,0.5000000000000001
75,-5.1,0,0,0,0,0,0,1,-0.433883739117558,-0.9009688679024191,0.9659258262890683,0.25881904510252074
123,-5.1,0,0,0,0,0,0,1,-0.433883739117558,-0.9009688679024191,1.0,6.123233995736766e-17
327,-5.3,0,0,0,0,0,0,1,-0.433883739117558,-0.9009688679024191,0.9659258262890683,-0.25881904510252063
665,-5.3,0,0,0,0,0,0,1,-0.433883739117558,-0.9009688679024191,0.8660254037844387,-0.4999999999999998
354,-4.7,0,0,0,0,0,0,1,-0.433883739117558,-0.9009688679024191,0.7071067811865476,-0.7071067811865475
232,-3.3,0,0,0,0,0,0,1,-0.433883739117558,-0.9009688679024191,0.49999999999999994,-0.8660254037844387
308,-0.7,0,0,0,0,0,0,1,-0.433883739117558,-0.9009688679024191,0.258819045102521,-0.9659258262890682
362,-0.3,0,0,0,0,0,0,1,-0.433883739117558,-0.9009688679024191,1.2246467991473532e-16,-1.0
312,0.9,0,0,0,0,0,0,1,-0.433883739117558,-0.9009688679024191,-0.2588190451025208,-0.9659258262890683
343,1.4,0,0,0,0,0,0,1,-0.433883739117558,-0.9009688679024191,-0.4999999999999997,-0.8660254037844388
333,1.5,0,0,0,0,0,0,1,-0.433883739117558,-0.9009688679024191,-0.7071067811865471,-0.7071067811865479
329,1.0,0,0,0,0,0,0,1,-0.433883739117558,-0.9009688679024191,-0.8660254037844385,-0.5000000000000004
446,-0.6,0,0,0,0,0,0,1,-0.433883739117558,-0.9009688679024191,-0.9659258262890683,-0.25881904510252063
635,-1.8,0,0,0,0,0,0,1,-0.433883739117558,-0.9009688679024191,-1.0,-1.8369701987210297e-16
443,-2.5,0,0,0,0,0,0,1,-0.433883739117558,-0.9009688679024191,-0.9659258262890684,0.2588190451025203
322,-3.4,0,0,0,0,0,0,1,-0.433883739117558,-0.9009688679024191,-0.8660254037844386,0.5000000000000001
284,-3.5,0,0,0,0,0,0,1,-0.433883739117558,-0.9009688679024191,-0.7071067811865477,0.7071067811865474
281,-3.8,0,0,0,0,0,0,1,-0.433883739117558,-0.9009688679024191,-0.5000000000000004,0.8660254037844384
189,-3.6,0,0,0,0,0,0,1,-0.433883739117558,-0.9009688679024191,-0.25881904510252157,0.9659258262890681
184,-4.3,0,0,0,0,0,0,1,-0.9749279121818236,-0.2225209339563146,0.0,1.0
222,-4.8,0,0,0,0,0,0,1,-0.9749279121818236,-0.2225209339563146,0.25881904510252074,0.9659258262890683
176,-5.5,0,0,0,0,0,0,1,-0.9749279121818236,-0.2225209339563146,0.49999999999999994,0.8660254037844387
103,-5.6,0,0,0,0,0,0,1,-0.9749279121818236,-0.2225209339563146,0.7071067811865476,0.7071067811865476
61,-5.9,0,0,0,0,0,0,1,-0.9749279121818236,-0.2225209339563146,0.8660254037844386,0.5000000000000001
48,-6.1,0,0,0,0,0,0,1,-0.9749279121818236,-0.2225209339563146,0.9659258262890683,0.25881904510252074
69,-6.5,0,0,0,0,0,0,1,-0.9749279121818236,-0.2225209339563146,1.0,6.123233995736766e-17
105,-6.6,0,0,0,0,0,0,1,-0.9749279121818236,-0.2225209339563146,0.9659258262890683,-0.25881904510252063
186,-6.5,0,0,0,0,0,0,1,-0.9749279121818236,-0.2225209339563146,0.8660254037844387,-0.4999999999999998
221,-5.8,0,0,0,0,0,0,1,-0.9749279121818236,-0.2225209339563146,0.7071067811865476,-0.7071067811865475
204,-3.5,0,0,0,0,0,0,1,-0.9749279121818236,-0.2225209339563146,0.49999999999999994,-0.8660254037844387
245,-1.6,0,0,0,0,0,1,0,-0.9749279121818236,-0.2225209339563146,0.258819045102521,-0.9659258262890682
283,0.0,0,0,0,0,0,1,0,-0.9749279121818236,-0.2225209339563146,1.2246467991473532e-16,-1.0
356,0.9,0,0,0,0,0,1,0,-0.9749279121818236,-0.2225209339563146,-0.2588190451025208,-0.9659258262890683
370,1.8,0,0,0,0,0,1,0,-0.9749279121818236,-0.2225209339563146,-0.4999999999999997,-0.8660254037844388
373,2.3,0,0,0,0,0,1,0,-0.9749279121818236,-0.2225209339563146,-0.7071067811865471,-0.7071067811865479
352,2.7,0,0,0,0,0,0,1,-0.9749279121818236,-0.2225209339563146,-0.8660254037844385,-0.5000000000000004
354,1.1,0,0,0,0,0,0,1,-0.9749279121818236,-0.2225209339563146,-0.9659258262890683,-0.25881904510252063
271,-0.6,0,0,0,0,0,0,1,-0.9749279121818236,-0.2225209339563146,-1.0,-1.8369701987210297e-16
207,-1.2,0,0,0,0,0,0,1,-0.9749279121818236,-0.2225209339563146,-0.9659258262890684,0.2588190451025203
189,-2.1,0,0,0,0,0,0,1,-0.9749279121818236,-0.2225209339563146,-0.8660254037844386,0.5000000000000001
214,-2.5,0,0,0,0,0,0,1,-0.9749279121818236,-0.2225209339563146,-0.7071067811865477,0.7071067811865474
218,-2.6,0,0,0,0,0,0,1,-0.9749279121818236,-0.2225209339563146,-0.5000000000000004,0.8660254037844384
169,-3.2,0,0,0,0,0,0,1,-0.9749279121818236,-0.2225209339563146,-0.25881904510252157,0.9659258262890681
192,-3.8,0,0,0,0,0,0,1,-0.7818314824680299,0.6234898018587334,0.0,1.0
162,-3.9,0,0,0,0,0,0,1,-0.7818314824680299,0.6234898018587334,0.25881904510252074,0.9659258262890683
128,-4.4,0,0,0,0,0,0,1,-0.7818314824680299,0.6234898018587334,0.49999999999999994,0.8660254037844387
102,-4.8,0,0,0,0,0,0,1,-0.7818314824680299,0.6234898018587334,0.7071067811865476,0.7071067811865476
62,-5.1,0,0,0,0,0,0,1,-0.7818314824680299,0.6234898018587334,0.8660254037844386,0.5000000000000001
40,-5.6,0,0,0,0,0,0,1,-0.7818314824680299,0.6234898018587334,0.9659258262890683,0.25881904510252074
38,-5.5,0,0,0,0,0,0,1,-0.7818314824680299,0.6234898018587334,1.0,6.123233995736766e-17
60,-5.6,0,0,0,0,0,0,1,-0.7818314824680299,0.6234898018587334,0.9659258262890683,-0.25881904510252063
122,-5.3,0,0,0,0,0,0,1,-0.7818314824680299,0.6234898018587334,0.8660254037844387,-0.4999999999999998
143,-3.8,0,0,0,0,0,0,1,-0.7818314824680299,0.6234898018587334,0.7071067811865476,-0.7071067811865475
179,-1.8,0,0,0,0,0,0,1,-0.7818314824680299,0.6234898018587334,0.49999999999999994,-0.8660254037844387
214,0.5,0,0,0,0,0,0,1,-0.7818314824680299,0.6234898018587334,0.258819045102521,-0.9659258262890682
278,1.1,0,0,0,0,0,0,1,-0.7818314824680299,0.6234898018587334,1.2246467991473532e-16,-1.0
265,1.4,0,0,0,0,0,0,1,-0.7818314824680299,0.6234898018587334,-0.2588190451025208,-0.9659258262890683
331,1.9,0,0,0,0,0,0,1,-0.7818314824680299,0.6234898018587334,-0.4999999999999997,-0.8660254037844388
368,2.7,0,0,0,0,0,0,1,-0.7818314824680299,0.6234898018587334,-0.7071067811865471,-0.7071067811865479
333,2.6,0,0,0,0,0,0,1,-0.7818314824680299,0.6234898018587334,-0.8660254037844385,-0.5000000000000004
349,2.3,0,0,0,0,0,0,1,-0.7818314824680299,0.6234898018587334,-0.9659258262890683,-0.25881904510252063
270,1.8,0,0,0,0,0,0,1,-0.7818314824680299,0.6234898018587334,-1.0,-1.8369701987210297e-16
246,1.6,0,0,0,0,0,0,1,-0.7818314824680299,0.6234898018587334,-0.9659258262890684,0.2588190451025203
233,1.3,0,0,0,0,0,0,1,-0.7818314824680299,0.6234898018587334,-0.8660254037844386,0.5000000000000001
236,1.2,0,0,0,0,0,0,1,-0.7818314824680299,0.6234898018587334,-0.7071067811865477,0.7071067811865474
214,1.1,0,0,0,0,0,0,1,-0.7818314824680299,0.6234898018587334,-0.5000000000000004,0.8660254037844384
149,1.1,0,0,0,0,0,0,1,-0.7818314824680299,0.6234898018587334,-0.25881904510252157,0.9659258262890681
149,0.9,0,0,0,0,0,0,1,0.0,1.0,0.0,1.0
109,0.9,0,0,0,0,0,0,1,0.0,1.0,0.25881904510252074,0.9659258262890683
77,0.8,0,0,0,0,0,0,1,0.0,1.0,0.49999999999999994,0.8660254037844387
53,0.9,0,0,0,0,0,0,1,0.0,1.0,0.7071067811865476,0.7071067811865476
46,1.0,0,0,0,0,0,0,1,0.0,1.0,0.8660254037844386,0.5000000000000001
67,0.8,0,0,0,0,0,0,1,0.0,1.0,0.9659258262890683,0.25881904510252074
159,0.8,0,0,0,0,0,0,1,0.0,1.0,1.0,6.123233995736766e-17
374,0.7,0,0,0,0,0,0,1,0.0,1.0,0.9659258262890683,-0.25881904510252063
701,0.7,0,0,0,0,0,0,1,0.0,1.0,0.8660254037844387,-0.4999999999999998
387,0.8,0,0,0,0,0,0,1,0.0,1.0,0.7071067811865476,-0.7071067811865475
253,1.3,0,0,0,0,0,0,1,0.0,1.0,0.49999999999999994,-0.8660254037844387
278,1.7,0,0,0,0,0,0,1,0.0,1.0,0.258819045102521,-0.9659258262890682
356,2.7,0,0,0,0,0,0,1,0.0,1.0,1.2246467991473532e-16,-1.0
303,3.0,0,0,0,0,0,0,1,0.0,1.0,-0.2588190451025208,-0.9659258262890683
349,3.4,0,0,0,0,0,0,1,0.0,1.0,-0.4999999999999997,-0.8660254037844388
318,3.9,0,0,0,0,0,0,1,0.0,1.0,-0.7071067811865471,-0.7071067811865479
353,3.5,0,0,0,0,0,0,1,0.0,1.0,-0.8660254037844385,-0.5000000000000004
385,2.7,0,0,0,0,0,0,1,0.0,1.0,-0.9659258262890683,-0.25881904510252063
316,1.5,0,0,0,0,0,0,1,0.0,1.0,-1.0,-1.8369701987210297e-16
127,0.9,0,0,0,0,1,0,0,0.0,1.0,-0.9659258262890684,0.2588190451025203
144,1.0,0,0,0,0,1,0,0,0.0,1.0,-0.8660254037844386,0.5000000000000001
146,0.7,0,0,0,0,1,0,0,0.0,1.0,-0.7071067811865477,0.7071067811865474
149,0.1,0,0,0,0,1,0,0,0.0,1.0,-0.5000000000000004,0.8660254037844384
112,-0.6,0,0,0,0,1,0,0,0.0,1.0,-0.25881904510252157,0.9659258262890681
100,-1.2,0,0,0,0,1,0,0,0.7818314824680298,0.6234898018587336,0.0,1.0
107,-1.9,0,0,0,0,1,0,0,0.7818314824680298,0.6234898018587336,0.25881904510252074,0.9659258262890683
75,-2.9,0,0,0,0,1,0,0,0.7818314824680298,0.6234898018587336,0.49999999999999994,0.8660254037844387
52,-3.4,0,0,0,0,1,0,0,0.7818314824680298,0.6234898018587336,0.7071067811865476,0.7071067811865476
38,-4.3,0,0,0,0,1,0,0,0.7818314824680298,0.6234898018587336,0.8660254037844386,0.5000000000000001
52,-5.1,0,0,0,0,1,0,0,0.7818314824680298,0.6234898018587336,0.9659258262890683,0.25881904510252074
126,-5.6,0,0,0,0,1,0,0,0.7818314824680298,0.6234898018587336,1.0,6.123233995736766e-17
245,-5.9,0,0,0,0,1,0,0,0.7818314824680298,0.6234898018587336,0.9659258262890683,-0.25881904510252063
554,-6.0,0,0,0,0,1,0,0,0.7818314824680298,0.6234898018587336,0.8660254037844387,-0.4999999999999998
320,-6.0,0,0,0,0,1,0,0,0.7818314824680298,0.6234898018587336,0.7071067811865476,-0.7071067811865475
190,-4.8,0,0,0,0,1,0,0,0.7818314824680298,0.6234898018587336,0.49999999999999994,-0.8660254037844387
247,-3.9,0,0,0,0,1,0,0,0.7818314824680298,0.6234898018587336,0.258819045102521,-0.9659258262890682
262,-2.7,0,0,0,0,1,0,0,0.7818314824680298,0.6234898018587336,1.2246467991473532e-16,-1.0
265,-2.6,0,0,0,0,1,0,0,0.7818314824680298,0.6234898018587336,-0.2588190451025208,-0.9659258262890683
265,-1.8,0,0,0,0,1,0,0,0.7818314824680298,0.6234898018587336,-0.4999999999999997,-0.8660254037844388
257,-2.4,0,0,0,0,0,0,1,0.7818314824680298,0.6234898018587336,-0.7071067811865471,-0.7071067811865479
262,-2.4,0,0,0,0,0,0,1,0.7818314824680298,0.6234898018587336,-0.8660254037844385,-0.5000000000000004
332,-2.9,0,0,0,0,0,0,1,0.7818314824680298,0.6234898018587336,-0.9659258262890683,-0.25881904510252063
558,-3.8,0,0,0,0,0,0,1,0.7818314824680298,0.6234898018587336,-1.0,-1.8369701987210297e-16
364,-4.5,0,0,0,0,0,0,1,0.7818314824680298,0.6234898018587336,-0.9659258262890684,0.2588190451025203
302,-4.9,0,0,0,0,0,0,1,0.7818314824680298,0.6234898018587336,-0.8660254037844386,0.5000000000000001
281,-4.8,0,0,0,0,0,0,1,0.7818314824680298,0.6234898018587336,-0.7071067811865477,0.7071067811865474
166,-4.2,0,0,0,0,0,0,1,0.7818314824680298,0.6234898018587336,-0.5000000000000004,0.8660254037844384
80,-4.9,0,0,0,0,1,0,0,0.7818314824680298,0.6234898018587336,-0.25881904510252157,0.9659258262890681
61,-5.2,0,0,0,0,1,0,0,0.9749279121818236,-0.22252093395631434,0.0,1.0
78,-5.6,0,0,0,0,1,0,0,0.9749279121818236,-0.22252093395631434,0.25881904510252074,0.9659258262890683
63,-5.7,0,0,0,0,1,0,0,0.9749279121818236,-0.22252093395631434,0.49999999999999994,0.8660254037844387
40,-6.1,0,0,0,0,1,0,0,0.9749279121818236,-0.22252093395631434,0.7071067811865476,0.7071067811865476
31,-6.6,0,0,0,0,1,0,0,0.9749279121818236,-0.22252093395631434,0.8660254037844386,0.5000000000000001
39,-7.3,0,0,0,0,1,0,0,0.9749279121818236,-0.22252093395631434,0.9659258262890683,0.25881904510252074
84,-7.7,0,0,0,0,1,0,0,0.9749279121818236,-0.22252093395631434,1.0,6.123233995736766e-17
158,-8.0,0,0,0,0,1,0,0,0.9749279121818236,-0.22252093395631434,0.9659258262890683,-0.25881904510252063
387,-7.9,0,0,0,0,1,0,0,0.9749279121818236,-0.22252093395631434,0.8660254037844387,-0.4999999999999998
225,-7.7,0,0,0,0,1,0,0,0.9749279121818236,-0.22252093395631434,0.7071067811865476,-0.7071067811865475
150,-6.9,0,0,0,0,1,0,0,0.9749279121818236,-0.22252093395631434,0.49999999999999994,-0.8660254037844387
168,-6.4,0,0,0,0,1,0,0,0.9749279121818236,-0.22252093395631434,0.258819045102521,-0.9659258262890682
217,-5.6,0,0,0,0,1,0,0,0.9749279121818236,-0.22252093395631434,1.2246467991473532e-16,-1.0
207,-5.1,0,0,0,0,1,0,0,0.9749279121818236,-0.22252093395631434,-0.2588190451025208,-0.9659258262890683
177,-5.3,0,0,0,0,1,0,0,0.9749279121818236,-0.22252093395631434,-0.4999999999999997,-0.8660254037844388
193,-5.3,0,0,0,0,1,0,0,0.9749279121818236,-0.22252093395631434,-0.7071067811865471,-0.7071067811865479
196,-5.4,0,0,0,0,1,0,0,0.9749279121818236,-0.22252093395631434,-0.8660254037844385,-0.5000000000000004
266,-6.5,0,0,0,0,0,0,1,0.9749279121818236,-0.22252093395631434,-0.9659258262890683,-0.25881904510252063
437,-7.8,0,0,0,0,0,0,1,0.9749279121818236,-0.22252093395631434,-1.0,-1.8369701987210297e-16
259,-8.5,0,0,0,0,0,0,1,0.9749279121818236,-0.22252093395631434,-0.9659258262890684,0.2588190451025203
207,-8.9,0,0,0,0,0,0,1,0.9749279121818236,-0.22252093395631434,-0.8660254037844386,0.5000000000000001
214,-9.4,0,0,0,0,0,0,1,0.9749279121818236,-0.22252093395631434,-0.7071067811865477,0.7071067811865474
165,-9.7,0,0,0,0,0,0,1,0.9749279121818236,-0.22252093395631434,-0.5000000000000004,0.8660254037844384
139,-10.2,0,0,0,0,0,0,1,0.9749279121818236,-0.22252093395631434,-0.25881904510252157,0.9659258262890681
98,-10.3,0,0,0,0,0,0,1,0.43388373911755823,-0.900968867902419,0.0,1.0
100,-10.6,0,0,0,0,0,0,1,0.43388373911755823,-0.900968867902419,0.25881904510252074,0.9659258262890683
89,-10.9,0,0,0,0,0,0,1,0.43388373911755823,-0.900968867902419,0.49999999999999994,0.8660254037844387
38,-11.2,0,0,0,0,0,0,1,0.43388373911755823,-0.900968867902419,0.7071067811865476,0.7071067811865476
33,-11.5,0,0,0,0,0,0,1,0.43388373911755823,-0.900968867902419,0.8660254037844386,0.5000000000000001
42,-11.9,0,0,0,0,0,0,1,0.43388373911755823,-0.900968867902419,0.9659258262890683,0.25881904510252074
82,-12.0,0,0,0,0,0,0,1,0.43388373911755823,-0.900968867902419,1.0,6.123233995736766e-17
203,-12.3,0,0,0,0,0,0,1,0.43388373911755823,-0.900968867902419,0.9659258262890683,-0.25881904510252063
443,-12.6,0,0,0,0,0,0,1,0.43388373911755823,-0.900968867902419,0.8660254037844387,-0.4999999999999998
227,-12.0,0,0,0,0,0,0,1,0.43388373911755823,-0.900968867902419,0.7071067811865476,-0.7071067811865475
152,-11.1,0,0,0,0,0,0,1,0.43388373911755823,-0.900968867902419,0.49999999999999994,-0.8660254037844387
146,-10.2,0,0,0,0,0,0,1,0.43388373911755823,-0.900968867902419,0.258819045102521,-0.9659258262890682
187,-8.6,0,0,0,0,0,1,0,0.43388373911755823,-0.900968867902419,1.2246467991473532e-16,-1.0
178,-8.6,0,0,0,0,0,0,1,0.43388373911755823,-0.900968867902419,-0.2588190451025208,-0.9659258262890683
187,-7.4,0,0,0,0,0,0,1,0.43388373911755823,-0.900968867902419,-0.4999999999999997,-0.8660254037844388
181,-8.3,0,0,0,0,0,0,1,0.43388373911755823,-0.900968867902419,-0.7071067811865471,-0.7071067811865479
179,-8.2,0,0,0,0,0,0,1,0.43388373911755823,-0.900968867902419,-0.8660254037844385,-0.5000000000000004
219,-9.3,0,0,0,0,0,0,1,0.43388373911755823,-0.900968867902419,-0.9659258262890683,-0.25881904510252063
352,-10.4,0,0,0,0,0,0,1,0.43388373911755823,-0.900968867902419,-1.0,-1.8369701987210297e-16
251,-10.9,0,0,0,0,0,0,1,0.43388373911755823,-0.900968867902419,-0.9659258262890684,0.2588190451025203
177,-11.6,0,0,0,0,0,0,1,0.43388373911755823,-0.900968867902419,-0.8660254037844386,0.5000000000000001
162,-12.4,0,0,0,0,0,0,1,0.43388373911755823,-0.900968867902419,-0.7071067811865477,0.7071067811865474
172,-12.9,0,0,0,0,0,0,1,0.43388373911755823,-0.900968867902419,-0.5000000000000004,0.8660254037844384
119,-13.2,0,0,0,0,0,0,1,0.43388373911755823,-0.900968867902419,-0.25881904510252157,0.9659258262890681
105,-13.6,0,0,0,0,0,0,1,-0.433883739117558,-0.9009688679024191,0.0,1.0
99,-13.7,0,0,0,0,0,0,1,-0.433883739117558,-0.9009688679024191,0.25881904510252074,0.9659258262890683
83,-13.8,0,0,0,0,0,0,1,-0.433883739117558,-0.9009688679024191,0.49999999999999994,0.8660254037844387
42,-14.1,0,0,0,0,0,0,1,-0.433883739117558,-0.9009688679024191,0.7071067811865476,0.7071067811865476
30,-14.3,0,0,0,0,0,0,1,-0.433883739117558,-0.9009688679024191,0.8660254037844386,0.5000000000000001
35,-14.6,0,0,0,0,0,0,1,-0.433883739117558,-0.9009688679024191,0.9659258262890683,0.25881904510252074
92,-14.9,0,0,0,0,0,0,1,-0.433883739117558,-0.9009688679024191,1.0,6.123233995736766e-17
189,-15.1,0,0,0,0,0,0,1,-0.433883739117558,-0.9009688679024191,0.9659258262890683,-0.25881904510252063
419,-15.1,0,0,0,0,0,0,1,-0.433883739117558,-0.9009688679024191,0.8660254037844387,-0.4999999999999998
196,-14.9,0,0,0,0,0,0,1,-0.433883739117558,-0.9009688679024191,0.7071067811865476,-0.7071067811865475
119,-13.0,0,0,0,0,0,0,1,-0.433883739117558,-0.9009688679024191,0.49999999999999994,-0.8660254037844387
140,-11.2,0,0,0,0,0,1,0,-0.433883739117558,-0.9009688679024191,0.258819045102521,-0.9659258262890682
178,-9.6,0,0,0,0,0,1,0,-0.433883739117558,-0.9009688679024191,1.2246467991473532e-16,-1.0
177,-8.2,0,0,0,0,0,1,0,-0.433883739117558,-0.9009688679024191,-0.2588190451025208,-0.9659258262890683
173,-7.2,0,0,0,0,0,1,0,-0.433883739117558,-0.9009688679024191,-0.4999999999999997,-0.8660254037844388
177,-6.5,0,0,0,0,0,1,0,-0.433883739117558,-0.9009688679024191,-0.7071067811865471,-0.7071067811865479
196,-5.8,0,0,0,0,0,0,1,-0.433883739117558,-0.9009688679024191,-0.8660254037844385,-0.5000000000000004
259,-6.5,0,0,0,0,0,0,1,-0.433883739117558,-0.9009688679024191,-0.9659258262890683,-0.25881904510252063
405,-7.5,0,0,0,0,0,0,1,-0.433883739117558,-0.9009688679024191,-1.0,-1.8369701987210297e-16
273,-8.2,0,0,0,0,0,0,1,-0.433883739117558,-0.9009688679024191,-0.9659258262890684,0.2588190451025203
210,-7.9,0,0,0,0,0,0,1,-0.433883739117558,-0.9009688679024191,-0.8660254037844386,0.5000000000000001
184,-7.4,0,0,0,0,0,0,1,-0.433883739117558,-0.9009688679024191,-0.7071067811865477,0.7071067811865474
186,-6.9,0,0,0,0,0,0,1,-0.433883739117558,-0.9009688679024191,-0.5000000000000004,0.8660254037844384
144,-6.7,0,0,0,0,0,0,1,-0.433883739117558,-0.9009688679024191,-0.25881904510252157,0.9659258262890681
152,-6.6,0,0,0,0,0,0,1,-0.9749279121818236,-0.2225209339563146,0.0,1.0
168,-6.5,0,0,0,0,0,0,1,-0.9749279121818236,-0.2225209339563146,0.25881904510252074,0.9659258262890683
145,-6.4,0,0,0,0,0,0,1,-0.9749279121818236,-0.2225209339563146,0.49999999999999994,0.8660254037844387
77,-6.5,0,0,0,0,0,0,1,-0.9749279121818236,-0.2225209339563146,0.7071067811865476,0.7071067811865476
47,-6.4,0,0,0,0,0,0,1,-0.9749279121818236,-0.2225209339563146,0.8660254037844386,0.5000000000000001
40,-6.3,0,0,0,0,0,0,1,-0.9749279121818236,-0.2225209339563146,0.9659258262890683,0.25881904510252074
42,-6.4,0,0,0,0,0,0,1,-0.9749279121818236,-0.2225209339563146,1.0,6.123233995736766e-17
43,-6.5,0,0,0,0,0,0,1,-0.9749279121818236,-0.2225209339563146,0.9659258262890683,-0.25881904510252063
67,-6.5,0,0,0,0,1,0,0,-0.9749279121818236,-0.2225209339563146,0.8660254037844387,-0.4999999999999998
102,-6.3,0,0,0,0,1,0,0,-0.9749279121818236,-0.2225209339563146,0.7071067811865476,-0.7071067811865475
106,-5.5,0,0,0,0,1,0,0,-0.9749279121818236,-0.2225209339563146,0.49999999999999994,-0.8660254037844387
133,-4.8,0,0,0,0,1,0,0,-0.9749279121818236,-0.2225209339563146,0.258819045102521,-0.9659258262890682
174,-3.7,0,0,0,0,1,0,0,-0.9749279121818236,-0.2225209339563146,1.2246467991473532e-16,-1.0
212,-2.5,0,0,0,0,0,0,1,-0.9749279121818236,-0.2225209339563146,-0.2588190451025208,-0.9659258262890683
215,-1.8,0,0,0,0,0,0,1,-0.9749279121818236,-0.2225209339563146,-0.4999999999999997,-0.8660254037844388
251,-1.5,0,0,0,0,0,0,1,-0.9749279121818236,-0.2225209339563146,-0.7071067811865471,-0.7071067811865479
249,-1.2,0,0,0,0,0,0,1,-0.9749279121818236,-0.2225209339563146,-0.8660254037844385,-0.5000000000000004
277,-1.4,0,0,0,0,0,0,1,-0.9749279121818236,-0.2225209339563146,-0.9659258262890683,-0.25881904510252063
223,-2.6,0,0,0,0,0,0,1,-0.9749279121818236,-0.2225209339563146,-1.0,-1.8369701987210297e-16
167,-3.3,0,0,0,0,0,0,1,-0.9749279121818236,-0.2225209339563146,-0.9659258262890684,0.2588190451025203
158,-3.9,0,0,0,0,0,0,1,-0.9749279121818236,-0.2225209339563146,-0.8660254037844386,0.5000000000000001
156,-4.1,0,0,0,0,0,0,1,-0.9749279121818236,-0.2225209339563146,-0.7071067811865477,0.7071067811865474
168,-4.3,0,0,0,0,1,0,0,-0.9749279121818236,-0.2225209339563146,-0.5000000000000004,0.8660254037844384
131,-4.4,0,0,0,0,1,0,0,-0.9749279121818236,-0.2225209339563146,-0.25881904510252157,0.9659258262890681
149,-4.4,0,0,0,0,1,0,0,-0.7818314824680299,0.6234898018587334,0.0,1.0
150,-3.7,0,0,0,0,1,0,0,-0.7818314824680299,0.6234898018587334,0.25881904510252074,0.9659258262890683
111,-3.5,0,0,0,0,1,0,0,-0.7818314824680299,0.6234898018587334,0.49999999999999994,0.8660254037844387
79,-3.6,0,0,0,0,1,0,0,-0.7818314824680299,0.6234898018587334,0.7071067811865476,0.7071067811865476
48,-4.0,0,0,0,0,1,0,0,-0.7818314824680299,0.6234898018587334,0.8660254037844386,0.5000000000000001
29,-4.2,0,0,0,0,1,0,0,-0.7818314824680299,0.6234898018587334,0.9659258262890683,0.25881904510252074
49,-4.3,0,0,0,0,1,0,0,-0.7818314824680299,0.6234898018587334,1.0,6.123233995736766e-17
59,-4.4,0,0,0,0,1,0,0,-0.7818314824680299,0.6234898018587334,0.9659258262890683,-0.25881904510252063
81,-3.8,0,0,0,0,1,0,0,-0.7818314824680299,0.6234898018587334,0.8660254037844387,-0.4999999999999998
118,-3.4,0,0,0,0,1,0,0,-0.7818314824680299,0.6234898018587334,0.7071067811865476,-0.7071067811865475
134,-2.1,0,0,0,0,1,0,0,-0.7818314824680299,0.6234898018587334,0.49999999999999994,-0.8660254037844387
174,-0.5,0,0,0,0,0,0,1,-0.7818314824680299,0.6234898018587334,0.258819045102521,-0.9659258262890682
226,1.2,0,0,0,0,0,0,1,-0.7818314824680299,0.6234898018587334,1.2246467991473532e-16,-1.0
272,3.0,0,0,0,0,0,0,1,-0.7818314824680299,0.6234898018587334,-0.2588190451025208,-0.9659258262890683
304,3.7,0,0,0,0,0,0,1,-0.7818314824680299,0.6234898018587334,-0.4999999999999997,-0.8660254037844388
353,4.6,0,0,0,0,0,0,1,-0.7818314824680299,0.6234898018587334,-0.7071067811865471,-0.7071067811865479
366,5.3,0,0,0,0,0,0,1,-0.7818314824680299,0.6234898018587334,-0.8660254037844385,-0.5000000000000004
302,4.5,0,0,0,0,0,0,1,-0.7818314824680299,0.6234898018587334,-0.9659258262890683,-0.25881904510252063
250,4.1,0,0,0,0,0,0,1,-0.7818314824680299,0.6234898018587334,-1.0,-1.8369701987210297e-16
208,3.9,0,0,0,0,0,0,1,-0.7818314824680299,0.6234898018587334,-0.9659258262890684,0.2588190451025203
210,3.5,0,0,0,0,0,0,1,-0.7818314824680299,0.6234898018587334,-0.8660254037844386,0.5000000000000001
213,3.1,0,0,0,0,0,0,1,-0.7818314824680299,0.6234898018587334,-0.7071067811865477,0.7071067811865474
196,2.8,0,0,0,0,0,0,1,-0.7818314824680299,0.6234898018587334,-0.5000000000000004,0.8660254037844384
144,2.7,0,0,0,0,0,0,1,-0.7818314824680299,0.6234898018587334,-0.25881904510252157,0.9659258262890681
171,3.0,0,0,0,0,0,0,1,0.0,1.0,0.0,1.0
122,3.0,0,0,0,0,0,0,1,0.0,1.0,0.25881904510252074,0.9659258262890683
74,3.6,0,0,0,0,0,0,1,0.0,1.0,0.49999999999999994,0.8660254037844387
58,4.4,0,0,0,0,0,0,1,0.0,1.0,0.7071067811865476,0.7071067811865476
38,4.9,0,0,0,0,0,0,1,0.0,1.0,0.8660254037844386,0.5000000000000001
55,5.0,0,0,0,0,0,0,1,0.0,1.0,0.9659258262890683,0.25881904510252074
82,4.9,0,0,0,0,0,0,1,0.0,1.0,1.0,6.123233995736766e-17
209,4.4,0,0,0,0,1,0,0,0.0,1.0,0.9659258262890683,-0.25881904510252063
444,4.1,0,0,0,0,1,0,0,0.0,1.0,0.8660254037844387,-0.4999999999999998
303,3.9,0,0,0,0,1,0,0,0.0,1.0,0.7071067811865476,-0.7071067811865475
212,4.2,0,0,0,0,0,0,1,0.0,1.0,0.49999999999999994,-0.8660254037844387
254,4.7,0,0,0,0,0,0,1,0.0,1.0,0.258819045102521,-0.9659258262890682
311,6.2,0,0,0,0,0,0,1,0.0,1.0,1.2246467991473532e-16,-1.0
309,6.1,0,0,0,0,0,0,1,0.0,1.0,-0.2588190451025208,-0.9659258262890683
306,7.1,0,0,0,0,0,0,1,0.0,1.0,-0.4999999999999997,-0.8660254037844388
349,7.4,0,0,0,0,0,0,1,0.0,1.0,-0.7071067811865471,-0.7071067811865479
365,7.5,0,0,0,0,0,0,1,0.0,1.0,-0.8660254037844385,-0.5000000000000004
455,6.5,0,0,0,0,0,0,1,0.0,1.0,-0.9659258262890683,-0.25881904510252063
555,5.2,0,0,0,0,0,0,1,0.0,1.0,-1.0,-1.8369701987210297e-16
444,4.4,0,0,0,0,0,0,1,0.0,1.0,-0.9659258262890684,0.2588190451025203
321,3.7,0,0,0,0,1,0,0,0.0,1.0,-0.8660254037844386,0.5000000000000001
334,3.4,0,0,0,0,1,0,0,0.0,1.0,-0.7071067811865477,0.7071067811865474
333,3.0,0,0,0,0,1,0,0,0.0,1.0,-0.5000000000000004,0.8660254037844384
230,2.4,0,0,0,0,1,0,0,0.0,1.0,-0.25881904510252157,0.9659258262890681
212,1.8,0,0,0,0,1,0,0,0.7818314824680298,0.6234898018587336,0.0,1.0
207,1.2,0,0,0,0,1,0,0,0.7818314824680298,0.6234898018587336,0.25881904510252074,0.9659258262890683
141,0.5,0,0,0,0,1,0,0,0.7818314824680298,0.6234898018587336,0.49999999999999994,0.8660254037844387
81,0.3,0,0,0,0,1,0,0,0.7818314824680298,0.6234898018587336,0.7071067811865476,0.7071067811865476
51,0.8,0,0,0,0,0,0,1,0.7818314824680298,0.6234898018587336,0.8660254037844386,0.5000000000000001
58,1.1,0,0,0,0,0,0,1,0.7818314824680298,0.6234898018587336,0.9659258262890683,0.25881904510252074
140,1.2,0,0,0,0,1,0,0,0.7818314824680298,0.6234898018587336,1.0,6.123233995736766e-17
318,1.1,0,0,0,0,1,0,0,0.7818314824680298,0.6234898018587336,0.9659258262890683,-0.25881904510252063
650,1.2,0,0,0,0,1,0,0,0.7818314824680298,0.6234898018587336,0.8660254037844387,-0.4999999999999998
376,1.9,0,0,0,0,1,0,0,0.7818314824680298,0.6234898018587336,0.7071067811865476,-0.7071067811865475
221,2.7,0,0,0,0,1,0,0,0.7818314824680298,0.6234898018587336,0.49999999999999994,-0.8660254037844387
256,3.9,0,0,0,0,1,0,0,0.7818314824680298,0.6234898018587336,0.258819045102521,-0.9659258262890682
276,5.2,0,0,0,0,1,0,0,0.7818314824680298,0.6234898018587336,1.2246467991473532e-16,-1.0
296,5.8,0,0,0,0,1,0,0,0.7818314824680298,0.6234898018587336,-0.2588190451025208,-0.9659258262890683
276,6.5,0,0,0,0,1,0,0,0.7818314824680298,0.6234898018587336,-0.4999999999999997,-0.8660254037844388
250,6.3,0,0,0,0,1,0,0,0.7818314824680298,0.6234898018587336,-0.7071067811865471,-0.7071067811865479
277,5.8,0,0,0,0,0,0,1,0.7818314824680298,0.6234898018587336,-0.8660254037844385,-0.5000000000000004
381,5.2,0,0,0,0,1,0,0,0.7818314824680298,0.6234898018587336,-0.9659258262890683,-0.25881904510252063
592,4.9,0,0,0,0,1,0,0,0.7818314824680298,0.6234898018587336,-1.0,-1.8369701987210297e-16
409,4.6,0,0,0,0,1,0,0,0.7818314824680298,0.6234898018587336,-0.9659258262890684,0.2588190451025203
332,4.5,0,0,0,0,1,0,0,0.7818314824680298,0.6234898018587336,-0.8660254037844386,0.5000000000000001
342,4.3,0,0,0,0,1,0,0,0.7818314824680298,0.6234898018587336,-0.7071067811865477,0.7071067811865474
321,4.0,0,0,0,0,1,0,0,0.7818314824680298,0.6234898018587336,-0.5000000000000004,0.8660254037844384
242,3.9,0,0,0,0,1,0,0,0.7818314824680298,0.6234898018587336,-0.25881904510252157,0.9659258262890681
204,3.5,0,0,0,0,1,0,0,0.9749279121818236,-0.22252093395631434,0.0,1.0
183,3.3,0,0,0,0,1,0,0,0.9749279121818236,-0.22252093395631434,0.25881904510252074,0.9659258262890683
140,3.1,0,0,0,0,1,0,0,0.9749279121818236,-0.22252093395631434,0.49999999999999994,0.8660254037844387
75,3.0,0,0,0,0,1,0,0,0.9749279121818236,-0.22252093395631434,0.7071067811865476,0.7071067811865476
55,3.0,0,0,0,0,1,0,0,0.9749279121818236,-0.22252093395631434,0.8660254037844386,0.5000000000000001
72,2.9,0,0,0,0,1,0,0,0.9749279121818236,-0.22252093395631434,0.9659258262890683,0.25881904510252074
115,2.7,0,0,0,0,1,0,0,0.9749279121818236,-0.22252093395631434,1.0,6.123233995736766e-17
272,2.5,0,0,0,0,1,0,0,0.9749279121818236,-0.22252093395631434,0.9659258262890683,-0.25881904510252063
537,2.6,0,0,0,0,1,0,0,0.9749279121818236,-0.22252093395631434,0.8660254037844387,-0.4999999999999998
337,3.0,0,0,0,0,1,0,0,0.9749279121818236,-0.22252093395631434,0.7071067811865476,-0.7071067811865475
212,4.3,0,0,0,0,1,0,0,0.9749279121818236,-0.22252093395631434,0.49999999999999994,-0.8660254037844387
270,6.0,0,0,0,0,1,0,0,0.9749279121818236,-0.22252093395631434,0.258819045102521,-0.9659258262890682
310,8.1,0,0,0,0,1,0,0,0.9749279121818236,-0.22252093395631434,1.2246467991473532e-16,-1.0
273,8.0,0,0,0,0,1,0,0,0.9749279121818236,-0.22252093395631434,-0.2588190451025208,-0.9659258262890683
258,7.7,0,0,0,0,1,0,0,0.9749279121818236,-0.22252093395631434,-0.4999999999999997,-0.8660254037844388
278,8.5,0,0,0,0,1,0,0,0.9749279121818236,-0.22252093395631434,-0.7071067811865471,-0.7071067811865479
314,8.3,0,0,0,0,1,0,0,0.9749279121818236,-0.22252093395631434,-0.8660254037844385,-0.5000000000000004
380,7.2,0,0,0,0,1,0,0,0.9749279121818236,-0.22252093395631434,-0.9659258262890683,-0.25881904510252063
501,5.2,0,0,0,0,0,0,1,0.9749279121818236,-0.22252093395631434,-1.0,-1.8369701987210297e-16
360,4.2,0,0,0,0,1,0,0,0.9749279121818236,-0.22252093395631434,-0.9659258262890684,0.2588190451025203
286,3.5,0,0,0,0,1,0,0,0.9749279121818236,-0.22252093395631434,-0.8660254037844386,0.5000000000000001
320,3.1,0,0,0,0,1,0,0,0.9749279121818236,-0.22252093395631434,-0.7071067811865477,0.7071067811865474
313,2.8,0,0,0,0,1,0,0,0.9749279121818236,-0.22252093395631434,-0.5000000000000004,0.8660254037844384
227,2.7,0,0,0,0,1,0,0,0.9749279121818236,-0.22252093395631434,-0.25881904510252157,0.9659258262890681
215,2.7,0,0,0,0,1,0,0,0.43388373911755823,-0.900968867902419,0.0,1.0
190,3.2,0,0,0,0,1,0,0,0.43388373911755823,-0.900968867902419,0.25881904510252074,0.9659258262890683
137,3.3,0,0,0,0,1,0,0,0.43388373911755823,-0.900968867902419,0.49999999999999994,0.8660254037844387
95,3.6,0,0,0,0,1,0,0,0.43388373911755823,-0.900968867902419,0.7071067811865476,0.7071067811865476
50,3.3,0,0,0,0,1,0,0,0.43388373911755823,-0.900968867902419,0.8660254037844386,0.5000000000000001
68,2.6,0,0,0,0,1,0,0,0.43388373911755823,-0.900968867902419,0.9659258262890683,0.25881904510252074
107,2.2,0,0,0,0,1,0,0,0.43388373911755823,-0.900968867902419,1.0,6.123233995736766e-17
279,1.5,0,0,0,0,1,0,0,0.43388373911755823,-0.900968867902419,0.9659258262890683,-0.25881904510252063
537,1.1,0,0,0,0,1,0,0,0.43388373911755823,-0.900968867902419,0.8660254037844387,-0.4999999999999998
305,1.2,0,0,0,0,1,0,0,0.43388373911755823,-0.900968867902419,0.7071067811865476,-0.7071067811865475
188,1.4,0,0,0,0,1,0,0,0.43388373911755823,-0.900968867902419,0.49999999999999994,-0.8660254037844387
261,1.8,0,0,0,0,1,0,0,0.43388373911755823,-0.900968867902419,0.258819045102521,-0.9659258262890682
267,2.5,0,0,0,0,1,0,0,0.43388373911755823,-0.900968867902419,1.2246467991473532e-16,-1.0
307,3.5,0,0,0,0,1,0,0,0.43388373911755823,-0.900968867902419,-0.2588190451025208,-0.9659258262890683
301,4.4,0,0,0,0,0,0,1,0.43388373911755823,-0.900968867902419,-0.4999999999999997,-0.8660254037844388
269,4.2,0,0,0,0,0,0,1,0.43388373911755823,-0.900968867902419,-0.7071067811865471,-0.7071067811865479
328,3.6,0,0,0,0,0,0,1,0.43388373911755823,-0.900968867902419,-0.8660254037844385,-0.5000000000000004
416,2.8,0,0,0,0,0,0,1,0.43388373911755823,-0.900968867902419,-0.9659258262890683,-0.25881904510252063
506,2.0,0,0,0,0,0,0,1,0.43388373911755823,-0.900968867902419,-1.0,-1.8369701987210297e-16
365,1.5,0,0,0,0,0,0,1,0.43388373911755823,-0.900968867902419,-0.9659258262890684,0.2588190451025203
303,1.1,0,0,0,0,0,0,1,0.43388373911755823,-0.900968867902419,-0.8660254037844386,0.5000000000000001
339,0.8,0,0,0,0,0,0,1,0.43388373911755823,-0.900968867902419,-0.7071067811865477,0.7071067811865474
318,0.7,0,0,0,0,0,0,1,0.43388373911755823,-0.900968867902419,-0.5000000000000004,0.8660254037844384
232,0.6,0,0,0,0,0,0,1,0.43388373911755823,-0.900968867902419,-0.25881904510252157,0.9659258262890681
211,0.3,0,0,0,0,0,0,1,-0.433883739117558,-0.9009688679024191,0.0,1.0
207,0.0,0,0,0,0,0,0,1,-0.433883739117558,-0.9009688679024191,0.25881904510252074,0.9659258262890683
140,-0.3,0,0,0,0,0,0,1,-0.433883739117558,-0.9009688679024191,0.49999999999999994,0.8660254037844387
93,-0.6,0,0,0,0,0,0,1,-0.433883739117558,-0.9009688679024191,0.7071067811865476,0.7071067811865476
58,-0.7,0,0,0,0,0,0,1,-0.433883739117558,-0.9009688679024191,0.8660254037844386,0.5000000000000001
61,-1.4,0,0,0,0,0,0,1,-0.433883739117558,-0.9009688679024191,0.9659258262890683,0.25881904510252074
151,-1.8,0,0,0,0,0,0,1,-0.433883739117558,-0.9009688679024191,1.0,6.123233995736766e-17
334,-2.0,0,0,0,0,0,0,1,-0.433883739117558,-0.9009688679024191,0.9659258262890683,-0.25881904510252063
648,-2.5,0,0,0,0,0,0,1,-0.433883739117558,-0.9009688679024191,0.8660254037844387,-0.4999999999999998
387,-2.1,0,0,0,0,0,0,1,-0.433883739117558,-0.9009688679024191,0.7071067811865476,-0.7071067811865475
255,0.0,0,0,0,0,0,0,1,-0.433883739117558,-0.9009688679024191,0.49999999999999994,-0.8660254037844387
283,2.2,0,0,0,0,0,0,1,-0.433883739117558,-0.9009688679024191,0.258819045102521,-0.9659258262890682
341,4.3,0,0,0,0,0,1,0,-0.433883739117558,-0.9009688679024191,1.2246467991473532e-16,-1.0
341,4.7,0,0,0,0,0,0,1,-0.433883739117558,-0.9009688679024191,-0.2588190451025208,-0.9659258262890683
349,4.7,0,0,0,0,0,0,1,-0.433883739117558,-0.9009688679024191,-0.4999999999999997,-0.8660254037844388
381,5.4,0,0,0,0,0,1,0,-0.433883739117558,-0.9009688679024191,-0.7071067811865471,-0.7071067811865479
390,4.9,0,0,0,0,0,0,1,-0.433883739117558,-0.9009688679024191,-0.8660254037844385,-0.5000000000000004
468,4.1,0,0,0,0,0,0,1,-0.433883739117558,-0.9009688679024191,-0.9659258262890683,-0.25881904510252063
702,2.9,0,0,0,0,0,0,1,-0.433883739117558,-0.9009688679024191,-1.0,-1.8369701987210297e-16
471,2.0,0,0,0,0,0,0,1,-0.433883739117558,-0.9009688679024191,-0.9659258262890684,0.2588190451025203
342,1.2,0,0,0,0,0,0,1,-0.433883739117558,-0.9009688679024191,-0.8660254037844386,0.5000000000000001
331,0.5,0,0,0,0,0,0,1,-0.433883739117558,-0.9009688679024191,-0.7071067811865477,0.7071067811865474
292,0.0,0,0,0,0,0,0,1,-0.433883739117558,-0.9009688679024191,-0.5000000000000004,0.8660254037844384
236,-0.5,0,0,0,0,0,0,1,-0.433883739117558,-0.9009688679024191,-0.25881904510252157,0.9659258262890681
228,-0.6,0,0,0,0,0,0,1,-0.9749279121818236,-0.2225209339563146,0.0,1.0
258,-0.9,0,0,0,0,0,0,1,-0.9749279121818236,-0.2225209339563146,0.25881904510252074,0.9659258262890683
216,-0.9,0,0,0,0,0,0,1,-0.9749279121818236,-0.2225209339563146,0.49999999999999994,0.8660254037844387
118,-0.9,0,0,0,0,0,0,1,-0.9749279121818236,-0.2225209339563146,0.7071067811865476,0.7071067811865476
89,-0.7,0,0,0,0,0,0,1,-0.9749279121818236,-0.2225209339563146,0.8660254037844386,0.5000000000000001
56,-0.3,0,0,0,0,0,0,1,-0.9749279121818236,-0.2225209339563146,0.9659258262890683,0.25881904510252074
50,-0.1,0,0,0,0,0,0,1,-0.9749279121818236,-0.2225209339563146,1.0,6.123233995736766e-17
101,0.2,0,0,0,0,0,0,1,-0.9749279121818236,-0.2225209339563146,0.9659258262890683,-0.25881904510252063
191,0.3,0,0,0,0,0,0,1,-0.9749279121818236,-0.2225209339563146,0.8660254037844387,-0.4999999999999998
234,0.9,0,0,0,0,0,0,1,-0.9749279121818236,-0.2225209339563146,0.7071067811865476,-0.7071067811865475
259,2.1,0,0,0,0,0,0,1,-0.9749279121818236,-0.2225209339563146,0.49999999999999994,-0.8660254037844387
285,3.7,0,0,0,0,0,0,1,-0.9749279121818236,-0.2225209339563146,0.258819045102521,-0.9659258262890682
325,5.3,0,0,0,0,0,0,1,-0.9749279121818236,-0.2225209339563146,1.2246467991473532e-16,-1.0
356,6.3,0,0,0,0,0,0,1,-0.9749279121818236,-0.2225209339563146,-0.2588190451025208,-0.9659258262890683
334,5.9,0,0,0,0,0,0,1,-0.9749279121818236,-0.2225209339563146,-0.4999999999999997,-0.8660254037844388
406,6.3,0,0,0,0,1,0,0,-0.9749279121818236,-0.2225209339563146,-0.7071067811865471,-0.7071067811865479
352,6.6,0,0,0,0,1,0,0,-0.9749279121818236,-0.2225209339563146,-0.8660254037844385,-0.5000000000000004
377,5.7,0,0,0,0,1,0,0,-0.9749279121818236,-0.2225209339563146,-0.9659258262890683,-0.25881904510252063
283,4.6,0,0,0,0,1,0,0,-0.9749279121818236,-0.2225209339563146,-1.0,-1.8369701987210297e-16
223,3.5,0,0,0,0,1,0,0,-0.9749279121818236,-0.2225209339563146,-0.9659258262890684,0.2588190451025203
219,2.9,0,0,0,0,1,0,0,-0.9749279121818236,-0.2225209339563146,-0.8660254037844386,0.5000000000000001
220,2.1,0,0,0,0,1,0,0,-0.9749279121818236,-0.2225209339563146,-0.7071067811865477,0.7071067811865474
232,1.5,0,0,0,0,1,0,0,-0.9749279121818236,-0.2225209339563146,-0.5000000000000004,0.8660254037844384
164,0.8,0,0,0,0,1,0,0,-0.9749279121818236,-0.2225209339563146,-0.25881904510252157,0.9659258262890681
196,-0.3,0,0,0,0,1,0,0,-0.7818314824680299,0.6234898018587334,0.0,1.0
177,-0.8,0,0,0,0,1,0,0,-0.7818314824680299,0.6234898018587334,0.25881904510252074,0.9659258262890683
107,-1.5,0,0,0,0,1,0,0,-0.7818314824680299,0.6234898018587334,0.49999999999999994,0.8660254037844387
107,-2.0,0,0,0,0,1,0,0,-0.7818314824680299,0.6234898018587334,0.7071067811865476,0.7071067811865476
73,-2.3,0,0,0,0,0,0,1,-0.7818314824680299,0.6234898018587334,0.8660254037844386,0.5000000000000001
32,-2.6,0,0,0,0,0,0,1,-0.7818314824680299,0.6234898018587334,0.9659258262890683,0.25881904510252074
36,-3.1,0,0,0,0,0,0,1,-0.7818314824680299,0.6234898018587334,1.0,6.123233995736766e-17
61,-3.2,0,0,0,0,0,0,1,-0.7818314824680299,0.6234898018587334,0.9659258262890683,-0.25881904510252063
115,-3.6,0,0,0,0,0,0,1,-0.7818314824680299,0.6234898018587334,0.8660254037844387,-0.4999999999999998
152,-3.2,0,0,0,0,0,0,1,-0.7818314824680299,0.6234898018587334,0.7071067811865476,-0.7071067811865475
189,-1.3,0,0,0,0,0,0,1,-0.7818314824680299,0.6234898018587334,0.49999999999999994,-0.8660254037844387
216,1.9,0,0,0,0,0,0,1,-0.7818314824680299,0.6234898018587334,0.258819045102521,-0.9659258262890682
271,3.9,0,0,0,0,0,0,1,-0.7818314824680299,0.6234898018587334,1.2246467991473532e-16,-1.0
343,4.9,0,0,0,0,0,0,1,-0.7818314824680299,0.6234898018587334,-0.2588190451025208,-0.9659258262890683
340,5.4,0,0,0,0,0,1,0,-0.7818314824680299,0.6234898018587334,-0.4999999999999997,-0.8660254037844388
389,5.4,0,0,0,0,0,0,1,-0.7818314824680299,0.6234898018587334,-0.7071067811865471,-0.7071067811865479
396,4.7,0,0,0,0,0,0,1,-0.7818314824680299,0.6234898018587334,-0.8660254037844385,-0.5000000000000004
383,3.8,0,0,0,0,0,0,1,-0.7818314824680299,0.6234898018587334,-0.9659258262890683,-0.25881904510252063
295,2.5,0,0,0,0,0,0,1,-0.7818314824680299,0.6234898018587334,-1.0,-1.8369701987210297e-16
223,1.3,0,0,0,0,0,0,1,-0.7818314824680299,0.6234898018587334,-0.9659258262890684,0.2588190451025203
258,0.3,0,0,0,0,0,0,1,-0.7818314824680299,0.6234898018587334,-0.8660254037844386,0.5000000000000001
237,-0.1,0,0,0,0,0,0,1,-0.7818314824680299,0.6234898018587334,-0.7071067811865477,0.7071067811865474
207,-0.3,0,0,0,0,0,0,1,-0.7818314824680299,0.6234898018587334,-0.5000000000000004,0.8660254037844384
170,-0.4,0,0,0,0,0,0,1,-0.7818314824680299,0.6234898018587334,-0.25881904510252157,0.9659258262890681
171,-0.2,0,0,0,0,0,0,1,0.0,1.0,0.0,1.0
97,-0.2,0,0,0,0,0,0,1,0.0,1.0,0.25881904510252074,0.9659258262890683
73,-0.2,0,0,0,0,0,0,1,0.0,1.0,0.49999999999999994,0.8660254037844387
53,-0.3,0,0,0,0,0,0,1,0.0,1.0,0.7071067811865476,0.7071067811865476
31,0.0,0,0,0,0,0,0,1,0.0,1.0,0.8660254037844386,0.5000000000000001
60,0.0,0,0,0,0,0,0,1,0.0,1.0,0.9659258262890683,0.25881904510252074
165,0.0,0,0,0,0,0,0,1,0.0,1.0,1.0,6.123233995736766e-17
316,-0.4,0,0,0,0,0,0,1,0.0,1.0,0.9659258262890683,-0.25881904510252063
683,-0.7,0,0,0,0,0,0,1,0.0,1.0,0.8660254037844387,-0.4999999999999998
365,0.1,0,0,0,0,0,0,1,0.0,1.0,0.7071067811865476,-0.7071067811865475
221,1.1,0,0,0,0,0,0,1,0.0,1.0,0.49999999999999994,-0.8660254037844387
277,2.4,0,0,0,0,0,0,1,0.0,1.0,0.258819045102521,-0.9659258262890682
323,3.9,0,0,0,0,0,0,1,0.0,1.0,1.2246467991473532e-16,-1.0
281,3.9,0,0,0,0,0,0,1,0.0,1.0,-0.2588190451025208,-0.9659258262890683
249,3.3,0,0,0,0,0,0,1,0.0,1.0,-0.4999999999999997,-0.8660254037844388
63,3.6,0,0,0,0,0,0,1,0.0,1.0,-0.7071067811865471,-0.7071067811865479
18,2.0,0,0,0,0,1,0,0,0.0,1.0,-0.8660254037844385,-0.5000000000000004
43,1.3,0,0,0,0,1,0,0,0.0,1.0,-0.9659258262890683,-0.25881904510252063
170,1.1,0,0,0,0,1,0,0,0.0,1.0,-1.0,-1.8369701987210297e-16
167,-0.1,0,0,0,0,1,0,0,0.0,1.0,-0.9659258262890684,0.2588190451025203
181,-0.8,0,0,0,0,1,0,0,0.0,1.0,-0.8660254037844386,0.5000000000000001
187,-1.8,0,0,0,0,1,0,0,0.0,1.0,-0.7071067811865477,0.7071067811865474
170,-3.2,0,0,0,0,1,0,0,0.0,1.0,-0.5000000000000004,0.8660254037844384
139,-4.2,0,0,0,0,1,0,0,0.0,1.0,-0.25881904510252157,0.9659258262890681
96,-5.3,0,0,0,0,1,0,0,0.7818314824680298,0.6234898018587336,0.0,1.0
120,-6.0,0,0,0,0,1,0,0,0.7818314824680298,0.6234898018587336,0.25881904510252074,0.9659258262890683
75,-7.5,0,0,0,0,1,0,0,0.7818314824680298,0.6234898018587336,0.49999999999999994,0.8660254037844387
55,-8.6,0,0,0,0,1,0,0,0.7818314824680298,0.6234898018587336,0.7071067811865476,0.7071067811865476
45,-9.5,0,0,0,0,1,0,0,0.7818314824680298,0.6234898018587336,0.8660254037844386,0.5000000000000001
44,-10.5,0,0,0,0,1,0,0,0.7818314824680298,0.6234898018587336,0.9659258262890683,0.25881904510252074
84,-11.5,0,0,0,0,1,0,0,0.7818314824680298,0.6234898018587336,1.0,6.123233995736766e-17
211,-12.5,0,0,0,0,1,0,0,0.7818314824680298,0.6234898018587336,0.9659258262890683,-0.25881904510252063
423,-13.0,0,0,0,0,1,0,0,0.7818314824680298,0.6234898018587336,0.8660254037844387,-0.4999999999999998
228,-13.3,0,0,0,0,1,0,0,0.7818314824680298,0.6234898018587336,0.7071067811865476,-0.7071067811865475
132,-12.1,0,0,0,0,1,0,0,0.7818314824680298,0.6234898018587336,0.49999999999999994,-0.8660254037844387
184,-11.7,0,0,0,0,1,0,0,0.7818314824680298,0.6234898018587336,0.258819045102521,-0.9659258262890682
180,-11.3,0,0,0,0,1,0,0,0.7818314824680298,0.6234898018587336,1.2246467991473532e-16,-1.0
189,-11.0,0,0,0,0,1,0,0,0.7818314824680298,0.6234898018587336,-0.2588190451025208,-0.9659258262890683
169,-10.4,0,0,0,0,1,0,0,0.7818314824680298,0.6234898018587336,-0.4999999999999997,-0.8660254037844388
181,-9.7,0,0,0,0,1,0,0,0.7818314824680298,0.6234898018587336,-0.7071067811865471,-0.7071067811865479
181,-10.1,0,0,0,0,1,0,0,0.7818314824680298,0.6234898018587336,-0.8660254037844385,-0.5000000000000004
239,-10.6,0,0,0,0,1,0,0,0.7818314824680298,0.6234898018587336,-0.9659258262890683,-0.25881904510252063
351,-11.5,0,0,0,0,1,0,0,0.7818314824680298,0.6234898018587336,-1.0,-1.8369701987210297e-16
248,-12.0,0,0,0,0,1,0,0,0.7818314824680298,0.6234898018587336,-0.9659258262890684,0.2588190451025203
178,-12.5,0,0,0,0,1,0,0,0.7818314824680298,0.6234898018587336,-0.8660254037844386,0.5000000000000001
145,-13.2,0,0,0,0,1,0,0,0.7818314824680298,0.6234898018587336,-0.7071067811865477,0.7071067811865474
117,-13.9,0,0,0,0,1,0,0,0.7818314824680298,0.6234898018587336,-0.5000000000000004,0.8660254037844384
106,-14.3,0,0,0,0,1,0,0,0.7818314824680298,0.6234898018587336,-0.25881904510252157,0.9659258262890681
90,-14.6,0,0,0,0,1,0,0,0.9749279121818236,-0.22252093395631434,0.0,1.0
89,-15.0,0,0,0,0,1,0,0,0.9749279121818236,-0.22252093395631434,0.25881904510252074,0.9659258262890683
50,-15.2,0,0,0,0,1,0,0,0.9749279121818236,-0.22252093395631434,0.49999999999999994,0.8660254037844387
32,-15.2,0,0,0,0,1,0,0,0.9749279121818236,-0.22252093395631434,0.7071067811865476,0.7071067811865476
24,-15.4,0,0,0,0,1,0,0,0.9749279121818236,-0.22252093395631434,0.8660254037844386,0.5000000000000001
34,-15.6,0,0,0,0,1,0,0,0.9749279121818236,-0.22252093395631434,0.9659258262890683,0.25881904510252074
71,-15.7,0,0,0,0,1,0,0,0.9749279121818236,-0.22252093395631434,1.0,6.123233995736766e-17
164,-15.9,0,0,0,0,1,0,0,0.9749279121818236,-0.22252093395631434,0.9659258262890683,-0.25881904510252063
364,-16.2,0,0,0,0,1,0,0,0.9749279121818236,-0.22252093395631434,0.8660254037844387,-0.4999999999999998
192,-15.8,0,0,0,0,1,0,0,0.9749279121818236,-0.22252093395631434,0.7071067811865476,-0.7071067811865475
90,-14.5,0,0,0,0,1,0,0,0.9749279121818236,-0.22252093395631434,0.49999999999999994,-0.8660254037844387
124,-13.1,0,0,0,0,1,0,0,0.9749279121818236,-0.22252093395631434,0.258819045102521,-0.9659258262890682
121,-12.2,0,0,0,0,1,0,0,0.9749279121818236,-0.22252093395631434,1.2246467991473532e-16,-1.0
140,-12.0,0,0,0,0,1,0,0,0.9749279121818236,-0.22252093395631434,-0.2588190451025208,-0.9659258262890683
125,-11.1,0,0,0,0,1,0,0,0.9749279121818236,-0.22252093395631434,-0.4999999999999997,-0.8660254037844388
149,-10.8,0,0,0,0,1,0,0,0.9749279121818236,-0.22252093395631434,-0.7071067811865471,-0.7071067811865479
124,-11.2,0,0,0,0,1,0,0,0.9749279121818236,-0.22252093395631434,-0.8660254037844385,-0.5000000000000004
203,-11.8,0,0,0,0,1,0,0,0.9749279121818236,-0.22252093395631434,-0.9659258262890683,-0.25881904510252063
297,-13.0,0,0,0,0,1,0,0,0.9749279121818236,-0.22252093395631434,-1.0,-1.8369701987210297e-16
211,-13.8,0,0,0,0,1,0,0,0.9749279121818236,-0.22252093395631434,-0.9659258262890684,0.2588190451025203
125,-14.3,0,0,0,0,1,0,0,0.9749279121818236,-0.22252093395631434,-0.8660254037844386,0.5000000000000001
132,-14.7,0,0,0,0,1,0,0,0.9749279121818236,-0.22252093395631434,-0.7071067811865477,0.7071067811865474
121,-15.2,0,0,0,0,1,0,0,0.9749279121818236,-0.22252093395631434,-0.5000000000000004,0.8660254037844384
82,-15.7,0,0,0,0,1,0,0,0.9749279121818236,-0.22252093395631434,-0.25881904510252157,0.9659258262890681
78,-15.9,0,0,0,0,1,0,0,0.43388373911755823,-0.900968867902419,0.0,1.0
68,-16.1,0,0,0,0,1,0,0,0.43388373911755823,-0.900968867902419,0.25881904510252074,0.9659258262890683
60,-16.0,0,0,0,0,1,0,0,0.43388373911755823,-0.900968867902419,0.49999999999999994,0.8660254037844387
32,-16.0,0,0,0,0,1,0,0,0.43388373911755823,-0.900968867902419,0.7071067811865476,0.7071067811865476
22,-15.9,0,0,0,0,1,0,0,0.43388373911755823,-0.900968867902419,0.8660254037844386,0.5000000000000001
34,-15.8,0,0,0,0,1,0,0,0.43388373911755823,-0.900968867902419,0.9659258262890683,0.25881904510252074
71,-16.1,0,0,0,0,1,0,0,0.43388373911755823,-0.900968867902419,1.0,6.123233995736766e-17
165,-16.2,0,0,0,0,1,0,0,0.43388373911755823,-0.900968867902419,0.9659258262890683,-0.25881904510252063
349,-16.4,0,0,0,0,1,0,0,0.43388373911755823,-0.900968867902419,0.8660254037844387,-0.4999999999999998
187,-16.2,0,0,0,0,1,0,0,0.43388373911755823,-0.900968867902419,0.7071067811865476,-0.7071067811865475
105,-15.3,0,0,0,0,1,0,0,0.43388373911755823,-0.900968867902419,0.49999999999999994,-0.8660254037844387
122,-13.8,0,0,0,0,1,0,0,0.43388373911755823,-0.900968867902419,0.258819045102521,-0.9659258262890682
142,-12.8,0,0,0,0,1,0,0,0.43388373911755823,-0.900968867902419,1.2246467991473532e-16,-1.0
130,-11.4,0,0,0,0,1,0,0,0.43388373911755823,-0.900968867902419,-0.2588190451025208,-0.9659258262890683
160,-10.4,0,0,0,0,1,0,0,0.43388373911755823,-0.900968867902419,-0.4999999999999997,-0.8660254037844388
130,-9.7,0,0,0,0,1,0,0,0.43388373911755823,-0.900968867902419,-0.7071067811865471,-0.7071067811865479
152,-9.6,0,0,0,0,1,0,0,0.43388373911755823,-0.900968867902419,-0.8660254037844385,-0.5000000000000004
170,-10.9,0,0,0,0,1,0,0,0.43388373911755823,-0.900968867902419,-0.9659258262890683,-0.25881904510252063
288,-11.8,0,0,0,0,1,0,0,0.43388373911755823,-0.900968867902419,-1.0,-1.8369701987210297e-16
178,-12.7,0,0,0,0,1,0,0,0.43388373911755823,-0.900968867902419,-0.9659258262890684,0.2588190451025203
141,-13.5,0,0,0,0,1,0,0,0.43388373911755823,-0.900968867902419,-0.8660254037844386,0.5000000000000001
137,-14.1,0,0,0,0,1,0,0,0.43388373911755823,-0.900968867902419,-0.7071067811865477,0.7071067811865474
113,-14.6,0,0,0,0,1,0,0,0.43388373911755823,-0.900968867902419,-0.5000000000000004,0.8660254037844384
79,-14.9,0,0,0,0,1,0,0,0.43388373911755823,-0.900968867902419,-0.25881904510252157,0.9659258262890681
68,-15.1,0,0,0,0,1,0,0,-0.433883739117558,-0.9009688679024191,0.0,1.0
93,-15.3,0,0,0,0,1,0,0,-0.433883739117558,-0.9009688679024191,0.25881904510252074,0.9659258262890683
54,-15.6,0,0,0,0,1,0,0,-0.433883739117558,-0.9009688679024191,0.49999999999999994,0.8660254037844387
41,-15.9,0,0,0,0,1,0,0,-0.433883739117558,-0.9009688679024191,0.7071067811865476,0.7071067811865476
24,-16.4,0,0,0,0,1,0,0,-0.433883739117558,-0.9009688679024191,0.8660254037844386,0.5000000000000001
36,-16.9,0,0,0,0,1,0,0,-0.433883739117558,-0.9009688679024191,0.9659258262890683,0.25881904510252074
64,-17.4,0,0,0,0,1,0,0,-0.433883739117558,-0.9009688679024191,1.0,6.123233995736766e-17
142,-17.5,0,0,0,0,1,0,0,-0.433883739117558,-0.9009688679024191,0.9659258262890683,-0.25881904510252063
322,-17.8,0,0,0,0,1,0,0,-0.433883739117558,-0.9009688679024191,0.8660254037844387,-0.4999999999999998
149,-17.5,0,0,0,0,1,0,0,-0.433883739117558,-0.9009688679024191,0.7071067811865476,-0.7071067811865475
96,-16.5,0,0,0,0,1,0,0,-0.433883739117558,-0.9009688679024191,0.49999999999999994,-0.8660254037844387
93,-15.6,0,0,0,0,1,0,0,-0.433883739117558,-0.9009688679024191,0.258819045102521,-0.9659258262890682
111,-14.4,0,0,0,0,1,0,0,-0.433883739117558,-0.9009688679024191,1.2246467991473532e-16,-1.0
115,-13.3,0,0,0,0,1,0,0,-0.433883739117558,-0.9009688679024191,-0.2588190451025208,-0.9659258262890683
116,-12.1,0,0,0,0,1,0,0,-0.433883739117558,-0.9009688679024191,-0.4999999999999997,-0.8660254037844388
140,-11.4,0,0,0,0,1,0,0,-0.433883739117558,-0.9009688679024191,-0.7071067811865471,-0.7071067811865479
147,-10.8,0,0,0,0,1,0,0,-0.433883739117558,-0.9009688679024191,-0.8660254037844385,-0.5000000000000004
196,-11.5,0,0,0,0,1,0,0,-0.433883739117558,-0.9009688679024191,-0.9659258262890683,-0.25881904510252063
305,-12.7,0,0,0,0,1,0,0,-0.433883739117558,-0.9009688679024191,-1.0,-1.8369701987210297e-16
171,-13.2,0,0,0,0,1,0,0,-0.433883739117558,-0.9009688679024191,-0.9659258262890684,0.2588190451025203
121,-13.7,0,0,0,0,1,0,0,-0.433883739117558,-0.9009688679024191,-0.8660254037844386,0.5000000000000001
130,-14.1,0,0,0,0,1,0,0,-0.433883739117558,-0.9009688679024191,-0.7071067811865477,0.7071067811865474
108,-14.6,0,0,0,0,1,0,0,-0.433883739117558,-0.9009688679024191,-0.5000000000000004,0.8660254037844384
89,-14.4,0,0,0,0,1,0,0,-0.433883739117558,-0.9009688679024191,-0.25881904510252157,0.9659258262890681
80,-15.0,0,0,0,0,1,0,0,-0.9749279121818236,-0.2225209339563146,0.0,1.0
94,-15.1,0,0,0,0,1,0,0,-0.9749279121818236,-0.2225209339563146,0.25881904510252074,0.9659258262890683
75,-15.3,0,0,0,0,1,0,0,-0.9749279121818236,-0.2225209339563146,0.49999999999999994,0.8660254037844387
41,-15.3,0,0,0,0,1,0,0,-0.9749279121818236,-0.2225209339563146,0.7071067811865476,0.7071067811865476
36,-15.3,0,0,0,0,1,0,0,-0.9749279121818236,-0.2225209339563146,0.8660254037844386,0.5000000000000001
25,-15.4,0,0,0,0,1,0,0,-0.9749279121818236,-0.2225209339563146,0.9659258262890683,0.25881904510252074
33,-15.3,0,0,0,0,1,0,0,-0.9749279121818236,-0.2225209339563146,1.0,6.123233995736766e-17
57,-15.7,0,0,0,0,1,0,0,-0.9749279121818236,-0.2225209339563146,0.9659258262890683,-0.25881904510252063
84,-15.9,0,0,0,0,1,0,0,-0.9749279121818236,-0.2225209339563146,0.8660254037844387,-0.4999999999999998
105,-15.1,0,0,0,0,1,0,0,-0.9749279121818236,-0.2225209339563146,0.7071067811865476,-0.7071067811865475
96,-12.3,0,0,0,0,1,0,0,-0.9749279121818236,-0.2225209339563146,0.49999999999999994,-0.8660254037844387
125,-9.6,0,0,0,0,1,0,0,-0.9749279121818236,-0.2225209339563146,0.258819045102521,-0.9659258262890682
145,-7.7,0,0,0,0,1,0,0,-0.9749279121818236,-0.2225209339563146,1.2246467991473532e-16,-1.0
189,-6.6,0,0,0,0,1,0,0,-0.9749279121818236,-0.2225209339563146,-0.2588190451025208,-0.9659258262890683
193,-4.1,0,0,0,0,1,0,0,-0.9749279121818236,-0.2225209339563146,-0.4999999999999997,-0.8660254037844388
192,-3.7,0,0,0,0,0,1,0,-0.9749279121818236,-0.2225209339563146,-0.7071067811865471,-0.7071067811865479
195,-3.7,0,0,0,0,0,0,1,-0.9749279121818236,-0.2225209339563146,-0.8660254037844385,-0.5000000000000004
207,-4.6,0,0,0,0,0,0,1,-0.9749279121818236,-0.2225209339563146,-0.9659258262890683,-0.25881904510252063
162,-6.6,0,0,0,0,0,0,1,-0.9749279121818236,-0.2225209339563146,-1.0,-1.8369701987210297e-16
122,-7.1,0,0,0,0,0,0,1,-0.9749279121818236,-0.2225209339563146,-0.9659258262890684,0.2588190451025203
117,-7.6,0,0,0,0,0,0,1,-0.9749279121818236,-0.2225209339563146,-0.8660254037844386,0.5000000000000001
103,-7.9,0,0,0,0,0,0,1,-0.9749279121818236,-0.2225209339563146,-0.7071067811865477,0.7071067811865474
114,-7.8,0,0,0,0,0,0,1,-0.9749279121818236,-0.2225209339563146,-0.5000000000000004,0.8660254037844384
103,-7.6,0,0,0,0,0,0,1,-0.9749279121818236,-0.2225209339563146,-0.25881904510252157,0.9659258262890681
125,-7.5,0,0,0,0,0,0,1,-0.7818314824680299,0.6234898018587334,0.0,1.0
103,-7.5,0,0,0,0,0,0,1,-0.7818314824680299,0.6234898018587334,0.25881904510252074,0.9659258262890683
72,-7.8,0,0,0,0,0,0,1,-0.7818314824680299,0.6234898018587334,0.49999999999999994,0.8660254037844387
67,-7.7,0,0,0,0,0,0,1,-0.7818314824680299,0.6234898018587334,0.7071067811865476,0.7071067811865476
38,-7.6,0,0,0,0,0,0,1,-0.7818314824680299,0.6234898018587334,0.8660254037844386,0.5000000000000001
21,-7.5,0,0,0,0,0,0,1,-0.7818314824680299,0.6234898018587334,0.9659258262890683,0.25881904510252074
30,-7.8,0,0,0,0,0,0,1,-0.7818314824680299,0.6234898018587334,1.0,6.123233995736766e-17
42,-8.0,0,0,0,0,0,0,1,-0.7818314824680299,0.6234898018587334,0.9659258262890683,-0.25881904510252063
72,-8.1,0,0,0,0,0,0,1,-0.7818314824680299,0.6234898018587334,0.8660254037844387,-0.4999999999999998
104,-7.8,0,0,0,0,0,0,1,-0.7818314824680299,0.6234898018587334,0.7071067811865476,-0.7071067811865475
111,-5.9,0,0,0,0,0,0,1,-0.7818314824680299,0.6234898018587334,0.49999999999999994,-0.8660254037844387
145,-4.6,0,0,0,0,0,0,1,-0.7818314824680299,0.6234898018587334,0.258819045102521,-0.9659258262890682
189,-3.5,0,0,0,0,0,1,0,-0.7818314824680299,0.6234898018587334,1.2246467991473532e-16,-1.0
206,-2.4,0,0,0,0,0,1,0,-0.7818314824680299,0.6234898018587334,-0.2588190451025208,-0.9659258262890683
225,-1.5,0,0,0,0,0,1,0,-0.7818314824680299,0.6234898018587334,-0.4999999999999997,-0.8660254037844388
217,-1.9,0,0,0,0,0,0,1,-0.7818314824680299,0.6234898018587334,-0.7071067811865471,-0.7071067811865479
187,-2.1,0,0,0,0,0,0,1,-0.7818314824680299,0.6234898018587334,-0.8660254037844385,-0.5000000000000004
178,-3.8,0,0,0,0,1,0,0,-0.7818314824680299,0.6234898018587334,-0.9659258262890683,-0.25881904510252063
157,-4.9,0,0,0,0,0,0,1,-0.7818314824680299,0.6234898018587334,-1.0,-1.8369701987210297e-16
134,-6.0,0,0,0,0,0,0,1,-0.7818314824680299,0.6234898018587334,-0.9659258262890684,0.2588190451025203
113,-7.0,0,0,0,0,0,0,1,-0.7818314824680299,0.6234898018587334,-0.8660254037844386,0.5000000000000001
106,-7.3,0,0,0,0,0,0,1,-0.7818314824680299,0.6234898018587334,-0.7071067811865477,0.7071067811865474
105,-7.9,0,0,0,0,0,0,1,-0.7818314824680299,0.6234898018587334,-0.5000000000000004,0.8660254037844384
81,-8.7,0,0,0,0,0,0,1,-0.7818314824680299,0.6234898018587334,-0.25881904510252157,0.9659258262890681
80,-9.3,0,0,0,0,0,0,1,0.0,1.0,0.0,1.0
62,-9.8,0,0,0,0,0,0,1,0.0,1.0,0.25881904510252074,0.9659258262890683
49,-10.2,0,0,0,0,0,0,1,0.0,1.0,0.49999999999999994,0.8660254037844387
27,-9.8,0,0,0,0,0,0,1,0.0,1.0,0.7071067811865476,0.7071067811865476
26,-9.9,0,0,0,0,0,0,1,0.0,1.0,0.8660254037844386,0.5000000000000001
50,-10.4,0,0,0,0,0,0,1,0.0,1.0,0.9659258262890683,0.25881904510252074
94,-10.9,0,0,0,0,0,0,1,0.0,1.0,1.0,6.123233995736766e-17
231,-11.1,0,0,0,0,0,0,1,0.0,1.0,0.9659258262890683,-0.25881904510252063
450,-11.5,0,0,0,0,0,0,1,0.0,1.0,0.8660254037844387,-0.4999999999999998
217,-10.8,0,0,0,0,0,0,1,0.0,1.0,0.7071067811865476,-0.7071067811865475
135,-9.5,0,0,0,0,0,0,1,0.0,1.0,0.49999999999999994,-0.8660254037844387
166,-8.1,0,0,0,0,0,0,1,0.0,1.0,0.258819045102521,-0.9659258262890682
186,-7.3,0,0,0,0,0,0,1,0.0,1.0,1.2246467991473532e-16,-1.0
166,-6.9,0,0,0,0,0,0,1,0.0,1.0,-0.2588190451025208,-0.9659258262890683
168,-5.7,0,0,0,0,0,0,1,0.0,1.0,-0.4999999999999997,-0.8660254037844388
177,-5.2,0,0,0,0,0,0,1,0.0,1.0,-0.7071067811865471,-0.7071067811865479
195,-5.5,0,0,0,0,0,0,1,0.0,1.0,-0.8660254037844385,-0.5000000000000004
239,-5.7,0,0,0,0,0,0,1,0.0,1.0,-0.9659258262890683,-0.25881904510252063
438,-6.6,0,0,0,0,0,0,1,0.0,1.0,-1.0,-1.8369701987210297e-16
282,-7.1,0,0,0,0,0,0,1,0.0,1.0,-0.9659258262890684,0.2588190451025203
197,-7.4,0,0,0,0,0,0,1,0.0,1.0,-0.8660254037844386,0.5000000000000001
182,-7.7,0,0,0,0,0,0,1,0.0,1.0,-0.7071067811865477,0.7071067811865474
172,-8.8,0,0,0,0,0,0,1,0.0,1.0,-0.5000000000000004,0.8660254037844384
99,-9.4,0,0,0,0,0,0,1,0.0,1.0,-0.25881904510252157,0.9659258262890681
108,-10.0,0,0,0,0,0,0,1,0.7818314824680298,0.6234898018587336,0.0,1.0
129,-10.4,0,0,0,0,0,0,1,0.7818314824680298,0.6234898018587336,0.25881904510252074,0.9659258262890683
84,-10.6,0,0,0,0,0,0,1,0.7818314824680298,0.6234898018587336,0.49999999999999994,0.8660254037844387
54,-10.7,0,0,0,0,0,0,1,0.7818314824680298,0.6234898018587336,0.7071067811865476,0.7071067811865476
33,-11.1,0,0,0,0,0,0,1,0.7818314824680298,0.6234898018587336,0.8660254037844386,0.5000000000000001
47,-11.3,0,0,0,0,0,0,1,0.7818314824680298,0.6234898018587336,0.9659258262890683,0.25881904510252074
94,-11.2,0,0,0,0,0,0,1,0.7818314824680298,0.6234898018587336,1.0,6.123233995736766e-17
214,-11.3,0,0,0,0,0,0,1,0.7818314824680298,0.6234898018587336,0.9659258262890683,-0.25881904510252063
491,-11.1,0,0,0,0,0,0,1,0.7818314824680298,0.6234898018587336,0.8660254037844387,-0.4999999999999998
254,-9.9,0,0,0,0,0,0,1,0.7818314824680298,0.6234898018587336,0.7071067811865476,-0.7071067811865475
170,-7.5,0,0,0,0,0,0,1,0.7818314824680298,0.6234898018587336,0.49999999999999994,-0.8660254037844387
220,-4.5,0,0,0,0,0,0,1,0.7818314824680298,0.6234898018587336,0.258819045102521,-0.9659258262890682
253,-3.2,0,0,0,0,0,1,0,0.7818314824680298,0.6234898018587336,1.2246467991473532e-16,-1.0
225,-1.3,0,0,0,0,0,1,0,0.7818314824680298,0.6234898018587336,-0.2588190451025208,-0.9659258262890683
238,-1.1,0,0,0,0,0,0,1,0.7818314824680298,0.6234898018587336,-0.4999999999999997,-0.8660254037844388
173,-1.6,0,0,0,0,0,0,1,0.7818314824680298,0.6234898018587336,-0.7071067811865471,-0.7071067811865479
94,-2.2,0,0,0,0,1,0,0,0.7818314824680298,0.6234898018587336,-0.8660254037844385,-0.5000000000000004
53,-2.4,0,0,0,0,1,0,0,0.7818314824680298,0.6234898018587336,-0.9659258262890683,-0.25881904510252063
100,-2.3,0,0,0,0,1,0,0,0.7818314824680298,0.6234898018587336,-1.0,-1.8369701987210297e-16
59,-1.7,0,0,0,0,1,0,0,0.7818314824680298,0.6234898018587336,-0.9659258262890684,0.2588190451025203
72,-1.5,0,0,0,0,1,0,0,0.7818314824680298,0.6234898018587336,-0.8660254037844386,0.5000000000000001
60,-1.6,0,0,0,0,1,0,0,0.7818314824680298,0.6234898018587336,-0.7071067811865477,0.7071067811865474
73,-1.7,0,0,0,0,1,0,0,0.7818314824680298,0.6234898018587336,-0.5000000000000004,0.8660254037844384
62,-1.7,0,0,0,0,1,0,0,0.7818314824680298,0.6234898018587336,-0.25881904510252157,0.9659258262890681
69,-1.7,0,0,0,0,1,0,0,0.9749279121818236,-0.22252093395631434,0.0,1.0
96,-1.6,0,0,0,0,1,0,0,0.9749279121818236,-0.22252093395631434,0.25881904510252074,0.9659258262890683
60,-1.6,0,0,0,0,1,0,0,0.9749279121818236,-0.22252093395631434,0.49999999999999994,0.8660254037844387
47,-2.2,0,0,0,0,1,0,0,0.9749279121818236,-0.22252093395631434,0.7071067811865476,0.7071067811865476
34,-2.4,0,0,0,0,1,0,0,0.9749279121818236,-0.22252093395631434,0.8660254037844386,0.5000000000000001
34,-2.8,0,0,0,0,1,0,0,0.9749279121818236,-0.22252093395631434,0.9659258262890683,0.25881904510252074
63,-3.1,0,0,0,0,1,0,0,0.9749279121818236,-0.22252093395631434,1.0,6.123233995736766e-17
124,-3.5,0,0,0,0,1,0,0,0.9749279121818236,-0.22252093395631434,0.9659258262890683,-0.25881904510252063
273,-3.6,0,0,0,0,1,0,0,0.9749279121818236,-0.22252093395631434,0.8660254037844387,-0.4999999999999998
137,-3.3,0,0,0,0,1,0,0,0.9749279121818236,-0.22252093395631434,0.7071067811865476,-0.7071067811865475
102,-2.3,0,0,0,0,1,0,0,0.9749279121818236,-0.22252093395631434,0.49999999999999994,-0.8660254037844387
144,-1.5,0,0,0,0,1,0,0,0.9749279121818236,-0.22252093395631434,0.258819045102521,-0.9659258262890682
160,-1.0,0,0,0,0,1,0,0,0.9749279121818236,-0.22252093395631434,1.2246467991473532e-16,-1.0
171,-0.8,0,0,0,0,1,0,0,0.9749279121818236,-0.22252093395631434,-0.2588190451025208,-0.9659258262890683
156,-0.7,0,0,0,0,1,0,0,0.9749279121818236,-0.22252093395631434,-0.4999999999999997,-0.8660254037844388
214,-0.5,0,0,0,0,1,0,0,0.9749279121818236,-0.22252093395631434,-0.7071067811865471,-0.7071067811865479
216,-0.1,0,0,0,0,1,0,0,0.9749279121818236,-0.22252093395631434,-0.8660254037844385,-0.5000000000000004
279,-0.9,0,0,0,0,1,0,0,0.9749279121818236,-0.22252093395631434,-0.9659258262890683,-0.25881904510252063
403,-1.8,0,0,0,0,1,0,0,0.9749279121818236,-0.22252093395631434,-1.0,-1.8369701987210297e-16
270,-2.2,0,0,0,0,1,0,0,0.9749279121818236,-0.22252093395631434,-0.9659258262890684,0.2588190451025203
229,-2.6,0,0,0,0,1,0,0,0.9749279121818236,-0.22252093395631434,-0.8660254037844386,0.5000000000000001
229,-3.4,0,0,0,0,1,0,0,0.9749279121818236,-0.22252093395631434,-0.7071067811865477,0.7071067811865474
188,-4.2,0,0,0,0,1,0,0,0.9749279121818236,-0.22252093395631434,-0.5000000000000004,0.8660254037844384
132,-4.7,0,0,0,0,1,0,0,0.9749279121818236,-0.22252093395631434,-0.25881904510252157,0.9659258262890681
122,-5.2,0,0,0,0,1,0,0,0.43388373911755823,-0.900968867902419,0.0,1.0
149,-5.4,0,0,0,0,1,0,0,0.43388373911755823,-0.900968867902419,0.25881904510252074,0.9659258262890683
103,-5.5,0,0,0,0,1,0,0,0.43388373911755823,-0.900968867902419,0.49999999999999994,0.8660254037844387
81,-6.2,0,0,0,0,1,0,0,0.43388373911755823,-0.900968867902419,0.7071067811865476,0.7071067811865476
37,-7.1,0,0,0,0,1,0,0,0.43388373911755823,-0.900968867902419,0.8660254037844386,0.5000000000000001
51,-7.8,0,0,0,0,1,0,0,0.43388373911755823,-0.900968867902419,0.9659258262890683,0.25881904510252074
95,-8.1,0,0,0,0,1,0,0,0.43388373911755823,-0.900968867902419,1.0,6.123233995736766e-17
244,-8.7,0,0,0,0,1,0,0,0.43388373911755823,-0.900968867902419,0.9659258262890683,-0.25881904510252063
459,-8.6,0,0,0,0,1,0,0,0.43388373911755823,-0.900968867902419,0.8660254037844387,-0.4999999999999998
259,-7.9,0,0,0,0,1,0,0,0.43388373911755823,-0.900968867902419,0.7071067811865476,-0.7071067811865475
168,-5.0,0,0,0,0,1,0,0,0.43388373911755823,-0.900968867902419,0.49999999999999994,-0.8660254037844387
194,-2.6,0,0,0,0,1,0,0,0.43388373911755823,-0.900968867902419,0.258819045102521,-0.9659258262890682
240,-1.1,0,0,0,0,1,0,0,0.43388373911755823,-0.900968867902419,1.2246467991473532e-16,-1.0
233,0.3,0,0,0,0,1,0,0,0.43388373911755823,-0.900968867902419,-0.2588190451025208,-0.9659258262890683
256,0.8,0,0,0,0,1,0,0,0.43388373911755823,-0.900968867902419,-0.4999999999999997,-0.8660254037844388
293,0.7,0,0,0,0,0,1,0,0.43388373911755823,-0.900968867902419,-0.7071067811865471,-0.7071067811865479
268,1.1,0,0,0,0,0,0,1,0.43388373911755823,-0.900968867902419,-0.8660254037844385,-0.5000000000000004
341,0.3,0,0,0,0,0,0,1,0.43388373911755823,-0.900968867902419,-0.9659258262890683,-0.25881904510252063
542,-1.0,0,0,0,0,0,0,1,0.43388373911755823,-0.900968867902419,-1.0,-1.8369701987210297e-16
344,-1.8,0,0,0,0,0,0,1,0.43388373911755823,-0.900968867902419,-0.9659258262890684,0.2588190451025203
263,-2.4,0,0,0,0,0,0,1,0.43388373911755823,-0.900968867902419,-0.8660254037844386,0.5000000000000001
257,-3.2,0,0,0,0,0,0,1,0.43388373911755823,-0.900968867902419,-0.7071067811865477,0.7071067811865474
235,-3.9,0,0,0,0,0,0,1,0.43388373911755823,-0.900968867902419,-0.5000000000000004,0.8660254037844384
143,-4.5,0,0,0,0,0,0,1,0.43388373911755823,-0.900968867902419,-0.25881904510252157,0.9659258262890681
138,-4.9,0,0,0,0,0,0,1,-0.433883739117558,-0.9009688679024191,0.0,1.0
159,-5.2,0,0,0,0,0,0,1,-0.433883739117558,-0.9009688679024191,0.25881904510252074,0.9659258262890683
102,-5.7,0,0,0,0,0,0,1,-0.433883739117558,-0.9009688679024191,0.49999999999999994,0.8660254037844387
65,-6.3,0,0,0,0,0,0,1,-0.433883739117558,-0.9009688679024191,0.7071067811865476,0.7071067811865476
47,-6.7,0,0,0,0,0,0,1,-0.433883739117558,-0.9009688679024191,0.8660254037844386,0.5000000000000001
48,-6.8,0,0,0,0,0,0,1,-0.433883739117558,-0.9009688679024191,0.9659258262890683,0.25881904510252074
115,-7.0,0,0,0,0,0,0,1,-0.433883739117558,-0.9009688679024191,1.0,6.123233995736766e-17
267,-7.4,0,0,0,0,0,0,1,-0.433883739117558,-0.9009688679024191,0.9659258262890683,-0.25881904510252063
558,-7.4,0,0,0,0,0,0,1,-0.433883739117558,-0.9009688679024191,0.8660254037844387,-0.4999999999999998
280,-6.5,0,0,0,0,0,0,1,-0.433883739117558,-0.9009688679024191,0.7071067811865476,-0.7071067811865475
187,-4.1,0,0,0,0,0,0,1,-0.433883739117558,-0.9009688679024191,0.49999999999999994,-0.8660254037844387
234,-1.4,0,0,0,0,0,0,1,-0.433883739117558,-0.9009688679024191,0.258819045102521,-0.9659258262890682
303,0.9,0,0,0,0,0,0,1,-0.433883739117558,-0.9009688679024191,1.2246467991473532e-16,-1.0
294,1.6,0,0,0,0,0,1,0,-0.433883739117558,-0.9009688679024191,-0.2588190451025208,-0.9659258262890683
293,3.2,0,0,0,0,0,0,1,-0.433883739117558,-0.9009688679024191,-0.4999999999999997,-0.8660254037844388
310,3.6,0,0,0,0,0,1,0,-0.433883739117558,-0.9009688679024191,-0.7071067811865471,-0.7071067811865479
330,2.9,0,0,0,0,0,0,1,-0.433883739117558,-0.9009688679024191,-0.8660254037844385,-0.5000000000000004
382,2.0,0,0,0,0,0,0,1,-0.433883739117558,-0.9009688679024191,-0.9659258262890683,-0.25881904510252063
592,0.5,0,0,0,0,0,0,1,-0.433883739117558,-0.9009688679024191,-1.0,-1.8369701987210297e-16
379,-0.5,0,0,0,0,0,0,1,-0.433883739117558,-0.9009688679024191,-0.9659258262890684,0.2588190451025203
241,-1.3,0,0,0,0,0,0,1,-0.433883739117558,-0.9009688679024191,-0.8660254037844386,0.5000000000000001
225,-2.0,0,0,0,0,0,0,1,-0.433883739117558,-0.9009688679024191,-0.7071067811865477,0.7071067811865474
227,-2.4,0,0,0,0,0,0,1,-0.433883739117558,-0.9009688679024191,-0.5000000000000004,0.8660254037844384
178,-2.6,0,0,0,0,0,0,1,-0.433883739117558,-0.9009688679024191,-0.25881904510252157,0.9659258262890681
182,-2.5,0,0,0,0,0,0,1,-0.9749279121818236,-0.2225209339563146,0.0,1.0
184,-2.3,0,0,0,0,0,0,1,-0.9749279121818236,-0.2225209339563146,0.25881904510252074,0.9659258262890683
123,-3.4,0,0,0,0,1,0,0,-0.9749279121818236,-0.2225209339563146,0.49999999999999994,0.8660254037844387
60,-4.4,0,0,0,0,1,0,0,-0.9749279121818236,-0.2225209339563146,0.7071067811865476,0.7071067811865476
35,-5.6,0,0,0,0,1,0,0,-0.9749279121818236,-0.2225209339563146,0.8660254037844386,0.5000000000000001
31,-6.3,0,0,0,0,1,0,0,-0.9749279121818236,-0.2225209339563146,0.9659258262890683,0.25881904510252074
33,-7.8,0,0,0,0,1,0,0,-0.9749279121818236,-0.2225209339563146,1.0,6.123233995736766e-17
67,-8.8,0,0,0,0,1,0,0,-0.9749279121818236,-0.2225209339563146,0.9659258262890683,-0.25881904510252063
116,-9.5,0,0,0,0,1,0,0,-0.9749279121818236,-0.2225209339563146,0.8660254037844387,-0.4999999999999998
168,-9.4,0,0,0,0,1,0,0,-0.9749279121818236,-0.2225209339563146,0.7071067811865476,-0.7071067811865475
144,-8.5,0,0,0,0,1,0,0,-0.9749279121818236,-0.2225209339563146,0.49999999999999994,-0.8660254037844387
195,-7.7,0,0,0,0,1,0,0,-0.9749279121818236,-0.2225209339563146,0.258819045102521,-0.9659258262890682
192,-6.0,0,0,0,0,0,0,1,-0.9749279121818236,-0.2225209339563146,1.2246467991473532e-16,-1.0
229,-5.8,0,0,0,0,0,0,1,-0.9749279121818236,-0.2225209339563146,-0.2588190451025208,-0.9659258262890683
196,-5.0,0,0,0,0,0,0,1,-0.9749279121818236,-0.2225209339563146,-0.4999999999999997,-0.8660254037844388
210,-4.5,0,0,0,0,0,0,1,-0.9749279121818236,-0.2225209339563146,-0.7071067811865471,-0.7071067811865479
205,-4.2,0,0,0,0,0,0,1,-0.9749279121818236,-0.2225209339563146,-0.8660254037844385,-0.5000000000000004
211,-5.6,0,0,0,0,0,0,1,-0.9749279121818236,-0.2225209339563146,-0.9659258262890683,-0.25881904510252063
175,-6.6,0,0,0,0,0,0,1,-0.9749279121818236,-0.2225209339563146,-1.0,-1.8369701987210297e-16
135,-7.6,0,0,0,0,0,0,1,-0.9749279121818236,-0.2225209339563146,-0.9659258262890684,0.2588190451025203
109,-8.5,0,0,0,0,0,0,1,-0.9749279121818236,-0.2225209339563146,-0.8660254037844386,0.5000000000000001
107,-9.1,0,0,0,0,0,0,1,-0.9749279121818236,-0.2225209339563146,-0.7071067811865477,0.7071067811865474
92,-9.7,0,0,0,0,0,0,1,-0.9749279121818236,-0.2225209339563146,-0.5000000000000004,0.8660254037844384
91,-10.0,0,0,0,0,0,0,1,-0.9749279121818236,-0.2225209339563146,-0.25881904510252157,0.9659258262890681
98,-10.4,0,0,0,0,0,0,1,-0.7818314824680299,0.6234898018587334,0.0,1.0
90,-10.5,0,0,0,0,0,0,1,-0.7818314824680299,0.6234898018587334,0.25881904510252074,0.9659258262890683
60,-10.5,0,0,0,0,0,0,1,-0.7818314824680299,0.6234898018587334,0.49999999999999994,0.8660254037844387
54,-10.6,0,0,0,0,0,0,1,-0.7818314824680299,0.6234898018587334,0.7071067811865476,0.7071067811865476
35,-11.2,0,0,0,0,0,0,1,-0.7818314824680299,0.6234898018587334,0.8660254037844386,0.5000000000000001
21,-11.5,0,0,0,0,0,0,1,-0.7818314824680299,0.6234898018587334,0.9659258262890683,0.25881904510252074
23,-11.8,0,0,0,0,0,0,1,-0.7818314824680299,0.6234898018587334,1.0,6.123233995736766e-17
34,-12.4,0,0,0,0,0,0,1,-0.7818314824680299,0.6234898018587334,0.9659258262890683,-0.25881904510252063
70,-12.8,0,0,0,0,0,0,1,-0.7818314824680299,0.6234898018587334,0.8660254037844387,-0.4999999999999998
97,-12.4,0,0,0,0,0,0,1,-0.7818314824680299,0.6234898018587334,0.7071067811865476,-0.7071067811865475
103,-11.2,0,0,0,0,0,0,1,-0.7818314824680299,0.6234898018587334,0.49999999999999994,-0.8660254037844387
115,-9.7,0,0,0,0,0,0,1,-0.7818314824680299,0.6234898018587334,0.258819045102521,-0.9659258262890682
165,-8.3,0,0,0,0,0,0,1,-0.7818314824680299,0.6234898018587334,1.2246467991473532e-16,-1.0
152,-8.3,0,0,0,0,0,0,1,-0.7818314824680299,0.6234898018587334,-0.2588190451025208,-0.9659258262890683
177,-7.4,0,0,0,0,0,0,1,-0.7818314824680299,0.6234898018587334,-0.4999999999999997,-0.8660254037844388
190,-6.4,0,0,0,0,0,0,1,-0.7818314824680299,0.6234898018587334,-0.7071067811865471,-0.7071067811865479
181,-5.4,0,0,0,0,0,0,1,-0.7818314824680299,0.6234898018587334,-0.8660254037844385,-0.5000000000000004
184,-5.9,0,0,0,0,0,0,1,-0.7818314824680299,0.6234898018587334,-0.9659258262890683,-0.25881904510252063
154,-7.0,0,0,0,0,0,0,1,-0.7818314824680299,0.6234898018587334,-1.0,-1.8369701987210297e-16
124,-7.7,0,0,0,0,0,0,1,-0.7818314824680299,0.6234898018587334,-0.9659258262890684,0.2588190451025203
98,-8.2,0,0,0,0,0,0,1,-0.7818314824680299,0.6234898018587334,-0.8660254037844386,0.5000000000000001
107,-8.9,0,0,0,0,0,0,1,-0.7818314824680299,0.6234898018587334,-0.7071067811865477,0.7071067811865474
78,-9.7,0,0,0,0,0,0,1,-0.7818314824680299,0.6234898018587334,-0.5000000000000004,0.8660254037844384
77,-10.3,0,0,0,0,0,0,1,-0.7818314824680299,0.6234898018587334,-0.25881904510252157,0.9659258262890681
82,-10.5,0,0,0,0,0,0,1,0.0,1.0,0.0,1.0
52,-11.2,0,0,0,0,0,0,1,0.0,1.0,0.25881904510252074,0.9659258262890683
39,-11.2,0,0,0,0,0,0,1,0.0,1.0,0.49999999999999994,0.8660254037844387
33,-11.3,0,0,0,0,0,0,1,0.0,1.0,0.7071067811865476,0.7071067811865476
20,-11.7,0,0,0,0,0,0,1,0.0,1.0,0.8660254037844386,0.5000000000000001
37,-11.6,0,0,0,0,0,0,1,0.0,1.0,0.9659258262890683,0.25881904510252074
110,-11.5,0,0,0,0,0,0,1,0.0,1.0,1.0,6.123233995736766e-17
227,-11.6,0,0,0,0,0,0,1,0.0,1.0,0.9659258262890683,-0.25881904510252063
433,-11.5,0,0,0,0,0,0,1,0.0,1.0,0.8660254037844387,-0.4999999999999998
216,-11.1,0,0,0,0,0,0,1,0.0,1.0,0.7071067811865476,-0.7071067811865475
123,-9.6,0,0,0,0,0,0,1,0.0,1.0,0.49999999999999994,-0.8660254037844387
156,-8.5,0,0,0,0,0,0,1,0.0,1.0,0.258819045102521,-0.9659258262890682
157,-7.8,0,0,0,0,0,0,1,0.0,1.0,1.2246467991473532e-16,-1.0
169,-7.0,0,0,0,0,0,0,1,0.0,1.0,-0.2588190451025208,-0.9659258262890683
170,-6.4,0,0,0,0,0,0,1,0.0,1.0,-0.4999999999999997,-0.8660254037844388
169,-5.7,0,0,0,0,0,0,1,0.0,1.0,-0.7071067811865471,-0.7071067811865479
199,-5.4,0,0,0,0,0,0,1,0.0,1.0,-0.8660254037844385,-0.5000000000000004
225,-6.4,0,0,0,0,0,0,1,0.0,1.0,-0.9659258262890683,-0.25881904510252063
388,-7.6,0,0,0,0,0,0,1,0.0,1.0,-1.0,-1.8369701987210297e-16
246,-8.3,0,0,0,0,0,0,1,0.0,1.0,-0.9659258262890684,0.2588190451025203
206,-9.1,0,0,0,0,0,0,1,0.0,1.0,-0.8660254037844386,0.5000000000000001
177,-9.8,0,0,0,0,0,0,1,0.0,1.0,-0.7071067811865477,0.7071067811865474
183,-10.3,0,0,0,0,0,0,1,0.0,1.0,-0.5000000000000004,0.8660254037844384
115,-10.5,0,0,0,0,0,0,1,0.0,1.0,-0.25881904510252157,0.9659258262890681
126,-10.6,0,0,0,0,0,0,1,0.7818314824680298,0.6234898018587336,0.0,1.0
87,-10.9,0,0,0,0,0,0,1,0.7818314824680298,0.6234898018587336,0.25881904510252074,0.9659258262890683
59,-11.2,0,0,0,0,0,0,1,0.7818314824680298,0.6234898018587336,0.49999999999999994,0.8660254037844387
36,-11.6,0,0,0,0,0,0,1,0.7818314824680298,0.6234898018587336,0.7071067811865476,0.7071067811865476
32,-12.0,0,0,0,0,0,0,1,0.7818314824680298,0.6234898018587336,0.8660254037844386,0.5000000000000001
40,-12.3,0,0,0,0,0,0,1,0.7818314824680298,0.6234898018587336,0.9659258262890683,0.25881904510252074
94,-12.5,0,0,0,0,0,0,1,0.7818314824680298,0.6234898018587336,1.0,6.123233995736766e-17
213,-12.7,0,0,0,0,0,0,1,0.7818314824680298,0.6234898018587336,0.9659258262890683,-0.25881904510252063
438,-12.7,0,0,0,0,0,0,1,0.7818314824680298,0.6234898018587336,0.8660254037844387,-0.4999999999999998
217,-12.3,0,0,0,0,0,0,1,0.7818314824680298,0.6234898018587336,0.7071067811865476,-0.7071067811865475
128,-11.3,0,0,0,0,0,0,1,0.7818314824680298,0.6234898018587336,0.49999999999999994,-0.8660254037844387
175,-9.9,0,0,0,0,0,0,1,0.7818314824680298,0.6234898018587336,0.258819045102521,-0.9659258262890682
172,-8.2,0,0,0,0,0,1,0,0.7818314824680298,0.6234898018587336,1.2246467991473532e-16,-1.0
165,-7.5,0,0,0,0,0,0,1,0.7818314824680298,0.6234898018587336,-0.2588190451025208,-0.9659258262890683
147,-7.0,0,0,0,0,0,0,1,0.7818314824680298,0.6234898018587336,-0.4999999999999997,-0.8660254037844388
171,-5.9,0,0,0,0,0,0,1,0.7818314824680298,0.6234898018587336,-0.7071067811865471,-0.7071067811865479
175,-5.9,0,0,0,0,0,0,1,0.7818314824680298,0.6234898018587336,-0.8660254037844385,-0.5000000000000004
227,-6.6,0,0,0,0,0,0,1,0.7818314824680298,0.6234898018587336,-0.9659258262890683,-0.25881904510252063
392,-7.6,0,0,0,0,0,0,1,0.7818314824680298,0.6234898018587336,-1.0,-1.8369701987210297e-16
251,-8.4,0,0,0,0,0,0,1,0.7818314824680298,0.6234898018587336,-0.9659258262890684,0.2588190451025203
193,-9.6,0,0,0,0,0,0,1,0.7818314824680298,0.6234898018587336,-0.8660254037844386,0.5000000000000001
175,-10.6,0,0,0,0,0,0,1,0.7818314824680298,0.6234898018587336,-0.7071067811865477,0.7071067811865474
169,-11.1,0,0,0,0,0,0,1,0.7818314824680298,0.6234898018587336,-0.5000000000000004,0.8660254037844384
106,-11.8,0,0,0,0,0,0,1,0.7818314824680298,0.6234898018587336,-0.25881904510252157,0.9659258262890681
116,-12.3,0,0,0,0,0,0,1,0.9749279121818236,-0.22252093395631434,0.0,1.0
96,-12.3,0,0,0,0,0,0,1,0.9749279121818236,-0.22252093395631434,0.25881904510252074,0.9659258262890683
83,-12.5,0,0,0,0,0,0,1,0.9749279121818236,-0.22252093395631434,0.49999999999999994,0.8660254037844387
51,-12.5,0,0,0,0,0,0,1,0.9749279121818236,-0.22252093395631434,0.7071067811865476,0.7071067811865476
34,-13.1,0,0,0,0,0,0,1,0.9749279121818236,-0.22252093395631434,0.8660254037844386,0.5000000000000001
45,-13.0,0,0,0,0,0,0,1,0.9749279121818236,-0.22252093395631434,0.9659258262890683,0.25881904510252074
92,-13.2,0,0,0,0,0,0,1,0.9749279121818236,-0.22252093395631434,1.0,6.123233995736766e-17
214,-13.2,0,0,0,0,0,0,1,0.9749279121818236,-0.22252093395631434,0.9659258262890683,-0.25881904510252063
469,-13.3,0,0,0,0,0,0,1,0.9749279121818236,-0.22252093395631434,0.8660254037844387,-0.4999999999999998
237,-12.0,0,0,0,0,0,0,1,0.9749279121818236,-0.22252093395631434,0.7071067811865476,-0.7071067811865475
155,-9.6,0,0,0,0,0,1,0,0.9749279121818236,-0.22252093395631434,0.49999999999999994,-0.8660254037844387
176,-7.0,0,0,0,0,0,0,1,0.9749279121818236,-0.22252093395631434,0.258819045102521,-0.9659258262890682
188,-6.0,0,0,0,0,0,1,0,0.9749279121818236,-0.22252093395631434,1.2246467991473532e-16,-1.0
228,-4.5,0,0,0,0,0,1,0,0.9749279121818236,-0.22252093395631434,-0.2588190451025208,-0.9659258262890683
199,-3.5,0,0,0,0,0,1,0,0.9749279121818236,-0.22252093395631434,-0.4999999999999997,-0.8660254037844388
221,-2.1,0,0,0,0,0,1,0,0.9749279121818236,-0.22252093395631434,-0.7071067811865471,-0.7071067811865479
240,-1.7,0,0,0,0,0,1,0,0.9749279121818236,-0.22252093395631434,-0.8660254037844385,-0.5000000000000004
320,-2.3,0,0,0,0,0,0,1,0.9749279121818236,-0.22252093395631434,-0.9659258262890683,-0.25881904510252063
448,-4.0,0,0,0,0,0,0,1,0.9749279121818236,-0.22252093395631434,-1.0,-1.8369701987210297e-16
280,-5.2,0,0,0,0,0,0,1,0.9749279121818236,-0.22252093395631434,-0.9659258262890684,0.2588190451025203
218,-5.8,0,0,0,0,0,0,1,0.9749279121818236,-0.22252093395631434,-0.8660254037844386,0.5000000000000001
223,-6.3,0,0,0,0,0,0,1,0.9749279121818236,-0.22252093395631434,-0.7071067811865477,0.7071067811865474
200,-6.8,0,0,0,0,0,0,1,0.9749279121818236,-0.22252093395631434,-0.5000000000000004,0.8660254037844384
164,-7.6,0,0,0,0,0,0,1,0.9749279121818236,-0.22252093395631434,-0.25881904510252157,0.9659258262890681
136,-8.2,0,0,0,0,0,0,1,0.43388373911755823,-0.900968867902419,0.0,1.0
126,-8.5,0,0,0,0,0,0,1,0.43388373911755823,-0.900968867902419,0.25881904510252074,0.9659258262890683
103,-8.3,0,0,0,0,0,0,1,0.43388373911755823,-0.900968867902419,0.49999999999999994,0.8660254037844387
57,-8.6,0,0,0,0,0,0,1,0.43388373911755823,-0.900968867902419,0.7071067811865476,0.7071067811865476
46,-9.0,0,0,0,0,0,0,1,0.43388373911755823,-0.900968867902419,0.8660254037844386,0.5000000000000001
39,-9.0,0,0,0,0,0,0,1,0.43388373911755823,-0.900968867902419,0.9659258262890683,0.25881904510252074
99,-9.3,0,0,0,0,0,0,1,0.43388373911755823,-0.900968867902419,1.0,6.123233995736766e-17
255,-9.6,0,0,0,0,0,0,1,0.43388373911755823,-0.900968867902419,0.9659258262890683,-0.25881904510252063
507,-9.7,0,0,0,0,0,0,1,0.43388373911755823,-0.900968867902419,0.8660254037844387,-0.4999999999999998
270,-8.5,0,0,0,0,0,0,1,0.43388373911755823,-0.900968867902419,0.7071067811865476,-0.7071067811865475
160,-6.3,0,0,0,0,0,0,1,0.43388373911755823,-0.900968867902419,0.49999999999999994,-0.8660254037844387
217,-3.1,0,0,0,0,0,0,1,0.43388373911755823,-0.900968867902419,0.258819045102521,-0.9659258262890682
253,-1.5,0,0,0,0,0,1,0,0.43388373911755823,-0.900968867902419,1.2246467991473532e-16,-1.0
270,0.3,0,0,0,0,0,1,0,0.43388373911755823,-0.900968867902419,-0.2588190451025208,-0.9659258262890683
253,0.9,0,0,0,0,0,1,0,0.43388373911755823,-0.900968867902419,-0.4999999999999997,-0.8660254037844388
286,1.4,0,0,0,0,0,1,0,0.43388373911755823,-0.900968867902419,-0.7071067811865471,-0.7071067811865479
284,2.0,0,0,0,0,0,1,0,0.43388373911755823,-0.900968867902419,-0.8660254037844385,-0.5000000000000004
337,1.5,0,0,0,0,0,0,1,0.43388373911755823,-0.900968867902419,-0.9659258262890683,-0.25881904510252063
564,-0.5,0,0,0,0,0,0,1,0.43388373911755823,-0.900968867902419,-1.0,-1.8369701987210297e-16
378,-1.8,0,0,0,0,0,0,1,0.43388373911755823,-0.900968867902419,-0.9659258262890684,0.2588190451025203
277,-2.8,0,0,0,0,0,0,1,0.43388373911755823,-0.900968867902419,-0.8660254037844386,0.5000000000000001
268,-3.3,0,0,0,0,0,0,1,0.43388373911755823,-0.900968867902419,-0.7071067811865477,0.7071067811865474
233,-3.9,0,0,0,0,0,0,1,0.43388373911755823,-0.900968867902419,-0.5000000000000004,0.8660254037844384
195,-4.3,0,0,0,0,0,0,1,0.43388373911755823,-0.900968867902419,-0.25881904510252157,0.9659258262890681
178,-4.6,0,0,0,0,0,0,1,-0.433883739117558,-0.9009688679024191,0.0,1.0
159,-4.8,0,0,0,0,0,0,1,-0.433883739117558,-0.9009688679024191,0.25881904510252074,0.9659258262890683
107,-5.1,0,0,0,0,0,0,1,-0.433883739117558,-0.9009688679024191,0.49999999999999994,0.8660254037844387
78,-5.2,0,0,0,0,0,0,1,-0.433883739117558,-0.9009688679024191,0.7071067811865476,0.7071067811865476
46,-4.4,0,0,0,0,0,0,1,-0.433883739117558,-0.9009688679024191,0.8660254037844386,0.5000000000000001
36,-4.2,0,0,0,0,0,0,1,-0.433883739117558,-0.9009688679024191,0.9659258262890683,0.25881904510252074
117,-4.0,0,0,0,0,0,0,1,-0.433883739117558,-0.9009688679024191,1.0,6.123233995736766e-17
273,-3.6,0,0,0,0,0,0,1,-0.433883739117558,-0.9009688679024191,0.9659258262890683,-0.25881904510252063
589,-3.3,0,0,0,0,0,0,1,-0.433883739117558,-0.9009688679024191,0.8660254037844387,-0.4999999999999998
308,-2.4,0,0,0,0,0,0,1,-0.433883739117558,-0.9009688679024191,0.7071067811865476,-0.7071067811865475
199,-1.3,0,0,0,0,0,0,1,-0.433883739117558,-0.9009688679024191,0.49999999999999994,-0.8660254037844387
238,-0.2,0,0,0,0,0,0,1,-0.433883739117558,-0.9009688679024191,0.258819045102521,-0.9659258262890682
260,1.6,0,0,0,0,0,0,1,-0.433883739117558,-0.9009688679024191,1.2246467991473532e-16,-1.0
268,2.6,0,0,0,0,0,0,1,-0.433883739117558,-0.9009688679024191,-0.2588190451025208,-0.9659258262890683
283,4.0,0,0,0,0,0,0,1,-0.433883739117558,-0.9009688679024191,-0.4999999999999997,-0.8660254037844388
315,5.0,0,0,0,0,0,0,1,-0.433883739117558,-0.9009688679024191,-0.7071067811865471,-0.7071067811865479
319,6.0,0,0,0,0,0,0,1,-0.433883739117558,-0.9009688679024191,-0.8660254037844385,-0.5000000000000004
422,4.8,0,0,0,0,0,0,1,-0.433883739117558,-0.9009688679024191,-0.9659258262890683,-0.25881904510252063
659,4.1,0,0,0,0,0,0,1,-0.433883739117558,-0.9009688679024191,-1.0,-1.8369701987210297e-16
407,3.3,0,0,0,0,0,0,1,-0.433883739117558,-0.9009688679024191,-0.9659258262890684,0.2588190451025203
308,3.0,0,0,0,0,0,0,1,-0.433883739117558,-0.9009688679024191,-0.8660254037844386,0.5000000000000001
243,2.9,0,0,0,0,0,0,1,-0.433883739117558,-0.9009688679024191,-0.7071067811865477,0.7071067811865474
263,2.5,0,0,0,0,0,0,1,-0.433883739117558,-0.9009688679024191,-0.5000000000000004,0.8660254037844384
193,2.0,0,0,0,0,0,0,1,-0.433883739117558,-0.9009688679024191,-0.25881904510252157,0.9659258262890681
197,1.5,0,0,0,0,0,0,1,-0.9749279121818236,-0.2225209339563146,0.0,1.0
237,1.7,0,0,0,0,0,0,1,-0.9749279121818236,-0.2225209339563146,0.25881904510252074,0.9659258262890683
169,1.9,0,0,0,0,0,0,1,-0.9749279121818236,-0.2225209339563146,0.49999999999999994,0.8660254037844387
145,2.0,0,0,0,0,0,0,1,-0.9749279121818236,-0.2225209339563146,0.7071067811865476,0.7071067811865476
79,1.9,0,0,0,0,0,0,1,-0.9749279121818236,-0.2225209339563146,0.8660254037844386,0.5000000000000001
41,1.8,0,0,0,0,1,0,0,-0.9749279121818236,-0.2225209339563146,0.9659258262890683,0.25881904510252074
48,1.6,0,0,0,0,1,0,0,-0.9749279121818236,-0.2225209339563146,1.0,6.123233995736766e-17
97,1.6,0,0,0,0,1,0,0,-0.9749279121818236,-0.2225209339563146,0.9659258262890683,-0.25881904510252063
188,1.6,0,0,0,0,1,0,0,-0.9749279121818236,-0.2225209339563146,0.8660254037844387,-0.4999999999999998
222,1.6,0,0,0,0,1,0,0,-0.9749279121818236,-0.2225209339563146,0.7071067811865476,-0.7071067811865475
223,1.8,0,0,0,0,1,0,0,-0.9749279121818236,-0.2225209339563146,0.49999999999999994,-0.8660254037844387
235,2.6,0,0,0,0,1,0,0,-0.9749279121818236,-0.2225209339563146,0.258819045102521,-0.9659258262890682
248,2.9,0,0,0,0,1,0,0,-0.9749279121818236,-0.2225209339563146,1.2246467991473532e-16,-1.0
296,2.8,0,0,0,0,0,0,1,-0.9749279121818236,-0.2225209339563146,-0.2588190451025208,-0.9659258262890683
286,2.2,0,0,0,0,0,0,1,-0.9749279121818236,-0.2225209339563146,-0.4999999999999997,-0.8660254037844388
277,2.0,0,0,0,0,0,0,1,-0.9749279121818236,-0.2225209339563146,-0.7071067811865471,-0.7071067811865479
291,0.3,0,0,0,0,0,0,1,-0.9749279121818236,-0.2225209339563146,-0.8660254037844385,-0.5000000000000004
277,-0.9,0,0,0,0,0,0,1,-0.9749279121818236,-0.2225209339563146,-0.9659258262890683,-0.25881904510252063
216,-2.0,0,0,0,0,1,0,0,-0.9749279121818236,-0.2225209339563146,-1.0,-1.8369701987210297e-16
151,-3.1,0,0,0,0,1,0,0,-0.9749279121818236,-0.2225209339563146,-0.9659258262890684,0.2588190451025203
132,-4.4,0,0,0,0,1,0,0,-0.9749279121818236,-0.2225209339563146,-0.8660254037844386,0.5000000000000001
124,-5.6,0,0,0,0,0,0,1,-0.9749279121818236,-0.2225209339563146,-0.7071067811865477,0.7071067811865474
128,-6.2,0,0,0,0,0,0,1,-0.9749279121818236,-0.2225209339563146,-0.5000000000000004,0.8660254037844384
118,-6.7,0,0,0,0,0,0,1,-0.9749279121818236,-0.2225209339563146,-0.25881904510252157,0.9659258262890681
112,-6.9,0,0,0,0,0,0,1,-0.7818314824680299,0.6234898018587334,0.0,1.0
95,-7.0,0,0,0,0,0,0,1,-0.7818314824680299,0.6234898018587334,0.25881904510252074,0.9659258262890683
93,-7.0,0,0,0,0,0,0,1,-0.7818314824680299,0.6234898018587334,0.49999999999999994,0.8660254037844387
58,-7.2,0,0,0,0,0,0,1,-0.7818314824680299,0.6234898018587334,0.7071067811865476,0.7071067811865476
34,-7.5,0,0,0,0,0,0,1,-0.7818314824680299,0.6234898018587334,0.8660254037844386,0.5000000000000001
19,-7.8,0,0,0,0,0,0,1,-0.7818314824680299,0.6234898018587334,0.9659258262890683,0.25881904510252074
39,-8.4,0,0,0,0,0,0,1,-0.7818314824680299,0.6234898018587334,1.0,6.123233995736766e-17
40,-9.2,0,0,0,0,0,0,1,-0.7818314824680299,0.6234898018587334,0.9659258262890683,-0.25881904510252063
81,-9.4,0,0,0,0,0,0,1,-0.7818314824680299,0.6234898018587334,0.8660254037844387,-0.4999999999999998
126,-8.6,0,0,0,0,0,0,1,-0.7818314824680299,0.6234898018587334,0.7071067811865476,-0.7071067811865475
130,-6.9,0,0,0,0,0,0,1,-0.7818314824680299,0.6234898018587334,0.49999999999999994,-0.8660254037844387
155,-5.0,0,0,0,0,0,0,1,-0.7818314824680299,0.6234898018587334,0.258819045102521,-0.9659258262890682
174,-3.9,0,0,0,0,0,1,0,-0.7818314824680299,0.6234898018587334,1.2246467991473532e-16,-1.0
212,-2.4,0,0,0,0,0,1,0,-0.7818314824680299,0.6234898018587334,-0.2588190451025208,-0.9659258262890683
191,-2.2,0,0,0,0,0,0,1,-0.7818314824680299,0.6234898018587334,-0.4999999999999997,-0.8660254037844388
181,-2.6,0,0,0,0,0,1,0,-0.7818314824680299,0.6234898018587334,-0.7071067811865471,-0.7071067811865479
175,-3.6,0,0,0,0,0,0,1,-0.7818314824680299,0.6234898018587334,-0.8660254037844385,-0.5000000000000004
198,-4.2,0,0,0,0,0,0,1,-0.7818314824680299,0.6234898018587334,-0.9659258262890683,-0.25881904510252063
150,-4.6,0,0,0,0,0,0,1,-0.7818314824680299,0.6234898018587334,-1.0,-1.8369701987210297e-16
147,-5.2,0,0,0,0,0,0,1,-0.7818314824680299,0.6234898018587334,-0.9659258262890684,0.2588190451025203
127,-5.7,0,0,0,0,0,0,1,-0.7818314824680299,0.6234898018587334,-0.8660254037844386,0.5000000000000001
119,-5.6,0,0,0,0,0,0,1,-0.7818314824680299,0.6234898018587334,-0.7071067811865477,0.7071067811865474
103,-5.8,0,0,0,0,0,0,1,-0.7818314824680299,0.6234898018587334,-0.5000000000000004,0.8660254037844384
91,-7.0,0,0,0,0,0,0,1,-0.7818314824680299,0.6234898018587334,-0.25881904510252157,0.9659258262890681
103,-7.7,0,0,0,0,0,0,1,0.0,1.0,0.0,1.0
69,-7.9,0,0,0,0,0,0,1,0.0,1.0,0.25881904510252074,0.9659258262890683
45,-8.3,0,0,0,0,0,0,1,0.0,1.0,0.49999999999999994,0.8660254037844387
21,-8.5,0,0,0,0,0,0,1,0.0,1.0,0.7071067811865476,0.7071067811865476
33,-8.6,0,0,0,0,0,0,1,0.0,1.0,0.8660254037844386,0.5000000000000001
30,-9.2,0,0,0,0,0,0,1,0.0,1.0,0.9659258262890683,0.25881904510252074
109,-9.5,0,0,0,0,0,0,1,0.0,1.0,1.0,6.123233995736766e-17
236,-9.5,0,0,0,0,0,0,1,0.0,1.0,0.9659258262890683,-0.25881904510252063
517,-9.1,0,0,0,0,0,0,1,0.0,1.0,0.8660254037844387,-0.4999999999999998
262,-8.4,0,0,0,0,0,0,1,0.0,1.0,0.7071067811865476,-0.7071067811865475
161,-6.7,0,0,0,0,0,1,0,0.0,1.0,0.49999999999999994,-0.8660254037844387
190,-6.1,0,0,0,0,0,1,0,0.0,1.0,0.258819045102521,-0.9659258262890682
202,-4.6,0,0,0,0,0,0,1,0.0,1.0,1.2246467991473532e-16,-1.0
246,-2.7,0,0,0,0,0,1,0,0.0,1.0,-0.2588190451025208,-0.9659258262890683
182,-2.4,0,0,0,0,0,0,1,0.0,1.0,-0.4999999999999997,-0.8660254037844388
228,-2.1,0,0,0,0,0,0,1,0.0,1.0,-0.7071067811865471,-0.7071067811865479
239,-2.4,0,0,0,0,0,0,1,0.0,1.0,-0.8660254037844385,-0.5000000000000004
288,-3.1,0,0,0,0,0,0,1,0.0,1.0,-0.9659258262890683,-0.25881904510252063
475,-4.4,0,0,0,0,0,0,1,0.0,1.0,-1.0,-1.8369701987210297e-16
340,-4.9,0,0,0,0,0,0,1,0.0,1.0,-0.9659258262890684,0.2588190451025203
244,-4.7,0,0,0,0,0,0,1,0.0,1.0,-0.8660254037844386,0.5000000000000001
253,-4.3,0,0,0,0,0,0,1,0.0,1.0,-0.7071067811865477,0.7071067811865474
200,-4.2,0,0,0,0,0,0,1,0.0,1.0,-0.5000000000000004,0.8660254037844384
140,-4.4,0,0,0,0,0,0,1,0.0,1.0,-0.25881904510252157,0.9659258262890681
158,-5.0,0,0,0,0,0,0,1,0.7818314824680298,0.6234898018587336,0.0,1.0
146,-5.5,0,0,0,0,0,0,1,0.7818314824680298,0.6234898018587336,0.25881904510252074,0.9659258262890683
106,-6.0,0,0,0,0,0,0,1,0.7818314824680298,0.6234898018587336,0.49999999999999994,0.8660254037844387
70,-6.2,0,0,0,0,0,0,1,0.7818314824680298,0.6234898018587336,0.7071067811865476,0.7071067811865476
46,-6.4,0,0,0,0,0,0,1,0.7818314824680298,0.6234898018587336,0.8660254037844386,0.5000000000000001
51,-6.7,0,0,0,0,0,0,1,0.7818314824680298,0.6234898018587336,0.9659258262890683,0.25881904510252074
96,-7.1,0,0,0,0,0,0,1,0.7818314824680298,0.6234898018587336,1.0,6.123233995736766e-17
294,-7.2,0,0,0,0,0,0,1,0.7818314824680298,0.6234898018587336,0.9659258262890683,-0.25881904510252063
568,-7.1,0,0,0,0,0,0,1,0.7818314824680298,0.6234898018587336,0.8660254037844387,-0.4999999999999998
285,-5.9,0,0,0,0,0,0,1,0.7818314824680298,0.6234898018587336,0.7071067811865476,-0.7071067811865475
200,-2.4,0,0,0,0,0,1,0,0.7818314824680298,0.6234898018587336,0.49999999999999994,-0.8660254037844387
252,-0.3,0,0,0,0,0,0,1,0.7818314824680298,0.6234898018587336,0.258819045102521,-0.9659258262890682
281,1.0,0,0,0,0,0,0,1,0.7818314824680298,0.6234898018587336,1.2246467991473532e-16,-1.0
256,2.6,0,0,0,0,0,0,1,0.7818314824680298,0.6234898018587336,-0.2588190451025208,-0.9659258262890683
300,3.7,0,0,0,0,0,0,1,0.7818314824680298,0.6234898018587336,-0.4999999999999997,-0.8660254037844388
295,3.7,0,0,0,0,1,0,0,0.7818314824680298,0.6234898018587336,-0.7071067811865471,-0.7071067811865479
328,3.9,0,0,0,0,0,0,1,0.7818314824680298,0.6234898018587336,-0.8660254037844385,-0.5000000000000004
410,3.5,0,0,0,0,0,0,1,0.7818314824680298,0.6234898018587336,-0.9659258262890683,-0.25881904510252063
604,3.1,0,0,0,0,0,0,1,0.7818314824680298,0.6234898018587336,-1.0,-1.8369701987210297e-16
406,2.4,0,0,0,0,0,0,1,0.7818314824680298,0.6234898018587336,-0.9659258262890684,0.2588190451025203
323,2.3,0,0,0,0,0,0,1,0.7818314824680298,0.6234898018587336,-0.8660254037844386,0.5000000000000001
290,2.6,0,0,0,0,0,0,1,0.7818314824680298,0.6234898018587336,-0.7071067811865477,0.7071067811865474
291,2.6,0,0,0,0,0,0,1,0.7818314824680298,0.6234898018587336,-0.5000000000000004,0.8660254037844384
211,2.4,0,0,0,0,0,0,1,0.7818314824680298,0.6234898018587336,-0.25881904510252157,0.9659258262890681
178,2.0,0,0,0,0,0,0,1,0.9749279121818236,-0.22252093395631434,0.0,1.0
213,1.3,0,0,0,0,0,0,1,0.9749279121818236,-0.22252093395631434,0.25881904510252074,0.9659258262890683
129,1.2,0,0,0,0,0,0,1,0.9749279121818236,-0.22252093395631434,0.49999999999999994,0.8660254037844387
101,1.1,0,0,0,0,0,0,1,0.9749279121818236,-0.22252093395631434,0.7071067811865476,0.7071067811865476
51,1.1,0,0,0,0,0,0,1,0.9749279121818236,-0.22252093395631434,0.8660254037844386,0.5000000000000001
56,1.0,0,0,0,0,0,0,1,0.9749279121818236,-0.22252093395631434,0.9659258262890683,0.25881904510252074
108,1.1,0,0,0,0,0,0,1,0.9749279121818236,-0.22252093395631434,1.0,6.123233995736766e-17
292,1.3,0,0,0,0,0,0,1,0.9749279121818236,-0.22252093395631434,0.9659258262890683,-0.25881904510252063
606,2.1,0,0,0,0,0,0,1,0.9749279121818236,-0.22252093395631434,0.8660254037844387,-0.4999999999999998
326,3.9,0,0,0,0,0,0,1,0.9749279121818236,-0.22252093395631434,0.7071067811865476,-0.7071067811865475
241,5.2,0,0,0,0,0,0,1,0.9749279121818236,-0.22252093395631434,0.49999999999999994,-0.8660254037844387
288,6.3,0,0,0,0,0,0,1,0.9749279121818236,-0.22252093395631434,0.258819045102521,-0.9659258262890682
312,6.9,0,0,0,0,0,0,1,0.9749279121818236,-0.22252093395631434,1.2246467991473532e-16,-1.0
349,7.2,0,0,0,0,0,0,1,0.9749279121818236,-0.22252093395631434,-0.2588190451025208,-0.9659258262890683
398,7.8,0,0,0,0,0,0,1,0.9749279121818236,-0.22252093395631434,-0.4999999999999997,-0.8660254037844388
461,8.7,0,0,0,0,0,0,1,0.9749279121818236,-0.22252093395631434,-0.7071067811865471,-0.7071067811865479
447,8.0,0,0,0,0,0,0,1,0.9749279121818236,-0.22252093395631434,-0.8660254037844385,-0.5000000000000004
484,6.6,0,0,0,0,0,0,1,0.9749279121818236,-0.22252093395631434,-0.9659258262890683,-0.25881904510252063
559,5.1,0,0,0,0,0,0,1,0.9749279121818236,-0.22252093395631434,-1.0,-1.8369701987210297e-16
316,3.9,0,0,0,0,0,0,1,0.9749279121818236,-0.22252093395631434,-0.9659258262890684,0.2588190451025203
262,2.8,0,0,0,0,0,0,1,0.9749279121818236,-0.22252093395631434,-0.8660254037844386,0.5000000000000001
216,1.7,0,0,0,0,0,0,1,0.9749279121818236,-0.22252093395631434,-0.7071067811865477,0.7071067811865474
218,0.3,0,0,0,0,0,0,1,0.9749279121818236,-0.22252093395631434,-0.5000000000000004,0.8660254037844384
160,-0.3,0,0,0,0,0,0,1,0.9749279121818236,-0.22252093395631434,-0.25881904510252157,0.9659258262890681
126,-0.7,1,0,0,0,0,0,1,0.43388373911755823,-0.900968867902419,0.0,1.0
123,-1.1,1,0,0,0,0,0,1,0.43388373911755823,-0.900968867902419,0.25881904510252074,0.9659258262890683
112,-1.2,1,0,0,0,0,0,1,0.43388373911755823,-0.900968867902419,0.49999999999999994,0.8660254037844387
74,-1.4,1,0,0,0,0,0,1,0.43388373911755823,-0.900968867902419,0.7071067811865476,0.7071067811865476
58,-1.9,1,0,0,0,0,0,1,0.43388373911755823,-0.900968867902419,0.8660254037844386,0.5000000000000001
32,-2.4,1,0,0,0,0,0,1,0.43388373911755823,-0.900968867902419,0.9659258262890683,0.25881904510252074
39,-2.6,1,0,0,0,0,0,1,0.43388373911755823,-0.900968867902419,1.0,6.123233995736766e-17
55,-3.0,1,0,0,0,0,0,1,0.43388373911755823,-0.900968867902419,0.9659258262890683,-0.25881904510252063
112,-3.0,1,0,0,0,0,0,1,0.43388373911755823,-0.900968867902419,0.8660254037844387,-0.4999999999999998
112,-3.5,1,0,0,0,0,0,1,0.43388373911755823,-0.900968867902419,0.7071067811865476,-0.7071067811865475
127,-1.6,1,0,0,0,0,1,0,0.43388373911755823,-0.900968867902419,0.49999999999999994,-0.8660254037844387
170,0.1,1,0,0,0,0,1,0,0.43388373911755823,-0.900968867902419,0.258819045102521,-0.9659258262890682
174,1.7,1,0,0,0,0,1,0,0.43388373911755823,-0.900968867902419,1.2246467991473532e-16,-1.0
240,2.2,1,0,0,0,0,0,1,0.43388373911755823,-0.900968867902419,-0.2588190451025208,-0.9659258262890683
270,2.9,1,0,0,0,0,0,1,0.43388373911755823,-0.900968867902419,-0.4999999999999997,-0.8660254037844388
276,3.8,1,0,0,0,0,0,1,0.43388373911755823,-0.900968867902419,-0.7071067811865471,-0.7071067811865479
273,3.2,1,0,0,0,0,1,0,0.43388373911755823,-0.900968867902419,-0.8660254037844385,-0.5000000000000004
236,2.4,1,0,0,0,0,0,1,0.43388373911755823,-0.900968867902419,-0.9659258262890683,-0.25881904510252063
190,1.1,1,0,0,0,0,0,1,0.43388373911755823,-0.900968867902419,-1.0,-1.8369701987210297e-16
166,0.1,1,0,0,0,0,0,1,0.43388373911755823,-0.900968867902419,-0.9659258262890684,0.2588190451025203
148,-0.4,1,0,0,0,0,0,1,0.43388373911755823,-0.900968867902419,-0.8660254037844386,0.5000000000000001
134,-1.1,1,0,0,0,0,0,1,0.43388373911755823,-0.900968867902419,-0.7071067811865477,0.7071067811865474
145,-1.9,1,0,0,0,0,0,1,0.43388373911755823,-0.900968867902419,-0.5000000000000004,0.8660254037844384
92,-2.5,1,0,0,0,0,0,1,0.43388373911755823,-0.900968867902419,-0.25881904510252157,0.9659258262890681
105,-3.3,1,0,0,0,0,0,1,-0.433883739117558,-0.9009688679024191,0.0,1.0
77,-3.6,1,0,0,0,0,0,1,-0.433883739117558,-0.9009688679024191,0.25881904510252074,0.9659258262890683
47,-4.1,1,0,0,0,0,0,1,-0.433883739117558,-0.9009688679024191,0.49999999999999994,0.8660254037844387
36,-4.4,1,0,0,0,0,0,1,-0.433883739117558,-0.9009688679024191,0.7071067811865476,0.7071067811865476
35,-4.5,1,0,0,0,0,0,1,-0.433883739117558,-0.9009688679024191,0.8660254037844386,0.5000000000000001
28,-5.0,1,0,0,0,0,0,1,-0.433883739117558,-0.9009688679024191,0.9659258262890683,0.25881904510252074
30,-5.2,1,0,0,0,0,0,1,-0.433883739117558,-0.9009688679024191,1.0,6.123233995736766e-17
49,-5.4,1,0,0,0,0,0,1,-0.433883739117558,-0.9009688679024191,0.9659258262890683,-0.25881904510252063
68,-5.4,1,0,0,0,0,0,1,-0.433883739117558,-0.9009688679024191,0.8660254037844387,-0.4999999999999998
48,-4.3,1,0,0,0,0,0,1,-0.433883739117558,-0.9009688679024191,0.7071067811865476,-0.7071067811865475
78,-1.3,1,0,0,0,0,1,0,-0.433883739117558,-0.9009688679024191,0.49999999999999994,-0.8660254037844387
93,1.0,1,0,0,0,0,1,0,-0.433883739117558,-0.9009688679024191,0.258819045102521,-0.9659258262890682
137,2.2,1,0,0,0,0,1,0,-0.433883739117558,-0.9009688679024191,1.2246467991473532e-16,-1.0
169,3.5,1,0,0,0,0,0,1,-0.433883739117558,-0.9009688679024191,-0.2588190451025208,-0.9659258262890683
196,4.2,1,0,0,0,0,0,1,-0.433883739117558,-0.9009688679024191,-0.4999999999999997,-0.8660254037844388
243,4.0,1,0,0,0,0,0,1,-0.433883739117558,-0.9009688679024191,-0.7071067811865471,-0.7071067811865479
189,3.3,1,0,0,0,0,0,1,-0.433883739117558,-0.9009688679024191,-0.8660254037844385,-0.5000000000000004
210,2.5,1,0,0,0,0,0,1,-0.433883739117558,-0.9009688679024191,-0.9659258262890683,-0.25881904510252063
165,1.4,1,0,0,0,0,0,1,-0.433883739117558,-0.9009688679024191,-1.0,-1.8369701987210297e-16
126,0.6,1,0,0,0,0,0,1,-0.433883739117558,-0.9009688679024191,-0.9659258262890684,0.2588190451025203
150,0.2,1,0,0,0,0,0,1,-0.433883739117558,-0.9009688679024191,-0.8660254037844386,0.5000000000000001
114,0.1,1,0,0,0,0,0,1,-0.433883739117558,-0.9009688679024191,-0.7071067811865477,0.7071067811865474
116,-0.6,1,0,0,0,0,0,1,-0.433883739117558,-0.9009688679024191,-0.5000000000000004,0.8660254037844384
84,-2.0,1,0,0,0,0,0,1,-0.433883739117558,-0.9009688679024191,-0.25881904510252157,0.9659258262890681
79,-2.7,1,0,0,0,0,0,1,-0.9749279121818236,-0.2225209339563146,0.0,1.0
71,-3.1,1,0,0,0,0,0,1,-0.9749279121818236,-0.2225209339563146,0.25881904510252074,0.9659258262890683
56,-3.8,1,0,0,0,0,0,1,-0.9749279121818236,-0.2225209339563146,0.49999999999999994,0.8660254037844387
34,-4.5,1,0,0,0,0,0,1,-0.9749279121818236,-0.2225209339563146,0.7071067811865476,0.7071067811865476
20,-5.2,1,0,0,0,0,0,1,-0.9749279121818236,-0.2225209339563146,0.8660254037844386,0.5000000000000001
14,-5.7,1,0,0,0,0,0,1,-0.9749279121818236,-0.2225209339563146,0.9659258262890683,0.25881904510252074
39,-6.2,1,0,0,0,0,0,1,-0.9749279121818236,-0.2225209339563146,1.0,6.123233995736766e-17
35,-6.8,1,0,0,0,0,0,1,-0.9749279121818236,-0.2225209339563146,0.9659258262890683,-0.25881904510252063
80,-7.1,1,0,0,0,0,0,1,-0.9749279121818236,-0.2225209339563146,0.8660254037844387,-0.4999999999999998
98,-6.5,1,0,0,0,0,0,1,-0.9749279121818236,-0.2225209339563146,0.7071067811865476,-0.7071067811865475
103,-4.3,1,0,0,0,0,1,0,-0.9749279121818236,-0.2225209339563146,0.49999999999999994,-0.8660254037844387
155,-2.8,1,0,0,0,0,1,0,-0.9749279121818236,-0.2225209339563146,0.258819045102521,-0.9659258262890682
183,-1.3,1,0,0,0,0,1,0,-0.9749279121818236,-0.2225209339563146,1.2246467991473532e-16,-1.0
193,-0.4,1,0,0,0,0,1,0,-0.9749279121818236,-0.2225209339563146,-0.2588190451025208,-0.9659258262890683
258,-0.1,1,0,0,0,0,0,1,-0.9749279121818236,-0.2225209339563146,-0.4999999999999997,-0.8660254037844388
273,1.0,1,0,0,0,0,0,1,-0.9749279121818236,-0.2225209339563146,-0.7071067811865471,-0.7071067811865479
267,1.3,1,0,0,0,0,0,1,-0.9749279121818236,-0.2225209339563146,-0.8660254037844385,-0.5000000000000004
250,0.6,1,0,0,0,0,0,1,-0.9749279121818236,-0.2225209339563146,-0.9659258262890683,-0.25881904510252063
223,-0.3,1,0,0,0,0,0,1,-0.9749279121818236,-0.2225209339563146,-1.0,-1.8369701987210297e-16
169,-1.5,1,0,0,0,0,0,1,-0.9749279121818236,-0.2225209339563146,-0.9659258262890684,0.2588190451025203
145,-2.1,1,0,0,0,0,0,1,-0.9749279121818236,-0.2225209339563146,-0.8660254037844386,0.5000000000000001
133,-2.3,1,0,0,0,0,0,1,-0.9749279121818236,-0.2225209339563146,-0.7071067811865477,0.7071067811865474
123,-2.7,1,0,0,0,0,0,1,-0.9749279121818236,-0.2225209339563146,-0.5000000000000004,0.8660254037844384
117,-2.9,1,0,0,0,0,0,1,-0.9749279121818236,-0.2225209339563146,-0.25881904510252157,0.9659258262890681
99,-3.6,0,0,0,0,0,0,1,-0.7818314824680299,0.6234898018587334,0.0,1.0
103,-4.4,0,0,0,0,0,0,1,-0.7818314824680299,0.6234898018587334,0.25881904510252074,0.9659258262890683
86,-4.7,0,0,0,0,0,0,1,-0.7818314824680299,0.6234898018587334,0.49999999999999994,0.8660254037844387
56,-4.5,0,0,0,0,0,0,1,-0.7818314824680299,0.6234898018587334,0.7071067811865476,0.7071067811865476
37,-4.1,0,0,0,0,0,0,1,-0.7818314824680299,0.6234898018587334,0.8660254037844386,0.5000000000000001
22,-4.0,0,0,0,0,0,0,1,-0.7818314824680299,0.6234898018587334,0.9659258262890683,0.25881904510252074
38,-4.1,0,0,0,0,0,0,1,-0.7818314824680299,0.6234898018587334,1.0,6.123233995736766e-17
52,-4.6,0,0,0,0,0,0,1,-0.7818314824680299,0.6234898018587334,0.9659258262890683,-0.25881904510252063
92,-4.8,0,0,0,0,0,0,1,-0.7818314824680299,0.6234898018587334,0.8660254037844387,-0.4999999999999998
137,-4.1,0,0,0,0,0,0,1,-0.7818314824680299,0.6234898018587334,0.7071067811865476,-0.7071067811865475
156,-1.8,0,0,0,0,0,0,1,-0.7818314824680299,0.6234898018587334,0.49999999999999994,-0.8660254037844387
183,0.0,0,0,0,0,0,1,0,-0.7818314824680299,0.6234898018587334,0.258819045102521,-0.9659258262890682
263,2.2,0,0,0,0,0,1,0,-0.7818314824680299,0.6234898018587334,1.2246467991473532e-16,-1.0
337,3.7,0,0,0,0,0,1,0,-0.7818314824680299,0.6234898018587334,-0.2588190451025208,-0.9659258262890683
372,4.1,0,0,0,0,0,1,0,-0.7818314824680299,0.6234898018587334,-0.4999999999999997,-0.8660254037844388
440,5.0,0,0,0,0,0,1,0,-0.7818314824680299,0.6234898018587334,-0.7071067811865471,-0.7071067811865479
404,5.1,0,0,0,0,0,1,0,-0.7818314824680299,0.6234898018587334,-0.8660254037844385,-0.5000000000000004
354,4.2,0,0,0,0,0,0,1,-0.7818314824680299,0.6234898018587334,-0.9659258262890683,-0.25881904510252063
310,2.8,0,0,0,0,0,0,1,-0.7818314824680299,0.6234898018587334,-1.0,-1.8369701987210297e-16
238,1.5,0,0,0,0,0,0,1,-0.7818314824680299,0.6234898018587334,-0.9659258262890684,0.2588190451025203
213,0.6,0,0,0,0,0,0,1,-0.7818314824680299,0.6234898018587334,-0.8660254037844386,0.5000000000000001
226,0.2,0,0,0,0,0,0,1,-0.7818314824680299,0.6234898018587334,-0.7071067811865477,0.7071067811865474
191,-0.3,0,0,0,0,0,0,1,-0.7818314824680299,0.6234898018587334,-0.5000000000000004,0.8660254037844384
153,-0.7,0,0,0,0,0,0,1,-0.7818314824680299,0.6234898018587334,-0.25881904510252157,0.9659258262890681
148,-1.1,0,0,0,0,0,0,1,0.0,1.0,0.0,1.0
101,-1.4,0,0,0,0,0,0,1,0.0,1.0,0.25881904510252074,0.9659258262890683
59,-1.4,0,0,0,0,0,0,1,0.0,1.0,0.49999999999999994,0.8660254037844387
42,-1.4,0,0,0,0,0,0,1,0.0,1.0,0.7071067811865476,0.7071067811865476
50,-1.9,0,0,0,0,0,0,1,0.0,1.0,0.8660254037844386,0.5000000000000001
59,-1.8,0,0,0,0,0,0,1,0.0,1.0,0.9659258262890683,0.25881904510252074
139,-1.4,0,0,0,0,0,0,1,0.0,1.0,1.0,6.123233995736766e-17
349,-0.9,0,0,0,0,0,0,1,0.0,1.0,0.9659258262890683,-0.25881904510252063
646,-1.2,0,0,0,0,0,0,1,0.0,1.0,0.8660254037844387,-0.4999999999999998
347,-0.6,0,0,0,0,0,0,1,0.0,1.0,0.7071067811865476,-0.7071067811865475
235,2.6,0,0,0,0,0,0,1,0.0,1.0,0.49999999999999994,-0.8660254037844387
314,4.3,0,0,0,0,0,0,1,0.0,1.0,0.258819045102521,-0.9659258262890682
361,4.7,0,0,0,0,0,0,1,0.0,1.0,1.2246467991473532e-16,-1.0
332,5.1,0,0,0,0,0,0,1,0.0,1.0,-0.2588190451025208,-0.9659258262890683
373,5.6,0,0,0,0,0,0,1,0.0,1.0,-0.4999999999999997,-0.8660254037844388
392,6.3,0,0,0,0,0,0,1,0.0,1.0,-0.7071067811865471,-0.7071067811865479
403,6.3,0,0,0,0,0,0,1,0.0,1.0,-0.8660254037844385,-0.5000000000000004
522,5.7,0,0,0,0,0,0,1,0.0,1.0,-0.9659258262890683,-0.25881904510252063
819,4.7,0,0,0,0,0,0,1,0.0,1.0,-1.0,-1.8369701987210297e-16
533,3.6,0,0,0,0,0,0,1,0.0,1.0,-0.9659258262890684,0.2588190451025203
417,2.4,0,0,0,0,0,0,1,0.0,1.0,-0.8660254037844386,0.5000000000000001
388,1.8,0,0,0,0,0,0,1,0.0,1.0,-0.7071067811865477,0.7071067811865474
357,1.0,0,0,0,0,0,0,1,0.0,1.0,-0.5000000000000004,0.8660254037844384
218,0.5,0,0,0,0,1,0,0,0.0,1.0,-0.25881904510252157,0.9659258262890681
177,0.0,0,0,0,0,1,0,0,0.7818314824680298,0.6234898018587336,0.0,1.0
172,-0.5,0,0,0,0,1,0,0,0.7818314824680298,0.6234898018587336,0.25881904510252074,0.9659258262890683
115,-0.8,0,0,0,0,1,0,0,0.7818314824680298,0.6234898018587336,0.49999999999999994,0.8660254037844387
63,-1.3,0,0,0,0,1,0,0,0.7818314824680298,0.6234898018587336,0.7071067811865476,0.7071067811865476
64,-1.6,0,0,0,0,1,0,0,0.7818314824680298,0.6234898018587336,0.8660254037844386,0.5000000000000001
79,-1.8,0,0,0,0,1,0,0,0.7818314824680298,0.6234898018587336,0.9659258262890683,0.25881904510252074
164,-2.1,0,0,0,0,1,0,0,0.7818314824680298,0.6234898018587336,1.0,6.123233995736766e-17
404,-2.2,0,0,0,0,0,0,1,0.7818314824680298,0.6234898018587336,0.9659258262890683,-0.25881904510252063
727,-2.1,0,0,0,0,0,0,1,0.7818314824680298,0.6234898018587336,0.8660254037844387,-0.4999999999999998
384,-1.4,0,0,0,0,0,0,1,0.7818314824680298,0.6234898018587336,0.7071067811865476,-0.7071067811865475
265,1.1,0,0,0,0,0,0,1,0.7818314824680298,0.6234898018587336,0.49999999999999994,-0.8660254037844387
322,2.8,0,0,0,0,0,0,1,0.7818314824680298,0.6234898018587336,0.258819045102521,-0.9659258262890682
356,4.0,0,0,0,0,0,0,1,0.7818314824680298,0.6234898018587336,1.2246467991473532e-16,-1.0
370,4.2,0,0,0,0,0,0,1,0.7818314824680298,0.6234898018587336,-0.2588190451025208,-0.9659258262890683
335,5.0,0,0,0,0,0,0,1,0.7818314824680298,0.6234898018587336,-0.4999999999999997,-0.8660254037844388
431,5.4,0,0,0,0,0,0,1,0.7818314824680298,0.6234898018587336,-0.7071067811865471,-0.7071067811865479
393,5.1,0,0,0,0,0,0,1,0.7818314824680298,0.6234898018587336,-0.8660254037844385,-0.5000000000000004
514,3.9,0,0,0,0,0,0,1,0.7818314824680298,0.6234898018587336,-0.9659258262890683,-0.25881904510252063
764,3.2,0,0,0,0,0,0,1,0.7818314824680298,0.6234898018587336,-1.0,-1.8369701987210297e-16
522,2.5,0,0,0,0,0,0,1,0.7818314824680298,0.6234898018587336,-0.9659258262890684,0.2588190451025203
358,1.8,0,0,0,0,0,0,1,0.7818314824680298,0.6234898018587336,-0.8660254037844386,0.5000000000000001
415,1.1,0,0,0,0,0,0,1,0.7818314824680298,0.6234898018587336,-0.7071067811865477,0.7071067811865474
319,0.5,0,0,0,0,0,0,1,0.7818314824680298,0.6234898018587336,-0.5000000000000004,0.8660254037844384
242,-0.5,0,0,0,0,0,0,1,0.7818314824680298,0.6234898018587336,-0.25881904510252157,0.9659258262890681
171,-1.4,0,0,0,0,0,0,1,0.9749279121818236,-0.22252093395631434,0.0,1.0
162,-2.2,0,0,0,0,0,0,1,0.9749279121818236,-0.22252093395631434,0.25881904510252074,0.9659258262890683
105,-2.9,0,0,0,0,0,0,1,0.9749279121818236,-0.22252093395631434,0.49999999999999994,0.8660254037844387
59,-3.4,0,0,0,0,0,0,1,0.9749279121818236,-0.22252093395631434,0.7071067811865476,0.7071067811865476
50,-3.8,0,0,0,0,0,0,1,0.9749279121818236,-0.22252093395631434,0.8660254037844386,0.5000000000000001
63,-4.0,0,0,0,0,0,0,1,0.9749279121818236,-0.22252093395631434,0.9659258262890683,0.25881904510252074
159,-4.0,0,0,0,0,0,0,1,0.9749279121818236,-0.22252093395631434,1.0,6.123233995736766e-17
385,-4.1,0,0,0,0,0,0,1,0.9749279121818236,-0.22252093395631434,0.9659258262890683,-0.25881904510252063
718,-4.3,0,0,0,0,0,0,1,0.9749279121818236,-0.22252093395631434,0.8660254037844387,-0.4999999999999998
373,-3.8,0,0,0,0,0,0,1,0.9749279121818236,-0.22252093395631434,0.7071067811865476,-0.7071067811865475
244,-1.8,0,0,0,0,0,1,0,0.9749279121818236,-0.22252093395631434,0.49999999999999994,-0.8660254037844387
276,0.2,0,0,0,0,0,1,0,0.9749279121818236,-0.22252093395631434,0.258819045102521,-0.9659258262890682
351,2.2,0,0,0,0,0,1,0,0.9749279121818236,-0.22252093395631434,1.2246467991473532e-16,-1.0
299,2.9,0,0,0,0,0,0,1,0.9749279121818236,-0.22252093395631434,-0.2588190451025208,-0.9659258262890683
365,3.3,0,0,0,0,0,1,0,0.9749279121818236,-0.22252093395631434,-0.4999999999999997,-0.8660254037844388
366,4.2,0,0,0,0,0,1,0,0.9749279121818236,-0.22252093395631434,-0.7071067811865471,-0.7071067811865479
409,3.7,0,0,0,0,0,0,1,0.9749279121818236,-0.22252093395631434,-0.8660254037844385,-0.5000000000000004
469,3.1,0,0,0,0,0,0,1,0.9749279121818236,-0.22252093395631434,-0.9659258262890683,-0.25881904510252063
784,1.8,0,0,0,0,0,0,1,0.9749279121818236,-0.22252093395631434,-1.0,-1.8369701987210297e-16
460,-0.1,0,0,0,0,0,0,1,0.9749279121818236,-0.22252093395631434,-0.9659258262890684,0.2588190451025203
356,-1.1,0,0,0,0,0,0,1,0.9749279121818236,-0.22252093395631434,-0.8660254037844386,0.5000000000000001
345,-1.6,0,0,0,0,0,0,1,0.9749279121818236,-0.22252093395631434,-0.7071067811865477,0.7071067811865474
299,-2.2,0,0,0,0,0,0,1,0.9749279121818236,-0.22252093395631434,-0.5000000000000004,0.8660254037844384
223,-2.7,0,0,0,0,0,0,1,0.9749279121818236,-0.22252093395631434,-0.25881904510252157,0.9659258262890681
195,-2.7,0,0,0,0,0,0,1,0.43388373911755823,-0.900968867902419,0.0,1.0
190,-2.2,0,0,0,0,0,0,1,0.43388373911755823,-0.900968867902419,0.25881904510252074,0.9659258262890683
116,-2.9,0,0,0,0,0,0,1,0.43388373911755823,-0.900968867902419,0.49999999999999994,0.8660254037844387
71,-2.8,0,0,0,0,0,0,1,0.43388373911755823,-0.900968867902419,0.7071067811865476,0.7071067811865476
66,-2.4,0,0,0,0,0,0,1,0.43388373911755823,-0.900968867902419,0.8660254037844386,0.5000000000000001
75,-2.4,0,0,0,0,0,0,1,0.43388373911755823,-0.900968867902419,0.9659258262890683,0.25881904510252074
151,-3.0,0,0,0,0,0,0,1,0.43388373911755823,-0.900968867902419,1.0,6.123233995736766e-17
373,-3.7,0,0,0,0,0,0,1,0.43388373911755823,-0.900968867902419,0.9659258262890683,-0.25881904510252063
783,-3.6,0,0,0,0,0,0,1,0.43388373911755823,-0.900968867902419,0.8660254037844387,-0.4999999999999998
383,-1.9,0,0,0,0,0,0,1,0.43388373911755823,-0.900968867902419,0.7071067811865476,-0.7071067811865475
259,0.9,0,0,0,0,0,1,0,0.43388373911755823,-0.900968867902419,0.49999999999999994,-0.8660254037844387
308,2.7,0,0,0,0,0,1,0,0.43388373911755823,-0.900968867902419,0.258819045102521,-0.9659258262890682
352,4.8,0,0,0,0,0,0,1,0.43388373911755823,-0.900968867902419,1.2246467991473532e-16,-1.0
316,4.5,0,0,0,0,0,0,1,0.43388373911755823,-0.900968867902419,-0.2588190451025208,-0.9659258262890683
331,4.8,0,0,0,0,0,0,1,0.43388373911755823,-0.900968867902419,-0.4999999999999997,-0.8660254037844388
356,5.0,0,0,0,0,0,0,1,0.43388373911755823,-0.900968867902419,-0.7071067811865471,-0.7071067811865479
404,5.0,0,0,0,0,0,0,1,0.43388373911755823,-0.900968867902419,-0.8660254037844385,-0.5000000000000004
465,4.6,0,0,0,0,0,0,1,0.43388373911755823,-0.900968867902419,-0.9659258262890683,-0.25881904510252063
730,3.9,0,0,0,0,0,0,1,0.43388373911755823,-0.900968867902419,-1.0,-1.8369701987210297e-16
499,3.5,0,0,0,0,0,0,1,0.43388373911755823,-0.900968867902419,-0.9659258262890684,0.2588190451025203
348,3.0,0,0,0,0,0,0,1,0.43388373911755823,-0.900968867902419,-0.8660254037844386,0.5000000000000001
393,2.9,0,0,0,0,0,0,1,0.43388373911755823,-0.900968867902419,-0.7071067811865477,0.7071067811865474
346,2.9,0,0,0,0,0,0,1,0.43388373911755823,-0.900968867902419,-0.5000000000000004,0.8660254037844384
202,2.9,0,0,0,0,0,0,1,0.43388373911755823,-0.900968867902419,-0.25881904510252157,0.9659258262890681
42,1.7,0,0,0,0,1,0,0,-0.433883739117558,-0.9009688679024191,0.0,1.0
55,0.6,0,0,0,0,1,0,0,-0.433883739117558,-0.9009688679024191,0.25881904510252074,0.9659258262890683
62,0.7,0,0,0,0,1,0,0,-0.433883739117558,-0.9009688679024191,0.49999999999999994,0.8660254037844387
32,0.9,0,0,0,0,1,0,0,-0.433883739117558,-0.9009688679024191,0.7071067811865476,0.7071067811865476
36,1.1,0,0,0,0,1,0,0,-0.433883739117558,-0.9009688679024191,0.8660254037844386,0.5000000000000001
39,1.0,0,0,0,0,1,0,0,-0.433883739117558,-0.9009688679024191,0.9659258262890683,0.25881904510252074
63,0.4,0,0,0,0,1,0,0,-0.433883739117558,-0.9009688679024191,1.0,6.123233995736766e-17
174,-0.1,0,0,0,0,1,0,0,-0.433883739117558,-0.9009688679024191,0.9659258262890683,-0.25881904510252063
391,-0.2,0,0,0,0,1,0,0,-0.433883739117558,-0.9009688679024191,0.8660254037844387,-0.4999999999999998
214,0.5,0,0,0,0,1,0,0,-0.433883739117558,-0.9009688679024191,0.7071067811865476,-0.7071067811865475
184,2.2,0,0,0,0,1,0,0,-0.433883739117558,-0.9009688679024191,0.49999999999999994,-0.8660254037844387
230,3.8,0,0,0,0,1,0,0,-0.433883739117558,-0.9009688679024191,0.258819045102521,-0.9659258262890682
283,5.3,0,0,0,0,1,0,0,-0.433883739117558,-0.9009688679024191,1.2246467991473532e-16,-1.0
304,6.7,0,0,0,0,1,0,0,-0.433883739117558,-0.9009688679024191,-0.2588190451025208,-0.9659258262890683
312,7.8,0,0,0,0,1,0,0,-0.433883739117558,-0.9009688679024191,-0.4999999999999997,-0.8660254037844388
312,8.2,0,0,0,0,1,0,0,-0.433883739117558,-0.9009688679024191,-0.7071067811865471,-0.7071067811865479
354,8.3,0,0,0,0,1,0,0,-0.433883739117558,-0.9009688679024191,-0.8660254037844385,-0.5000000000000004
470,7.9,0,0,0,0,1,0,0,-0.433883739117558,-0.9009688679024191,-0.9659258262890683,-0.25881904510252063
669,7.5,0,0,0,0,1,0,0,-0.433883739117558,-0.9009688679024191,-1.0,-1.8369701987210297e-16
421,6.9,0,0,0,0,1,0,0,-0.433883739117558,-0.9009688679024191,-0.9659258262890684,0.2588190451025203
295,6.4,0,0,0,0,1,0,0,-0.433883739117558,-0.9009688679024191,-0.8660254037844386,0.5000000000000001
321,6.0,0,0,0,0,1,0,0,-0.433883739117558,-0.9009688679024191,-0.7071067811865477,0.7071067811865474
291,5.7,0,0,0,0,1,0,0,-0.433883739117558,-0.9009688679024191,-0.5000000000000004,0.8660254037844384
243,5.5,0,0,0,0,1,0,0,-0.433883739117558,-0.9009688679024191,-0.25881904510252157,0.9659258262890681
226,4.6,0,0,0,0,1,0,0,-0.9749279121818236,-0.2225209339563146,0.0,1.0
263,4.0,0,0,0,0,1,0,0,-0.9749279121818236,-0.2225209339563146,0.25881904510252074,0.9659258262890683
197,3.7,0,0,0,0,1,0,0,-0.9749279121818236,-0.2225209339563146,0.49999999999999994,0.8660254037844387
133,3.5,0,0,0,0,1,0,0,-0.9749279121818236,-0.2225209339563146,0.7071067811865476,0.7071067811865476
63,2.7,0,0,0,0,1,0,0,-0.9749279121818236,-0.2225209339563146,0.8660254037844386,0.5000000000000001
58,1.8,0,0,0,0,1,0,0,-0.9749279121818236,-0.2225209339563146,0.9659258262890683,0.25881904510252074
72,1.2,0,0,0,0,1,0,0,-0.9749279121818236,-0.2225209339563146,1.0,6.123233995736766e-17
108,0.6,0,0,0,0,1,0,0,-0.9749279121818236,-0.2225209339563146,0.9659258262890683,-0.25881904510252063
203,0.0,0,0,0,0,1,0,0,-0.9749279121818236,-0.2225209339563146,0.8660254037844387,-0.4999999999999998
253,0.6,0,0,0,0,1,0,0,-0.9749279121818236,-0.2225209339563146,0.7071067811865476,-0.7071067811865475
259,0.8,0,0,0,0,1,0,0,-0.9749279121818236,-0.2225209339563146,0.49999999999999994,-0.8660254037844387
298,2.2,0,0,0,0,0,0,1,-0.9749279121818236,-0.2225209339563146,0.258819045102521,-0.9659258262890682
363,4.0,0,0,0,0,0,0,1,-0.9749279121818236,-0.2225209339563146,1.2246467991473532e-16,-1.0
412,5.3,0,0,0,0,0,0,1,-0.9749279121818236,-0.2225209339563146,-0.2588190451025208,-0.9659258262890683
454,6.9,0,0,0,0,0,1,0,-0.9749279121818236,-0.2225209339563146,-0.4999999999999997,-0.8660254037844388
467,6.7,0,0,0,0,0,1,0,-0.9749279121818236,-0.2225209339563146,-0.7071067811865471,-0.7071067811865479
509,5.9,0,0,0,0,0,1,0,-0.9749279121818236,-0.2225209339563146,-0.8660254037844385,-0.5000000000000004
462,4.9,0,0,0,0,0,0,1,-0.9749279121818236,-0.2225209339563146,-0.9659258262890683,-0.25881904510252063
379,3.5,0,0,0,0,0,0,1,-0.9749279121818236,-0.2225209339563146,-1.0,-1.8369701987210297e-16
306,2.1,0,0,0,0,0,0,1,-0.9749279121818236,-0.2225209339563146,-0.9659258262890684,0.2588190451025203
233,1.1,0,0,0,0,0,0,1,-0.9749279121818236,-0.2225209339563146,-0.8660254037844386,0.5000000000000001
232,0.7,0,0,0,0,0,0,1,-0.9749279121818236,-0.2225209339563146,-0.7071067811865477,0.7071067811865474
219,0.1,0,0,0,0,0,0,1,-0.9749279121818236,-0.2225209339563146,-0.5000000000000004,0.8660254037844384
187,-0.6,0,0,0,0,0,0,1,-0.9749279121818236,-0.2225209339563146,-0.25881904510252157,0.9659258262890681
182,-1.1,0,0,0,0,0,0,1,-0.7818314824680299,0.6234898018587334,0.0,1.0
189,-1.4,0,0,0,0,0,0,1,-0.7818314824680299,0.6234898018587334,0.25881904510252074,0.9659258262890683
124,-1.5,0,0,0,0,0,0,1,-0.7818314824680299,0.6234898018587334,0.49999999999999994,0.8660254037844387
103,-1.3,0,0,0,0,0,0,1,-0.7818314824680299,0.6234898018587334,0.7071067811865476,0.7071067811865476
52,-1.1,0,0,0,0,0,0,1,-0.7818314824680299,0.6234898018587334,0.8660254037844386,0.5000000000000001
37,-0.7,0,0,0,0,0,0,1,-0.7818314824680299,0.6234898018587334,0.9659258262890683,0.25881904510252074
54,-0.8,0,0,0,0,0,0,1,-0.7818314824680299,0.6234898018587334,1.0,6.123233995736766e-17
77,-1.0,0,0,0,0,0,0,1,-0.7818314824680299,0.6234898018587334,0.9659258262890683,-0.25881904510252063
158,-1.3,0,0,0,0,0,0,1,-0.7818314824680299,0.6234898018587334,0.8660254037844387,-0.4999999999999998
173,-0.3,0,0,0,0,0,0,1,-0.7818314824680299,0.6234898018587334,0.7071067811865476,-0.7071067811865475
195,2.1,0,0,0,0,0,1,0,-0.7818314824680299,0.6234898018587334,0.49999999999999994,-0.8660254037844387
244,4.3,0,0,0,0,0,0,1,-0.7818314824680299,0.6234898018587334,0.258819045102521,-0.9659258262890682
396,5.5,0,0,0,0,0,0,1,-0.7818314824680299,0.6234898018587334,1.2246467991473532e-16,-1.0
482,6.1,0,0,0,0,0,1,0,-0.7818314824680299,0.6234898018587334,-0.2588190451025208,-0.9659258262890683
572,7.0,0,0,0,0,0,1,0,-0.7818314824680299,0.6234898018587334,-0.4999999999999997,-0.8660254037844388
612,7.5,0,0,0,0,0,1,0,-0.7818314824680299,0.6234898018587334,-0.7071067811865471,-0.7071067811865479
688,7.6,0,0,0,0,0,0,1,-0.7818314824680299,0.6234898018587334,-0.8660254037844385,-0.5000000000000004
589,6.9,0,0,0,0,0,1,0,-0.7818314824680299,0.6234898018587334,-0.9659258262890683,-0.25881904510252063
402,5.2,0,0,0,0,0,0,1,-0.7818314824680299,0.6234898018587334,-1.0,-1.8369701987210297e-16
297,3.1,0,0,0,0,0,0,1,-0.7818314824680299,0.6234898018587334,-0.9659258262890684,0.2588190451025203
232,1.3,0,0,0,0,0,0,1,-0.7818314824680299,0.6234898018587334,-0.8660254037844386,0.5000000000000001
239,0.2,0,0,0,0,0,0,1,-0.7818314824680299,0.6234898018587334,-0.7071067811865477,0.7071067811865474
230,0.0,0,0,0,0,0,0,1,-0.7818314824680299,0.6234898018587334,-0.5000000000000004,0.8660254037844384
173,-0.3,0,0,0,0,0,0,1,-0.7818314824680299,0.6234898018587334,-0.25881904510252157,0.9659258262890681
135,-0.9,0,0,0,0,0,0,1,0.0,1.0,0.0,1.0
122,-1.2,0,0,0,0,0,0,1,0.0,1.0,0.25881904510252074,0.9659258262890683
80,-1.7,0,0,0,0,0,0,1,0.0,1.0,0.49999999999999994,0.8660254037844387
46,-1.9,0,0,0,0,0,0,1,0.0,1.0,0.7071067811865476,0.7071067811865476
46,-2.3,0,0,0,0,0,0,1,0.0,1.0,0.8660254037844386,0.5000000000000001
65,-2.5,0,0,0,0,0,0,1,0.0,1.0,0.9659258262890683,0.25881904510252074
161,-2.7,0,0,0,0,0,0,1,0.0,1.0,1.0,6.123233995736766e-17
402,-3.1,0,0,0,0,0,0,1,0.0,1.0,0.9659258262890683,-0.25881904510252063
786,-2.9,0,0,0,0,0,0,1,0.0,1.0,0.8660254037844387,-0.4999999999999998
416,-1.1,0,0,0,0,0,0,1,0.0,1.0,0.7071067811865476,-0.7071067811865475
289,1.9,0,0,0,0,0,0,1,0.0,1.0,0.49999999999999994,-0.8660254037844387
356,4.6,0,0,0,0,0,0,1,0.0,1.0,0.258819045102521,-0.9659258262890682
428,6.9,0,0,0,0,0,0,1,0.0,1.0,1.2246467991473532e-16,-1.0
444,8.1,0,0,0,0,0,0,1,0.0,1.0,-0.2588190451025208,-0.9659258262890683
455,9.9,0,0,0,0,0,0,1,0.0,1.0,-0.4999999999999997,-0.8660254037844388
521,10.3,0,0,0,0,0,0,1,0.0,1.0,-0.7071067811865471,-0.7071067811865479
555,9.5,0,0,0,0,0,0,1,0.0,1.0,-0.8660254037844385,-0.5000000000000004
646,8.7,0,0,0,0,0,0,1,0.0,1.0,-0.9659258262890683,-0.25881904510252063
929,7.2,0,0,0,0,0,0,1,0.0,1.0,-1.0,-1.8369701987210297e-16
619,5.5,0,0,0,0,0,0,1,0.0,1.0,-0.9659258262890684,0.2588190451025203
483,4.3,0,0,0,0,0,0,1,0.0,1.0,-0.8660254037844386,0.5000000000000001
512,3.3,0,0,0,0,0,0,1,0.0,1.0,-0.7071067811865477,0.7071067811865474
443,2.7,0,0,0,0,0,0,1,0.0,1.0,-0.5000000000000004,0.8660254037844384
308,2.8,0,0,0,0,0,0,1,0.0,1.0,-0.25881904510252157,0.9659258262890681
236,2.6,0,0,0,0,0,0,1,0.7818314824680298,0.6234898018587336,0.0,1.0
213,2.1,0,0,0,0,0,0,1,0.7818314824680298,0.6234898018587336,0.25881904510252074,0.9659258262890683
145,1.5,0,0,0,0,0,0,1,0.7818314824680298,0.6234898018587336,0.49999999999999994,0.8660254037844387
102,1.1,0,0,0,0,0,0,1,0.7818314824680298,0.6234898018587336,0.7071067811865476,0.7071067811865476
62,0.9,0,0,0,0,0,0,1,0.7818314824680298,0.6234898018587336,0.8660254037844386,0.5000000000000001
72,0.6,0,0,0,0,0,0,1,0.7818314824680298,0.6234898018587336,0.9659258262890683,0.25881904510252074
183,0.6,0,0,0,0,0,0,1,0.7818314824680298,0.6234898018587336,1.0,6.123233995736766e-17
443,1.3,0,0,0,0,0,0,1,0.7818314824680298,0.6234898018587336,0.9659258262890683,-0.25881904510252063
767,2.0,0,0,0,0,0,0,1,0.7818314824680298,0.6234898018587336,0.8660254037844387,-0.4999999999999998
455,2.5,0,0,0,0,0,0,1,0.7818314824680298,0.6234898018587336,0.7071067811865476,-0.7071067811865475
261,3.3,0,0,0,0,0,0,1,0.7818314824680298,0.6234898018587336,0.49999999999999994,-0.8660254037844387
342,4.8,0,0,0,0,0,0,1,0.7818314824680298,0.6234898018587336,0.258819045102521,-0.9659258262890682
353,5.4,0,0,0,0,0,0,1,0.7818314824680298,0.6234898018587336,1.2246467991473532e-16,-1.0
335,5.8,0,0,0,0,0,0,1,0.7818314824680298,0.6234898018587336,-0.2588190451025208,-0.9659258262890683
357,6.3,0,0,0,0,0,0,1,0.7818314824680298,0.6234898018587336,-0.4999999999999997,-0.8660254037844388
402,6.7,0,0,0,0,0,0,1,0.7818314824680298,0.6234898018587336,-0.7071067811865471,-0.7071067811865479
411,6.9,0,0,0,0,0,0,1,0.7818314824680298,0.6234898018587336,-0.8660254037844385,-0.5000000000000004
529,6.8,0,0,0,0,0,0,1,0.7818314824680298,0.6234898018587336,-0.9659258262890683,-0.25881904510252063
897,6.6,0,0,0,0,0,0,1,0.7818314824680298,0.6234898018587336,-1.0,-1.8369701987210297e-16
616,6.1,0,0,0,0,0,0,1,0.7818314824680298,0.6234898018587336,-0.9659258262890684,0.2588190451025203
461,5.9,0,0,0,0,0,0,1,0.7818314824680298,0.6234898018587336,-0.8660254037844386,0.5000000000000001
449,5.7,0,0,0,0,0,0,1,0.7818314824680298,0.6234898018587336,-0.7071067811865477,0.7071067811865474
461,5.4,0,0,0,0,0,0,1,0.7818314824680298,0.6234898018587336,-0.5000000000000004,0.8660254037844384
310,5.3,0,0,0,0,0,0,1,0.7818314824680298,0.6234898018587336,-0.25881904510252157,0.9659258262890681
266,5.1,0,0,0,0,0,0,1,0.9749279121818236,-0.22252093395631434,0.0,1.0
229,5.0,0,0,0,0,0,0,1,0.9749279121818236,-0.22252093395631434,0.25881904510252074,0.9659258262890683
174,5.2,0,0,0,0,0,0,1,0.9749279121818236,-0.22252093395631434,0.49999999999999994,0.8660254037844387
116,5.3,0,0,0,0,1,0,0,0.9749279121818236,-0.22252093395631434,0.7071067811865476,0.7071067811865476
72,5.4,0,0,0,0,1,0,0,0.9749279121818236,-0.22252093395631434,0.8660254037844386,0.5000000000000001
62,5.2,0,0,0,0,1,0,0,0.9749279121818236,-0.22252093395631434,0.9659258262890683,0.25881904510252074
165,5.2,0,0,0,0,1,0,0,0.9749279121818236,-0.22252093395631434,1.0,6.123233995736766e-17
426,5.5,0,0,0,0,1,0,0,0.9749279121818236,-0.22252093395631434,0.9659258262890683,-0.25881904510252063
816,5.7,0,0,0,0,1,0,0,0.9749279121818236,-0.22252093395631434,0.8660254037844387,-0.4999999999999998
419,6.2,0,0,0,0,1,0,0,0.9749279121818236,-0.22252093395631434,0.7071067811865476,-0.7071067811865475
285,6.5,0,0,0,0,0,0,1,0.9749279121818236,-0.22252093395631434,0.49999999999999994,-0.8660254037844387
332,7.1,0,0,0,0,0,0,1,0.9749279121818236,-0.22252093395631434,0.258819045102521,-0.9659258262890682
305,7.6,0,0,0,0,0,0,1,0.9749279121818236,-0.22252093395631434,1.2246467991473532e-16,-1.0
28,7.6,0,0,0,0,0,0,1,0.9749279121818236,-0.22252093395631434,-0.2588190451025208,-0.9659258262890683
17,5.7,0,0,0,0,1,0,0,0.9749279121818236,-0.22252093395631434,-0.4999999999999997,-0.8660254037844388
7,4.8,0,0,0,0,1,0,0,0.9749279121818236,-0.22252093395631434,-0.7071067811865471,-0.7071067811865479
9,4.2,0,0,0,0,1,0,0,0.9749279121818236,-0.22252093395631434,-0.8660254037844385,-0.5000000000000004
8,3.8,0,0,0,0,0,0,1,0.9749279121818236,-0.22252093395631434,-0.9659258262890683,-0.25881904510252063
11,3.6,0,0,0,0,1,0,0,0.9749279121818236,-0.22252093395631434,-1.0,-1.8369701987210297e-16
19,2.5,0,0,0,0,0,0,1,0.9749279121818236,-0.22252093395631434,-0.9659258262890684,0.2588190451025203
8,2.7,0,0,0,0,0,0,1,0.9749279121818236,-0.22252093395631434,-0.8660254037844386,0.5000000000000001
10,2.4,0,0,0,0,1,0,0,0.9749279121818236,-0.22252093395631434,-0.7071067811865477,0.7071067811865474
13,2.3,0,0,0,0,0,0,1,0.9749279121818236,-0.22252093395631434,-0.5000000000000004,0.8660254037844384
23,1.8,0,0,0,0,0,0,1,0.9749279121818236,-0.22252093395631434,-0.25881904510252157,0.9659258262890681
71,2.0,1,0,1,0,1,0,0,0.43388373911755823,-0.900968867902419,0.0,1.0
147,2.1,1,0,1,0,0,0,1,0.43388373911755823,-0.900968867902419,0.25881904510252074,0.9659258262890683
180,2.0,1,0,1,0,0,0,1,0.43388373911755823,-0.900968867902419,0.49999999999999994,0.8660254037844387
92,1.6,1,0,1,0,1,0,0,0.43388373911755823,-0.900968867902419,0.7071067811865476,0.7071067811865476
28,1.6,1,0,1,0,0,0,1,0.43388373911755823,-0.900968867902419,0.8660254037844386,0.5000000000000001
11,2.2,1,0,1,0,1,0,0,0.43388373911755823,-0.900968867902419,0.9659258262890683,0.25881904510252074
33,3.0,1,0,1,0,1,0,0,0.43388373911755823,-0.900968867902419,1.0,6.123233995736766e-17
61,2.6,1,0,1,0,1,0,0,0.43388373911755823,-0.900968867902419,0.9659258262890683,-0.25881904510252063
148,1.5,1,0,1,0,0,0,1,0.43388373911755823,-0.900968867902419,0.8660254037844387,-0.4999999999999998
160,0.1,1,0,1,0,0,0,1,0.43388373911755823,-0.900968867902419,0.7071067811865476,-0.7071067811865475
191,0.1,1,0,1,0,1,0,0,0.43388373911755823,-0.900968867902419,0.49999999999999994,-0.8660254037844387
239,0.8,1,0,1,0,0,0,1,0.43388373911755823,-0.900968867902419,0.258819045102521,-0.9659258262890682
311,0.5,1,0,1,0,0,0,1,0.43388373911755823,-0.900968867902419,1.2246467991473532e-16,-1.0
358,1.4,1,0,1,0,0,0,1,0.43388373911755823,-0.900968867902419,-0.2588190451025208,-0.9659258262890683
375,1.2,1,0,1,0,1,0,0,0.43388373911755823,-0.900968867902419,-0.4999999999999997,-0.8660254037844388
458,1.6,1,0,1,0,0,0,1,0.43388373911755823,-0.900968867902419,-0.7071067811865471,-0.7071067811865479
460,1.4,1,0,1,0,0,0,1,0.43388373911755823,-0.900968867902419,-0.8660254037844385,-0.5000000000000004
423,0.4,1,0,1,0,1,0,0,0.43388373911755823,-0.900968867902419,-0.9659258262890683,-0.25881904510252063
317,-0.8,1,0,1,0,0,0,1,0.43388373911755823,-0.900968867902419,-1.0,-1.8369701987210297e-16
231,-1.7,1,0,1,0,0,0,1,0.43388373911755823,-0.900968867902419,-0.9659258262890684,0.2588190451025203
246,-2.2,1,0,1,0,0,0,1,0.43388373911755823,-0.900968867902419,-0.8660254037844386,0.5000000000000001
212,-3.0,1,0,1,0,0,0,1,0.43388373911755823,-0.900968867902419,-0.7071067811865477,0.7071067811865474
190,-3.6,1,0,1,0,0,0,1,0.43388373911755823,-0.900968867902419,-0.5000000000000004,0.8660254037844384
190,-4.0,1,0,1,0,0,0,1,0.43388373911755823,-0.900968867902419,-0.25881904510252157,0.9659258262890681
156,-4.3,0,0,1,0,0,0,1,-0.433883739117558,-0.9009688679024191,0.0,1.0
108,-4.6,0,0,1,0,0,0,1,-0.433883739117558,-0.9009688679024191,0.25881904510252074,0.9659258262890683
71,-5.3,0,0,1,0,0,0,1,-0.433883739117558,-0.9009688679024191,0.49999999999999994,0.8660254037844387
49,-5.7,0,0,1,0,0,0,1,-0.433883739117558,-0.9009688679024191,0.7071067811865476,0.7071067811865476
47,-5.8,0,0,1,0,0,0,1,-0.433883739117558,-0.9009688679024191,0.8660254037844386,0.5000000000000001
65,-6.1,0,0,1,0,0,0,1,-0.433883739117558,-0.9009688679024191,0.9659258262890683,0.25881904510252074
135,-6.4,0,0,1,0,0,0,1,-0.433883739117558,-0.9009688679024191,1.0,6.123233995736766e-17
401,-6.6,0,0,1,0,0,0,1,-0.433883739117558,-0.9009688679024191,0.9659258262890683,-0.25881904510252063
617,-6.2,0,0,1,0,0,0,1,-0.433883739117558,-0.9009688679024191,0.8660254037844387,-0.4999999999999998
343,-4.6,0,0,1,0,0,1,0,-0.433883739117558,-0.9009688679024191,0.7071067811865476,-0.7071067811865475
274,-1.8,0,0,1,0,0,1,0,-0.433883739117558,-0.9009688679024191,0.49999999999999994,-0.8660254037844387
343,0.1,0,0,1,0,0,1,0,-0.433883739117558,-0.9009688679024191,0.258819045102521,-0.9659258262890682
388,1.8,0,0,1,0,0,1,0,-0.433883739117558,-0.9009688679024191,1.2246467991473532e-16,-1.0
375,2.3,0,0,1,0,0,0,1,-0.433883739117558,-0.9009688679024191,-0.2588190451025208,-0.9659258262890683
450,3.4,0,0,1,0,0,1,0,-0.433883739117558,-0.9009688679024191,-0.4999999999999997,-0.8660254037844388
463,4.3,0,0,1,0,0,1,0,-0.433883739117558,-0.9009688679024191,-0.7071067811865471,-0.7071067811865479
574,5.2,0,0,1,0,0,1,0,-0.433883739117558,-0.9009688679024191,-0.8660254037844385,-0.5000000000000004
631,4.3,0,0,1,0,0,1,0,-0.433883739117558,-0.9009688679024191,-0.9659258262890683,-0.25881904510252063
854,3.5,0,0,1,0,0,0,1,-0.433883739117558,-0.9009688679024191,-1.0,-1.8369701987210297e-16
568,2.0,0,0,1,0,0,0,1,-0.433883739117558,-0.9009688679024191,-0.9659258262890684,0.2588190451025203
427,1.2,0,0,1,0,0,0,1,-0.433883739117558,-0.9009688679024191,-0.8660254037844386,0.5000000000000001
396,1.0,0,0,1,0,0,0,1,-0.433883739117558,-0.9009688679024191,-0.7071067811865477,0.7071067811865474
414,0.5,0,0,1,0,0,0,1,-0.433883739117558,-0.9009688679024191,-0.5000000000000004,0.8660254037844384
284,0.3,0,0,1,0,0,0,1,-0.433883739117558,-0.9009688679024191,-0.25881904510252157,0.9659258262890681
218,0.5,0,0,1,0,0,0,1,-0.9749279121818236,-0.2225209339563146,0.0,1.0
229,0.6,0,0,1,0,0,0,1,-0.9749279121818236,-0.2225209339563146,0.25881904510252074,0.9659258262890683
176,0.9,0,0,1,0,0,0,1,-0.9749279121818236,-0.2225209339563146,0.49999999999999994,0.8660254037844387
149,0.8,0,0,1,0,0,0,1,-0.9749279121818236,-0.2225209339563146,0.7071067811865476,0.7071067811865476
93,0.6,0,0,1,0,0,0,1,-0.9749279121818236,-0.2225209339563146,0.8660254037844386,0.5000000000000001
55,0.8,0,0,1,0,0,0,1,-0.9749279121818236,-0.2225209339563146,0.9659258262890683,0.25881904510252074
71,0.5,0,0,1,0,0,0,1,-0.9749279121818236,-0.2225209339563146,1.0,6.123233995736766e-17
159,0.1,0,0,1,0,0,0,1,-0.9749279121818236,-0.2225209339563146,0.9659258262890683,-0.25881904510252063
306,0.4,0,0,1,0,0,0,1,-0.9749279121818236,-0.2225209339563146,0.8660254037844387,-0.4999999999999998
329,2.2,0,0,1,0,0,0,1,-0.9749279121818236,-0.2225209339563146,0.7071067811865476,-0.7071067811865475
354,5.1,0,0,1,0,0,1,0,-0.9749279121818236,-0.2225209339563146,0.49999999999999994,-0.8660254037844387
431,8.1,0,0,1,0,0,1,0,-0.9749279121818236,-0.2225209339563146,0.258819045102521,-0.9659258262890682
605,10.7,0,0,1,0,0,1,0,-0.9749279121818236,-0.2225209339563146,1.2246467991473532e-16,-1.0
771,12.2,0,0,1,0,0,1,0,-0.9749279121818236,-0.2225209339563146,-0.2588190451025208,-0.9659258262890683
1025,14.4,0,0,1,0,0,1,0,-0.9749279121818236,-0.2225209339563146,-0.4999999999999997,-0.8660254037844388
1238,16.0,0,0,1,0,0,1,0,-0.9749279121818236,-0.2225209339563146,-0.7071067811865471,-0.7071067811865479
1285,15.8,0,0,1,0,0,1,0,-0.9749279121818236,-0.2225209339563146,-0.8660254037844385,-0.5000000000000004
1197,15.0,0,0,1,0,0,1,0,-0.9749279121818236,-0.2225209339563146,-0.9659258262890683,-0.25881904510252063
920,13.9,0,0,1,0,0,0,1,-0.9749279121818236,-0.2225209339563146,-1.0,-1.8369701987210297e-16
630,12.7,0,0,1,0,0,0,1,-0.9749279121818236,-0.2225209339563146,-0.9659258262890684,0.2588190451025203
631,11.1,0,0,1,0,0,0,1,-0.9749279121818236,-0.2225209339563146,-0.8660254037844386,0.5000000000000001
588,10.3,0,0,1,0,0,0,1,-0.9749279121818236,-0.2225209339563146,-0.7071067811865477,0.7071067811865474
516,10.2,0,0,1,0,0,0,1,-0.9749279121818236,-0.2225209339563146,-0.5000000000000004,0.8660254037844384
215,9.4,0,0,1,0,0,0,1,-0.9749279121818236,-0.2225209339563146,-0.25881904510252157,0.9659258262890681
161,8.5,0,0,1,0,1,0,0,-0.7818314824680299,0.6234898018587334,0.0,1.0
118,8.3,0,0,1,0,1,0,0,-0.7818314824680299,0.6234898018587334,0.25881904510252074,0.9659258262890683
95,8.3,0,0,1,0,1,0,0,-0.7818314824680299,0.6234898018587334,0.49999999999999994,0.8660254037844387
90,8.5,0,0,1,0,1,0,0,-0.7818314824680299,0.6234898018587334,0.7071067811865476,0.7071067811865476
34,8.8,0,0,1,0,1,0,0,-0.7818314824680299,0.6234898018587334,0.8660254037844386,0.5000000000000001
15,8.8,0,0,1,0,1,0,0,-0.7818314824680299,0.6234898018587334,0.9659258262890683,0.25881904510252074
20,8.6,0,0,1,0,1,0,0,-0.7818314824680299,0.6234898018587334,1.0,6.123233995736766e-17
23,8.4,0,0,1,0,1,0,0,-0.7818314824680299,0.6234898018587334,0.9659258262890683,-0.25881904510252063
70,8.3,0,0,1,0,1,0,0,-0.7818314824680299,0.6234898018587334,0.8660254037844387,-0.4999999999999998
157,8.8,0,0,1,0,1,0,0,-0.7818314824680299,0.6234898018587334,0.7071067811865476,-0.7071067811865475
239,9.8,0,0,1,0,1,0,0,-0.7818314824680299,0.6234898018587334,0.49999999999999994,-0.8660254037844387
273,10.1,0,0,1,0,1,0,0,-0.7818314824680299,0.6234898018587334,0.258819045102521,-0.9659258262890682
358,10.7,0,0,1,0,1,0,0,-0.7818314824680299,0.6234898018587334,1.2246467991473532e-16,-1.0
429,10.8,0,0,1,0,1,0,0,-0.7818314824680299,0.6234898018587334,-0.2588190451025208,-0.9659258262890683
475,11.2,0,0,1,0,0,0,1,-0.7818314824680299,0.6234898018587334,-0.4999999999999997,-0.8660254037844388
468,11.7,0,0,1,0,0,0,1,-0.7818314824680299,0.6234898018587334,-0.7071067811865471,-0.7071067811865479
396,11.7,0,0,1,0,0,0,1,-0.7818314824680299,0.6234898018587334,-0.8660254037844385,-0.5000000000000004
492,11.8,0,0,1,0,0,0,1,-0.7818314824680299,0.6234898018587334,-0.9659258262890683,-0.25881904510252063
436,11.5,0,0,1,0,0,0,1,-0.7818314824680299,0.6234898018587334,-1.0,-1.8369701987210297e-16
289,11.2,0,0,1,0,0,0,1,-0.7818314824680299,0.6234898018587334,-0.9659258262890684,0.2588190451025203
26,11.3,0,0,1,0,0,0,1,-0.7818314824680299,0.6234898018587334,-0.8660254037844386,0.5000000000000001
7,10.6,0,0,1,0,1,0,0,-0.7818314824680299,0.6234898018587334,-0.7071067811865477,0.7071067811865474
8,9.6,0,0,1,0,0,0,1,-0.7818314824680299,0.6234898018587334,-0.5000000000000004,0.8660254037844384
9,8.7,0,0,1,0,0,0,1,-0.7818314824680299,0.6234898018587334,-0.25881904510252157,0.9659258262890681
22,7.6,0,0,1,0,1,0,0,0.0,1.0,0.0,1.0
23,7.0,0,0,1,0,0,0,1,0.0,1.0,0.25881904510252074,0.9659258262890683
9,6.3,0,0,1,0,0,0,1,0.0,1.0,0.49999999999999994,0.8660254037844387
2,5.7,0,0,1,0,1,0,0,0.0,1.0,0.7071067811865476,0.7071067811865476
4,5.1,0,0,1,0,0,0,1,0.0,1.0,0.8660254037844386,0.5000000000000001
22,4.7,0,0,1,0,0,0,1,0.0,1.0,0.9659258262890683,0.25881904510252074
20,4.2,0,0,1,0,1,0,0,0.0,1.0,1.0,6.123233995736766e-17
85,3.8,0,0,1,0,0,0,1,0.0,1.0,0.9659258262890683,-0.25881904510252063
184,3.6,0,0,1,0,0,0,1,0.0,1.0,0.8660254037844387,-0.4999999999999998
211,3.7,0,0,1,0,0,0,1,0.0,1.0,0.7071067811865476,-0.7071067811865475
232,4.4,0,0,1,0,0,0,1,0.0,1.0,0.49999999999999994,-0.8660254037844387
322,6.1,0,0,1,0,0,1,0,0.0,1.0,0.258819045102521,-0.9659258262890682
438,7.6,0,0,1,0,0,1,0,0.0,1.0,1.2246467991473532e-16,-1.0
465,8.3,0,0,1,0,0,1,0,0.0,1.0,-0.2588190451025208,-0.9659258262890683
550,10.0,0,0,1,0,0,1,0,0.0,1.0,-0.4999999999999997,-0.8660254037844388
637,10.3,0,0,1,0,0,1,0,0.0,1.0,-0.7071067811865471,-0.7071067811865479
718,11.0,0,0,1,0,0,1,0,0.0,1.0,-0.8660254037844385,-0.5000000000000004
865,10.0,0,0,1,0,0,1,0,0.0,1.0,-0.9659258262890683,-0.25881904510252063
1155,8.1,0,0,1,0,0,0,1,0.0,1.0,-1.0,-1.8369701987210297e-16
782,5.8,0,0,1,0,0,0,1,0.0,1.0,-0.9659258262890684,0.2588190451025203
578,4.3,0,0,1,0,0,0,1,0.0,1.0,-0.8660254037844386,0.5000000000000001
533,3.1,0,0,1,0,0,0,1,0.0,1.0,-0.7071067811865477,0.7071067811865474
466,2.3,0,0,1,0,0,0,1,0.0,1.0,-0.5000000000000004,0.8660254037844384
274,1.9,0,0,1,0,0,0,1,0.0,1.0,-0.25881904510252157,0.9659258262890681
224,1.3,0,0,1,0,0,0,1,0.7818314824680298,0.6234898018587336,0.0,1.0
188,0.8,0,0,1,0,0,0,1,0.7818314824680298,0.6234898018587336,0.25881904510252074,0.9659258262890683
122,0.3,0,0,1,0,0,0,1,0.7818314824680298,0.6234898018587336,0.49999999999999994,0.8660254037844387
82,0.1,0,0,1,0,0,0,1,0.7818314824680298,0.6234898018587336,0.7071067811865476,0.7071067811865476
79,-0.5,0,0,1,0,0,0,1,0.7818314824680298,0.6234898018587336,0.8660254037844386,0.5000000000000001
80,-0.9,0,0,1,0,0,0,1,0.7818314824680298,0.6234898018587336,0.9659258262890683,0.25881904510252074
214,-1.0,0,0,1,0,0,0,1,0.7818314824680298,0.6234898018587336,1.0,6.123233995736766e-17
583,-1.0,0,0,1,0,0,0,1,0.7818314824680298,0.6234898018587336,0.9659258262890683,-0.25881904510252063
997,-0.7,0,0,1,0,0,0,1,0.7818314824680298,0.6234898018587336,0.8660254037844387,-0.4999999999999998
556,1.2,0,0,1,0,0,0,1,0.7818314824680298,0.6234898018587336,0.7071067811865476,-0.7071067811865475
380,3.7,0,0,1,0,0,1,0,0.7818314824680298,0.6234898018587336,0.49999999999999994,-0.8660254037844387
475,6.3,0,0,1,0,0,1,0,0.7818314824680298,0.6234898018587336,0.258819045102521,-0.9659258262890682
504,8.5,0,0,1,0,0,1,0,0.7818314824680298,0.6234898018587336,1.2246467991473532e-16,-1.0
528,9.3,0,0,1,0,0,1,0,0.7818314824680298,0.6234898018587336,-0.2588190451025208,-0.9659258262890683
567,9.2,0,0,1,0,0,1,0,0.7818314824680298,0.6234898018587336,-0.4999999999999997,-0.8660254037844388
616,10.1,0,0,1,0,0,1,0,0.7818314824680298,0.6234898018587336,-0.7071067811865471,-0.7071067811865479
680,10.6,0,0,1,0,0,1,0,0.7818314824680298,0.6234898018587336,-0.8660254037844385,-0.5000000000000004
883,10.2,0,0,1,0,0,1,0,0.7818314824680298,0.6234898018587336,-0.9659258262890683,-0.25881904510252063
1246,8.7,0,0,1,0,0,0,1,0.7818314824680298,0.6234898018587336,-1.0,-1.8369701987210297e-16
833,7.1,0,0,1,0,0,0,1,0.7818314824680298,0.6234898018587336,-0.9659258262890684,0.2588190451025203
666,6.1,0,0,1,0,0,0,1,0.7818314824680298,0.6234898018587336,-0.8660254037844386,0.5000000000000001
625,5.5,0,0,1,0,0,0,1,0.7818314824680298,0.6234898018587336,-0.7071067811865477,0.7071067811865474
514,4.5,0,0,1,0,0,0,1,0.7818314824680298,0.6234898018587336,-0.5000000000000004,0.8660254037844384
361,3.5,0,0,1,0,0,0,1,0.7818314824680298,0.6234898018587336,-0.25881904510252157,0.9659258262890681
289,2.8,0,0,1,0,0,0,1,0.9749279121818236,-0.22252093395631434,0.0,1.0
194,2.8,0,0,1,0,0,0,1,0.9749279121818236,-0.22252093395631434,0.25881904510252074,0.9659258262890683
134,2.6,0,0,1,0,0,0,1,0.9749279121818236,-0.22252093395631434,0.49999999999999994,0.8660254037844387
92,2.7,0,0,1,0,0,0,1,0.9749279121818236,-0.22252093395631434,0.7071067811865476,0.7071067811865476
49,2.6,0,0,1,0,0,0,1,0.9749279121818236,-0.22252093395631434,0.8660254037844386,0.5000000000000001
97,2.5,0,0,1,0,0,0,1,0.9749279121818236,-0.22252093395631434,0.9659258262890683,0.25881904510252074
232,2.4,0,0,1,0,0,0,1,0.9749279121818236,-0.22252093395631434,1.0,6.123233995736766e-17
598,2.2,0,0,1,0,0,0,1,0.9749279121818236,-0.22252093395631434,0.9659258262890683,-0.25881904510252063
1032,2.6,0,0,1,0,0,0,1,0.9749279121818236,-0.22252093395631434,0.8660254037844387,-0.4999999999999998
566,3.8,0,0,1,0,0,0,1,0.9749279121818236,-0.22252093395631434,0.7071067811865476,-0.7071067811865475
410,5.2,0,0,1,0,0,0,1,0.9749279121818236,-0.22252093395631434,0.49999999999999994,-0.8660254037844387
441,8.0,0,0,1,0,0,1,0,0.9749279121818236,-0.22252093395631434,0.258819045102521,-0.9659258262890682
550,9.6,0,0,1,0,0,1,0,0.9749279121818236,-0.22252093395631434,1.2246467991473532e-16,-1.0
509,9.9,0,0,1,0,0,1,0,0.9749279121818236,-0.22252093395631434,-0.2588190451025208,-0.9659258262890683
505,9.8,0,0,1,0,0,1,0,0.9749279121818236,-0.22252093395631434,-0.4999999999999997,-0.8660254037844388
620,10.2,0,0,1,0,0,1,0,0.9749279121818236,-0.22252093395631434,-0.7071067811865471,-0.7071067811865479
646,10.4,0,0,1,0,0,0,1,0.9749279121818236,-0.22252093395631434,-0.8660254037844385,-0.5000000000000004
849,10.4,0,0,1,0,0,0,1,0.9749279121818236,-0.22252093395631434,-0.9659258262890683,-0.25881904510252063
1365,9.6,0,0,1,0,0,0,1,0.9749279121818236,-0.22252093395631434,-1.0,-1.8369701987210297e-16
799,8.9,0,0,1,0,0,0,1,0.9749279121818236,-0.22252093395631434,-0.9659258262890684,0.2588190451025203
587,8.5,0,0,1,0,0,0,1,0.9749279121818236,-0.22252093395631434,-0.8660254037844386,0.5000000000000001
411,7.9,0,0,1,0,0,0,1,0.9749279121818236,-0.22252093395631434,-0.7071067811865477,0.7071067811865474
147,7.2,0,0,1,0,0,0,1,0.9749279121818236,-0.22252093395631434,-0.5000000000000004,0.8660254037844384
48,6.0,0,0,1,0,0,0,1,0.9749279121818236,-0.22252093395631434,-0.25881904510252157,0.9659258262890681
49,5.2,0,0,1,0,1,0,0,0.43388373911755823,-0.900968867902419,0.0,1.0
23,4.7,0,0,1,0,0,0,1,0.43388373911755823,-0.900968867902419,0.25881904510252074,0.9659258262890683
19,4.2,0,0,1,0,0,0,1,0.43388373911755823,-0.900968867902419,0.49999999999999994,0.8660254037844387
12,3.8,0,0,1,0,1,0,0,0.43388373911755823,-0.900968867902419,0.7071067811865476,0.7071067811865476
8,3.3,0,0,1,0,0,0,1,0.43388373911755823,-0.900968867902419,0.8660254037844386,0.5000000000000001
17,3.1,0,0,1,0,0,0,1,0.43388373911755823,-0.900968867902419,0.9659258262890683,0.25881904510252074
32,3.1,0,0,1,0,1,0,0,0.43388373911755823,-0.900968867902419,1.0,6.123233995736766e-17
64,3.0,0,0,1,0,0,0,1,0.43388373911755823,-0.900968867902419,0.9659258262890683,-0.25881904510252063
88,3.0,0,0,1,0,1,0,0,0.43388373911755823,-0.900968867902419,0.8660254037844387,-0.4999999999999998
100,3.4,0,0,1,0,1,0,0,0.43388373911755823,-0.900968867902419,0.7071067811865476,-0.7071067811865475
165,3.6,0,0,1,0,0,0,1,0.43388373911755823,-0.900968867902419,0.49999999999999994,-0.8660254037844387
290,4.5,0,0,1,0,0,0,1,0.43388373911755823,-0.900968867902419,0.258819045102521,-0.9659258262890682
375,5.6,0,0,1,0,0,1,0,0.43388373911755823,-0.900968867902419,1.2246467991473532e-16,-1.0
405,6.7,0,0,1,0,0,0,1,0.43388373911755823,-0.900968867902419,-0.2588190451025208,-0.9659258262890683
452,7.7,0,0,1,0,0,1,0,0.43388373911755823,-0.900968867902419,-0.4999999999999997,-0.8660254037844388
555,9.2,0,0,1,0,0,0,1,0.43388373911755823,-0.900968867902419,-0.7071067811865471,-0.7071067811865479
594,9.5,0,0,1,0,0,0,1,0.43388373911755823,-0.900968867902419,-0.8660254037844385,-0.5000000000000004
757,7.5,0,0,1,0,0,0,1,0.43388373911755823,-0.900968867902419,-0.9659258262890683,-0.25881904510252063
1091,5.9,0,0,1,0,0,0,1,0.43388373911755823,-0.900968867902419,-1.0,-1.8369701987210297e-16
683,4.5,0,0,1,0,0,0,1,0.43388373911755823,-0.900968867902419,-0.9659258262890684,0.2588190451025203
586,3.3,0,0,1,0,1,0,0,0.43388373911755823,-0.900968867902419,-0.8660254037844386,0.5000000000000001
533,3.1,0,0,1,0,1,0,0,0.43388373911755823,-0.900968867902419,-0.7071067811865477,0.7071067811865474
498,2.8,0,0,1,0,1,0,0,0.43388373911755823,-0.900968867902419,-0.5000000000000004,0.8660254037844384
315,2.8,0,0,1,0,1,0,0,0.43388373911755823,-0.900968867902419,-0.25881904510252157,0.9659258262890681
272,3.0,0,0,1,0,1,0,0,-0.433883739117558,-0.9009688679024191,0.0,1.0
228,2.8,0,0,1,0,1,0,0,-0.433883739117558,-0.9009688679024191,0.25881904510252074,0.9659258262890683
155,2.8,0,0,1,0,1,0,0,-0.433883739117558,-0.9009688679024191,0.49999999999999994,0.8660254037844387
105,2.7,0,0,1,0,1,0,0,-0.433883739117558,-0.9009688679024191,0.7071067811865476,0.7071067811865476
66,2.5,0,0,1,0,1,0,0,-0.433883739117558,-0.9009688679024191,0.8660254037844386,0.5000000000000001
88,2.5,0,0,1,0,0,0,1,-0.433883739117558,-0.9009688679024191,0.9659258262890683,0.25881904510252074
195,2.5,0,0,1,0,0,0,1,-0.433883739117558,-0.9009688679024191,1.0,6.123233995736766e-17
574,1.6,0,0,1,0,0,0,1,-0.433883739117558,-0.9009688679024191,0.9659258262890683,-0.25881904510252063
1041,1.8,0,0,1,0,0,0,1,-0.433883739117558,-0.9009688679024191,0.8660254037844387,-0.4999999999999998
570,3.5,0,0,1,0,0,0,1,-0.433883739117558,-0.9009688679024191,0.7071067811865476,-0.7071067811865475
361,4.8,0,0,1,0,0,0,1,-0.433883739117558,-0.9009688679024191,0.49999999999999994,-0.8660254037844387
444,5.9,0,0,1,0,0,1,0,-0.433883739117558,-0.9009688679024191,0.258819045102521,-0.9659258262890682
510,6.8,0,0,1,0,0,1,0,-0.433883739117558,-0.9009688679024191,1.2246467991473532e-16,-1.0
509,7.5,0,0,1,0,0,1,0,-0.433883739117558,-0.9009688679024191,-0.2588190451025208,-0.9659258262890683
542,8.0,0,0,1,0,0,1,0,-0.433883739117558,-0.9009688679024191,-0.4999999999999997,-0.8660254037844388
611,7.7,0,0,1,0,0,0,1,-0.433883739117558,-0.9009688679024191,-0.7071067811865471,-0.7071067811865479
686,9.6,0,0,1,0,0,0,1,-0.433883739117558,-0.9009688679024191,-0.8660254037844385,-0.5000000000000004
834,8.9,0,0,1,0,0,0,1,-0.433883739117558,-0.9009688679024191,-0.9659258262890683,-0.25881904510252063
1231,7.0,0,0,1,0,0,0,1,-0.433883739117558,-0.9009688679024191,-1.0,-1.8369701987210297e-16
718,5.4,0,0,1,0,0,0,1,-0.433883739117558,-0.9009688679024191,-0.9659258262890684,0.2588190451025203
535,4.3,0,0,1,0,0,0,1,-0.433883739117558,-0.9009688679024191,-0.8660254037844386,0.5000000000000001
537,3.5,0,0,1,0,0,0,1,-0.433883739117558,-0.9009688679024191,-0.7071067811865477,0.7071067811865474
521,2.9,0,0,1,0,0,0,1,-0.433883739117558,-0.9009688679024191,-0.5000000000000004,0.8660254037844384
309,2.5,0,0,1,0,0,0,1,-0.433883739117558,-0.9009688679024191,-0.25881904510252157,0.9659258262890681
328,2.1,0,0,1,0,0,0,1,-0.9749279121818236,-0.2225209339563146,0.0,1.0
305,2.0,0,0,1,0,0,0,1,-0.9749279121818236,-0.2225209339563146,0.25881904510252074,0.9659258262890683
241,1.6,0,0,1,0,0,0,1,-0.9749279121818236,-0.2225209339563146,0.49999999999999994,0.8660254037844387
139,1.3,0,0,1,0,0,0,1,-0.9749279121818236,-0.2225209339563146,0.7071067811865476,0.7071067811865476
91,0.9,0,0,1,0,0,0,1,-0.9749279121818236,-0.2225209339563146,0.8660254037844386,0.5000000000000001
79,0.8,0,0,1,0,0,0,1,-0.9749279121818236,-0.2225209339563146,0.9659258262890683,0.25881904510252074
74,1.1,0,0,1,0,0,0,1,-0.9749279121818236,-0.2225209339563146,1.0,6.123233995736766e-17
208,0.9,0,0,1,0,0,0,1,-0.9749279121818236,-0.2225209339563146,0.9659258262890683,-0.25881904510252063
340,1.5,0,0,1,0,1,0,0,-0.9749279121818236,-0.2225209339563146,0.8660254037844387,-0.4999999999999998
381,2.7,0,0,1,0,1,0,0,-0.9749279121818236,-0.2225209339563146,0.7071067811865476,-0.7071067811865475
416,3.5,0,0,1,0,0,0,1,-0.9749279121818236,-0.2225209339563146,0.49999999999999994,-0.8660254037844387
497,5.7,0,0,1,0,0,0,1,-0.9749279121818236,-0.2225209339563146,0.258819045102521,-0.9659258262890682
650,7.1,0,0,1,0,0,0,1,-0.9749279121818236,-0.2225209339563146,1.2246467991473532e-16,-1.0
757,8.2,0,0,1,0,0,0,1,-0.9749279121818236,-0.2225209339563146,-0.2588190451025208,-0.9659258262890683
906,9.2,0,0,1,0,0,0,1,-0.9749279121818236,-0.2225209339563146,-0.4999999999999997,-0.8660254037844388
931,8.1,0,0,1,0,0,0,1,-0.9749279121818236,-0.2225209339563146,-0.7071067811865471,-0.7071067811865479
972,8.3,0,0,1,0,0,0,1,-0.9749279121818236,-0.2225209339563146,-0.8660254037844385,-0.5000000000000004
829,7.7,0,0,1,0,0,1,0,-0.9749279121818236,-0.2225209339563146,-0.9659258262890683,-0.25881904510252063
664,6.2,0,0,1,0,0,0,1,-0.9749279121818236,-0.2225209339563146,-1.0,-1.8369701987210297e-16
573,5.3,0,0,1,0,0,0,1,-0.9749279121818236,-0.2225209339563146,-0.9659258262890684,0.2588190451025203
447,5.2,0,0,1,0,0,0,1,-0.9749279121818236,-0.2225209339563146,-0.8660254037844386,0.5000000000000001
470,5.0,0,0,1,0,0,0,1,-0.9749279121818236,-0.2225209339563146,-0.7071067811865477,0.7071067811865474
421,5.0,0,0,1,0,0,0,1,-0.9749279121818236,-0.2225209339563146,-0.5000000000000004,0.8660254037844384
345,5.1,0,0,1,0,0,0,1,-0.9749279121818236,-0.2225209339563146,-0.25881904510252157,0.9659258262890681
376,5.1,0,0,1,0,0,0,1,-0.7818314824680299,0.6234898018587334,0.0,1.0
222,4.8,0,0,1,0,0,0,1,-0.7818314824680299,0.6234898018587334,0.25881904510252074,0.9659258262890683
171,4.7,0,0,1,0,1,0,0,-0.7818314824680299,0.6234898018587334,0.49999999999999994,0.8660254037844387
115,4.4,0,0,1,0,1,0,0,-0.7818314824680299,0.6234898018587334,0.7071067811865476,0.7071067811865476
80,4.2,0,0,1,0,1,0,0,-0.7818314824680299,0.6234898018587334,0.8660254037844386,0.5000000000000001
45,3.9,0,0,1,0,1,0,0,-0.7818314824680299,0.6234898018587334,0.9659258262890683,0.25881904510252074
63,3.4,0,0,1,0,1,0,0,-0.7818314824680299,0.6234898018587334,1.0,6.123233995736766e-17
119,2.9,0,0,1,0,1,0,0,-0.7818314824680299,0.6234898018587334,0.9659258262890683,-0.25881904510252063
212,2.8,0,0,1,0,1,0,0,-0.7818314824680299,0.6234898018587334,0.8660254037844387,-0.4999999999999998
289,3.9,0,0,1,0,1,0,0,-0.7818314824680299,0.6234898018587334,0.7071067811865476,-0.7071067811865475
394,5.9,0,0,1,0,1,0,0,-0.7818314824680299,0.6234898018587334,0.49999999999999994,-0.8660254037844387
425,7.6,0,0,1,0,1,0,0,-0.7818314824680299,0.6234898018587334,0.258819045102521,-0.9659258262890682
666,9.2,0,0,1,0,0,0,1,-0.7818314824680299,0.6234898018587334,1.2246467991473532e-16,-1.0
843,10.3,0,0,1,0,0,0,1,-0.7818314824680299,0.6234898018587334,-0.2588190451025208,-0.9659258262890683
1154,11.6,0,0,1,0,0,1,0,-0.7818314824680299,0.6234898018587334,-0.4999999999999997,-0.8660254037844388
1294,11.9,0,0,1,0,0,0,1,-0.7818314824680299,0.6234898018587334,-0.7071067811865471,-0.7071067811865479
1205,11.9,0,0,1,0,0,0,1,-0.7818314824680299,0.6234898018587334,-0.8660254037844385,-0.5000000000000004
1028,11.1,0,0,1,0,0,1,0,-0.7818314824680299,0.6234898018587334,-0.9659258262890683,-0.25881904510252063
776,9.4,0,0,1,0,0,0,1,-0.7818314824680299,0.6234898018587334,-1.0,-1.8369701987210297e-16
596,7.8,0,0,1,0,0,0,1,-0.7818314824680299,0.6234898018587334,-0.9659258262890684,0.2588190451025203
530,6.7,0,0,1,0,0,0,1,-0.7818314824680299,0.6234898018587334,-0.8660254037844386,0.5000000000000001
533,5.7,0,0,1,0,0,0,1,-0.7818314824680299,0.6234898018587334,-0.7071067811865477,0.7071067811865474
419,5.3,0,0,1,0,0,0,1,-0.7818314824680299,0.6234898018587334,-0.5000000000000004,0.8660254037844384
288,4.2,0,0,1,0,0,0,1,-0.7818314824680299,0.6234898018587334,-0.25881904510252157,0.9659258262890681
222,3.5,0,0,1,0,0,0,1,0.0,1.0,0.0,1.0
163,2.9,0,0,1,0,0,0,1,0.0,1.0,0.25881904510252074,0.9659258262890683
95,2.7,0,0,1,0,0,0,1,0.0,1.0,0.49999999999999994,0.8660254037844387
60,2.3,0,0,1,0,0,0,1,0.0,1.0,0.7071067811865476,0.7071067811865476
47,2.8,0,0,1,0,0,0,1,0.0,1.0,0.8660254037844386,0.5000000000000001
106,3.3,0,0,1,0,0,0,1,0.0,1.0,0.9659258262890683,0.25881904510252074
261,2.8,0,0,1,0,0,0,1,0.0,1.0,1.0,6.123233995736766e-17
662,3.0,0,0,1,0,0,0,1,0.0,1.0,0.9659258262890683,-0.25881904510252063
1066,3.8,0,0,1,0,0,0,1,0.0,1.0,0.8660254037844387,-0.4999999999999998
604,4.8,0,0,1,0,0,0,1,0.0,1.0,0.7071067811865476,-0.7071067811865475
406,6.6,0,0,1,0,0,0,1,0.0,1.0,0.49999999999999994,-0.8660254037844387
463,9.2,0,0,1,0,0,0,1,0.0,1.0,0.258819045102521,-0.9659258262890682
581,11.7,0,0,1,0,0,0,1,0.0,1.0,1.2246467991473532e-16,-1.0
588,13.6,0,0,1,0,1,0,0,0.0,1.0,-0.2588190451025208,-0.9659258262890683
603,14.9,0,0,1,0,1,0,0,0.0,1.0,-0.4999999999999997,-0.8660254037844388
694,15.3,0,0,1,0,1,0,0,0.0,1.0,-0.7071067811865471,-0.7071067811865479
752,14.5,0,0,1,0,1,0,0,0.0,1.0,-0.8660254037844385,-0.5000000000000004
931,13.7,0,0,1,0,1,0,0,0.0,1.0,-0.9659258262890683,-0.25881904510252063
1425,12.2,0,0,1,0,1,0,0,0.0,1.0,-1.0,-1.8369701987210297e-16
946,10.6,0,0,1,0,1,0,0,0.0,1.0,-0.9659258262890684,0.2588190451025203
801,9.4,0,0,1,0,1,0,0,0.0,1.0,-0.8660254037844386,0.5000000000000001
771,8.7,0,0,1,0,1,0,0,0.0,1.0,-0.7071067811865477,0.7071067811865474
695,7.8,0,0,1,0,0,0,1,0.0,1.0,-0.5000000000000004,0.8660254037844384
397,6.8,0,0,1,0,1,0,0,0.0,1.0,-0.25881904510252157,0.9659258262890681
309,6.4,0,0,1,0,0,0,1,0.7818314824680298,0.6234898018587336,0.0,1.0
231,5.9,0,0,1,0,0,0,1,0.7818314824680298,0.6234898018587336,0.25881904510252074,0.9659258262890683
161,5.4,0,0,1,0,0,0,1,0.7818314824680298,0.6234898018587336,0.49999999999999994,0.8660254037844387
103,5.5,0,0,1,0,0,0,1,0.7818314824680298,0.6234898018587336,0.7071067811865476,0.7071067811865476
88,6.2,0,0,1,0,1,0,0,0.7818314824680298,0.6234898018587336,0.8660254037844386,0.5000000000000001
97,6.8,0,0,1,0,0,0,1,0.7818314824680298,0.6234898018587336,0.9659258262890683,0.25881904510252074
252,7.0,0,0,1,0,0,0,1,0.7818314824680298,0.6234898018587336,1.0,6.123233995736766e-17
668,7.2,0,0,1,0,0,0,1,0.7818314824680298,0.6234898018587336,0.9659258262890683,-0.25881904510252063
1215,8.0,0,0,1,0,0,0,1,0.7818314824680298,0.6234898018587336,0.8660254037844387,-0.4999999999999998
616,9.4,0,0,1,0,0,0,1,0.7818314824680298,0.6234898018587336,0.7071067811865476,-0.7071067811865475
428,10.9,0,0,1,0,0,0,1,0.7818314824680298,0.6234898018587336,0.49999999999999994,-0.8660254037844387
571,12.6,0,0,1,0,0,0,1,0.7818314824680298,0.6234898018587336,0.258819045102521,-0.9659258262890682
626,15.5,0,0,1,0,0,0,1,0.7818314824680298,0.6234898018587336,1.2246467991473532e-16,-1.0
678,17.1,0,0,1,0,0,0,1,0.7818314824680298,0.6234898018587336,-0.2588190451025208,-0.9659258262890683
705,18.3,0,0,1,0,0,1,0,0.7818314824680298,0.6234898018587336,-0.4999999999999997,-0.8660254037844388
815,18.6,0,0,1,0,0,0,1,0.7818314824680298,0.6234898018587336,-0.7071067811865471,-0.7071067811865479
890,17.6,0,0,1,0,0,0,1,0.7818314824680298,0.6234898018587336,-0.8660254037844385,-0.5000000000000004
1085,16.9,0,0,1,0,0,0,1,0.7818314824680298,0.6234898018587336,-0.9659258262890683,-0.25881904510252063
1749,15.7,0,0,1,0,0,0,1,0.7818314824680298,0.6234898018587336,-1.0,-1.8369701987210297e-16
1224,14.1,0,0,1,0,0,0,1,0.7818314824680298,0.6234898018587336,-0.9659258262890684,0.2588190451025203
986,13.9,0,0,1,0,0,0,1,0.7818314824680298,0.6234898018587336,-0.8660254037844386,0.5000000000000001
982,13.7,0,0,1,0,0,0,1,0.7818314824680298,0.6234898018587336,-0.7071067811865477,0.7071067811865474
912,13.5,0,0,1,0,0,0,1,0.7818314824680298,0.6234898018587336,-0.5000000000000004,0.8660254037844384
572,13.4,0,0,1,0,0,0,1,0.7818314824680298,0.6234898018587336,-0.25881904510252157,0.9659258262890681
412,13.6,0,0,1,0,0,0,1,0.9749279121818236,-0.22252093395631434,0.0,1.0
309,13.7,0,0,1,0,0,0,1,0.9749279121818236,-0.22252093395631434,0.25881904510252074,0.9659258262890683
226,13.8,0,0,1,0,0,0,1,0.9749279121818236,-0.22252093395631434,0.49999999999999994,0.8660254037844387
142,14.0,0,0,1,0,0,0,1,0.9749279121818236,-0.22252093395631434,0.7071067811865476,0.7071067811865476
82,14.0,0,0,1,0,0,0,1,0.9749279121818236,-0.22252093395631434,0.8660254037844386,0.5000000000000001
123,14.1,0,0,1,0,0,0,1,0.9749279121818236,-0.22252093395631434,0.9659258262890683,0.25881904510252074
290,14.1,0,0,1,0,0,0,1,0.9749279121818236,-0.22252093395631434,1.0,6.123233995736766e-17
786,14.1,0,0,1,0,0,0,1,0.9749279121818236,-0.22252093395631434,0.9659258262890683,-0.25881904510252063
1371,14.2,0,0,1,0,0,0,1,0.9749279121818236,-0.22252093395631434,0.8660254037844387,-0.4999999999999998
761,14.6,0,0,1,0,0,0,1,0.9749279121818236,-0.22252093395631434,0.7071067811865476,-0.7071067811865475
552,15.7,0,0,1,0,0,0,1,0.9749279121818236,-0.22252093395631434,0.49999999999999994,-0.8660254037844387
643,17.5,0,0,1,0,0,1,0,0.9749279121818236,-0.22252093395631434,0.258819045102521,-0.9659258262890682
813,19.9,0,0,1,0,0,1,0,0.9749279121818236,-0.22252093395631434,1.2246467991473532e-16,-1.0
789,20.9,0,0,1,0,0,0,1,0.9749279121818236,-0.22252093395631434,-0.2588190451025208,-0.9659258262890683
878,21.1,0,0,1,0,0,0,1,0.9749279121818236,-0.22252093395631434,-0.4999999999999997,-0.8660254037844388
1025,21.7,0,0,1,0,0,0,1,0.9749279121818236,-0.22252093395631434,-0.7071067811865471,-0.7071067811865479
1049,21.7,0,0,1,0,0,0,1,0.9749279121818236,-0.22252093395631434,-0.8660254037844385,-0.5000000000000004
1325,20.5,0,0,1,0,0,0,1,0.9749279121818236,-0.22252093395631434,-0.9659258262890683,-0.25881904510252063
2100,19.2,0,0,1,0,0,0,1,0.9749279121818236,-0.22252093395631434,-1.0,-1.8369701987210297e-16
1478,17.9,0,0,1,0,0,0,1,0.9749279121818236,-0.22252093395631434,-0.9659258262890684,0.2588190451025203
1275,17.2,0,0,1,0,0,0,1,0.9749279121818236,-0.22252093395631434,-0.8660254037844386,0.5000000000000001
1181,16.8,0,0,1,0,0,0,1,0.9749279121818236,-0.22252093395631434,-0.7071067811865477,0.7071067811865474
983,16.2,0,0,1,0,0,0,1,0.9749279121818236,-0.22252093395631434,-0.5000000000000004,0.8660254037844384
587,16.1,0,0,1,0,0,0,1,0.9749279121818236,-0.22252093395631434,-0.25881904510252157,0.9659258262890681
466,16.0,0,0,1,0,0,0,1,0.43388373911755823,-0.900968867902419,0.0,1.0
355,16.3,0,0,1,0,0,0,1,0.43388373911755823,-0.900968867902419,0.25881904510252074,0.9659258262890683
203,16.5,0,0,1,0,0,0,1,0.43388373911755823,-0.900968867902419,0.49999999999999994,0.8660254037844387
51,16.5,0,0,1,0,0,0,1,0.43388373911755823,-0.900968867902419,0.7071067811865476,0.7071067811865476
9,15.1,0,0,1,0,0,0,1,0.43388373911755823,-0.900968867902419,0.8660254037844386,0.5000000000000001
8,14.5,0,0,1,0,1,0,0,0.43388373911755823,-0.900968867902419,0.9659258262890683,0.25881904510252074
10,14.4,0,0,1,0,1,0,0,0.43388373911755823,-0.900968867902419,1.0,6.123233995736766e-17
15,14.3,0,0,1,0,1,0,0,0.43388373911755823,-0.900968867902419,0.9659258262890683,-0.25881904510252063
39,14.1,0,0,1,0,1,0,0,0.43388373911755823,-0.900968867902419,0.8660254037844387,-0.4999999999999998
32,14.1,0,0,1,0,1,0,0,0.43388373911755823,-0.900968867902419,0.7071067811865476,-0.7071067811865475
27,14.2,0,0,1,0,1,0,0,0.43388373911755823,-0.900968867902419,0.49999999999999994,-0.8660254037844387
65,13.9,0,0,1,0,1,0,0,0.43388373911755823,-0.900968867902419,0.258819045102521,-0.9659258262890682
204,13.3,0,0,1,0,1,0,0,0.43388373911755823,-0.900968867902419,1.2246467991473532e-16,-1.0
269,12.7,0,0,1,0,1,0,0,0.43388373911755823,-0.900968867902419,-0.2588190451025208,-0.9659258262890683
289,12.1,0,0,1,0,1,0,0,0.43388373911755823,-0.900968867902419,-0.4999999999999997,-0.8660254037844388
329,11.6,0,0,1,0,1,0,0,0.43388373911755823,-0.900968867902419,-0.7071067811865471,-0.7071067811865479
214,10.7,0,0,1,0,1,0,0,0.43388373911755823,-0.900968867902419,-0.8660254037844385,-0.5000000000000004
411,10.9,0,0,1,0,1,0,0,0.43388373911755823,-0.900968867902419,-0.9659258262890683,-0.25881904510252063
676,10.4,0,0,1,0,1,0,0,0.43388373911755823,-0.900968867902419,-1.0,-1.8369701987210297e-16
606,10.4,0,0,1,0,1,0,0,0.43388373911755823,-0.900968867902419,-0.9659258262890684,0.2588190451025203
533,10.5,0,0,1,0,1,0,0,0.43388373911755823,-0.900968867902419,-0.8660254037844386,0.5000000000000001
567,10.4,0,0,1,0,1,0,0,0.43388373911755823,-0.900968867902419,-0.7071067811865477,0.7071067811865474
506,9.8,0,0,1,0,1,0,0,0.43388373911755823,-0.900968867902419,-0.5000000000000004,0.8660254037844384
343,9.3,0,0,1,0,0,0,1,0.43388373911755823,-0.900968867902419,-0.25881904510252157,0.9659258262890681
287,8.4,0,0,1,0,0,0,1,-0.433883739117558,-0.9009688679024191,0.0,1.0
278,7.2,0,0,1,0,0,0,1,-0.433883739117558,-0.9009688679024191,0.25881904510252074,0.9659258262890683
178,6.7,0,0,1,0,0,0,1,-0.433883739117558,-0.9009688679024191,0.49999999999999994,0.8660254037844387
102,6.1,0,0,1,0,0,0,1,-0.433883739117558,-0.9009688679024191,0.7071067811865476,0.7071067811865476
85,5.7,0,0,1,0,0,0,1,-0.433883739117558,-0.9009688679024191,0.8660254037844386,0.5000000000000001
85,5.2,0,0,1,0,0,0,1,-0.433883739117558,-0.9009688679024191,0.9659258262890683,0.25881904510252074
222,4.4,0,0,1,0,0,0,1,-0.433883739117558,-0.9009688679024191,1.0,6.123233995736766e-17
652,3.7,0,0,1,0,0,0,1,-0.433883739117558,-0.9009688679024191,0.9659258262890683,-0.25881904510252063
1176,3.8,0,0,1,0,0,0,1,-0.433883739117558,-0.9009688679024191,0.8660254037844387,-0.4999999999999998
683,5.2,0,0,1,0,0,1,0,-0.433883739117558,-0.9009688679024191,0.7071067811865476,-0.7071067811865475
507,6.7,0,0,1,0,0,1,0,-0.433883739117558,-0.9009688679024191,0.49999999999999994,-0.8660254037844387
557,8.2,0,0,1,0,0,1,0,-0.433883739117558,-0.9009688679024191,0.258819045102521,-0.9659258262890682
705,9.4,0,0,1,0,0,1,0,-0.433883739117558,-0.9009688679024191,1.2246467991473532e-16,-1.0
715,10.4,0,0,1,0,0,1,0,-0.433883739117558,-0.9009688679024191,-0.2588190451025208,-0.9659258262890683
772,11.0,0,0,1,0,0,1,0,-0.433883739117558,-0.9009688679024191,-0.4999999999999997,-0.8660254037844388
923,11.9,0,0,1,0,0,1,0,-0.433883739117558,-0.9009688679024191,-0.7071067811865471,-0.7071067811865479
976,11.6,0,0,1,0,0,1,0,-0.433883739117558,-0.9009688679024191,-0.8660254037844385,-0.5000000000000004
1160,11.2,0,0,1,0,0,1,0,-0.433883739117558,-0.9009688679024191,-0.9659258262890683,-0.25881904510252063
1641,10.0,0,0,1,0,0,0,1,-0.433883739117558,-0.9009688679024191,-1.0,-1.8369701987210297e-16
974,8.1,0,0,1,0,0,0,1,-0.433883739117558,-0.9009688679024191,-0.9659258262890684,0.2588190451025203
774,6.7,0,0,1,0,0,0,1,-0.433883739117558,-0.9009688679024191,-0.8660254037844386,0.5000000000000001
710,5.8,0,0,1,0,0,0,1,-0.433883739117558,-0.9009688679024191,-0.7071067811865477,0.7071067811865474
660,4.9,0,0,1,0,0,0,1,-0.433883739117558,-0.9009688679024191,-0.5000000000000004,0.8660254037844384
455,4.2,0,0,1,0,0,0,1,-0.433883739117558,-0.9009688679024191,-0.25881904510252157,0.9659258262890681
414,3.7,0,0,1,0,0,0,1,-0.9749279121818236,-0.2225209339563146,0.0,1.0
366,3.0,0,0,1,0,0,0,1,-0.9749279121818236,-0.2225209339563146,0.25881904510252074,0.9659258262890683
268,2.3,0,0,1,0,0,0,1,-0.9749279121818236,-0.2225209339563146,0.49999999999999994,0.8660254037844387
157,1.8,0,0,1,0,0,0,1,-0.9749279121818236,-0.2225209339563146,0.7071067811865476,0.7071067811865476
103,1.3,0,0,1,0,0,0,1,-0.9749279121818236,-0.2225209339563146,0.8660254037844386,0.5000000000000001
60,1.0,0,0,1,0,0,0,1,-0.9749279121818236,-0.2225209339563146,0.9659258262890683,0.25881904510252074
109,0.8,0,0,1,0,0,0,1,-0.9749279121818236,-0.2225209339563146,1.0,6.123233995736766e-17
193,0.5,0,0,1,0,0,0,1,-0.9749279121818236,-0.2225209339563146,0.9659258262890683,-0.25881904510252063
384,1.3,0,0,1,0,0,0,1,-0.9749279121818236,-0.2225209339563146,0.8660254037844387,-0.4999999999999998
520,3.4,0,0,1,0,0,1,0,-0.9749279121818236,-0.2225209339563146,0.7071067811865476,-0.7071067811865475
561,6.0,0,0,1,0,0,1,0,-0.9749279121818236,-0.2225209339563146,0.49999999999999994,-0.8660254037844387
742,8.0,0,0,1,0,0,1,0,-0.9749279121818236,-0.2225209339563146,0.258819045102521,-0.9659258262890682
933,10.0,0,0,1,0,0,1,0,-0.9749279121818236,-0.2225209339563146,1.2246467991473532e-16,-1.0
1111,10.9,0,0,1,0,0,1,0,-0.9749279121818236,-0.2225209339563146,-0.2588190451025208,-0.9659258262890683
1294,12.1,0,0,1,0,0,1,0,-0.9749279121818236,-0.2225209339563146,-0.4999999999999997,-0.8660254037844388
1514,13.2,0,0,1,0,0,1,0,-0.9749279121818236,-0.2225209339563146,-0.7071067811865471,-0.7071067811865479
1440,13.7,0,0,1,0,0,0,1,-0.9749279121818236,-0.2225209339563146,-0.8660254037844385,-0.5000000000000004
1272,12.1,0,0,1,0,0,0,1,-0.9749279121818236,-0.2225209339563146,-0.9659258262890683,-0.25881904510252063
934,10.6,0,0,1,0,0,0,1,-0.9749279121818236,-0.2225209339563146,-1.0,-1.8369701987210297e-16
718,8.8,0,0,1,0,0,0,1,-0.9749279121818236,-0.2225209339563146,-0.9659258262890684,0.2588190451025203
688,7.9,0,0,1,0,0,0,1,-0.9749279121818236,-0.2225209339563146,-0.8660254037844386,0.5000000000000001
624,7.4,0,0,1,0,0,0,1,-0.9749279121818236,-0.2225209339563146,-0.7071067811865477,0.7071067811865474
562,7.0,0,0,1,0,0,0,1,-0.9749279121818236,-0.2225209339563146,-0.5000000000000004,0.8660254037844384
422,6.4,0,0,1,0,0,0,1,-0.9749279121818236,-0.2225209339563146,-0.25881904510252157,0.9659258262890681
407,5.9,0,0,1,0,0,0,1,-0.7818314824680299,0.6234898018587334,0.0,1.0
309,5.7,0,0,1,0,0,0,1,-0.7818314824680299,0.6234898018587334,0.25881904510252074,0.9659258262890683
226,5.5,0,0,1,0,0,0,1,-0.7818314824680299,0.6234898018587334,0.49999999999999994,0.8660254037844387
174,5.5,0,0,1,0,0,0,1,-0.7818314824680299,0.6234898018587334,0.7071067811865476,0.7071067811865476
106,5.6,0,0,1,0,0,0,1,-0.7818314824680299,0.6234898018587334,0.8660254037844386,0.5000000000000001
67,5.6,0,0,1,0,0,0,1,-0.7818314824680299,0.6234898018587334,0.9659258262890683,0.25881904510252074
73,5.7,0,0,1,0,0,0,1,-0.7818314824680299,0.6234898018587334,1.0,6.123233995736766e-17
152,5.5,0,0,1,0,0,0,1,-0.7818314824680299,0.6234898018587334,0.9659258262890683,-0.25881904510252063
293,5.9,0,0,1,0,0,0,1,-0.7818314824680299,0.6234898018587334,0.8660254037844387,-0.4999999999999998
398,6.3,0,0,1,0,0,0,1,-0.7818314824680299,0.6234898018587334,0.7071067811865476,-0.7071067811865475
460,7.2,0,0,1,0,0,0,1,-0.7818314824680299,0.6234898018587334,0.49999999999999994,-0.8660254037844387
587,8.5,0,0,1,0,0,0,1,-0.7818314824680299,0.6234898018587334,0.258819045102521,-0.9659258262890682
751,9.8,0,0,1,0,0,0,1,-0.7818314824680299,0.6234898018587334,1.2246467991473532e-16,-1.0
881,10.6,0,0,1,0,0,0,1,-0.7818314824680299,0.6234898018587334,-0.2588190451025208,-0.9659258262890683
993,11.0,0,0,1,0,0,0,1,-0.7818314824680299,0.6234898018587334,-0.4999999999999997,-0.8660254037844388
1128,12.0,0,0,1,0,0,0,1,-0.7818314824680299,0.6234898018587334,-0.7071067811865471,-0.7071067811865479
1059,12.3,0,0,1,0,0,0,1,-0.7818314824680299,0.6234898018587334,-0.8660254037844385,-0.5000000000000004
603,11.1,0,0,1,0,0,0,1,-0.7818314824680299,0.6234898018587334,-0.9659258262890683,-0.25881904510252063
365,10.4,0,0,1,0,0,0,1,-0.7818314824680299,0.6234898018587334,-1.0,-1.8369701987210297e-16
237,10.0,0,0,1,0,0,0,1,-0.7818314824680299,0.6234898018587334,-0.9659258262890684,0.2588190451025203
146,9.2,0,0,1,0,0,0,1,-0.7818314824680299,0.6234898018587334,-0.8660254037844386,0.5000000000000001
71,8.8,0,0,1,0,0,0,1,-0.7818314824680299,0.6234898018587334,-0.7071067811865477,0.7071067811865474
70,8.1,0,0,1,0,1,0,0,-0.7818314824680299,0.6234898018587334,-0.5000000000000004,0.8660254037844384
53,7.4,0,0,1,0,1,0,0,-0.7818314824680299,0.6234898018587334,-0.25881904510252157,0.9659258262890681
67,7.0,0,0,1,0,1,0,0,0.0,1.0,0.0,1.0
38,6.7,0,0,1,0,1,0,0,0.0,1.0,0.25881904510252074,0.9659258262890683
28,6.6,0,0,1,0,1,0,0,0.0,1.0,0.49999999999999994,0.8660254037844387
12,6.5,0,0,1,0,1,0,0,0.0,1.0,0.7071067811865476,0.7071067811865476
9,6.3,0,0,1,0,1,0,0,0.0,1.0,0.8660254037844386,0.5000000000000001
27,6.2,0,0,1,0,1,0,0,0.0,1.0,0.9659258262890683,0.25881904510252074
91,6.5,0,0,1,0,1,0,0,0.0,1.0,1.0,6.123233995736766e-17
370,6.5,0,0,1,0,0,0,1,0.0,1.0,0.9659258262890683,-0.25881904510252063
592,7.3,0,0,1,0,0,0,1,0.0,1.0,0.8660254037844387,-0.4999999999999998
387,8.2,0,0,1,0,1,0,0,0.0,1.0,0.7071067811865476,-0.7071067811865475
292,9.1,0,0,1,0,0,0,1,0.0,1.0,0.49999999999999994,-0.8660254037844387
393,10.2,0,0,1,0,0,0,1,0.0,1.0,0.258819045102521,-0.9659258262890682
403,10.2,0,0,1,0,0,0,1,0.0,1.0,1.2246467991473532e-16,-1.0
387,10.1,0,0,1,0,0,0,1,0.0,1.0,-0.2588190451025208,-0.9659258262890683
326,10.1,0,0,1,0,0,0,1,0.0,1.0,-0.4999999999999997,-0.8660254037844388
263,9.8,0,0,1,0,0,0,1,0.0,1.0,-0.7071067811865471,-0.7071067811865479
271,8.9,0,0,1,0,0,0,1,0.0,1.0,-0.8660254037844385,-0.5000000000000004
605,8.5,0,0,1,0,0,0,1,0.0,1.0,-0.9659258262890683,-0.25881904510252063
1200,8.6,0,0,1,0,0,0,1,0.0,1.0,-1.0,-1.8369701987210297e-16
818,8.4,0,0,1,0,0,0,1,0.0,1.0,-0.9659258262890684,0.2588190451025203
711,8.3,0,0,1,0,0,0,1,0.0,1.0,-0.8660254037844386,0.5000000000000001
731,8.0,0,0,1,0,0,0,1,0.0,1.0,-0.7071067811865477,0.7071067811865474
565,7.6,0,0,1,0,0,0,1,0.0,1.0,-0.5000000000000004,0.8660254037844384
382,6.9,0,0,1,0,0,0,1,0.0,1.0,-0.25881904510252157,0.9659258262890681
297,6.3,0,0,1,0,0,0,1,0.7818314824680298,0.6234898018587336,0.0,1.0
243,5.5,0,0,1,0,0,0,1,0.7818314824680298,0.6234898018587336,0.25881904510252074,0.9659258262890683
165,5.1,0,0,1,0,0,0,1,0.7818314824680298,0.6234898018587336,0.49999999999999994,0.8660254037844387
95,4.7,0,0,1,0,0,0,1,0.7818314824680298,0.6234898018587336,0.7071067811865476,0.7071067811865476
69,4.4,0,0,1,0,0,0,1,0.7818314824680298,0.6234898018587336,0.8660254037844386,0.5000000000000001
92,4.1,0,0,1,0,0,0,1,0.7818314824680298,0.6234898018587336,0.9659258262890683,0.25881904510252074
235,3.9,0,0,1,0,0,0,1,0.7818314824680298,0.6234898018587336,1.0,6.123233995736766e-17
677,3.8,0,0,1,0,0,0,1,0.7818314824680298,0.6234898018587336,0.9659258262890683,-0.25881904510252063
1212,4.3,0,0,1,0,0,0,1,0.7818314824680298,0.6234898018587336,0.8660254037844387,-0.4999999999999998
661,5.7,0,0,1,0,0,0,1,0.7818314824680298,0.6234898018587336,0.7071067811865476,-0.7071067811865475
418,7.4,0,0,1,0,0,0,1,0.7818314824680298,0.6234898018587336,0.49999999999999994,-0.8660254037844387
488,8.4,0,0,1,0,0,0,1,0.7818314824680298,0.6234898018587336,0.258819045102521,-0.9659258262890682
522,9.0,0,0,1,0,0,0,1,0.7818314824680298,0.6234898018587336,1.2246467991473532e-16,-1.0
516,8.0,0,0,1,0,0,0,1,0.7818314824680298,0.6234898018587336,-0.2588190451025208,-0.9659258262890683
478,7.3,0,0,1,0,0,0,1,0.7818314824680298,0.6234898018587336,-0.4999999999999997,-0.8660254037844388
492,6.5,0,0,1,0,0,0,1,0.7818314824680298,0.6234898018587336,-0.7071067811865471,-0.7071067811865479
518,5.6,0,0,1,0,0,0,1,0.7818314824680298,0.6234898018587336,-0.8660254037844385,-0.5000000000000004
719,4.9,0,0,1,0,0,0,1,0.7818314824680298,0.6234898018587336,-0.9659258262890683,-0.25881904510252063
1111,4.1,0,0,1,0,0,0,1,0.7818314824680298,0.6234898018587336,-1.0,-1.8369701987210297e-16
716,3.2,0,0,1,0,0,0,1,0.7818314824680298,0.6234898018587336,-0.9659258262890684,0.2588190451025203
543,2.7,0,0,1,0,0,0,1,0.7818314824680298,0.6234898018587336,-0.8660254037844386,0.5000000000000001
494,2.3,0,0,1,0,0,0,1,0.7818314824680298,0.6234898018587336,-0.7071067811865477,0.7071067811865474
460,2.0,0,0,1,0,0,0,1,0.7818314824680298,0.6234898018587336,-0.5000000000000004,0.8660254037844384
294,1.8,0,0,1,0,0,0,1,0.7818314824680298,0.6234898018587336,-0.25881904510252157,0.9659258262890681
240,1.6,0,0,1,0,0,0,1,0.9749279121818236,-0.22252093395631434,0.0,1.0
223,1.5,0,0,1,0,0,0,1,0.9749279121818236,-0.22252093395631434,0.25881904510252074,0.9659258262890683
147,1.4,0,0,1,0,0,0,1,0.9749279121818236,-0.22252093395631434,0.49999999999999994,0.8660254037844387
82,1.3,0,0,1,0,0,0,1,0.9749279121818236,-0.22252093395631434,0.7071067811865476,0.7071067811865476
70,1.3,0,0,1,0,0,0,1,0.9749279121818236,-0.22252093395631434,0.8660254037844386,0.5000000000000001
80,1.3,0,0,1,0,0,0,1,0.9749279121818236,-0.22252093395631434,0.9659258262890683,0.25881904510252074
209,1.4,0,0,1,0,0,0,1,0.9749279121818236,-0.22252093395631434,1.0,6.123233995736766e-17
605,1.4,0,0,1,0,0,0,1,0.9749279121818236,-0.22252093395631434,0.9659258262890683,-0.25881904510252063
1097,1.6,0,0,1,0,0,0,1,0.9749279121818236,-0.22252093395631434,0.8660254037844387,-0.4999999999999998
614,2.5,0,0,1,0,0,0,1,0.9749279121818236,-0.22252093395631434,0.7071067811865476,-0.7071067811865475
374,3.6,0,0,1,0,0,0,1,0.9749279121818236,-0.22252093395631434,0.49999999999999994,-0.8660254037844387
339,4.8,0,0,1,0,0,1,0,0.9749279121818236,-0.22252093395631434,0.258819045102521,-0.9659258262890682
333,4.8,0,0,1,0,0,1,0,0.9749279121818236,-0.22252093395631434,1.2246467991473532e-16,-1.0
196,4.0,0,0,1,0,0,0,1,0.9749279121818236,-0.22252093395631434,-0.2588190451025208,-0.9659258262890683
117,1.9,0,0,1,0,1,0,0,0.9749279121818236,-0.22252093395631434,-0.4999999999999997,-0.8660254037844388
184,2.2,0,0,1,0,1,0,0,0.9749279121818236,-0.22252093395631434,-0.7071067811865471,-0.7071067811865479
241,2.4,0,0,1,0,0,0,1,0.9749279121818236,-0.22252093395631434,-0.8660254037844385,-0.5000000000000004
319,2.5,0,0,1,0,0,0,1,0.9749279121818236,-0.22252093395631434,-0.9659258262890683,-0.25881904510252063
615,2.0,0,0,1,0,0,0,1,0.9749279121818236,-0.22252093395631434,-1.0,-1.8369701987210297e-16
402,2.0,0,0,1,0,0,0,1,0.9749279121818236,-0.22252093395631434,-0.9659258262890684,0.2588190451025203
120,1.7,0,0,1,0,1,0,0,0.9749279121818236,-0.22252093395631434,-0.8660254037844386,0.5000000000000001
231,1.2,0,0,1,0,1,0,0,0.9749279121818236,-0.22252093395631434,-0.7071067811865477,0.7071067811865474
320,1.2,0,0,1,0,0,0,1,0.9749279121818236,-0.22252093395631434,-0.5000000000000004,0.8660254037844384
226,1.5,0,0,1,0,0,0,1,0.9749279121818236,-0.22252093395631434,-0.25881904510252157,0.9659258262890681
243,1.6,0,0,1,0,0,0,1,0.43388373911755823,-0.900968867902419,0.0,1.0
247,1.6,0,0,1,0,0,0,1,0.43388373911755823,-0.900968867902419,0.25881904510252074,0.9659258262890683
173,1.5,0,0,1,0,0,0,1,0.43388373911755823,-0.900968867902419,0.49999999999999994,0.8660254037844387
107,1.3,0,0,1,0,0,0,1,0.43388373911755823,-0.900968867902419,0.7071067811865476,0.7071067811865476
75,1.3,0,0,1,0,0,0,1,0.43388373911755823,-0.900968867902419,0.8660254037844386,0.5000000000000001
81,1.1,0,0,1,0,0,0,1,0.43388373911755823,-0.900968867902419,0.9659258262890683,0.25881904510252074
212,0.8,0,0,1,0,0,0,1,0.43388373911755823,-0.900968867902419,1.0,6.123233995736766e-17
600,0.6,0,0,1,0,0,0,1,0.43388373911755823,-0.900968867902419,0.9659258262890683,-0.25881904510252063
1174,1.1,0,0,1,0,0,0,1,0.43388373911755823,-0.900968867902419,0.8660254037844387,-0.4999999999999998
653,2.5,0,0,1,0,0,0,1,0.43388373911755823,-0.900968867902419,0.7071067811865476,-0.7071067811865475
446,4.9,0,0,1,0,0,0,1,0.43388373911755823,-0.900968867902419,0.49999999999999994,-0.8660254037844387
565,6.9,0,0,1,0,0,1,0,0.43388373911755823,-0.900968867902419,0.258819045102521,-0.9659258262890682
668,8.3,0,0,1,0,0,1,0,0.43388373911755823,-0.900968867902419,1.2246467991473532e-16,-1.0
648,9.9,0,0,1,0,0,0,1,0.43388373911755823,-0.900968867902419,-0.2588190451025208,-0.9659258262890683
674,11.4,0,0,1,0,0,0,1,0.43388373911755823,-0.900968867902419,-0.4999999999999997,-0.8660254037844388
758,10.7,0,0,1,0,0,0,1,0.43388373911755823,-0.900968867902419,-0.7071067811865471,-0.7071067811865479
752,10.3,0,0,1,0,0,0,1,0.43388373911755823,-0.900968867902419,-0.8660254037844385,-0.5000000000000004
999,9.6,0,0,1,0,0,0,1,0.43388373911755823,-0.900968867902419,-0.9659258262890683,-0.25881904510252063
1495,7.9,0,0,1,0,0,0,1,0.43388373911755823,-0.900968867902419,-1.0,-1.8369701987210297e-16
923,6.2,0,0,1,0,0,0,1,0.43388373911755823,-0.900968867902419,-0.9659258262890684,0.2588190451025203
739,5.1,0,0,1,0,0,0,1,0.43388373911755823,-0.900968867902419,-0.8660254037844386,0.5000000000000001
726,4.5,0,0,1,0,0,0,1,0.43388373911755823,-0.900968867902419,-0.7071067811865477,0.7071067811865474
621,3.9,0,0,1,0,0,0,1,0.43388373911755823,-0.900968867902419,-0.5000000000000004,0.8660254037844384
428,3.4,0,0,1,0,0,0,1,0.43388373911755823,-0.900968867902419,-0.25881904510252157,0.9659258262890681
335,2.9,0,0,1,0,0,0,1,-0.433883739117558,-0.9009688679024191,0.0,1.0
283,2.5,0,0,1,0,0,0,1,-0.433883739117558,-0.9009688679024191,0.25881904510252074,0.9659258262890683
216,2.2,0,0,1,0,0,0,1,-0.433883739117558,-0.9009688679024191,0.49999999999999994,0.8660254037844387
128,1.9,0,0,1,0,0,0,1,-0.433883739117558,-0.9009688679024191,0.7071067811865476,0.7071067811865476
92,2.0,0,0,1,0,1,0,0,-0.433883739117558,-0.9009688679024191,0.8660254037844386,0.5000000000000001
95,2.2,0,0,1,0,0,0,1,-0.433883739117558,-0.9009688679024191,0.9659258262890683,0.25881904510252074
243,2.3,0,0,1,0,0,0,1,-0.433883739117558,-0.9009688679024191,1.0,6.123233995736766e-17
661,2.5,0,0,1,0,0,0,1,-0.433883739117558,-0.9009688679024191,0.9659258262890683,-0.25881904510252063
1216,2.6,0,0,1,0,0,0,1,-0.433883739117558,-0.9009688679024191,0.8660254037844387,-0.4999999999999998
664,3.3,0,0,1,0,0,0,1,-0.433883739117558,-0.9009688679024191,0.7071067811865476,-0.7071067811865475
461,5.4,0,0,1,0,0,0,1,-0.433883739117558,-0.9009688679024191,0.49999999999999994,-0.8660254037844387
584,7.1,0,0,1,0,0,0,1,-0.433883739117558,-0.9009688679024191,0.258819045102521,-0.9659258262890682
690,9.3,0,0,1,0,0,0,1,-0.433883739117558,-0.9009688679024191,1.2246467991473532e-16,-1.0
682,10.9,0,0,1,0,0,0,1,-0.433883739117558,-0.9009688679024191,-0.2588190451025208,-0.9659258262890683
758,12.4,0,0,1,0,0,0,1,-0.433883739117558,-0.9009688679024191,-0.4999999999999997,-0.8660254037844388
849,12.1,0,0,1,0,0,0,1,-0.433883739117558,-0.9009688679024191,-0.7071067811865471,-0.7071067811865479
901,12.2,0,0,1,0,0,1,0,-0.433883739117558,-0.9009688679024191,-0.8660254037844385,-0.5000000000000004
1108,11.2,0,0,1,0,0,0,1,-0.433883739117558,-0.9009688679024191,-0.9659258262890683,-0.25881904510252063
1611,9.7,0,0,1,0,0,0,1,-0.433883739117558,-0.9009688679024191,-1.0,-1.8369701987210297e-16
932,8.3,0,0,1,0,0,0,1,-0.433883739117558,-0.9009688679024191,-0.9659258262890684,0.2588190451025203
724,6.7,0,0,1,0,0,0,1,-0.433883739117558,-0.9009688679024191,-0.8660254037844386,0.5000000000000001
676,5.8,0,0,1,0,0,0,1,-0.433883739117558,-0.9009688679024191,-0.7071067811865477,0.7071067811865474
638,5.3,0,0,1,0,0,0,1,-0.433883739117558,-0.9009688679024191,-0.5000000000000004,0.8660254037844384
422,5.0,0,0,1,0,0,0,1,-0.433883739117558,-0.9009688679024191,-0.25881904510252157,0.9659258262890681
403,4.7,0,0,1,0,0,0,1,-0.9749279121818236,-0.2225209339563146,0.0,1.0
360,4.7,0,0,1,0,0,0,1,-0.9749279121818236,-0.2225209339563146,0.25881904510252074,0.9659258262890683
305,5.0,0,0,1,0,0,0,1,-0.9749279121818236,-0.2225209339563146,0.49999999999999994,0.8660254037844387
197,5.0,0,0,1,0,0,0,1,-0.9749279121818236,-0.2225209339563146,0.7071067811865476,0.7071067811865476
122,5.1,0,0,1,0,0,0,1,-0.9749279121818236,-0.2225209339563146,0.8660254037844386,0.5000000000000001
82,4.7,0,0,1,0,0,0,1,-0.9749279121818236,-0.2225209339563146,0.9659258262890683,0.25881904510252074
113,4.2,0,0,1,0,0,0,1,-0.9749279121818236,-0.2225209339563146,1.0,6.123233995736766e-17
198,4.0,0,0,1,0,0,0,1,-0.9749279121818236,-0.2225209339563146,0.9659258262890683,-0.25881904510252063
424,4.5,0,0,1,0,0,0,1,-0.9749279121818236,-0.2225209339563146,0.8660254037844387,-0.4999999999999998
456,6.5,0,0,1,0,0,0,1,-0.9749279121818236,-0.2225209339563146,0.7071067811865476,-0.7071067811865475
494,7.2,0,0,1,0,0,0,1,-0.9749279121818236,-0.2225209339563146,0.49999999999999994,-0.8660254037844387
589,9.0,0,0,1,0,1,0,0,-0.9749279121818236,-0.2225209339563146,0.258819045102521,-0.9659258262890682
806,10.6,0,0,1,0,1,0,0,-0.9749279121818236,-0.2225209339563146,1.2246467991473532e-16,-1.0
880,12.4,0,0,1,0,1,0,0,-0.9749279121818236,-0.2225209339563146,-0.2588190451025208,-0.9659258262890683
855,12.7,0,0,1,0,1,0,0,-0.9749279121818236,-0.2225209339563146,-0.4999999999999997,-0.8660254037844388
1025,12.4,0,0,1,0,1,0,0,-0.9749279121818236,-0.2225209339563146,-0.7071067811865471,-0.7071067811865479
947,12.3,0,0,1,0,1,0,0,-0.9749279121818236,-0.2225209339563146,-0.8660254037844385,-0.5000000000000004
916,11.1,0,0,1,0,1,0,0,-0.9749279121818236,-0.2225209339563146,-0.9659258262890683,-0.25881904510252063
736,9.0,0,0,1,0,1,0,0,-0.9749279121818236,-0.2225209339563146,-1.0,-1.8369701987210297e-16
521,7.7,0,0,1,0,1,0,0,-0.9749279121818236,-0.2225209339563146,-0.9659258262890684,0.2588190451025203
513,7.1,0,0,1,0,1,0,0,-0.9749279121818236,-0.2225209339563146,-0.8660254037844386,0.5000000000000001
487,6.7,0,0,1,0,1,0,0,-0.9749279121818236,-0.2225209339563146,-0.7071067811865477,0.7071067811865474
460,6.5,0,0,1,0,1,0,0,-0.9749279121818236,-0.2225209339563146,-0.5000000000000004,0.8660254037844384
354,6.4,0,0,1,0,1,0,0,-0.9749279121818236,-0.2225209339563146,-0.25881904510252157,0.9659258262890681
372,6.4,0,0,1,0,1,0,0,-0.7818314824680299,0.6234898018587334,0.0,1.0
267,6.4,0,0,1,0,1,0,0,-0.7818314824680299,0.6234898018587334,0.25881904510252074,0.9659258262890683
195,6.0,0,0,1,0,1,0,0,-0.7818314824680299,0.6234898018587334,0.49999999999999994,0.8660254037844387
139,5.5,0,0,1,0,1,0,0,-0.7818314824680299,0.6234898018587334,0.7071067811865476,0.7071067811865476
90,5.3,0,0,1,0,1,0,0,-0.7818314824680299,0.6234898018587334,0.8660254037844386,0.5000000000000001
60,5.0,0,0,1,0,1,0,0,-0.7818314824680299,0.6234898018587334,0.9659258262890683,0.25881904510252074
71,4.6,0,0,1,0,1,0,0,-0.7818314824680299,0.6234898018587334,1.0,6.123233995736766e-17
137,4.7,0,0,1,0,1,0,0,-0.7818314824680299,0.6234898018587334,0.9659258262890683,-0.25881904510252063
225,5.0,0,0,1,0,1,0,0,-0.7818314824680299,0.6234898018587334,0.8660254037844387,-0.4999999999999998
331,6.3,0,0,1,0,1,0,0,-0.7818314824680299,0.6234898018587334,0.7071067811865476,-0.7071067811865475
359,8.4,0,0,1,0,1,0,0,-0.7818314824680299,0.6234898018587334,0.49999999999999994,-0.8660254037844387
466,10.7,0,0,1,0,1,0,0,-0.7818314824680299,0.6234898018587334,0.258819045102521,-0.9659258262890682
626,12.7,0,0,1,0,1,0,0,-0.7818314824680299,0.6234898018587334,1.2246467991473532e-16,-1.0
784,14.6,0,0,1,0,1,0,0,-0.7818314824680299,0.6234898018587334,-0.2588190451025208,-0.9659258262890683
882,16.1,0,0,1,0,1,0,0,-0.7818314824680299,0.6234898018587334,-0.4999999999999997,-0.8660254037844388
960,16.7,0,0,1,0,1,0,0,-0.7818314824680299,0.6234898018587334,-0.7071067811865471,-0.7071067811865479
1031,16.5,0,0,1,0,1,0,0,-0.7818314824680299,0.6234898018587334,-0.8660254037844385,-0.5000000000000004
911,15.8,0,0,1,0,1,0,0,-0.7818314824680299,0.6234898018587334,-0.9659258262890683,-0.25881904510252063
768,14.4,0,0,1,0,0,0,1,-0.7818314824680299,0.6234898018587334,-1.0,-1.8369701987210297e-16
571,12.6,0,0,1,0,1,0,0,-0.7818314824680299,0.6234898018587334,-0.9659258262890684,0.2588190451025203
502,10.7,0,0,1,0,1,0,0,-0.7818314824680299,0.6234898018587334,-0.8660254037844386,0.5000000000000001
456,9.8,0,0,1,0,1,0,0,-0.7818314824680299,0.6234898018587334,-0.7071067811865477,0.7071067811865474
424,8.8,0,0,1,0,1,0,0,-0.7818314824680299,0.6234898018587334,-0.5000000000000004,0.8660254037844384
336,8.0,0,0,1,0,1,0,0,-0.7818314824680299,0.6234898018587334,-0.25881904510252157,0.9659258262890681
244,7.1,0,0,1,0,1,0,0,0.0,1.0,0.0,1.0
185,6.3,0,0,1,0,1,0,0,0.0,1.0,0.25881904510252074,0.9659258262890683
93,5.4,0,0,1,0,1,0,0,0.0,1.0,0.49999999999999994,0.8660254037844387
62,5.5,0,0,1,0,1,0,0,0.0,1.0,0.7071067811865476,0.7071067811865476
65,5.5,0,0,1,0,1,0,0,0.0,1.0,0.8660254037844386,0.5000000000000001
98,5.4,0,0,1,0,1,0,0,0.0,1.0,0.9659258262890683,0.25881904510252074
227,5.7,0,0,1,0,1,0,0,0.0,1.0,1.0,6.123233995736766e-17
581,6.0,0,0,1,0,1,0,0,0.0,1.0,0.9659258262890683,-0.25881904510252063
983,6.4,0,0,1,0,1,0,0,0.0,1.0,0.8660254037844387,-0.4999999999999998
540,7.6,0,0,1,0,1,0,0,0.0,1.0,0.7071067811865476,-0.7071067811865475
415,10.0,0,0,1,0,1,0,0,0.0,1.0,0.49999999999999994,-0.8660254037844387
422,12.6,0,0,1,0,1,0,0,0.0,1.0,0.258819045102521,-0.9659258262890682
492,14.6,0,0,1,0,1,0,0,0.0,1.0,1.2246467991473532e-16,-1.0
504,16.0,0,0,1,0,1,0,0,0.0,1.0,-0.2588190451025208,-0.9659258262890683
575,17.4,0,0,1,0,0,0,1,0.0,1.0,-0.4999999999999997,-0.8660254037844388
604,17.6,0,0,1,0,0,0,1,0.0,1.0,-0.7071067811865471,-0.7071067811865479
819,17.7,0,0,1,0,0,0,1,0.0,1.0,-0.8660254037844385,-0.5000000000000004
925,17.1,0,0,1,0,0,0,1,0.0,1.0,-0.9659258262890683,-0.25881904510252063
1477,16.0,0,0,1,0,0,0,1,0.0,1.0,-1.0,-1.8369701987210297e-16
1031,14.3,0,0,1,0,0,0,1,0.0,1.0,-0.9659258262890684,0.2588190451025203
835,12.9,0,0,1,0,0,0,1,0.0,1.0,-0.8660254037844386,0.5000000000000001
798,11.6,0,0,1,0,0,0,1,0.0,1.0,-0.7071067811865477,0.7071067811865474
662,10.7,0,0,1,0,0,0,1,0.0,1.0,-0.5000000000000004,0.8660254037844384
447,9.8,0,0,1,0,0,0,1,0.0,1.0,-0.25881904510252157,0.9659258262890681
380,9.0,0,0,1,0,1,0,0,0.7818314824680298,0.6234898018587336,0.0,1.0
278,8.7,0,0,1,0,1,0,0,0.7818314824680298,0.6234898018587336,0.25881904510252074,0.9659258262890683
163,8.3,0,0,1,0,1,0,0,0.7818314824680298,0.6234898018587336,0.49999999999999994,0.8660254037844387
127,8.1,0,0,1,0,1,0,0,0.7818314824680298,0.6234898018587336,0.7071067811865476,0.7071067811865476
95,7.8,0,0,1,0,1,0,0,0.7818314824680298,0.6234898018587336,0.8660254037844386,0.5000000000000001
110,8.0,0,0,1,0,1,0,0,0.7818314824680298,0.6234898018587336,0.9659258262890683,0.25881904510252074
231,8.1,0,0,1,0,1,0,0,0.7818314824680298,0.6234898018587336,1.0,6.123233995736766e-17
705,8.5,0,0,1,0,1,0,0,0.7818314824680298,0.6234898018587336,0.9659258262890683,-0.25881904510252063
1201,9.3,0,0,1,0,0,0,1,0.7818314824680298,0.6234898018587336,0.8660254037844387,-0.4999999999999998
699,11.6,0,0,1,0,1,0,0,0.7818314824680298,0.6234898018587336,0.7071067811865476,-0.7071067811865475
462,13.9,0,0,1,0,0,0,1,0.7818314824680298,0.6234898018587336,0.49999999999999994,-0.8660254037844387
560,15.8,0,0,1,0,0,0,1,0.7818314824680298,0.6234898018587336,0.258819045102521,-0.9659258262890682
586,16.7,0,0,1,0,0,0,1,0.7818314824680298,0.6234898018587336,1.2246467991473532e-16,-1.0
563,18.6,0,0,1,0,0,0,1,0.7818314824680298,0.6234898018587336,-0.2588190451025208,-0.9659258262890683
618,19.4,0,0,1,0,0,0,1,0.7818314824680298,0.6234898018587336,-0.4999999999999997,-0.8660254037844388
636,19.9,0,0,1,0,0,0,1,0.7818314824680298,0.6234898018587336,-0.7071067811865471,-0.7071067811865479
774,19.5,0,0,1,0,0,0,1,0.7818314824680298,0.6234898018587336,-0.8660254037844385,-0.5000000000000004
960,18.4,0,0,1,0,0,0,1,0.7818314824680298,0.6234898018587336,-0.9659258262890683,-0.25881904510252063
1521,16.8,0,0,1,0,0,0,1,0.7818314824680298,0.6234898018587336,-1.0,-1.8369701987210297e-16
1020,15.0,0,0,1,0,1,0,0,0.7818314824680298,0.6234898018587336,-0.9659258262890684,0.2588190451025203
864,13.9,0,0,1,0,1,0,0,0.7818314824680298,0.6234898018587336,-0.8660254037844386,0.5000000000000001
866,13.4,0,0,1,0,1,0,0,0.7818314824680298,0.6234898018587336,-0.7071067811865477,0.7071067811865474
764,12.9,0,0,1,0,1,0,0,0.7818314824680298,0.6234898018587336,-0.5000000000000004,0.8660254037844384
527,12.4,0,0,1,0,1,0,0,0.7818314824680298,0.6234898018587336,-0.25881904510252157,0.9659258262890681
400,12.0,0,0,1,0,1,0,0,0.9749279121818236,-0.22252093395631434,0.0,1.0
337,11.6,0,0,1,0,1,0,0,0.9749279121818236,-0.22252093395631434,0.25881904510252074,0.9659258262890683
225,11.5,0,0,1,0,1,0,0,0.9749279121818236,-0.22252093395631434,0.49999999999999994,0.8660254037844387
150,10.9,0,0,1,0,1,0,0,0.9749279121818236,-0.22252093395631434,0.7071067811865476,0.7071067811865476
104,10.6,0,0,1,0,1,0,0,0.9749279121818236,-0.22252093395631434,0.8660254037844386,0.5000000000000001
107,10.2,0,0,1,0,1,0,0,0.9749279121818236,-0.22252093395631434,0.9659258262890683,0.25881904510252074
258,9.6,0,0,1,0,1,0,0,0.9749279121818236,-0.22252093395631434,1.0,6.123233995736766e-17
741,9.6,0,0,1,0,1,0,0,0.9749279121818236,-0.22252093395631434,0.9659258262890683,-0.25881904510252063
1353,10.3,0,0,1,0,1,0,0,0.9749279121818236,-0.22252093395631434,0.8660254037844387,-0.4999999999999998
723,12.4,0,0,1,0,0,0,1,0.9749279121818236,-0.22252093395631434,0.7071067811865476,-0.7071067811865475
494,14.7,0,0,1,0,0,0,1,0.9749279121818236,-0.22252093395631434,0.49999999999999994,-0.8660254037844387
588,15.6,0,0,1,0,0,0,1,0.9749279121818236,-0.22252093395631434,0.258819045102521,-0.9659258262890682
629,16.5,0,0,1,0,0,0,1,0.9749279121818236,-0.22252093395631434,1.2246467991473532e-16,-1.0
723,17.5,0,0,1,0,0,0,1,0.9749279121818236,-0.22252093395631434,-0.2588190451025208,-0.9659258262890683
698,18.6,0,0,1,0,0,0,1,0.9749279121818236,-0.22252093395631434,-0.4999999999999997,-0.8660254037844388
785,18.2,0,0,1,0,0,0,1,0.9749279121818236,-0.22252093395631434,-0.7071067811865471,-0.7071067811865479
943,18.3,0,0,1,0,0,0,1,0.9749279121818236,-0.22252093395631434,-0.8660254037844385,-0.5000000000000004
1221,17.6,0,0,1,0,0,0,1,0.9749279121818236,-0.22252093395631434,-0.9659258262890683,-0.25881904510252063
1839,17.0,0,0,1,0,0,0,1,0.9749279121818236,-0.22252093395631434,-1.0,-1.8369701987210297e-16
1288,16.0,0,0,1,0,0,0,1,0.9749279121818236,-0.22252093395631434,-0.9659258262890684,0.2588190451025203
1133,15.2,0,0,1,0,0,0,1,0.9749279121818236,-0.22252093395631434,-0.8660254037844386,0.5000000000000001
1035,14.2,0,0,1,0,0,0,1,0.9749279121818236,-0.22252093395631434,-0.7071067811865477,0.7071067811865474
907,13.6,0,0,1,0,0,0,1,0.9749279121818236,-0.22252093395631434,-0.5000000000000004,0.8660254037844384
614,13.5,0,0,1,0,0,0,1,0.9749279121818236,-0.22252093395631434,-0.25881904510252157,0.9659258262890681
466,13.4,0,0,1,0,0,0,1,0.43388373911755823,-0.900968867902419,0.0,1.0
390,13.0,0,0,1,0,1,0,0,0.43388373911755823,-0.900968867902419,0.25881904510252074,0.9659258262890683
254,12.9,0,0,1,0,1,0,0,0.43388373911755823,-0.900968867902419,0.49999999999999994,0.8660254037844387
170,12.7,0,0,1,0,1,0,0,0.43388373911755823,-0.900968867902419,0.7071067811865476,0.7071067811865476
109,12.8,0,0,1,0,1,0,0,0.43388373911755823,-0.900968867902419,0.8660254037844386,0.5000000000000001
106,12.7,0,0,1,0,1,0,0,0.43388373911755823,-0.900968867902419,0.9659258262890683,0.25881904510252074
274,12.6,0,0,1,0,1,0,0,0.43388373911755823,-0.900968867902419,1.0,6.123233995736766e-17
781,12.8,0,0,1,0,1,0,0,0.43388373911755823,-0.900968867902419,0.9659258262890683,-0.25881904510252063
1281,13.3,0,0,1,0,1,0,0,0.43388373911755823,-0.900968867902419,0.8660254037844387,-0.4999999999999998
757,13.5,0,0,1,0,1,0,0,0.43388373911755823,-0.900968867902419,0.7071067811865476,-0.7071067811865475
482,15.0,0,0,1,0,0,0,1,0.43388373911755823,-0.900968867902419,0.49999999999999994,-0.8660254037844387
583,16.1,0,0,1,0,0,0,1,0.43388373911755823,-0.900968867902419,0.258819045102521,-0.9659258262890682
714,18.2,0,0,1,0,0,0,1,0.43388373911755823,-0.900968867902419,1.2246467991473532e-16,-1.0
716,19.5,0,0,1,0,0,0,1,0.43388373911755823,-0.900968867902419,-0.2588190451025208,-0.9659258262890683
711,20.2,0,0,1,0,0,0,1,0.43388373911755823,-0.900968867902419,-0.4999999999999997,-0.8660254037844388
781,20.8,0,0,1,0,0,0,1,0.43388373911755823,-0.900968867902419,-0.7071067811865471,-0.7071067811865479
957,20.7,0,0,1,0,0,0,1,0.43388373911755823,-0.900968867902419,-0.8660254037844385,-0.5000000000000004
1194,20.3,0,0,1,0,0,0,1,0.43388373911755823,-0.900968867902419,-0.9659258262890683,-0.25881904510252063
1776,19.1,0,0,1,0,0,0,1,0.43388373911755823,-0.900968867902419,-1.0,-1.8369701987210297e-16
1260,17.5,0,0,1,0,0,0,1,0.43388373911755823,-0.900968867902419,-0.9659258262890684,0.2588190451025203
1079,15.6,0,0,1,0,0,0,1,0.43388373911755823,-0.900968867902419,-0.8660254037844386,0.5000000000000001
1046,14.4,0,0,1,0,0,0,1,0.43388373911755823,-0.900968867902419,-0.7071067811865477,0.7071067811865474
949,13.3,0,0,1,0,0,0,1,0.43388373911755823,-0.900968867902419,-0.5000000000000004,0.8660254037844384
614,12.7,0,0,1,0,1,0,0,0.43388373911755823,-0.900968867902419,-0.25881904510252157,0.9659258262890681
490,11.8,0,0,1,0,1,0,0,-0.433883739117558,-0.9009688679024191,0.0,1.0
401,11.4,0,0,1,0,1,0,0,-0.433883739117558,-0.9009688679024191,0.25881904510252074,0.9659258262890683
261,10.8,0,0,1,0,0,0,1,-0.433883739117558,-0.9009688679024191,0.49999999999999994,0.8660254037844387
184,10.3,0,0,1,0,0,0,1,-0.433883739117558,-0.9009688679024191,0.7071067811865476,0.7071067811865476
115,9.9,0,0,1,0,0,0,1,-0.433883739117558,-0.9009688679024191,0.8660254037844386,0.5000000000000001
117,10.4,0,0,1,0,0,0,1,-0.433883739117558,-0.9009688679024191,0.9659258262890683,0.25881904510252074
284,10.3,0,0,1,0,0,0,1,-0.433883739117558,-0.9009688679024191,1.0,6.123233995736766e-17
747,10.5,0,0,1,0,1,0,0,-0.433883739117558,-0.9009688679024191,0.9659258262890683,-0.25881904510252063
1406,11.5,0,0,1,0,0,0,1,-0.433883739117558,-0.9009688679024191,0.8660254037844387,-0.4999999999999998
772,13.7,0,0,1,0,0,0,1,-0.433883739117558,-0.9009688679024191,0.7071067811865476,-0.7071067811865475
583,16.0,0,0,1,0,0,1,0,-0.433883739117558,-0.9009688679024191,0.49999999999999994,-0.8660254037844387
739,17.8,0,0,1,0,0,1,0,-0.433883739117558,-0.9009688679024191,0.258819045102521,-0.9659258262890682
939,19.1,0,0,1,0,0,1,0,-0.433883739117558,-0.9009688679024191,1.2246467991473532e-16,-1.0
860,20.3,0,0,1,0,0,0,1,-0.433883739117558,-0.9009688679024191,-0.2588190451025208,-0.9659258262890683
965,21.0,0,0,1,0,0,0,1,-0.433883739117558,-0.9009688679024191,-0.4999999999999997,-0.8660254037844388
1068,21.8,0,0,1,0,0,0,1,-0.433883739117558,-0.9009688679024191,-0.7071067811865471,-0.7071067811865479
1156,20.7,0,0,1,0,0,0,1,-0.433883739117558,-0.9009688679024191,-0.8660254037844385,-0.5000000000000004
1460,19.4,0,0,1,0,0,0,1,-0.433883739117558,-0.9009688679024191,-0.9659258262890683,-0.25881904510252063
1935,17.4,0,0,1,0,0,0,1,-0.433883739117558,-0.9009688679024191,-1.0,-1.8369701987210297e-16
1268,15.2,0,0,1,0,0,0,1,-0.433883739117558,-0.9009688679024191,-0.9659258262890684,0.2588190451025203
1045,14.3,0,0,1,0,0,0,1,-0.433883739117558,-0.9009688679024191,-0.8660254037844386,0.5000000000000001
948,13.7,0,0,1,0,0,0,1,-0.433883739117558,-0.9009688679024191,-0.7071067811865477,0.7071067811865474
880,12.7,0,0,1,0,0,0,1,-0.433883739117558,-0.9009688679024191,-0.5000000000000004,0.8660254037844384
678,12.1,0,0,1,0,0,0,1,-0.433883739117558,-0.9009688679024191,-0.25881904510252157,0.9659258262890681
537,11.7,0,0,1,0,0,0,1,-0.9749279121818236,-0.2225209339563146,0.0,1.0
502,11.5,0,0,1,0,0,0,1,-0.9749279121818236,-0.2225209339563146,0.25881904510252074,0.9659258262890683
397,11.0,0,0,1,0,0,0,1,-0.9749279121818236,-0.2225209339563146,0.49999999999999994,0.8660254037844387
264,10.7,0,0,1,0,0,0,1,-0.9749279121818236,-0.2225209339563146,0.7071067811865476,0.7071067811865476
163,10.4,0,0,1,0,0,0,1,-0.9749279121818236,-0.2225209339563146,0.8660254037844386,0.5000000000000001
108,9.8,0,0,1,0,0,0,1,-0.9749279121818236,-0.2225209339563146,0.9659258262890683,0.25881904510252074
142,9.4,0,0,1,0,0,0,1,-0.9749279121818236,-0.2225209339563146,1.0,6.123233995736766e-17
264,9.5,0,0,1,0,0,0,1,-0.9749279121818236,-0.2225209339563146,0.9659258262890683,-0.25881904510252063
489,10.4,0,0,1,0,0,0,1,-0.9749279121818236,-0.2225209339563146,0.8660254037844387,-0.4999999999999998
642,12.6,0,0,1,0,0,0,1,-0.9749279121818236,-0.2225209339563146,0.7071067811865476,-0.7071067811865475
618,14.7,0,0,1,0,0,0,1,-0.9749279121818236,-0.2225209339563146,0.49999999999999994,-0.8660254037844387
824,16.7,0,0,1,0,0,0,1,-0.9749279121818236,-0.2225209339563146,0.258819045102521,-0.9659258262890682
1072,18.2,0,0,1,0,0,0,1,-0.9749279121818236,-0.2225209339563146,1.2246467991473532e-16,-1.0
1218,19.3,0,0,1,0,0,0,1,-0.9749279121818236,-0.2225209339563146,-0.2588190451025208,-0.9659258262890683
1381,20.1,0,0,1,0,0,1,0,-0.9749279121818236,-0.2225209339563146,-0.4999999999999997,-0.8660254037844388
1542,18.9,0,0,1,0,0,0,1,-0.9749279121818236,-0.2225209339563146,-0.7071067811865471,-0.7071067811865479
1578,18.0,0,0,1,0,0,1,0,-0.9749279121818236,-0.2225209339563146,-0.8660254037844385,-0.5000000000000004
1531,17.3,0,0,1,0,0,0,1,-0.9749279121818236,-0.2225209339563146,-0.9659258262890683,-0.25881904510252063
1391,16.6,0,0,1,0,0,0,1,-0.9749279121818236,-0.2225209339563146,-1.0,-1.8369701987210297e-16
1025,15.3,0,0,1,0,0,0,1,-0.9749279121818236,-0.2225209339563146,-0.9659258262890684,0.2588190451025203
972,14.0,0,0,1,0,0,0,1,-0.9749279121818236,-0.2225209339563146,-0.8660254037844386,0.5000000000000001
1010,13.3,0,0,1,0,0,0,1,-0.9749279121818236,-0.2225209339563146,-0.7071067811865477,0.7071067811865474
922,12.8,0,0,1,0,0,0,1,-0.9749279121818236,-0.2225209339563146,-0.5000000000000004,0.8660254037844384
655,12.4,0,0,1,0,0,0,1,-0.9749279121818236,-0.2225209339563146,-0.25881904510252157,0.9659258262890681
579,12.1,0,0,1,0,0,0,1,-0.7818314824680299,0.6234898018587334,0.0,1.0
453,11.7,0,0,1,0,0,0,1,-0.7818314824680299,0.6234898018587334,0.25881904510252074,0.9659258262890683
322,11.7,0,0,1,0,0,0,1,-0.7818314824680299,0.6234898018587334,0.49999999999999994,0.8660254037844387
221,11.9,0,0,1,0,0,0,1,-0.7818314824680299,0.6234898018587334,0.7071067811865476,0.7071067811865476
147,12.1,0,0,1,0,0,0,1,-0.7818314824680299,0.6234898018587334,0.8660254037844386,0.5000000000000001
96,12.3,0,0,1,0,0,0,1,-0.7818314824680299,0.6234898018587334,0.9659258262890683,0.25881904510252074
110,12.4,0,0,1,0,0,0,1,-0.7818314824680299,0.6234898018587334,1.0,6.123233995736766e-17
169,12.5,0,0,1,0,0,0,1,-0.7818314824680299,0.6234898018587334,0.9659258262890683,-0.25881904510252063
342,12.9,0,0,1,0,0,0,1,-0.7818314824680299,0.6234898018587334,0.8660254037844387,-0.4999999999999998
485,13.5,0,0,1,0,0,0,1,-0.7818314824680299,0.6234898018587334,0.7071067811865476,-0.7071067811865475
566,14.7,0,0,1,0,0,0,1,-0.7818314824680299,0.6234898018587334,0.49999999999999994,-0.8660254037844387
737,16.7,0,0,1,0,0,0,1,-0.7818314824680299,0.6234898018587334,0.258819045102521,-0.9659258262890682
926,18.0,0,0,1,0,0,0,1,-0.7818314824680299,0.6234898018587334,1.2246467991473532e-16,-1.0
1156,17.9,0,0,1,0,0,0,1,-0.7818314824680299,0.6234898018587334,-0.2588190451025208,-0.9659258262890683
1201,17.5,0,0,1,0,0,0,1,-0.7818314824680299,0.6234898018587334,-0.4999999999999997,-0.8660254037844388
1349,18.2,0,0,1,0,0,0,1,-0.7818314824680299,0.6234898018587334,-0.7071067811865471,-0.7071067811865479
1409,18.2,0,0,1,0,0,0,1,-0.7818314824680299,0.6234898018587334,-0.8660254037844385,-0.5000000000000004
1362,18.0,0,0,1,0,0,0,1,-0.7818314824680299,0.6234898018587334,-0.9659258262890683,-0.25881904510252063
1296,17.7,0,0,1,0,0,0,1,-0.7818314824680299,0.6234898018587334,-1.0,-1.8369701987210297e-16
1066,17.4,0,0,1,0,0,0,1,-0.7818314824680299,0.6234898018587334,-0.9659258262890684,0.2588190451025203
984,17.1,0,0,1,0,1,0,0,-0.7818314824680299,0.6234898018587334,-0.8660254037844386,0.5000000000000001
983,16.9,0,0,1,0,1,0,0,-0.7818314824680299,0.6234898018587334,-0.7071067811865477,0.7071067811865474
841,16.7,0,0,1,0,1,0,0,-0.7818314824680299,0.6234898018587334,-0.5000000000000004,0.8660254037844384
588,16.3,0,0,1,0,1,0,0,-0.7818314824680299,0.6234898018587334,-0.25881904510252157,0.9659258262890681
468,16.1,0,0,1,0,0,0,1,0.0,1.0,0.0,1.0
295,16.0,0,0,1,0,0,0,1,0.0,1.0,0.25881904510252074,0.9659258262890683
155,15.7,0,0,1,0,0,0,1,0.0,1.0,0.49999999999999994,0.8660254037844387
111,15.6,0,0,1,0,0,0,1,0.0,1.0,0.7071067811865476,0.7071067811865476
86,15.7,0,0,1,0,0,0,1,0.0,1.0,0.8660254037844386,0.5000000000000001
125,15.3,0,0,1,0,0,0,1,0.0,1.0,0.9659258262890683,0.25881904510252074
359,14.9,0,0,1,0,0,0,1,0.0,1.0,1.0,6.123233995736766e-17
918,15.1,0,0,1,0,0,0,1,0.0,1.0,0.9659258262890683,-0.25881904510252063
1469,15.7,0,0,1,0,0,0,1,0.0,1.0,0.8660254037844387,-0.4999999999999998
806,16.6,0,0,1,0,0,0,1,0.0,1.0,0.7071067811865476,-0.7071067811865475
579,17.5,0,0,1,0,0,0,1,0.0,1.0,0.49999999999999994,-0.8660254037844387
662,18.5,0,0,1,0,0,0,1,0.0,1.0,0.258819045102521,-0.9659258262890682
818,20.8,0,0,1,0,0,0,1,0.0,1.0,1.2246467991473532e-16,-1.0
818,21.9,0,0,1,0,0,0,1,0.0,1.0,-0.2588190451025208,-0.9659258262890683
920,23.0,0,0,1,0,0,0,1,0.0,1.0,-0.4999999999999997,-0.8660254037844388
993,23.7,0,0,1,0,0,0,1,0.0,1.0,-0.7071067811865471,-0.7071067811865479
1218,23.0,0,0,1,0,0,0,1,0.0,1.0,-0.8660254037844385,-0.5000000000000004
1569,22.0,0,0,1,0,0,0,1,0.0,1.0,-0.9659258262890683,-0.25881904510252063
2401,20.7,0,0,1,0,0,0,1,0.0,1.0,-1.0,-1.8369701987210297e-16
1779,19.1,0,0,1,0,0,0,1,0.0,1.0,-0.9659258262890684,0.2588190451025203
1517,18.2,0,0,1,0,0,0,1,0.0,1.0,-0.8660254037844386,0.5000000000000001
1503,17.9,0,0,1,0,0,0,1,0.0,1.0,-0.7071067811865477,0.7071067811865474
1213,17.4,0,0,1,0,0,0,1,0.0,1.0,-0.5000000000000004,0.8660254037844384
803,16.8,0,0,1,0,0,0,1,0.0,1.0,-0.25881904510252157,0.9659258262890681
532,16.8,0,0,1,0,0,0,1,0.7818314824680298,0.6234898018587336,0.0,1.0
430,17.1,0,0,1,0,0,0,1,0.7818314824680298,0.6234898018587336,0.25881904510252074,0.9659258262890683
275,17.0,0,0,1,0,0,0,1,0.7818314824680298,0.6234898018587336,0.49999999999999994,0.8660254037844387
156,17.0,0,0,1,0,0,0,1,0.7818314824680298,0.6234898018587336,0.7071067811865476,0.7071067811865476
124,16.9,0,0,1,0,0,0,1,0.7818314824680298,0.6234898018587336,0.8660254037844386,0.5000000000000001
163,16.9,0,0,1,0,0,0,1,0.7818314824680298,0.6234898018587336,0.9659258262890683,0.25881904510252074
388,16.8,0,0,1,0,0,0,1,0.7818314824680298,0.6234898018587336,1.0,6.123233995736766e-17
1033,16.8,0,0,1,0,0,0,1,0.7818314824680298,0.6234898018587336,0.9659258262890683,-0.25881904510252063
1677,17.3,0,0,1,0,0,0,1,0.7818314824680298,0.6234898018587336,0.8660254037844387,-0.4999999999999998
867,18.3,0,0,1,0,0,0,1,0.7818314824680298,0.6234898018587336,0.7071067811865476,-0.7071067811865475
664,18.9,0,0,1,0,0,0,1,0.7818314824680298,0.6234898018587336,0.49999999999999994,-0.8660254037844387
696,19.0,0,0,1,0,0,0,1,0.7818314824680298,0.6234898018587336,0.258819045102521,-0.9659258262890682
913,19.6,0,0,1,0,0,0,1,0.7818314824680298,0.6234898018587336,1.2246467991473532e-16,-1.0
870,20.1,0,0,1,0,0,0,1,0.7818314824680298,0.6234898018587336,-0.2588190451025208,-0.9659258262890683
931,21.0,0,0,1,0,0,0,1,0.7818314824680298,0.6234898018587336,-0.4999999999999997,-0.8660254037844388
961,19.9,0,0,1,0,0,0,1,0.7818314824680298,0.6234898018587336,-0.7071067811865471,-0.7071067811865479
1173,19.7,0,0,1,0,0,0,1,0.7818314824680298,0.6234898018587336,-0.8660254037844385,-0.5000000000000004
1436,19.7,0,0,1,0,0,0,1,0.7818314824680298,0.6234898018587336,-0.9659258262890683,-0.25881904510252063
2134,18.9,0,0,1,0,0,0,1,0.7818314824680298,0.6234898018587336,-1.0,-1.8369701987210297e-16
1415,18.0,0,0,1,0,0,0,1,0.7818314824680298,0.6234898018587336,-0.9659258262890684,0.2588190451025203
1470,17.3,0,0,1,0,0,0,1,0.7818314824680298,0.6234898018587336,-0.8660254037844386,0.5000000000000001
1223,17.0,0,0,1,0,0,0,1,0.7818314824680298,0.6234898018587336,-0.7071067811865477,0.7071067811865474
1030,16.0,0,0,1,0,1,0,0,0.7818314824680298,0.6234898018587336,-0.5000000000000004,0.8660254037844384
454,15.0,0,0,1,0,1,0,0,0.7818314824680298,0.6234898018587336,-0.25881904510252157,0.9659258262890681
355,15.0,0,0,1,0,1,0,0,0.9749279121818236,-0.22252093395631434,0.0,1.0
113,14.8,0,0,1,0,1,0,0,0.9749279121818236,-0.22252093395631434,0.25881904510252074,0.9659258262890683
15,14.5,0,0,1,0,1,0,0,0.9749279121818236,-0.22252093395631434,0.49999999999999994,0.8660254037844387
22,14.3,0,0,1,0,1,0,0,0.9749279121818236,-0.22252093395631434,0.7071067811865476,0.7071067811865476
14,14.1,0,0,1,0,1,0,0,0.9749279121818236,-0.22252093395631434,0.8660254037844386,0.5000000000000001
19,11.9,0,0,1,0,1,0,0,0.9749279121818236,-0.22252093395631434,0.9659258262890683,0.25881904510252074
172,11.7,0,0,1,0,1,0,0,0.9749279121818236,-0.22252093395631434,1.0,6.123233995736766e-17
665,10.3,0,0,1,0,0,0,1,0.9749279121818236,-0.22252093395631434,0.9659258262890683,-0.25881904510252063
1284,10.3,0,0,1,0,0,0,1,0.9749279121818236,-0.22252093395631434,0.8660254037844387,-0.4999999999999998
378,10.4,0,0,1,0,0,0,1,0.9749279121818236,-0.22252093395631434,0.7071067811865476,-0.7071067811865475
505,10.7,0,0,1,0,0,0,1,0.9749279121818236,-0.22252093395631434,0.49999999999999994,-0.8660254037844387
744,12.8,0,0,1,0,0,1,0,0.9749279121818236,-0.22252093395631434,0.258819045102521,-0.9659258262890682
928,15.3,0,0,1,0,0,1,0,0.9749279121818236,-0.22252093395631434,1.2246467991473532e-16,-1.0
951,16.7,0,0,1,0,0,1,0,0.9749279121818236,-0.22252093395631434,-0.2588190451025208,-0.9659258262890683
1096,17.9,0,0,1,0,0,1,0,0.9749279121818236,-0.22252093395631434,-0.4999999999999997,-0.8660254037844388
1209,17.9,0,0,1,0,0,1,0,0.9749279121818236,-0.22252093395631434,-0.7071067811865471,-0.7071067811865479
1413,17.9,0,0,1,0,0,1,0,0.9749279121818236,-0.22252093395631434,-0.8660254037844385,-0.5000000000000004
1745,17.2,0,0,1,0,0,1,0,0.9749279121818236,-0.22252093395631434,-0.9659258262890683,-0.25881904510252063
2402,16.0,0,0,1,0,0,0,1,0.9749279121818236,-0.22252093395631434,-1.0,-1.8369701987210297e-16
1626,14.3,0,0,1,0,0,0,1,0.9749279121818236,-0.22252093395631434,-0.9659258262890684,0.2588190451025203
1374,12.8,0,0,1,0,0,0,1,0.9749279121818236,-0.22252093395631434,-0.8660254037844386,0.5000000000000001
1256,11.8,0,0,1,0,0,0,1,0.9749279121818236,-0.22252093395631434,-0.7071067811865477,0.7071067811865474
1041,10.9,0,0,1,0,0,0,1,0.9749279121818236,-0.22252093395631434,-0.5000000000000004,0.8660254037844384
668,10.2,0,0,1,0,0,0,1,0.9749279121818236,-0.22252093395631434,-0.25881904510252157,0.9659258262890681
436,9.5,0,0,1,0,0,0,1,0.43388373911755823,-0.900968867902419,0.0,1.0
373,9.0,0,0,1,0,0,0,1,0.43388373911755823,-0.900968867902419,0.25881904510252074,0.9659258262890683
220,9.0,0,0,1,0,0,0,1,0.43388373911755823,-0.900968867902419,0.49999999999999994,0.8660254037844387
150,8.9,0,0,1,0,0,0,1,0.43388373911755823,-0.900968867902419,0.7071067811865476,0.7071067811865476
87,8.8,0,0,1,0,0,0,1,0.43388373911755823,-0.900968867902419,0.8660254037844386,0.5000000000000001
18,8.3,0,0,1,0,1,0,0,0.43388373911755823,-0.900968867902419,0.9659258262890683,0.25881904510252074
21,7.5,0,0,1,0,1,0,0,0.43388373911755823,-0.900968867902419,1.0,6.123233995736766e-17
38,7.1,0,0,1,0,1,0,0,0.43388373911755823,-0.900968867902419,0.9659258262890683,-0.25881904510252063
207,6.7,0,0,1,0,1,0,0,0.43388373911755823,-0.900968867902419,0.8660254037844387,-0.4999999999999998
129,6.8,0,0,1,0,0,0,1,0.43388373911755823,-0.900968867902419,0.7071067811865476,-0.7071067811865475
95,7.1,0,0,1,0,0,0,1,0.43388373911755823,-0.900968867902419,0.49999999999999994,-0.8660254037844387
47,7.1,0,0,1,0,0,0,1,0.43388373911755823,-0.900968867902419,0.258819045102521,-0.9659258262890682
70,7.3,0,0,1,0,1,0,0,0.43388373911755823,-0.900968867902419,1.2246467991473532e-16,-1.0
84,7.7,0,0,1,0,1,0,0,0.43388373911755823,-0.900968867902419,-0.2588190451025208,-0.9659258262890683
46,8.0,0,0,1,0,0,0,1,0.43388373911755823,-0.900968867902419,-0.4999999999999997,-0.8660254037844388
37,8.1,0,0,1,0,1,0,0,0.43388373911755823,-0.900968867902419,-0.7071067811865471,-0.7071067811865479
31,8.1,0,0,1,0,1,0,0,0.43388373911755823,-0.900968867902419,-0.8660254037844385,-0.5000000000000004
46,8.0,0,0,1,0,1,0,0,0.43388373911755823,-0.900968867902419,-0.9659258262890683,-0.25881904510252063
75,7.6,0,0,1,0,0,0,1,0.43388373911755823,-0.900968867902419,-1.0,-1.8369701987210297e-16
75,7.6,0,0,1,0,1,0,0,0.43388373911755823,-0.900968867902419,-0.9659258262890684,0.2588190451025203
56,7.3,0,0,1,0,0,0,1,0.43388373911755823,-0.900968867902419,-0.8660254037844386,0.5000000000000001
99,7.3,0,0,1,0,1,0,0,0.43388373911755823,-0.900968867902419,-0.7071067811865477,0.7071067811865474
77,7.2,0,0,1,0,0,0,1,0.43388373911755823,-0.900968867902419,-0.5000000000000004,0.8660254037844384
79,7.1,0,0,1,0,1,0,0,0.43388373911755823,-0.900968867902419,-0.25881904510252157,0.9659258262890681
56,7.2,0,0,1,0,1,0,0,-0.433883739117558,-0.9009688679024191,0.0,1.0
50,7.2,0,0,1,0,1,0,0,-0.433883739117558,-0.9009688679024191,0.25881904510252074,0.9659258262890683
27,7.3,0,0,1,0,1,0,0,-0.433883739117558,-0.9009688679024191,0.49999999999999994,0.8660254037844387
18,7.2,0,0,1,0,1,0,0,-0.433883739117558,-0.9009688679024191,0.7071067811865476,0.7071067811865476
9,6.8,0,0,1,0,1,0,0,-0.433883739117558,-0.9009688679024191,0.8660254037844386,0.5000000000000001
54,6.3,0,0,1,0,1,0,0,-0.433883739117558,-0.9009688679024191,0.9659258262890683,0.25881904510252074
178,6.1,0,0,1,0,0,0,1,-0.433883739117558,-0.9009688679024191,1.0,6.123233995736766e-17
591,5.7,0,0,1,0,0,0,1,-0.433883739117558,-0.9009688679024191,0.9659258262890683,-0.25881904510252063
1235,5.9,0,0,1,0,0,0,1,-0.433883739117558,-0.9009688679024191,0.8660254037844387,-0.4999999999999998
719,6.9,0,0,1,0,0,0,1,-0.433883739117558,-0.9009688679024191,0.7071067811865476,-0.7071067811865475
529,8.0,0,0,1,0,0,1,0,-0.433883739117558,-0.9009688679024191,0.49999999999999994,-0.8660254037844387
598,8.3,0,0,1,0,0,0,1,-0.433883739117558,-0.9009688679024191,0.258819045102521,-0.9659258262890682
756,6.7,0,0,1,0,0,0,1,-0.433883739117558,-0.9009688679024191,1.2246467991473532e-16,-1.0
683,7.9,0,0,1,0,1,0,0,-0.433883739117558,-0.9009688679024191,-0.2588190451025208,-0.9659258262890683
572,7.4,0,0,1,0,1,0,0,-0.433883739117558,-0.9009688679024191,-0.4999999999999997,-0.8660254037844388
545,6.8,0,0,1,0,0,0,1,-0.433883739117558,-0.9009688679024191,-0.7071067811865471,-0.7071067811865479
585,6.6,0,0,1,0,0,0,1,-0.433883739117558,-0.9009688679024191,-0.8660254037844385,-0.5000000000000004
776,6.3,0,0,1,0,0,0,1,-0.433883739117558,-0.9009688679024191,-0.9659258262890683,-0.25881904510252063
1114,5.9,0,0,1,0,1,0,0,-0.433883739117558,-0.9009688679024191,-1.0,-1.8369701987210297e-16
659,4.8,0,0,1,0,0,0,1,-0.433883739117558,-0.9009688679024191,-0.9659258262890684,0.2588190451025203
508,4.3,0,0,1,0,0,0,1,-0.433883739117558,-0.9009688679024191,-0.8660254037844386,0.5000000000000001
447,4.0,0,0,1,0,0,0,1,-0.433883739117558,-0.9009688679024191,-0.7071067811865477,0.7071067811865474
499,3.9,0,0,1,0,0,0,1,-0.433883739117558,-0.9009688679024191,-0.5000000000000004,0.8660254037844384
312,3.8,0,0,1,0,0,0,1,-0.433883739117558,-0.9009688679024191,-0.25881904510252157,0.9659258262890681
282,3.0,0,0,1,0,0,0,1,-0.9749279121818236,-0.2225209339563146,0.0,1.0
225,2.6,0,0,1,0,0,0,1,-0.9749279121818236,-0.2225209339563146,0.25881904510252074,0.9659258262890683
123,1.8,0,0,1,0,1,0,0,-0.9749279121818236,-0.2225209339563146,0.49999999999999994,0.8660254037844387
122,1.5,0,0,1,0,1,0,0,-0.9749279121818236,-0.2225209339563146,0.7071067811865476,0.7071067811865476
80,1.6,0,0,1,0,1,0,0,-0.9749279121818236,-0.2225209339563146,0.8660254037844386,0.5000000000000001
57,1.6,0,0,1,0,0,0,1,-0.9749279121818236,-0.2225209339563146,0.9659258262890683,0.25881904510252074
108,1.7,0,0,1,0,0,0,1,-0.9749279121818236,-0.2225209339563146,1.0,6.123233995736766e-17
206,1.9,0,0,1,0,0,0,1,-0.9749279121818236,-0.2225209339563146,0.9659258262890683,-0.25881904510252063
399,2.4,0,0,1,0,0,0,1,-0.9749279121818236,-0.2225209339563146,0.8660254037844387,-0.4999999999999998
426,3.4,0,0,1,0,0,0,1,-0.9749279121818236,-0.2225209339563146,0.7071067811865476,-0.7071067811865475
453,4.3,0,0,1,0,0,0,1,-0.9749279121818236,-0.2225209339563146,0.49999999999999994,-0.8660254037844387
553,4.7,0,0,1,0,0,0,1,-0.9749279121818236,-0.2225209339563146,0.258819045102521,-0.9659258262890682
697,6.0,0,0,1,0,0,0,1,-0.9749279121818236,-0.2225209339563146,1.2246467991473532e-16,-1.0
852,7.4,0,0,1,0,0,0,1,-0.9749279121818236,-0.2225209339563146,-0.2588190451025208,-0.9659258262890683
919,8.1,0,0,1,0,0,0,1,-0.9749279121818236,-0.2225209339563146,-0.4999999999999997,-0.8660254037844388
925,7.6,0,0,1,0,0,0,1,-0.9749279121818236,-0.2225209339563146,-0.7071067811865471,-0.7071067811865479
897,7.9,0,0,1,0,0,0,1,-0.9749279121818236,-0.2225209339563146,-0.8660254037844385,-0.5000000000000004
908,7.6,0,0,1,0,1,0,0,-0.9749279121818236,-0.2225209339563146,-0.9659258262890683,-0.25881904510252063
714,6.4,0,0,1,0,0,0,1,-0.9749279121818236,-0.2225209339563146,-1.0,-1.8369701987210297e-16
518,4.9,0,0,1,0,0,0,1,-0.9749279121818236,-0.2225209339563146,-0.9659258262890684,0.2588190451025203
458,4.2,0,0,1,0,0,0,1,-0.9749279121818236,-0.2225209339563146,-0.8660254037844386,0.5000000000000001
443,3.8,0,0,1,0,0,0,1,-0.9749279121818236,-0.2225209339563146,-0.7071067811865477,0.7071067811865474
426,3.5,0,0,1,0,0,0,1,-0.9749279121818236,-0.2225209339563146,-0.5000000000000004,0.8660254037844384
368,3.1,0,0,1,0,0,0,1,-0.9749279121818236,-0.2225209339563146,-0.25881904510252157,0.9659258262890681
325,2.9,0,0,1,0,0,0,1,-0.7818314824680299,0.6234898018587334,0.0,1.0
224,2.4,0,0,1,0,0,0,1,-0.7818314824680299,0.6234898018587334,0.25881904510252074,0.9659258262890683
191,2.2,0,0,1,0,0,0,1,-0.7818314824680299,0.6234898018587334,0.49999999999999994,0.8660254037844387
141,2.0,0,0,1,0,0,0,1,-0.7818314824680299,0.6234898018587334,0.7071067811865476,0.7071067811865476
90,1.7,0,0,1,0,0,0,1,-0.7818314824680299,0.6234898018587334,0.8660254037844386,0.5000000000000001
59,1.3,0,0,1,0,0,0,1,-0.7818314824680299,0.6234898018587334,0.9659258262890683,0.25881904510252074
101,0.9,0,0,1,0,0,0,1,-0.7818314824680299,0.6234898018587334,1.0,6.123233995736766e-17
159,0.9,0,0,1,0,0,0,1,-0.7818314824680299,0.6234898018587334,0.9659258262890683,-0.25881904510252063
332,2.9,0,0,1,0,0,0,1,-0.7818314824680299,0.6234898018587334,0.8660254037844387,-0.4999999999999998
405,5.1,0,0,1,0,0,1,0,-0.7818314824680299,0.6234898018587334,0.7071067811865476,-0.7071067811865475
494,6.3,0,0,1,0,0,1,0,-0.7818314824680299,0.6234898018587334,0.49999999999999994,-0.8660254037844387
586,6.4,0,0,1,0,0,1,0,-0.7818314824680299,0.6234898018587334,0.258819045102521,-0.9659258262890682
709,6.9,0,0,1,0,0,0,1,-0.7818314824680299,0.6234898018587334,1.2246467991473532e-16,-1.0
847,7.4,0,0,1,0,0,1,0,-0.7818314824680299,0.6234898018587334,-0.2588190451025208,-0.9659258262890683
777,7.9,0,0,1,0,0,0,1,-0.7818314824680299,0.6234898018587334,-0.4999999999999997,-0.8660254037844388
343,7.3,0,0,1,0,0,0,1,-0.7818314824680299,0.6234898018587334,-0.7071067811865471,-0.7071067811865479
137,6.1,0,0,1,0,0,0,1,-0.7818314824680299,0.6234898018587334,-0.8660254037844385,-0.5000000000000004
58,4.3,0,0,1,0,1,0,0,-0.7818314824680299,0.6234898018587334,-0.9659258262890683,-0.25881904510252063
22,3.0,0,0,1,0,1,0,0,-0.7818314824680299,0.6234898018587334,-1.0,-1.8369701987210297e-16
44,2.5,0,0,1,0,1,0,0,-0.7818314824680299,0.6234898018587334,-0.9659258262890684,0.2588190451025203
93,2.7,0,0,1,0,0,0,1,-0.7818314824680299,0.6234898018587334,-0.8660254037844386,0.5000000000000001
170,2.8,0,0,1,0,0,0,1,-0.7818314824680299,0.6234898018587334,-0.7071067811865477,0.7071067811865474
177,2.7,0,0,1,0,0,0,1,-0.7818314824680299,0.6234898018587334,-0.5000000000000004,0.8660254037844384
182,2.9,0,0,1,0,0,0,1,-0.7818314824680299,0.6234898018587334,-0.25881904510252157,0.9659258262890681
197,3.2,0,0,1,0,0,0,1,0.0,1.0,0.0,1.0
140,2.8,0,0,1,0,1,0,0,0.0,1.0,0.25881904510252074,0.9659258262890683
97,2.2,0,0,1,0,0,0,1,0.0,1.0,0.49999999999999994,0.8660254037844387
52,1.6,0,0,1,0,1,0,0,0.0,1.0,0.7071067811865476,0.7071067811865476
43,1.1,0,0,1,0,1,0,0,0.0,1.0,0.8660254037844386,0.5000000000000001
91,0.7,0,0,1,0,1,0,0,0.0,1.0,0.9659258262890683,0.25881904510252074
239,0.1,0,0,1,0,1,0,0,0.0,1.0,1.0,6.123233995736766e-17
651,0.6,0,0,1,0,1,0,0,0.0,1.0,0.9659258262890683,-0.25881904510252063
1163,1.0,0,0,1,0,1,0,0,0.0,1.0,0.8660254037844387,-0.4999999999999998
682,2.6,0,0,1,0,1,0,0,0.0,1.0,0.7071067811865476,-0.7071067811865475
506,5.2,0,0,1,0,0,0,1,0.0,1.0,0.49999999999999994,-0.8660254037844387
644,7.5,0,0,1,0,0,0,1,0.0,1.0,0.258819045102521,-0.9659258262890682
799,10.4,0,0,1,0,0,0,1,0.0,1.0,1.2246467991473532e-16,-1.0
869,12.4,0,0,1,0,0,0,1,0.0,1.0,-0.2588190451025208,-0.9659258262890683
921,13.9,0,0,1,0,0,1,0,0.0,1.0,-0.4999999999999997,-0.8660254037844388
1038,14.2,0,0,1,0,0,1,0,0.0,1.0,-0.7071067811865471,-0.7071067811865479
1185,15.3,0,0,1,0,0,1,0,0.0,1.0,-0.8660254037844385,-0.5000000000000004
1479,15.3,0,0,1,0,0,0,1,0.0,1.0,-0.9659258262890683,-0.25881904510252063
2401,14.8,0,0,1,0,0,0,1,0.0,1.0,-1.0,-1.8369701987210297e-16
1599,13.4,0,0,1,0,0,0,1,0.0,1.0,-0.9659258262890684,0.2588190451025203
1362,11.7,0,0,1,0,0,0,1,0.0,1.0,-0.8660254037844386,0.5000000000000001
1232,10.3,0,0,1,0,0,0,1,0.0,1.0,-0.7071067811865477,0.7071067811865474
1069,9.6,0,0,1,0,0,0,1,0.0,1.0,-0.5000000000000004,0.8660254037844384
623,9.6,0,0,1,0,0,0,1,0.0,1.0,-0.25881904510252157,0.9659258262890681
485,9.0,0,0,1,0,0,0,1,0.7818314824680298,0.6234898018587336,0.0,1.0
376,9.0,0,0,1,0,0,0,1,0.7818314824680298,0.6234898018587336,0.25881904510252074,0.9659258262890683
250,8.8,0,0,1,0,0,0,1,0.7818314824680298,0.6234898018587336,0.49999999999999994,0.8660254037844387
149,8.1,0,0,1,0,0,0,1,0.7818314824680298,0.6234898018587336,0.7071067811865476,0.7071067811865476
102,7.5,0,0,1,0,0,0,1,0.7818314824680298,0.6234898018587336,0.8660254037844386,0.5000000000000001
123,7.1,0,0,1,0,0,0,1,0.7818314824680298,0.6234898018587336,0.9659258262890683,0.25881904510252074
370,6.9,0,0,1,0,0,0,1,0.7818314824680298,0.6234898018587336,1.0,6.123233995736766e-17
981,7.2,0,0,1,0,0,0,1,0.7818314824680298,0.6234898018587336,0.9659258262890683,-0.25881904510252063
1702,9.6,0,0,1,0,0,0,1,0.7818314824680298,0.6234898018587336,0.8660254037844387,-0.4999999999999998
982,11.9,0,0,1,0,0,1,0,0.7818314824680298,0.6234898018587336,0.7071067811865476,-0.7071067811865475
703,15.2,0,0,1,0,0,1,0,0.7818314824680298,0.6234898018587336,0.49999999999999994,-0.8660254037844387
839,18.5,0,0,1,0,0,1,0,0.7818314824680298,0.6234898018587336,0.258819045102521,-0.9659258262890682
1023,20.5,0,0,1,0,0,0,1,0.7818314824680298,0.6234898018587336,1.2246467991473532e-16,-1.0
967,21.9,0,0,1,0,1,0,0,0.7818314824680298,0.6234898018587336,-0.2588190451025208,-0.9659258262890683
913,21.2,0,0,1,0,1,0,0,0.7818314824680298,0.6234898018587336,-0.4999999999999997,-0.8660254037844388
933,21.4,0,0,1,0,0,0,1,0.7818314824680298,0.6234898018587336,-0.7071067811865471,-0.7071067811865479
1080,20.9,0,0,1,0,1,0,0,0.7818314824680298,0.6234898018587336,-0.8660254037844385,-0.5000000000000004
1004,20.6,0,0,1,0,1,0,0,0.7818314824680298,0.6234898018587336,-0.9659258262890683,-0.25881904510252063
1805,19.7,0,0,1,0,1,0,0,0.7818314824680298,0.6234898018587336,-1.0,-1.8369701987210297e-16
1153,19.2,0,0,1,0,1,0,0,0.7818314824680298,0.6234898018587336,-0.9659258262890684,0.2588190451025203
336,19.1,0,0,1,0,1,0,0,0.7818314824680298,0.6234898018587336,-0.8660254037844386,0.5000000000000001
133,17.5,0,0,1,0,1,0,0,0.7818314824680298,0.6234898018587336,-0.7071067811865477,0.7071067811865474
75,15.8,0,0,1,0,1,0,0,0.7818314824680298,0.6234898018587336,-0.5000000000000004,0.8660254037844384
212,15.1,0,0,1,0,1,0,0,0.7818314824680298,0.6234898018587336,-0.25881904510252157,0.9659258262890681
504,9.5,0,0,1,0,0,0,1,0.43388373911755823,-0.900968867902419,0.0,1.0
374,8.9,0,0,1,0,0,0,1,0.43388373911755823,-0.900968867902419,0.25881904510252074,0.9659258262890683
269,8.1,0,0,1,0,0,0,1,0.43388373911755823,-0.900968867902419,0.49999999999999994,0.8660254037844387
182,7.8,0,0,1,0,0,0,1,0.43388373911755823,-0.900968867902419,0.7071067811865476,0.7071067811865476
98,7.5,0,0,1,0,0,0,1,0.43388373911755823,-0.900968867902419,0.8660254037844386,0.5000000000000001
144,7.1,0,0,1,0,0,0,1,0.43388373911755823,-0.900968867902419,0.9659258262890683,0.25881904510252074
375,7.1,0,0,1,0,0,0,1,0.43388373911755823,-0.900968867902419,1.0,6.123233995736766e-17
1054,7.6,0,0,1,0,0,0,1,0.43388373911755823,-0.900968867902419,0.9659258262890683,-0.25881904510252063
1789,8.9,0,0,1,0,0,0,1,0.43388373911755823,-0.900968867902419,0.8660254037844387,-0.4999999999999998
952,11.5,0,0,1,0,0,1,0,0.43388373911755823,-0.900968867902419,0.7071067811865476,-0.7071067811865475
686,13.8,0,0,1,0,0,1,0,0.43388373911755823,-0.900968867902419,0.49999999999999994,-0.8660254037844387
829,16.2,0,0,1,0,0,1,0,0.43388373911755823,-0.900968867902419,0.258819045102521,-0.9659258262890682
969,17.5,0,0,1,0,0,0,1,0.43388373911755823,-0.900968867902419,1.2246467991473532e-16,-1.0
1029,18.1,0,0,1,0,1,0,0,0.43388373911755823,-0.900968867902419,-0.2588190451025208,-0.9659258262890683
990,18.8,0,0,1,0,0,0,1,0.43388373911755823,-0.900968867902419,-0.4999999999999997,-0.8660254037844388
1074,19.4,0,0,1,0,0,0,1,0.43388373911755823,-0.900968867902419,-0.7071067811865471,-0.7071067811865479
1273,18.8,0,0,1,0,0,0,1,0.43388373911755823,-0.900968867902419,-0.8660254037844385,-0.5000000000000004
1664,18.6,0,0,1,0,0,0,1,0.43388373911755823,-0.900968867902419,-0.9659258262890683,-0.25881904510252063
2359,17.9,0,0,1,0,0,0,1,0.43388373911755823,-0.900968867902419,-1.0,-1.8369701987210297e-16
1641,15.9,0,0,1,0,0,0,1,0.43388373911755823,-0.900968867902419,-0.9659258262890684,0.2588190451025203
1319,14.2,0,0,1,0,0,0,1,0.43388373911755823,-0.900968867902419,-0.8660254037844386,0.5000000000000001
1241,13.4,0,0,1,0,0,0,1,0.43388373911755823,-0.900968867902419,-0.7071067811865477,0.7071067811865474
1142,13.5,0,0,1,0,0,0,1,0.43388373911755823,-0.900968867902419,-0.5000000000000004,0.8660254037844384
772,12.6,0,0,1,0,0,0,1,0.43388373911755823,-0.900968867902419,-0.25881904510252157,0.9659258262890681
525,11.4,0,0,1,0,0,0,1,-0.433883739117558,-0.9009688679024191,0.0,1.0
432,10.0,0,0,1,0,0,0,1,-0.433883739117558,-0.9009688679024191,0.25881904510252074,0.9659258262890683
257,9.7,0,0,1,0,0,0,1,-0.433883739117558,-0.9009688679024191,0.49999999999999994,0.8660254037844387
167,9.9,0,0,1,0,0,0,1,-0.433883739117558,-0.9009688679024191,0.7071067811865476,0.7071067811865476
112,9.7,0,0,1,0,0,0,1,-0.433883739117558,-0.9009688679024191,0.8660254037844386,0.5000000000000001
156,9.1,0,0,1,0,0,0,1,-0.433883739117558,-0.9009688679024191,0.9659258262890683,0.25881904510252074
368,8.3,0,0,1,0,0,0,1,-0.433883739117558,-0.9009688679024191,1.0,6.123233995736766e-17
999,8.8,0,0,1,0,0,0,1,-0.433883739117558,-0.9009688679024191,0.9659258262890683,-0.25881904510252063
1721,10.6,0,0,1,0,0,0,1,-0.433883739117558,-0.9009688679024191,0.8660254037844387,-0.4999999999999998
982,13.2,0,0,1,0,0,1,0,-0.433883739117558,-0.9009688679024191,0.7071067811865476,-0.7071067811865475
741,15.7,0,0,1,0,0,1,0,-0.433883739117558,-0.9009688679024191,0.49999999999999994,-0.8660254037844387
867,16.9,0,0,1,0,0,1,0,-0.433883739117558,-0.9009688679024191,0.258819045102521,-0.9659258262890682
1095,18.2,0,0,1,0,0,1,0,-0.433883739117558,-0.9009688679024191,1.2246467991473532e-16,-1.0
973,19.0,0,0,1,0,0,1,0,-0.433883739117558,-0.9009688679024191,-0.2588190451025208,-0.9659258262890683
1063,18.7,0,0,1,0,0,1,0,-0.433883739117558,-0.9009688679024191,-0.4999999999999997,-0.8660254037844388
1108,18.6,0,0,1,0,0,0,1,-0.433883739117558,-0.9009688679024191,-0.7071067811865471,-0.7071067811865479
1270,18.3,0,0,1,0,0,0,1,-0.433883739117558,-0.9009688679024191,-0.8660254037844385,-0.5000000000000004
1662,18.1,0,0,1,0,0,0,1,-0.433883739117558,-0.9009688679024191,-0.9659258262890683,-0.25881904510252063
2404,17.5,0,0,1,0,0,0,1,-0.433883739117558,-0.9009688679024191,-1.0,-1.8369701987210297e-16
1641,16.9,0,0,1,0,0,0,1,-0.433883739117558,-0.9009688679024191,-0.9659258262890684,0.2588190451025203
1359,16.2,0,0,1,0,0,0,1,-0.433883739117558,-0.9009688679024191,-0.8660254037844386,0.5000000000000001
1311,16.4,0,0,1,0,0,0,1,-0.433883739117558,-0.9009688679024191,-0.7071067811865477,0.7071067811865474
1178,16.3,0,0,1,0,0,0,1,-0.433883739117558,-0.9009688679024191,-0.5000000000000004,0.8660254037844384
849,15.5,0,0,1,0,0,0,1,-0.433883739117558,-0.9009688679024191,-0.25881904510252157,0.9659258262890681
664,14.8,0,0,1,0,0,0,1,-0.9749279121818236,-0.2225209339563146,0.0,1.0
513,14.1,0,0,1,0,0,0,1,-0.9749279121818236,-0.2225209339563146,0.25881904510252074,0.9659258262890683
253,13.5,0,0,1,0,0,0,1,-0.9749279121818236,-0.2225209339563146,0.49999999999999994,0.8660254037844387
62,12.1,0,0,1,0,1,0,0,-0.9749279121818236,-0.2225209339563146,0.7071067811865476,0.7071067811865476
39,10.3,0,0,1,0,1,0,0,-0.9749279121818236,-0.2225209339563146,0.8660254037844386,0.5000000000000001
20,9.5,0,0,1,0,0,0,1,-0.9749279121818236,-0.2225209339563146,0.9659258262890683,0.25881904510252074
12,8.7,0,0,1,0,1,0,0,-0.9749279121818236,-0.2225209339563146,1.0,6.123233995736766e-17
18,8.2,0,0,1,0,1,0,0,-0.9749279121818236,-0.2225209339563146,0.9659258262890683,-0.25881904510252063
17,7.7,0,0,1,0,1,0,0,-0.9749279121818236,-0.2225209339563146,0.8660254037844387,-0.4999999999999998
17,7.5,0,0,1,0,1,0,0,-0.9749279121818236,-0.2225209339563146,0.7071067811865476,-0.7071067811865475
43,7.7,0,0,1,0,1,0,0,-0.9749279121818236,-0.2225209339563146,0.49999999999999994,-0.8660254037844387
52,8.1,0,0,1,0,1,0,0,-0.9749279121818236,-0.2225209339563146,0.258819045102521,-0.9659258262890682
75,8.6,0,0,1,0,1,0,0,-0.9749279121818236,-0.2225209339563146,1.2246467991473532e-16,-1.0
70,8.8,0,0,1,0,0,0,1,-0.9749279121818236,-0.2225209339563146,-0.2588190451025208,-0.9659258262890683
122,8.9,0,0,1,0,1,0,0,-0.9749279121818236,-0.2225209339563146,-0.4999999999999997,-0.8660254037844388
203,8.6,0,0,1,0,0,0,1,-0.9749279121818236,-0.2225209339563146,-0.7071067811865471,-0.7071067811865479
445,8.9,0,0,1,0,0,0,1,-0.9749279121818236,-0.2225209339563146,-0.8660254037844385,-0.5000000000000004
675,9.3,0,0,1,0,0,0,1,-0.9749279121818236,-0.2225209339563146,-0.9659258262890683,-0.25881904510252063
706,9.6,0,0,1,0,0,0,1,-0.9749279121818236,-0.2225209339563146,-1.0,-1.8369701987210297e-16
612,9.5,0,0,1,0,0,0,1,-0.9749279121818236,-0.2225209339563146,-0.9659258262890684,0.2588190451025203
640,9.4,0,0,1,0,0,0,1,-0.9749279121818236,-0.2225209339563146,-0.8660254037844386,0.5000000000000001
633,9.1,0,0,1,0,0,0,1,-0.9749279121818236,-0.2225209339563146,-0.7071067811865477,0.7071067811865474
586,8.8,0,0,1,0,0,0,1,-0.9749279121818236,-0.2225209339563146,-0.5000000000000004,0.8660254037844384
503,8.4,0,0,1,0,0,0,1,-0.9749279121818236,-0.2225209339563146,-0.25881904510252157,0.9659258262890681
475,7.8,0,0,1,0,0,0,1,-0.7818314824680299,0.6234898018587334,0.0,1.0
349,7.1,0,0,1,0,0,0,1,-0.7818314824680299,0.6234898018587334,0.25881904510252074,0.9659258262890683
254,6.7,0,0,1,0,0,0,1,-0.7818314824680299,0.6234898018587334,0.49999999999999994,0.8660254037844387
183,6.4,0,0,1,0,0,0,1,-0.7818314824680299,0.6234898018587334,0.7071067811865476,0.7071067811865476
110,6.0,0,0,1,0,0,0,1,-0.7818314824680299,0.6234898018587334,0.8660254037844386,0.5000000000000001
65,5.8,0,0,1,0,0,0,1,-0.7818314824680299,0.6234898018587334,0.9659258262890683,0.25881904510252074
102,5.6,0,0,1,0,0,0,1,-0.7818314824680299,0.6234898018587334,1.0,6.123233995736766e-17
223,5.8,0,0,1,0,0,0,1,-0.7818314824680299,0.6234898018587334,0.9659258262890683,-0.25881904510252063
401,7.0,0,0,1,0,0,0,1,-0.7818314824680299,0.6234898018587334,0.8660254037844387,-0.4999999999999998
513,8.6,0,0,1,0,0,0,1,-0.7818314824680299,0.6234898018587334,0.7071067811865476,-0.7071067811865475
582,10.3,0,0,1,0,0,0,1,-0.7818314824680299,0.6234898018587334,0.49999999999999994,-0.8660254037844387
797,11.8,0,0,1,0,0,0,1,-0.7818314824680299,0.6234898018587334,0.258819045102521,-0.9659258262890682
1105,12.5,0,0,1,0,0,0,1,-0.7818314824680299,0.6234898018587334,1.2246467991473532e-16,-1.0
1229,13.5,0,0,1,0,0,0,1,-0.7818314824680299,0.6234898018587334,-0.2588190451025208,-0.9659258262890683
1083,13.7,0,0,1,0,0,0,1,-0.7818314824680299,0.6234898018587334,-0.4999999999999997,-0.8660254037844388
62,13.1,0,0,1,0,0,0,1,-0.7818314824680299,0.6234898018587334,-0.7071067811865471,-0.7071067811865479
124,12.0,0,0,1,0,0,0,1,-0.7818314824680299,0.6234898018587334,-0.8660254037844385,-0.5000000000000004
42,11.8,0,0,1,0,0,0,1,-0.7818314824680299,0.6234898018587334,-0.9659258262890683,-0.25881904510252063
343,11.9,0,0,1,0,0,0,1,-0.7818314824680299,0.6234898018587334,-1.0,-1.8369701987210297e-16
317,11.0,0,0,1,0,0,0,1,-0.7818314824680299,0.6234898018587334,-0.9659258262890684,0.2588190451025203
297,10.3,0,0,1,0,0,0,1,-0.7818314824680299,0.6234898018587334,-0.8660254037844386,0.5000000000000001
464,9.6,0,0,1,0,0,0,1,-0.7818314824680299,0.6234898018587334,-0.7071067811865477,0.7071067811865474
620,9.0,0,0,1,0,0,0,1,-0.7818314824680299,0.6234898018587334,-0.5000000000000004,0.8660254037844384
467,8.6,0,0,1,0,0,0,1,-0.7818314824680299,0.6234898018587334,-0.25881904510252157,0.9659258262890681
401,8.3,0,0,1,0,0,0,1,0.0,1.0,0.0,1.0
226,7.6,0,0,1,0,0,0,1,0.0,1.0,0.25881904510252074,0.9659258262890683
126,7.1,0,0,1,0,0,0,1,0.0,1.0,0.49999999999999994,0.8660254037844387
107,6.4,0,0,1,0,0,0,1,0.0,1.0,0.7071067811865476,0.7071067811865476
75,5.9,0,0,1,0,0,0,1,0.0,1.0,0.8660254037844386,0.5000000000000001
132,5.3,0,0,1,0,0,0,1,0.0,1.0,0.9659258262890683,0.25881904510252074
405,5.0,0,0,1,0,0,0,1,0.0,1.0,1.0,6.123233995736766e-17
1049,5.0,0,0,1,0,0,0,1,0.0,1.0,0.9659258262890683,-0.25881904510252063
1713,6.9,0,0,1,0,0,0,1,0.0,1.0,0.8660254037844387,-0.4999999999999998
922,10.1,0,0,1,0,0,1,0,0.0,1.0,0.7071067811865476,-0.7071067811865475
700,12.4,0,0,1,0,0,1,0,0.0,1.0,0.49999999999999994,-0.8660254037844387
855,14.1,0,0,1,0,0,1,0,0.0,1.0,0.258819045102521,-0.9659258262890682
1052,15.5,0,0,1,0,0,1,0,0.0,1.0,1.2246467991473532e-16,-1.0
973,16.6,0,0,1,0,0,1,0,0.0,1.0,-0.2588190451025208,-0.9659258262890683
1016,18.0,0,0,1,0,0,1,0,0.0,1.0,-0.4999999999999997,-0.8660254037844388
1145,18.4,0,0,1,0,0,1,0,0.0,1.0,-0.7071067811865471,-0.7071067811865479
1452,18.5,0,0,1,0,0,1,0,0.0,1.0,-0.8660254037844385,-0.5000000000000004
1753,18.7,0,0,1,0,0,1,0,0.0,1.0,-0.9659258262890683,-0.25881904510252063
2692,17.0,0,0,1,0,0,0,1,0.0,1.0,-1.0,-1.8369701987210297e-16
1719,13.8,0,0,1,0,0,0,1,0.0,1.0,-0.9659258262890684,0.2588190451025203
1498,12.1,0,0,1,0,0,0,1,0.0,1.0,-0.8660254037844386,0.5000000000000001
1355,11.1,0,0,1,0,0,0,1,0.0,1.0,-0.7071067811865477,0.7071067811865474
1099,10.8,0,0,1,0,0,0,1,0.0,1.0,-0.5000000000000004,0.8660254037844384
733,9.7,0,0,1,0,0,0,1,0.0,1.0,-0.25881904510252157,0.9659258262890681
503,9.6,0,0,1,0,0,0,1,0.7818314824680298,0.6234898018587336,0.0,1.0
421,9.0,0,0,1,0,0,0,1,0.7818314824680298,0.6234898018587336,0.25881904510252074,0.9659258262890683
237,8.4,0,0,1,0,0,0,1,0.7818314824680298,0.6234898018587336,0.49999999999999994,0.8660254037844387
164,7.8,0,0,1,0,0,0,1,0.7818314824680298,0.6234898018587336,0.7071067811865476,0.7071067811865476
110,7.6,0,0,1,0,0,0,1,0.7818314824680298,0.6234898018587336,0.8660254037844386,0.5000000000000001
143,7.4,0,0,1,0,0,0,1,0.7818314824680298,0.6234898018587336,0.9659258262890683,0.25881904510252074
406,6.9,0,0,1,0,0,0,1,0.7818314824680298,0.6234898018587336,1.0,6.123233995736766e-17
1100,6.9,0,0,1,0,0,0,1,0.7818314824680298,0.6234898018587336,0.9659258262890683,-0.25881904510252063
1920,8.7,0,0,1,0,0,0,1,0.7818314824680298,0.6234898018587336,0.8660254037844387,-0.4999999999999998
1013,12.0,0,0,1,0,0,0,1,0.7818314824680298,0.6234898018587336,0.7071067811865476,-0.7071067811865475
731,14.7,0,0,1,0,0,0,1,0.7818314824680298,0.6234898018587336,0.49999999999999994,-0.8660254037844387
822,16.9,0,0,1,0,0,0,1,0.7818314824680298,0.6234898018587336,0.258819045102521,-0.9659258262890682
1112,18.0,0,0,1,0,0,0,1,0.7818314824680298,0.6234898018587336,1.2246467991473532e-16,-1.0
1007,19.1,0,0,1,0,0,0,1,0.7818314824680298,0.6234898018587336,-0.2588190451025208,-0.9659258262890683
1037,19.8,0,0,1,0,0,0,1,0.7818314824680298,0.6234898018587336,-0.4999999999999997,-0.8660254037844388
1120,19.9,0,0,1,0,0,0,1,0.7818314824680298,0.6234898018587336,-0.7071067811865471,-0.7071067811865479
1312,19.5,0,0,1,0,0,1,0,0.7818314824680298,0.6234898018587336,-0.8660254037844385,-0.5000000000000004
1632,18.3,0,0,1,0,0,0,1,0.7818314824680298,0.6234898018587336,-0.9659258262890683,-0.25881904510252063
1727,17.1,0,0,1,0,0,0,1,0.7818314824680298,0.6234898018587336,-1.0,-1.8369701987210297e-16
1356,14.5,0,0,1,0,0,0,1,0.7818314824680298,0.6234898018587336,-0.9659258262890684,0.2588190451025203
1290,12.5,0,0,1,0,0,0,1,0.7818314824680298,0.6234898018587336,-0.8660254037844386,0.5000000000000001
1320,11.7,0,0,1,0,0,0,1,0.7818314824680298,0.6234898018587336,-0.7071067811865477,0.7071067811865474
1071,11.0,0,0,1,0,0,0,1,0.7818314824680298,0.6234898018587336,-0.5000000000000004,0.8660254037844384
680,10.1,0,0,1,0,0,0,1,0.7818314824680298,0.6234898018587336,-0.25881904510252157,0.9659258262890681
515,9.6,0,0,1,0,0,0,1,0.9749279121818236,-0.22252093395631434,0.0,1.0
375,8.9,0,0,1,0,0,0,1,0.9749279121818236,-0.22252093395631434,0.25881904510252074,0.9659258262890683
260,8.7,0,0,1,0,0,0,1,0.9749279121818236,-0.22252093395631434,0.49999999999999994,0.8660254037844387
164,7.9,0,0,1,0,0,0,1,0.9749279121818236,-0.22252093395631434,0.7071067811865476,0.7071067811865476
105,7.2,0,0,1,0,0,0,1,0.9749279121818236,-0.22252093395631434,0.8660254037844386,0.5000000000000001
154,6.7,0,0,1,0,0,0,1,0.9749279121818236,-0.22252093395631434,0.9659258262890683,0.25881904510252074
395,6.2,0,0,1,0,0,0,1,0.9749279121818236,-0.22252093395631434,1.0,6.123233995736766e-17
1083,6.4,0,0,1,0,0,0,1,0.9749279121818236,-0.22252093395631434,0.9659258262890683,-0.25881904510252063
1815,8.3,0,0,1,0,0,0,1,0.9749279121818236,-0.22252093395631434,0.8660254037844387,-0.4999999999999998
987,11.2,0,0,1,0,0,0,1,0.9749279121818236,-0.22252093395631434,0.7071067811865476,-0.7071067811865475
761,13.7,0,0,1,0,0,0,1,0.9749279121818236,-0.22252093395631434,0.49999999999999994,-0.8660254037844387
845,15.5,0,0,1,0,0,1,0,0.9749279121818236,-0.22252093395631434,0.258819045102521,-0.9659258262890682
1047,16.5,0,0,1,0,0,0,1,0.9749279121818236,-0.22252093395631434,1.2246467991473532e-16,-1.0
975,17.7,0,0,1,0,0,1,0,0.9749279121818236,-0.22252093395631434,-0.2588190451025208,-0.9659258262890683
967,18.9,0,0,1,0,0,1,0,0.9749279121818236,-0.22252093395631434,-0.4999999999999997,-0.8660254037844388
1149,19.0,0,0,1,0,0,0,1,0.9749279121818236,-0.22252093395631434,-0.7071067811865471,-0.7071067811865479
1346,18.5,0,0,1,0,0,1,0,0.9749279121818236,-0.22252093395631434,-0.8660254037844385,-0.5000000000000004
1738,17.8,0,0,1,0,0,0,1,0.9749279121818236,-0.22252093395631434,-0.9659258262890683,-0.25881904510252063
1918,16.6,0,0,1,0,0,0,1,0.9749279121818236,-0.22252093395631434,-1.0,-1.8369701987210297e-16
842,14.7,0,0,1,0,0,0,1,0.9749279121818236,-0.22252093395631434,-0.9659258262890684,0.2588190451025203
1346,13.0,0,0,1,0,0,0,1,0.9749279121818236,-0.22252093395631434,-0.8660254037844386,0.5000000000000001
1209,12.1,0,0,1,0,0,0,1,0.9749279121818236,-0.22252093395631434,-0.7071067811865477,0.7071067811865474
1003,11.3,0,0,1,0,0,0,1,0.9749279121818236,-0.22252093395631434,-0.5000000000000004,0.8660254037844384
671,10.7,0,0,1,0,0,0,1,0.9749279121818236,-0.22252093395631434,-0.25881904510252157,0.9659258262890681
520,9.8,0,0,1,0,0,0,1,0.43388373911755823,-0.900968867902419,0.0,1.0
42,9.3,0,0,1,0,0,0,1,0.43388373911755823,-0.900968867902419,0.25881904510252074,0.9659258262890683
281,8.8,0,0,1,0,0,0,1,0.43388373911755823,-0.900968867902419,0.49999999999999994,0.8660254037844387
206,8.6,0,0,1,0,0,0,1,0.43388373911755823,-0.900968867902419,0.7071067811865476,0.7071067811865476
125,8.3,0,0,1,0,0,0,1,0.43388373911755823,-0.900968867902419,0.8660254037844386,0.5000000000000001
153,7.9,0,0,1,0,0,0,1,0.43388373911755823,-0.900968867902419,0.9659258262890683,0.25881904510252074
367,7.6,0,0,1,0,0,0,1,0.43388373911755823,-0.900968867902419,1.0,6.123233995736766e-17
254,7.7,0,0,1,0,0,0,1,0.43388373911755823,-0.900968867902419,0.9659258262890683,-0.25881904510252063
20,9.6,0,0,1,0,0,0,1,0.43388373911755823,-0.900968867902419,0.8660254037844387,-0.4999999999999998
316,12.4,0,0,1,0,0,0,1,0.43388373911755823,-0.900968867902419,0.7071067811865476,-0.7071067811865475
139,14.7,0,0,1,0,0,0,1,0.43388373911755823,-0.900968867902419,0.49999999999999994,-0.8660254037844387
795,16.1,0,0,1,0,0,0,1,0.43388373911755823,-0.900968867902419,0.258819045102521,-0.9659258262890682
919,17.8,0,0,1,0,0,0,1,0.43388373911755823,-0.900968867902419,1.2246467991473532e-16,-1.0
930,19.2,0,0,1,0,0,0,1,0.43388373911755823,-0.900968867902419,-0.2588190451025208,-0.9659258262890683
996,20.5,0,0,1,0,0,0,1,0.43388373911755823,-0.900968867902419,-0.4999999999999997,-0.8660254037844388
1039,20.2,0,0,1,0,0,0,1,0.43388373911755823,-0.900968867902419,-0.7071067811865471,-0.7071067811865479
1198,19.8,0,0,1,0,0,0,1,0.43388373911755823,-0.900968867902419,-0.8660254037844385,-0.5000000000000004
1534,20.1,0,0,1,0,0,0,1,0.43388373911755823,-0.900968867902419,-0.9659258262890683,-0.25881904510252063
2198,19.1,0,0,1,0,0,0,1,0.43388373911755823,-0.900968867902419,-1.0,-1.8369701987210297e-16
1489,17.4,0,0,1,0,0,0,1,0.43388373911755823,-0.900968867902419,-0.9659258262890684,0.2588190451025203
1313,15.5,0,0,1,0,0,0,1,0.43388373911755823,-0.900968867902419,-0.8660254037844386,0.5000000000000001
1165,14.2,0,0,1,0,0,0,1,0.43388373911755823,-0.900968867902419,-0.7071067811865477,0.7071067811865474
1054,13.4,0,0,1,0,0,0,1,0.43388373911755823,-0.900968867902419,-0.5000000000000004,0.8660254037844384
677,12.9,0,0,1,0,0,0,1,0.43388373911755823,-0.900968867902419,-0.25881904510252157,0.9659258262890681
553,12.4,0,0,1,0,0,0,1,-0.433883739117558,-0.9009688679024191,0.0,1.0
436,11.8,0,0,1,0,0,0,1,-0.433883739117558,-0.9009688679024191,0.25881904510252074,0.9659258262890683
305,11.7,0,0,1,0,0,0,1,-0.433883739117558,-0.9009688679024191,0.49999999999999994,0.8660254037844387
188,11.3,0,0,1,0,0,0,1,-0.433883739117558,-0.9009688679024191,0.7071067811865476,0.7071067811865476
134,11.4,0,0,1,0,0,0,1,-0.433883739117558,-0.9009688679024191,0.8660254037844386,0.5000000000000001
168,11.4,0,0,1,0,0,0,1,-0.433883739117558,-0.9009688679024191,0.9659258262890683,0.25881904510252074
414,11.2,0,0,1,0,0,0,1,-0.433883739117558,-0.9009688679024191,1.0,6.123233995736766e-17
979,11.3,0,0,1,0,0,0,1,-0.433883739117558,-0.9009688679024191,0.9659258262890683,-0.25881904510252063
1659,13.0,0,0,1,0,0,0,1,-0.433883739117558,-0.9009688679024191,0.8660254037844387,-0.4999999999999998
962,15.8,0,0,1,0,0,0,1,-0.433883739117558,-0.9009688679024191,0.7071067811865476,-0.7071067811865475
708,18.2,0,0,1,0,0,0,1,-0.433883739117558,-0.9009688679024191,0.49999999999999994,-0.8660254037844387
805,20.6,0,0,1,0,0,0,1,-0.433883739117558,-0.9009688679024191,0.258819045102521,-0.9659258262890682
1019,22.5,0,0,1,0,0,0,1,-0.433883739117558,-0.9009688679024191,1.2246467991473532e-16,-1.0
973,24.2,0,0,1,0,0,0,1,-0.433883739117558,-0.9009688679024191,-0.2588190451025208,-0.9659258262890683
970,25.9,0,0,1,0,0,0,1,-0.433883739117558,-0.9009688679024191,-0.4999999999999997,-0.8660254037844388
1080,26.1,0,0,1,0,0,0,1,-0.433883739117558,-0.9009688679024191,-0.7071067811865471,-0.7071067811865479
1206,25.7,0,0,1,0,0,0,1,-0.433883739117558,-0.9009688679024191,-0.8660254037844385,-0.5000000000000004
1543,25.6,0,0,1,0,0,0,1,-0.433883739117558,-0.9009688679024191,-0.9659258262890683,-0.25881904510252063
2268,24.7,0,0,1,0,0,0,1,-0.433883739117558,-0.9009688679024191,-1.0,-1.8369701987210297e-16
1578,22.9,0,0,1,0,0,0,1,-0.433883739117558,-0.9009688679024191,-0.9659258262890684,0.2588190451025203
1358,21.1,0,0,1,0,0,0,1,-0.433883739117558,-0.9009688679024191,-0.8660254037844386,0.5000000000000001
1213,19.2,0,0,1,0,0,0,1,-0.433883739117558,-0.9009688679024191,-0.7071067811865477,0.7071067811865474
1183,18.2,0,0,1,0,0,0,1,-0.433883739117558,-0.9009688679024191,-0.5000000000000004,0.8660254037844384
891,17.3,0,0,1,0,0,0,1,-0.433883739117558,-0.9009688679024191,-0.25881904510252157,0.9659258262890681
707,16.3,0,0,1,0,0,0,1,-0.9749279121818236,-0.2225209339563146,0.0,1.0
628,15.5,0,0,1,0,0,0,1,-0.9749279121818236,-0.2225209339563146,0.25881904510252074,0.9659258262890683
436,14.7,0,0,1,0,0,0,1,-0.9749279121818236,-0.2225209339563146,0.49999999999999994,0.8660254037844387
307,14.2,0,0,1,0,0,0,1,-0.9749279121818236,-0.2225209339563146,0.7071067811865476,0.7071067811865476
166,13.6,0,0,1,0,0,0,1,-0.9749279121818236,-0.2225209339563146,0.8660254037844386,0.5000000000000001
122,13.0,0,0,1,0,1,0,0,-0.9749279121818236,-0.2225209339563146,0.9659258262890683,0.25881904510252074
184,12.3,0,0,1,0,1,0,0,-0.9749279121818236,-0.2225209339563146,1.0,6.123233995736766e-17
324,12.5,0,0,1,0,1,0,0,-0.9749279121818236,-0.2225209339563146,0.9659258262890683,-0.25881904510252063
600,14.6,0,0,1,0,1,0,0,-0.9749279121818236,-0.2225209339563146,0.8660254037844387,-0.4999999999999998
647,18.1,0,0,1,0,0,0,1,-0.9749279121818236,-0.2225209339563146,0.7071067811865476,-0.7071067811865475
702,20.6,0,0,1,0,0,0,1,-0.9749279121818236,-0.2225209339563146,0.49999999999999994,-0.8660254037844387
872,23.1,0,0,1,0,0,0,1,-0.9749279121818236,-0.2225209339563146,0.258819045102521,-0.9659258262890682
1130,24.3,0,0,1,0,0,0,1,-0.9749279121818236,-0.2225209339563146,1.2246467991473532e-16,-1.0
1315,24.6,0,0,1,0,0,1,0,-0.9749279121818236,-0.2225209339563146,-0.2588190451025208,-0.9659258262890683
1511,25.0,0,0,1,0,0,0,1,-0.9749279121818236,-0.2225209339563146,-0.4999999999999997,-0.8660254037844388
1730,25.0,0,0,1,0,0,0,1,-0.9749279121818236,-0.2225209339563146,-0.7071067811865471,-0.7071067811865479
1942,24.8,0,0,1,0,0,0,1,-0.9749279121818236,-0.2225209339563146,-0.8660254037844385,-0.5000000000000004
2032,23.2,0,0,1,0,0,0,1,-0.9749279121818236,-0.2225209339563146,-0.9659258262890683,-0.25881904510252063
1986,22.2,0,0,1,0,0,1,0,-0.9749279121818236,-0.2225209339563146,-1.0,-1.8369701987210297e-16
1711,20.7,0,0,1,0,0,0,1,-0.9749279121818236,-0.2225209339563146,-0.9659258262890684,0.2588190451025203
1581,19.1,0,0,1,0,0,0,1,-0.9749279121818236,-0.2225209339563146,-0.8660254037844386,0.5000000000000001
1491,17.8,0,0,1,0,0,0,1,-0.9749279121818236,-0.2225209339563146,-0.7071067811865477,0.7071067811865474
1292,16.7,0,0,1,0,0,0,1,-0.9749279121818236,-0.2225209339563146,-0.5000000000000004,0.8660254037844384
988,16.0,0,0,1,0,0,0,1,-0.9749279121818236,-0.2225209339563146,-0.25881904510252157,0.9659258262890681
826,15.9,0,0,1,0,0,0,1,-0.7818314824680299,0.6234898018587334,0.0,1.0
578,15.9,0,0,1,0,0,0,1,-0.7818314824680299,0.6234898018587334,0.25881904510252074,0.9659258262890683
410,15.4,0,0,1,0,0,0,1,-0.7818314824680299,0.6234898018587334,0.49999999999999994,0.8660254037844387
289,15.2,0,0,1,0,0,0,1,-0.7818314824680299,0.6234898018587334,0.7071067811865476,0.7071067811865476
192,14.9,0,0,1,0,0,0,1,-0.7818314824680299,0.6234898018587334,0.8660254037844386,0.5000000000000001
136,14.8,0,0,1,0,0,0,1,-0.7818314824680299,0.6234898018587334,0.9659258262890683,0.25881904510252074
155,14.6,0,0,1,0,0,0,1,-0.7818314824680299,0.6234898018587334,1.0,6.123233995736766e-17
278,15.0,0,0,1,0,0,0,1,-0.7818314824680299,0.6234898018587334,0.9659258262890683,-0.25881904510252063
429,16.3,0,0,1,0,0,0,1,-0.7818314824680299,0.6234898018587334,0.8660254037844387,-0.4999999999999998
247,16.9,0,0,1,0,0,0,1,-0.7818314824680299,0.6234898018587334,0.7071067811865476,-0.7071067811865475
486,16.3,0,0,1,0,1,0,0,-0.7818314824680299,0.6234898018587334,0.49999999999999994,-0.8660254037844387
424,17.4,0,0,1,0,0,0,1,-0.7818314824680299,0.6234898018587334,0.258819045102521,-0.9659258262890682
631,18.9,0,0,1,0,0,0,1,-0.7818314824680299,0.6234898018587334,1.2246467991473532e-16,-1.0
842,20.5,0,0,1,0,0,1,0,-0.7818314824680299,0.6234898018587334,-0.2588190451025208,-0.9659258262890683
384,20.7,0,0,1,0,0,0,1,-0.7818314824680299,0.6234898018587334,-0.4999999999999997,-0.8660254037844388
234,19.6,0,0,1,0,1,0,0,-0.7818314824680299,0.6234898018587334,-0.7071067811865471,-0.7071067811865479
103,19.1,0,0,1,0,0,0,1,-0.7818314824680299,0.6234898018587334,-0.8660254037844385,-0.5000000000000004
46,17.9,0,0,1,0,1,0,0,-0.7818314824680299,0.6234898018587334,-0.9659258262890683,-0.25881904510252063
63,16.1,0,0,1,0,1,0,0,-0.7818314824680299,0.6234898018587334,-1.0,-1.8369701987210297e-16
32,15.2,0,0,1,0,1,0,0,-0.7818314824680299,0.6234898018587334,-0.9659258262890684,0.2588190451025203
12,13.3,0,0,1,0,1,0,0,-0.7818314824680299,0.6234898018587334,-0.8660254037844386,0.5000000000000001
24,12.0,0,0,1,0,1,0,0,-0.7818314824680299,0.6234898018587334,-0.7071067811865477,0.7071067811865474
13,11.6,0,0,1,0,1,0,0,-0.7818314824680299,0.6234898018587334,-0.5000000000000004,0.8660254037844384
18,11.3,0,0,1,0,1,0,0,-0.7818314824680299,0.6234898018587334,-0.25881904510252157,0.9659258262890681
81,10.7,0,0,1,0,1,0,0,0.0,1.0,0.0,1.0
41,10.6,0,0,1,0,1,0,0,0.0,1.0,0.25881904510252074,0.9659258262890683
21,10.2,0,0,1,0,1,0,0,0.0,1.0,0.49999999999999994,0.8660254037844387
8,9.9,0,0,1,0,1,0,0,0.0,1.0,0.7071067811865476,0.7071067811865476
2,9.5,0,0,1,0,1,0,0,0.0,1.0,0.8660254037844386,0.5000000000000001
6,9.2,0,0,1,0,1,0,0,0.0,1.0,0.9659258262890683,0.25881904510252074
5,9.1,0,0,1,0,1,0,0,0.0,1.0,1.0,6.123233995736766e-17
17,9.0,0,0,1,0,1,0,0,0.0,1.0,0.9659258262890683,-0.25881904510252063
25,8.8,0,0,1,0,1,0,0,0.0,1.0,0.8660254037844387,-0.4999999999999998
9,8.5,0,0,1,0,1,0,0,0.0,1.0,0.7071067811865476,-0.7071067811865475
12,8.6,0,0,1,0,1,0,0,0.0,1.0,0.49999999999999994,-0.8660254037844387
10,8.9,0,0,1,0,1,0,0,0.0,1.0,0.258819045102521,-0.9659258262890682
10,9.0,0,0,1,0,1,0,0,0.0,1.0,1.2246467991473532e-16,-1.0
11,9.3,0,0,1,0,1,0,0,0.0,1.0,-0.2588190451025208,-0.9659258262890683
17,9.4,0,0,1,0,1,0,0,0.0,1.0,-0.4999999999999997,-0.8660254037844388
14,9.5,0,0,1,0,1,0,0,0.0,1.0,-0.7071067811865471,-0.7071067811865479
41,9.6,0,0,1,0,1,0,0,0.0,1.0,-0.8660254037844385,-0.5000000000000004
42,9.4,0,0,1,0,1,0,0,0.0,1.0,-0.9659258262890683,-0.25881904510252063
39,9.4,0,0,1,0,1,0,0,0.0,1.0,-1.0,-1.8369701987210297e-16
50,9.4,0,0,1,0,1,0,0,0.0,1.0,-0.9659258262890684,0.2588190451025203
37,9.4,0,0,1,0,1,0,0,0.0,1.0,-0.8660254037844386,0.5000000000000001
82,9.4,0,0,1,0,1,0,0,0.0,1.0,-0.7071067811865477,0.7071067811865474
164,9.6,0,0,1,0,0,0,1,0.0,1.0,-0.5000000000000004,0.8660254037844384
233,9.8,0,0,1,0,0,0,1,0.0,1.0,-0.25881904510252157,0.9659258262890681
213,9.8,0,0,1,0,0,0,1,0.7818314824680298,0.6234898018587336,0.0,1.0
157,10.1,0,0,1,0,0,0,1,0.7818314824680298,0.6234898018587336,0.25881904510252074,0.9659258262890683
68,10.1,0,0,1,0,1,0,0,0.7818314824680298,0.6234898018587336,0.49999999999999994,0.8660254037844387
35,9.6,0,0,1,0,1,0,0,0.7818314824680298,0.6234898018587336,0.7071067811865476,0.7071067811865476
34,9.5,0,0,1,0,1,0,0,0.7818314824680298,0.6234898018587336,0.8660254037844386,0.5000000000000001
77,9.4,0,0,1,0,0,0,1,0.7818314824680298,0.6234898018587336,0.9659258262890683,0.25881904510252074
262,9.6,0,0,1,0,0,0,1,0.7818314824680298,0.6234898018587336,1.0,6.123233995736766e-17
751,9.8,0,0,1,0,0,0,1,0.7818314824680298,0.6234898018587336,0.9659258262890683,-0.25881904510252063
1502,10.5,0,0,1,0,0,0,1,0.7818314824680298,0.6234898018587336,0.8660254037844387,-0.4999999999999998
814,12.0,0,0,1,0,0,1,0,0.7818314824680298,0.6234898018587336,0.7071067811865476,-0.7071067811865475
638,12.9,0,0,1,0,0,1,0,0.7818314824680298,0.6234898018587336,0.49999999999999994,-0.8660254037844387
710,14.1,0,0,1,0,0,1,0,0.7818314824680298,0.6234898018587336,0.258819045102521,-0.9659258262890682
925,15.2,0,0,1,0,0,1,0,0.7818314824680298,0.6234898018587336,1.2246467991473532e-16,-1.0
923,15.9,0,0,1,0,0,1,0,0.7818314824680298,0.6234898018587336,-0.2588190451025208,-0.9659258262890683
942,16.0,0,0,1,0,0,1,0,0.7818314824680298,0.6234898018587336,-0.4999999999999997,-0.8660254037844388
971,16.1,0,0,1,0,0,1,0,0.7818314824680298,0.6234898018587336,-0.7071067811865471,-0.7071067811865479
1118,15.5,0,0,1,0,0,0,1,0.7818314824680298,0.6234898018587336,-0.8660254037844385,-0.5000000000000004
1462,15.1,0,0,1,0,0,0,1,0.7818314824680298,0.6234898018587336,-0.9659258262890683,-0.25881904510252063
2318,14.1,0,0,1,0,0,0,1,0.7818314824680298,0.6234898018587336,-1.0,-1.8369701987210297e-16
1580,13.3,0,0,1,0,0,0,1,0.7818314824680298,0.6234898018587336,-0.9659258262890684,0.2588190451025203
1332,12.6,0,0,1,0,0,0,1,0.7818314824680298,0.6234898018587336,-0.8660254037844386,0.5000000000000001
1372,11.5,0,0,1,0,0,0,1,0.7818314824680298,0.6234898018587336,-0.7071067811865477,0.7071067811865474
1215,10.4,0,0,1,0,0,0,1,0.7818314824680298,0.6234898018587336,-0.5000000000000004,0.8660254037844384
725,9.6,0,0,1,0,0,0,1,0.7818314824680298,0.6234898018587336,-0.25881904510252157,0.9659258262890681
536,8.9,0,0,1,0,0,0,1,0.9749279121818236,-0.22252093395631434,0.0,1.0
444,8.4,0,0,1,0,0,0,1,0.9749279121818236,-0.22252093395631434,0.25881904510252074,0.9659258262890683
306,7.7,0,0,1,0,0,0,1,0.9749279121818236,-0.22252093395631434,0.49999999999999994,0.8660254037844387
206,7.1,0,0,1,0,0,0,1,0.9749279121818236,-0.22252093395631434,0.7071067811865476,0.7071067811865476
117,6.4,0,0,1,0,0,0,1,0.9749279121818236,-0.22252093395631434,0.8660254037844386,0.5000000000000001
148,6.0,0,0,1,0,0,0,1,0.9749279121818236,-0.22252093395631434,0.9659258262890683,0.25881904510252074
449,5.8,0,0,1,0,0,0,1,0.9749279121818236,-0.22252093395631434,1.0,6.123233995736766e-17
1123,6.4,0,0,1,0,0,0,1,0.9749279121818236,-0.22252093395631434,0.9659258262890683,-0.25881904510252063
1900,8.8,0,0,1,0,0,1,0,0.9749279121818236,-0.22252093395631434,0.8660254037844387,-0.4999999999999998
1066,11.7,0,0,1,0,0,1,0,0.9749279121818236,-0.22252093395631434,0.7071067811865476,-0.7071067811865475
756,14.8,0,0,1,0,0,1,0,0.9749279121818236,-0.22252093395631434,0.49999999999999994,-0.8660254037844387
938,17.5,0,0,1,0,0,1,0,0.9749279121818236,-0.22252093395631434,0.258819045102521,-0.9659258262890682
1192,19.4,0,0,1,0,0,1,0,0.9749279121818236,-0.22252093395631434,1.2246467991473532e-16,-1.0
1141,20.8,0,0,1,0,0,0,1,0.9749279121818236,-0.22252093395631434,-0.2588190451025208,-0.9659258262890683
1161,22.1,0,0,1,0,0,0,1,0.9749279121818236,-0.22252093395631434,-0.4999999999999997,-0.8660254037844388
1180,22.8,0,0,1,0,0,1,0,0.9749279121818236,-0.22252093395631434,-0.7071067811865471,-0.7071067811865479
1447,23.1,0,0,1,0,0,0,1,0.9749279121818236,-0.22252093395631434,-0.8660254037844385,-0.5000000000000004
1878,22.9,0,0,1,0,0,1,0,0.9749279121818236,-0.22252093395631434,-0.9659258262890683,-0.25881904510252063
2807,21.2,0,0,1,0,0,0,1,0.9749279121818236,-0.22252093395631434,-1.0,-1.8369701987210297e-16
1958,18.2,0,0,1,0,0,0,1,0.9749279121818236,-0.22252093395631434,-0.9659258262890684,0.2588190451025203
1651,16.8,0,0,1,0,0,0,1,0.9749279121818236,-0.22252093395631434,-0.8660254037844386,0.5000000000000001
1593,15.9,0,0,1,0,0,0,1,0.9749279121818236,-0.22252093395631434,-0.7071067811865477,0.7071067811865474
1382,15.2,0,0,1,0,0,0,1,0.9749279121818236,-0.22252093395631434,-0.5000000000000004,0.8660254037844384
906,14.0,0,0,1,0,0,0,1,0.9749279121818236,-0.22252093395631434,-0.25881904510252157,0.9659258262890681
692,13.1,0,0,1,0,0,0,1,0.43388373911755823,-0.900968867902419,0.0,1.0
546,12.4,0,0,1,0,0,0,1,0.43388373911755823,-0.900968867902419,0.25881904510252074,0.9659258262890683
409,11.9,0,0,1,0,0,0,1,0.43388373911755823,-0.900968867902419,0.49999999999999994,0.8660254037844387
239,11.3,0,0,1,0,0,0,1,0.43388373911755823,-0.900968867902419,0.7071067811865476,0.7071067811865476
140,10.7,0,0,1,0,0,0,1,0.43388373911755823,-0.900968867902419,0.8660254037844386,0.5000000000000001
180,10.2,0,0,1,0,0,0,1,0.43388373911755823,-0.900968867902419,0.9659258262890683,0.25881904510252074
452,10.0,0,0,1,0,0,0,1,0.43388373911755823,-0.900968867902419,1.0,6.123233995736766e-17
1124,10.7,0,0,1,0,0,0,1,0.43388373911755823,-0.900968867902419,0.9659258262890683,-0.25881904510252063
1933,11.7,0,0,1,0,0,0,1,0.43388373911755823,-0.900968867902419,0.8660254037844387,-0.4999999999999998
1027,14.0,0,0,1,0,0,0,1,0.43388373911755823,-0.900968867902419,0.7071067811865476,-0.7071067811865475
745,16.7,0,0,1,0,0,0,1,0.43388373911755823,-0.900968867902419,0.49999999999999994,-0.8660254037844387
930,18.1,0,0,1,0,0,0,1,0.43388373911755823,-0.900968867902419,0.258819045102521,-0.9659258262890682
1197,19.6,0,0,1,0,0,0,1,0.43388373911755823,-0.900968867902419,1.2246467991473532e-16,-1.0
1084,20.6,0,0,1,0,0,0,1,0.43388373911755823,-0.900968867902419,-0.2588190451025208,-0.9659258262890683
1123,21.6,0,0,1,0,0,0,1,0.43388373911755823,-0.900968867902419,-0.4999999999999997,-0.8660254037844388
1227,21.9,0,0,1,0,0,0,1,0.43388373911755823,-0.900968867902419,-0.7071067811865471,-0.7071067811865479
1386,21.7,0,0,1,0,0,0,1,0.43388373911755823,-0.900968867902419,-0.8660254037844385,-0.5000000000000004
1796,20.7,0,0,1,0,0,0,1,0.43388373911755823,-0.900968867902419,-0.9659258262890683,-0.25881904510252063
2574,17.4,0,0,1,0,0,0,1,0.43388373911755823,-0.900968867902419,-1.0,-1.8369701987210297e-16
1891,15.2,0,0,1,0,0,0,1,0.43388373911755823,-0.900968867902419,-0.9659258262890684,0.2588190451025203
1531,14.4,0,0,1,0,0,0,1,0.43388373911755823,-0.900968867902419,-0.8660254037844386,0.5000000000000001
1447,13.4,0,0,1,0,0,0,1,0.43388373911755823,-0.900968867902419,-0.7071067811865477,0.7071067811865474
1146,12.7,0,0,1,0,0,0,1,0.43388373911755823,-0.900968867902419,-0.5000000000000004,0.8660254037844384
851,12.1,0,0,1,0,0,0,1,0.43388373911755823,-0.900968867902419,-0.25881904510252157,0.9659258262890681
663,11.8,0,0,1,0,0,0,1,-0.433883739117558,-0.9009688679024191,0.0,1.0
562,11.5,0,0,1,0,0,0,1,-0.433883739117558,-0.9009688679024191,0.25881904510252074,0.9659258262890683
361,11.2,0,0,1,0,0,0,1,-0.433883739117558,-0.9009688679024191,0.49999999999999994,0.8660254037844387
258,10.7,0,0,1,0,0,0,1,-0.433883739117558,-0.9009688679024191,0.7071067811865476,0.7071067811865476
140,10.2,0,0,1,0,0,0,1,-0.433883739117558,-0.9009688679024191,0.8660254037844386,0.5000000000000001
170,9.9,0,0,1,0,0,0,1,-0.433883739117558,-0.9009688679024191,0.9659258262890683,0.25881904510252074
427,9.9,0,0,1,0,0,0,1,-0.433883739117558,-0.9009688679024191,1.0,6.123233995736766e-17
1129,10.1,0,0,1,0,0,0,1,-0.433883739117558,-0.9009688679024191,0.9659258262890683,-0.25881904510252063
1922,11.6,0,0,1,0,0,0,1,-0.433883739117558,-0.9009688679024191,0.8660254037844387,-0.4999999999999998
985,13.2,0,0,1,0,0,0,1,-0.433883739117558,-0.9009688679024191,0.7071067811865476,-0.7071067811865475
789,15.3,0,0,1,0,0,0,1,-0.433883739117558,-0.9009688679024191,0.49999999999999994,-0.8660254037844387
986,17.7,0,0,1,0,0,0,1,-0.433883739117558,-0.9009688679024191,0.258819045102521,-0.9659258262890682
1142,19.5,0,0,1,0,0,0,1,-0.433883739117558,-0.9009688679024191,1.2246467991473532e-16,-1.0
1133,21.0,0,0,1,0,0,0,1,-0.433883739117558,-0.9009688679024191,-0.2588190451025208,-0.9659258262890683
1115,22.2,0,0,1,0,0,0,1,-0.433883739117558,-0.9009688679024191,-0.4999999999999997,-0.8660254037844388
1253,22.7,0,0,1,0,0,0,1,-0.433883739117558,-0.9009688679024191,-0.7071067811865471,-0.7071067811865479
1446,23.2,0,0,1,0,0,0,1,-0.433883739117558,-0.9009688679024191,-0.8660254037844385,-0.5000000000000004
1877,21.8,0,0,1,0,0,0,1,-0.433883739117558,-0.9009688679024191,-0.9659258262890683,-0.25881904510252063
2577,20.3,0,0,1,0,0,0,1,-0.433883739117558,-0.9009688679024191,-1.0,-1.8369701987210297e-16
1812,18.7,0,0,1,0,0,0,1,-0.433883739117558,-0.9009688679024191,-0.9659258262890684,0.2588190451025203
1499,16.9,0,0,1,0,0,0,1,-0.433883739117558,-0.9009688679024191,-0.8660254037844386,0.5000000000000001
1362,15.7,0,0,1,0,0,0,1,-0.433883739117558,-0.9009688679024191,-0.7071067811865477,0.7071067811865474
1278,14.7,0,0,1,0,0,0,1,-0.433883739117558,-0.9009688679024191,-0.5000000000000004,0.8660254037844384
975,14.0,0,0,1,0,0,0,1,-0.433883739117558,-0.9009688679024191,-0.25881904510252157,0.9659258262890681
777,13.3,0,0,1,0,1,0,0,-0.9749279121818236,-0.2225209339563146,0.0,1.0
672,12.7,0,0,1,0,1,0,0,-0.9749279121818236,-0.2225209339563146,0.25881904510252074,0.9659258262890683
522,12.0,0,0,1,0,1,0,0,-0.9749279121818236,-0.2225209339563146,0.49999999999999994,0.8660254037844387
325,11.6,0,0,1,0,1,0,0,-0.9749279121818236,-0.2225209339563146,0.7071067811865476,0.7071067811865476
166,11.4,0,0,1,0,1,0,0,-0.9749279121818236,-0.2225209339563146,0.8660254037844386,0.5000000000000001
152,10.9,0,0,1,0,1,0,0,-0.9749279121818236,-0.2225209339563146,0.9659258262890683,0.25881904510252074
230,10.6,0,0,1,0,1,0,0,-0.9749279121818236,-0.2225209339563146,1.0,6.123233995736766e-17
376,10.8,0,0,1,0,1,0,0,-0.9749279121818236,-0.2225209339563146,0.9659258262890683,-0.25881904510252063
647,12.7,0,0,1,0,1,0,0,-0.9749279121818236,-0.2225209339563146,0.8660254037844387,-0.4999999999999998
795,15.1,0,0,1,0,1,0,0,-0.9749279121818236,-0.2225209339563146,0.7071067811865476,-0.7071067811865475
808,17.4,0,0,1,0,0,0,1,-0.9749279121818236,-0.2225209339563146,0.49999999999999994,-0.8660254037844387
1000,19.0,0,0,1,0,0,1,0,-0.9749279121818236,-0.2225209339563146,0.258819045102521,-0.9659258262890682
1278,20.5,0,0,1,0,0,0,1,-0.9749279121818236,-0.2225209339563146,1.2246467991473532e-16,-1.0
1404,21.2,0,0,1,0,0,0,1,-0.9749279121818236,-0.2225209339563146,-0.2588190451025208,-0.9659258262890683
1597,21.3,0,0,1,0,0,0,1,-0.9749279121818236,-0.2225209339563146,-0.4999999999999997,-0.8660254037844388
1875,21.1,0,0,1,0,0,0,1,-0.9749279121818236,-0.2225209339563146,-0.7071067811865471,-0.7071067811865479
1945,20.4,0,0,1,0,0,0,1,-0.9749279121818236,-0.2225209339563146,-0.8660254037844385,-0.5000000000000004
2043,20.1,0,0,1,0,0,0,1,-0.9749279121818236,-0.2225209339563146,-0.9659258262890683,-0.25881904510252063
1882,18.9,0,0,1,0,0,1,0,-0.9749279121818236,-0.2225209339563146,-1.0,-1.8369701987210297e-16
1590,16.9,0,0,1,0,0,0,1,-0.9749279121818236,-0.2225209339563146,-0.9659258262890684,0.2588190451025203
1435,15.1,0,0,1,0,0,0,1,-0.9749279121818236,-0.2225209339563146,-0.8660254037844386,0.5000000000000001
1351,13.9,0,0,1,0,0,0,1,-0.9749279121818236,-0.2225209339563146,-0.7071067811865477,0.7071067811865474
1165,13.0,0,0,1,0,0,0,1,-0.9749279121818236,-0.2225209339563146,-0.5000000000000004,0.8660254037844384
905,12.3,0,0,1,0,0,0,1,-0.9749279121818236,-0.2225209339563146,-0.25881904510252157,0.9659258262890681
790,11.7,0,0,1,0,0,0,1,-0.7818314824680299,0.6234898018587334,0.0,1.0
554,11.2,0,0,1,0,0,0,1,-0.7818314824680299,0.6234898018587334,0.25881904510252074,0.9659258262890683
425,10.9,0,0,1,0,0,0,1,-0.7818314824680299,0.6234898018587334,0.49999999999999994,0.8660254037844387
263,10.6,0,0,1,0,0,0,1,-0.7818314824680299,0.6234898018587334,0.7071067811865476,0.7071067811865476
183,10.3,0,0,1,0,0,0,1,-0.7818314824680299,0.6234898018587334,0.8660254037844386,0.5000000000000001
138,9.7,0,0,1,0,0,0,1,-0.7818314824680299,0.6234898018587334,0.9659258262890683,0.25881904510252074
183,9.5,0,0,1,0,0,0,1,-0.7818314824680299,0.6234898018587334,1.0,6.123233995736766e-17
307,9.9,0,0,1,0,0,0,1,-0.7818314824680299,0.6234898018587334,0.9659258262890683,-0.25881904510252063
485,12.2,0,0,1,0,0,0,1,-0.7818314824680299,0.6234898018587334,0.8660254037844387,-0.4999999999999998
716,14.9,0,0,1,0,0,0,1,-0.7818314824680299,0.6234898018587334,0.7071067811865476,-0.7071067811865475
787,17.5,0,0,1,0,0,1,0,-0.7818314824680299,0.6234898018587334,0.49999999999999994,-0.8660254037844387
1060,19.6,0,0,1,0,0,1,0,-0.7818314824680299,0.6234898018587334,0.258819045102521,-0.9659258262890682
1375,20.5,0,0,1,0,0,0,1,-0.7818314824680299,0.6234898018587334,1.2246467991473532e-16,-1.0
1635,21.9,0,0,1,0,0,0,1,-0.7818314824680299,0.6234898018587334,-0.2588190451025208,-0.9659258262890683
1814,21.6,0,0,1,0,0,0,1,-0.7818314824680299,0.6234898018587334,-0.4999999999999997,-0.8660254037844388
2019,22.8,0,0,1,0,0,0,1,-0.7818314824680299,0.6234898018587334,-0.7071067811865471,-0.7071067811865479
2044,22.2,0,0,1,0,0,0,1,-0.7818314824680299,0.6234898018587334,-0.8660254037844385,-0.5000000000000004
2094,21.9,0,0,1,0,0,0,1,-0.7818314824680299,0.6234898018587334,-0.9659258262890683,-0.25881904510252063
1950,20.1,0,0,1,0,0,0,1,-0.7818314824680299,0.6234898018587334,-1.0,-1.8369701987210297e-16
1712,18.1,0,0,1,0,0,0,1,-0.7818314824680299,0.6234898018587334,-0.9659258262890684,0.2588190451025203
1485,16.9,0,0,1,0,0,0,1,-0.7818314824680299,0.6234898018587334,-0.8660254037844386,0.5000000000000001
1382,16.1,0,0,1,0,0,0,1,-0.7818314824680299,0.6234898018587334,-0.7071067811865477,0.7071067811865474
1128,15.6,0,0,1,0,0,0,1,-0.7818314824680299,0.6234898018587334,-0.5000000000000004,0.8660254037844384
820,15.2,0,0,1,0,0,0,1,-0.7818314824680299,0.6234898018587334,-0.25881904510252157,0.9659258262890681
569,14.7,0,0,1,0,0,0,1,0.0,1.0,0.0,1.0
362,14.4,0,0,1,0,0,0,1,0.0,1.0,0.25881904510252074,0.9659258262890683
246,14.1,0,0,1,0,0,0,1,0.0,1.0,0.49999999999999994,0.8660254037844387
157,14.3,0,0,1,0,1,0,0,0.0,1.0,0.7071067811865476,0.7071067811865476
132,14.6,0,0,1,0,1,0,0,0.0,1.0,0.8660254037844386,0.5000000000000001
185,14.8,0,0,1,0,1,0,0,0.0,1.0,0.9659258262890683,0.25881904510252074
397,14.9,0,0,1,0,1,0,0,0.0,1.0,1.0,6.123233995736766e-17
1075,15.1,0,0,1,0,1,0,0,0.0,1.0,0.9659258262890683,-0.25881904510252063
1791,15.8,0,0,1,0,1,0,0,0.0,1.0,0.8660254037844387,-0.4999999999999998
983,17.5,0,0,1,0,1,0,0,0.0,1.0,0.7071067811865476,-0.7071067811865475
742,19.5,0,0,1,0,1,0,0,0.0,1.0,0.49999999999999994,-0.8660254037844387
901,20.3,0,0,1,0,1,0,0,0.0,1.0,0.258819045102521,-0.9659258262890682
1094,22.2,0,0,1,0,0,0,1,0.0,1.0,1.2246467991473532e-16,-1.0
1019,23.3,0,0,1,0,0,0,1,0.0,1.0,-0.2588190451025208,-0.9659258262890683
1055,24.0,0,0,1,0,0,0,1,0.0,1.0,-0.4999999999999997,-0.8660254037844388
1168,24.1,0,0,1,0,1,0,0,0.0,1.0,-0.7071067811865471,-0.7071067811865479
1344,24.8,0,0,1,0,0,0,1,0.0,1.0,-0.8660254037844385,-0.5000000000000004
1706,24.0,0,0,1,0,0,0,1,0.0,1.0,-0.9659258262890683,-0.25881904510252063
2558,23.0,0,0,1,0,0,0,1,0.0,1.0,-1.0,-1.8369701987210297e-16
2064,21.2,0,0,1,0,0,0,1,0.0,1.0,-0.9659258262890684,0.2588190451025203
1703,20.0,0,0,1,0,0,0,1,0.0,1.0,-0.8660254037844386,0.5000000000000001
1711,19.1,0,0,1,0,1,0,0,0.0,1.0,-0.7071067811865477,0.7071067811865474
1456,18.4,0,0,1,0,1,0,0,0.0,1.0,-0.5000000000000004,0.8660254037844384
1044,17.9,0,0,1,0,1,0,0,0.0,1.0,-0.25881904510252157,0.9659258262890681
782,18.3,1,0,1,0,1,0,0,0.7818314824680298,0.6234898018587336,0.0,1.0
705,18.3,1,0,1,0,1,0,0,0.7818314824680298,0.6234898018587336,0.25881904510252074,0.9659258262890683
534,18.2,1,0,1,0,1,0,0,0.7818314824680298,0.6234898018587336,0.49999999999999994,0.8660254037844387
343,18.1,1,0,1,0,1,0,0,0.7818314824680298,0.6234898018587336,0.7071067811865476,0.7071067811865476
187,18.0,1,0,1,0,1,0,0,0.7818314824680298,0.6234898018587336,0.8660254037844386,0.5000000000000001
166,18.0,1,0,1,0,1,0,0,0.7818314824680298,0.6234898018587336,0.9659258262890683,0.25881904510252074
306,17.8,1,0,1,0,1,0,0,0.7818314824680298,0.6234898018587336,1.0,6.123233995736766e-17
614,18.0,1,0,1,0,1,0,0,0.7818314824680298,0.6234898018587336,0.9659258262890683,-0.25881904510252063
1067,18.8,1,0,1,0,1,0,0,0.7818314824680298,0.6234898018587336,0.8660254037844387,-0.4999999999999998
1024,20.7,1,0,1,0,1,0,0,0.7818314824680298,0.6234898018587336,0.7071067811865476,-0.7071067811865475
1002,22.2,1,0,1,0,0,0,1,0.7818314824680298,0.6234898018587336,0.49999999999999994,-0.8660254037844387
1117,22.7,1,0,1,0,0,0,1,0.7818314824680298,0.6234898018587336,0.258819045102521,-0.9659258262890682
1315,22.1,1,0,1,0,1,0,0,0.7818314824680298,0.6234898018587336,1.2246467991473532e-16,-1.0
1493,23.0,1,0,1,0,1,0,0,0.7818314824680298,0.6234898018587336,-0.2588190451025208,-0.9659258262890683
1536,23.0,1,0,1,0,0,0,1,0.7818314824680298,0.6234898018587336,-0.4999999999999997,-0.8660254037844388
1639,23.1,1,0,1,0,0,0,1,0.7818314824680298,0.6234898018587336,-0.7071067811865471,-0.7071067811865479
1759,22.6,1,0,1,0,0,0,1,0.7818314824680298,0.6234898018587336,-0.8660254037844385,-0.5000000000000004
1898,22.0,1,0,1,0,0,0,1,0.7818314824680298,0.6234898018587336,-0.9659258262890683,-0.25881904510252063
2082,21.6,1,0,1,0,0,0,1,0.7818314824680298,0.6234898018587336,-1.0,-1.8369701987210297e-16
1696,21.2,1,0,1,0,0,0,1,0.7818314824680298,0.6234898018587336,-0.9659258262890684,0.2588190451025203
1656,20.6,1,0,1,0,0,0,1,0.7818314824680298,0.6234898018587336,-0.8660254037844386,0.5000000000000001
1644,20.2,1,0,1,0,0,0,1,0.7818314824680298,0.6234898018587336,-0.7071067811865477,0.7071067811865474
1400,19.9,1,0,1,0,0,0,1,0.7818314824680298,0.6234898018587336,-0.5000000000000004,0.8660254037844384
855,19.8,1,0,1,0,1,0,0,0.7818314824680298,0.6234898018587336,-0.25881904510252157,0.9659258262890681
612,19.7,0,0,1,0,1,0,0,0.9749279121818236,-0.22252093395631434,0.0,1.0
413,19.6,0,0,1,0,1,0,0,0.9749279121818236,-0.22252093395631434,0.25881904510252074,0.9659258262890683
245,19.0,0,0,1,0,1,0,0,0.9749279121818236,-0.22252093395631434,0.49999999999999994,0.8660254037844387
170,18.5,0,0,1,0,1,0,0,0.9749279121818236,-0.22252093395631434,0.7071067811865476,0.7071067811865476
93,18.4,0,0,1,0,1,0,0,0.9749279121818236,-0.22252093395631434,0.8660254037844386,0.5000000000000001
76,18.4,0,0,1,0,1,0,0,0.9749279121818236,-0.22252093395631434,0.9659258262890683,0.25881904510252074
67,17.9,0,0,1,0,1,0,0,0.9749279121818236,-0.22252093395631434,1.0,6.123233995736766e-17
102,17.6,0,0,1,0,1,0,0,0.9749279121818236,-0.22252093395631434,0.9659258262890683,-0.25881904510252063
555,17.5,0,0,1,0,1,0,0,0.9749279121818236,-0.22252093395631434,0.8660254037844387,-0.4999999999999998
609,17.4,0,0,1,0,1,0,0,0.9749279121818236,-0.22252093395631434,0.7071067811865476,-0.7071067811865475
486,17.7,0,0,1,0,1,0,0,0.9749279121818236,-0.22252093395631434,0.49999999999999994,-0.8660254037844387
206,18.0,0,0,1,0,1,0,0,0.9749279121818236,-0.22252093395631434,0.258819045102521,-0.9659258262890682
63,17.3,0,0,1,0,1,0,0,0.9749279121818236,-0.22252093395631434,1.2246467991473532e-16,-1.0
327,17.2,0,0,1,0,1,0,0,0.9749279121818236,-0.22252093395631434,-0.2588190451025208,-0.9659258262890683
376,17.5,0,0,1,0,1,0,0,0.9749279121818236,-0.22252093395631434,-0.4999999999999997,-0.8660254037844388
143,17.0,0,0,1,0,1,0,0,0.9749279121818236,-0.22252093395631434,-0.7071067811865471,-0.7071067811865479
400,15.4,0,0,1,0,1,0,0,0.9749279121818236,-0.22252093395631434,-0.8660254037844385,-0.5000000000000004
813,13.9,0,0,1,0,1,0,0,0.9749279121818236,-0.22252093395631434,-0.9659258262890683,-0.25881904510252063
518,13.6,0,0,1,0,0,0,1,0.9749279121818236,-0.22252093395631434,-1.0,-1.8369701987210297e-16
131,12.6,0,0,1,0,0,0,1,0.9749279121818236,-0.22252093395631434,-0.9659258262890684,0.2588190451025203
123,11.1,0,0,1,0,1,0,0,0.9749279121818236,-0.22252093395631434,-0.8660254037844386,0.5000000000000001
327,10.5,0,0,1,0,1,0,0,0.9749279121818236,-0.22252093395631434,-0.7071067811865477,0.7071067811865474
299,10.4,0,0,1,0,0,0,1,0.9749279121818236,-0.22252093395631434,-0.5000000000000004,0.8660254037844384
294,9.5,0,0,1,0,1,0,0,0.9749279121818236,-0.22252093395631434,-0.25881904510252157,0.9659258262890681
361,8.7,0,0,1,0,0,0,1,0.43388373911755823,-0.900968867902419,0.0,1.0
323,7.9,0,0,1,0,0,0,1,0.43388373911755823,-0.900968867902419,0.25881904510252074,0.9659258262890683
251,7.3,0,0,1,0,0,0,1,0.43388373911755823,-0.900968867902419,0.49999999999999994,0.8660254037844387
156,7.0,0,0,1,0,0,0,1,0.43388373911755823,-0.900968867902419,0.7071067811865476,0.7071067811865476
109,7.0,0,0,1,0,0,0,1,0.43388373911755823,-0.900968867902419,0.8660254037844386,0.5000000000000001
163,7.0,0,0,1,0,0,0,1,0.43388373911755823,-0.900968867902419,0.9659258262890683,0.25881904510252074
469,7.9,0,0,1,0,0,0,1,0.43388373911755823,-0.900968867902419,1.0,6.123233995736766e-17
1160,8.4,0,0,1,0,0,0,1,0.43388373911755823,-0.900968867902419,0.9659258262890683,-0.25881904510252063
1946,10.5,0,0,1,0,0,0,1,0.43388373911755823,-0.900968867902419,0.8660254037844387,-0.4999999999999998
1061,12.8,0,0,1,0,0,0,1,0.43388373911755823,-0.900968867902419,0.7071067811865476,-0.7071067811865475
762,13.8,0,0,1,0,0,0,1,0.43388373911755823,-0.900968867902419,0.49999999999999994,-0.8660254037844387
794,14.7,0,0,1,0,0,1,0,0.43388373911755823,-0.900968867902419,0.258819045102521,-0.9659258262890682
871,14.1,0,0,1,0,0,0,1,0.43388373911755823,-0.900968867902419,1.2246467991473532e-16,-1.0
516,13.4,0,0,1,0,1,0,0,0.43388373911755823,-0.900968867902419,-0.2588190451025208,-0.9659258262890683
367,12.7,0,0,1,0,1,0,0,0.43388373911755823,-0.900968867902419,-0.4999999999999997,-0.8660254037844388
590,12.2,0,0,1,0,1,0,0,0.43388373911755823,-0.900968867902419,-0.7071067811865471,-0.7071067811865479
911,12.8,0,0,1,0,0,0,1,0.43388373911755823,-0.900968867902419,-0.8660254037844385,-0.5000000000000004
1421,13.2,0,0,1,0,0,0,1,0.43388373911755823,-0.900968867902419,-0.9659258262890683,-0.25881904510252063
2310,13.4,0,0,1,0,0,0,1,0.43388373911755823,-0.900968867902419,-1.0,-1.8369701987210297e-16
1663,13.3,0,0,1,0,0,0,1,0.43388373911755823,-0.900968867902419,-0.9659258262890684,0.2588190451025203
1401,12.6,0,0,1,0,0,0,1,0.43388373911755823,-0.900968867902419,-0.8660254037844386,0.5000000000000001
1388,11.9,0,0,1,0,0,0,1,0.43388373911755823,-0.900968867902419,-0.7071067811865477,0.7071067811865474
1202,11.2,0,0,1,0,0,0,1,0.43388373911755823,-0.900968867902419,-0.5000000000000004,0.8660254037844384
832,10.6,0,0,1,0,0,0,1,0.43388373911755823,-0.900968867902419,-0.25881904510252157,0.9659258262890681
624,10.0,0,0,1,0,0,0,1,-0.433883739117558,-0.9009688679024191,0.0,1.0
480,9.7,0,0,1,0,0,0,1,-0.433883739117558,-0.9009688679024191,0.25881904510252074,0.9659258262890683
352,9.6,0,0,1,0,0,0,1,-0.433883739117558,-0.9009688679024191,0.49999999999999994,0.8660254037844387
224,9.6,0,0,1,0,0,0,1,-0.433883739117558,-0.9009688679024191,0.7071067811865476,0.7071067811865476
138,9.5,0,0,1,0,0,0,1,-0.433883739117558,-0.9009688679024191,0.8660254037844386,0.5000000000000001
186,9.2,0,0,1,0,0,0,1,-0.433883739117558,-0.9009688679024191,0.9659258262890683,0.25881904510252074
521,9.0,0,0,1,0,0,0,1,-0.433883739117558,-0.9009688679024191,1.0,6.123233995736766e-17
1260,9.5,0,0,1,0,0,0,1,-0.433883739117558,-0.9009688679024191,0.9659258262890683,-0.25881904510252063
2041,11.3,0,0,1,0,0,1,0,-0.433883739117558,-0.9009688679024191,0.8660254037844387,-0.4999999999999998
1155,14.1,0,0,1,0,0,1,0,-0.433883739117558,-0.9009688679024191,0.7071067811865476,-0.7071067811865475
864,16.1,0,0,1,0,0,1,0,-0.433883739117558,-0.9009688679024191,0.49999999999999994,-0.8660254037844387
1021,17.2,0,0,1,0,0,0,1,-0.433883739117558,-0.9009688679024191,0.258819045102521,-0.9659258262890682
1206,17.9,0,0,1,0,0,0,1,-0.433883739117558,-0.9009688679024191,1.2246467991473532e-16,-1.0
1222,18.9,0,0,1,0,0,0,1,-0.433883739117558,-0.9009688679024191,-0.2588190451025208,-0.9659258262890683
1266,18.8,0,0,1,0,0,0,1,-0.433883739117558,-0.9009688679024191,-0.4999999999999997,-0.8660254037844388
1323,19.9,0,0,1,0,0,0,1,-0.433883739117558,-0.9009688679024191,-0.7071067811865471,-0.7071067811865479
1501,18.6,0,0,1,0,1,0,0,-0.433883739117558,-0.9009688679024191,-0.8660254037844385,-0.5000000000000004
1857,18.1,0,0,1,0,0,0,1,-0.433883739117558,-0.9009688679024191,-0.9659258262890683,-0.25881904510252063
2661,17.1,0,0,1,0,0,0,1,-0.433883739117558,-0.9009688679024191,-1.0,-1.8369701987210297e-16
1890,15.5,0,0,1,0,0,0,1,-0.433883739117558,-0.9009688679024191,-0.9659258262890684,0.2588190451025203
1389,14.1,0,0,1,0,0,0,1,-0.433883739117558,-0.9009688679024191,-0.8660254037844386,0.5000000000000001
1298,13.3,0,0,1,0,0,0,1,-0.433883739117558,-0.9009688679024191,-0.7071067811865477,0.7071067811865474
1256,12.7,0,0,1,0,0,0,1,-0.433883739117558,-0.9009688679024191,-0.5000000000000004,0.8660254037844384
935,12.4,0,0,1,0,0,0,1,-0.433883739117558,-0.9009688679024191,-0.25881904510252157,0.9659258262890681
796,12.2,0,0,1,0,0,0,1,-0.9749279121818236,-0.2225209339563146,0.0,1.0
716,12.1,0,0,1,0,0,0,1,-0.9749279121818236,-0.2225209339563146,0.25881904510252074,0.9659258262890683
508,12.1,0,0,1,0,0,0,1,-0.9749279121818236,-0.2225209339563146,0.49999999999999994,0.8660254037844387
392,11.6,0,0,1,0,0,0,1,-0.9749279121818236,-0.2225209339563146,0.7071067811865476,0.7071067811865476
252,12.1,0,0,1,0,0,0,1,-0.9749279121818236,-0.2225209339563146,0.8660254037844386,0.5000000000000001
190,12.2,0,0,1,0,0,0,1,-0.9749279121818236,-0.2225209339563146,0.9659258262890683,0.25881904510252074
247,12.3,0,0,1,0,0,0,1,-0.9749279121818236,-0.2225209339563146,1.0,6.123233995736766e-17
352,12.9,0,0,1,0,0,0,1,-0.9749279121818236,-0.2225209339563146,0.9659258262890683,-0.25881904510252063
579,14.4,0,0,1,0,0,1,0,-0.9749279121818236,-0.2225209339563146,0.8660254037844387,-0.4999999999999998
759,16.1,0,0,1,0,0,1,0,-0.9749279121818236,-0.2225209339563146,0.7071067811865476,-0.7071067811865475
877,18.1,0,0,1,0,0,1,0,-0.9749279121818236,-0.2225209339563146,0.49999999999999994,-0.8660254037844387
1024,20.2,0,0,1,0,0,0,1,-0.9749279121818236,-0.2225209339563146,0.258819045102521,-0.9659258262890682
1258,21.9,0,0,1,0,0,0,1,-0.9749279121818236,-0.2225209339563146,1.2246467991473532e-16,-1.0
1408,22.7,0,0,1,0,0,0,1,-0.9749279121818236,-0.2225209339563146,-0.2588190451025208,-0.9659258262890683
1669,23.6,0,0,1,0,0,0,1,-0.9749279121818236,-0.2225209339563146,-0.4999999999999997,-0.8660254037844388
1837,23.8,0,0,1,0,0,0,1,-0.9749279121818236,-0.2225209339563146,-0.7071067811865471,-0.7071067811865479
1223,23.2,0,0,1,0,0,0,1,-0.9749279121818236,-0.2225209339563146,-0.8660254037844385,-0.5000000000000004
2014,23.6,0,0,1,0,0,0,1,-0.9749279121818236,-0.2225209339563146,-0.9659258262890683,-0.25881904510252063
1929,22.5,0,0,1,0,0,0,1,-0.9749279121818236,-0.2225209339563146,-1.0,-1.8369701987210297e-16
1753,20.7,0,0,1,0,0,0,1,-0.9749279121818236,-0.2225209339563146,-0.9659258262890684,0.2588190451025203
1562,19.7,0,0,1,0,0,0,1,-0.9749279121818236,-0.2225209339563146,-0.8660254037844386,0.5000000000000001
1551,19.3,0,0,1,0,0,0,1,-0.9749279121818236,-0.2225209339563146,-0.7071067811865477,0.7071067811865474
1360,19.1,0,0,1,0,0,0,1,-0.9749279121818236,-0.2225209339563146,-0.5000000000000004,0.8660254037844384
1097,19.1,0,0,1,0,0,0,1,-0.9749279121818236,-0.2225209339563146,-0.25881904510252157,0.9659258262890681
733,18.7,0,0,1,0,0,0,1,-0.7818314824680299,0.6234898018587334,0.0,1.0
181,18.2,0,0,1,0,0,0,1,-0.7818314824680299,0.6234898018587334,0.25881904510252074,0.9659258262890683
74,17.3,0,0,1,0,1,0,0,-0.7818314824680299,0.6234898018587334,0.49999999999999994,0.8660254037844387
43,16.2,0,0,1,0,1,0,0,-0.7818314824680299,0.6234898018587334,0.7071067811865476,0.7071067811865476
16,15.8,0,0,1,0,1,0,0,-0.7818314824680299,0.6234898018587334,0.8660254037844386,0.5000000000000001
11,15.4,0,0,1,0,1,0,0,-0.7818314824680299,0.6234898018587334,0.9659258262890683,0.25881904510252074
7,15.1,0,0,1,0,1,0,0,-0.7818314824680299,0.6234898018587334,1.0,6.123233995736766e-17
16,15.1,0,0,1,0,1,0,0,-0.7818314824680299,0.6234898018587334,0.9659258262890683,-0.25881904510252063
16,15.2,0,0,1,0,1,0,0,-0.7818314824680299,0.6234898018587334,0.8660254037844387,-0.4999999999999998
12,15.4,0,0,1,0,1,0,0,-0.7818314824680299,0.6234898018587334,0.7071067811865476,-0.7071067811865475
13,15.4,0,0,1,0,1,0,0,-0.7818314824680299,0.6234898018587334,0.49999999999999994,-0.8660254037844387
10,15.5,0,0,1,0,1,0,0,-0.7818314824680299,0.6234898018587334,0.258819045102521,-0.9659258262890682
71,15.7,0,0,1,0,1,0,0,-0.7818314824680299,0.6234898018587334,1.2246467991473532e-16,-1.0
211,16.4,0,0,1,0,0,0,1,-0.7818314824680299,0.6234898018587334,-0.2588190451025208,-0.9659258262890683
384,17.2,0,0,1,0,0,1,0,-0.7818314824680299,0.6234898018587334,-0.4999999999999997,-0.8660254037844388
770,17.8,0,0,1,0,0,1,0,-0.7818314824680299,0.6234898018587334,-0.7071067811865471,-0.7071067811865479
1482,19.5,0,0,1,0,0,1,0,-0.7818314824680299,0.6234898018587334,-0.8660254037844385,-0.5000000000000004
1737,20.2,0,0,1,0,0,1,0,-0.7818314824680299,0.6234898018587334,-0.9659258262890683,-0.25881904510252063
1848,20.2,0,0,1,0,0,1,0,-0.7818314824680299,0.6234898018587334,-1.0,-1.8369701987210297e-16
1639,19.0,0,0,1,0,0,0,1,-0.7818314824680299,0.6234898018587334,-0.9659258262890684,0.2588190451025203
1526,17.6,0,0,1,0,0,0,1,-0.7818314824680299,0.6234898018587334,-0.8660254037844386,0.5000000000000001
1450,16.8,0,0,1,0,0,0,1,-0.7818314824680299,0.6234898018587334,-0.7071067811865477,0.7071067811865474
1290,16.4,0,0,1,0,0,0,1,-0.7818314824680299,0.6234898018587334,-0.5000000000000004,0.8660254037844384
1016,15.9,0,0,1,0,0,0,1,-0.7818314824680299,0.6234898018587334,-0.25881904510252157,0.9659258262890681
778,15.5,0,0,1,0,0,0,1,0.0,1.0,0.0,1.0
609,15.1,0,0,1,0,0,0,1,0.0,1.0,0.25881904510252074,0.9659258262890683
404,14.8,0,0,1,0,0,0,1,0.0,1.0,0.49999999999999994,0.8660254037844387
249,14.7,0,0,1,0,0,0,1,0.0,1.0,0.7071067811865476,0.7071067811865476
185,14.4,0,0,1,0,0,0,1,0.0,1.0,0.8660254037844386,0.5000000000000001
170,14.2,0,0,1,0,0,0,1,0.0,1.0,0.9659258262890683,0.25881904510252074
221,14.0,0,0,1,0,0,0,1,0.0,1.0,1.0,6.123233995736766e-17
389,14.2,0,0,1,0,0,0,1,0.0,1.0,0.9659258262890683,-0.25881904510252063
600,14.8,0,0,1,0,0,0,1,0.0,1.0,0.8660254037844387,-0.4999999999999998
737,15.9,0,0,1,0,0,0,1,0.0,1.0,0.7071067811865476,-0.7071067811865475
895,17.5,0,0,1,0,0,1,0,0.0,1.0,0.49999999999999994,-0.8660254037844387
1167,20.2,0,0,1,0,0,1,0,0.0,1.0,0.258819045102521,-0.9659258262890682
1414,22.9,0,0,1,0,0,1,0,0.0,1.0,1.2246467991473532e-16,-1.0
1665,23.7,0,0,1,0,0,1,0,0.0,1.0,-0.2588190451025208,-0.9659258262890683
1970,24.1,0,0,1,0,0,1,0,0.0,1.0,-0.4999999999999997,-0.8660254037844388
2191,24.6,0,0,1,0,0,0,1,0.0,1.0,-0.7071067811865471,-0.7071067811865479
2213,24.5,0,0,1,0,0,1,0,0.0,1.0,-0.8660254037844385,-0.5000000000000004
2392,25.5,0,0,1,0,0,1,0,0.0,1.0,-0.9659258262890683,-0.25881904510252063
2268,25.1,0,0,1,0,0,1,0,0.0,1.0,-1.0,-1.8369701987210297e-16
1664,23.5,0,0,1,0,0,0,1,0.0,1.0,-0.9659258262890684,0.2588190451025203
1912,20.9,0,0,1,0,0,0,1,0.0,1.0,-0.8660254037844386,0.5000000000000001
1717,19.6,0,0,1,0,0,0,1,0.0,1.0,-0.7071067811865477,0.7071067811865474
1336,18.6,0,0,1,0,0,0,1,0.0,1.0,-0.5000000000000004,0.8660254037844384
994,17.5,0,0,1,0,0,0,1,0.0,1.0,-0.25881904510252157,0.9659258262890681
712,16.4,0,0,1,0,0,0,1,0.7818314824680298,0.6234898018587336,0.0,1.0
430,16.0,0,0,1,0,0,0,1,0.7818314824680298,0.6234898018587336,0.25881904510252074,0.9659258262890683
287,15.5,0,0,1,0,0,0,1,0.7818314824680298,0.6234898018587336,0.49999999999999994,0.8660254037844387
194,15.6,0,0,1,0,0,0,1,0.7818314824680298,0.6234898018587336,0.7071067811865476,0.7071067811865476
155,15.4,0,0,1,0,0,0,1,0.7818314824680298,0.6234898018587336,0.8660254037844386,0.5000000000000001
200,15.0,0,0,1,0,0,0,1,0.7818314824680298,0.6234898018587336,0.9659258262890683,0.25881904510252074
555,14.8,0,0,1,0,0,0,1,0.7818314824680298,0.6234898018587336,1.0,6.123233995736766e-17
1280,15.3,0,0,1,0,0,0,1,0.7818314824680298,0.6234898018587336,0.9659258262890683,-0.25881904510252063
1976,16.9,0,0,1,0,0,1,0,0.7818314824680298,0.6234898018587336,0.8660254037844387,-0.4999999999999998
1128,18.5,0,0,1,0,0,1,0,0.7818314824680298,0.6234898018587336,0.7071067811865476,-0.7071067811865475
792,20.0,0,0,1,0,0,1,0,0.7818314824680298,0.6234898018587336,0.49999999999999994,-0.8660254037844387
956,21.0,0,0,1,0,0,1,0,0.7818314824680298,0.6234898018587336,0.258819045102521,-0.9659258262890682
1135,21.5,0,0,1,0,0,1,0,0.7818314824680298,0.6234898018587336,1.2246467991473532e-16,-1.0
1117,21.7,0,0,1,0,0,1,0,0.7818314824680298,0.6234898018587336,-0.2588190451025208,-0.9659258262890683
1096,22.2,0,0,1,0,0,1,0,0.7818314824680298,0.6234898018587336,-0.4999999999999997,-0.8660254037844388
1267,22.4,0,0,1,0,0,1,0,0.7818314824680298,0.6234898018587336,-0.7071067811865471,-0.7071067811865479
1457,22.0,0,0,1,0,0,1,0,0.7818314824680298,0.6234898018587336,-0.8660254037844385,-0.5000000000000004
2020,21.7,0,0,1,0,0,1,0,0.7818314824680298,0.6234898018587336,-0.9659258262890683,-0.25881904510252063
2142,20.7,0,0,1,0,0,1,0,0.7818314824680298,0.6234898018587336,-1.0,-1.8369701987210297e-16
2241,17.9,0,0,1,0,0,0,1,0.7818314824680298,0.6234898018587336,-0.9659258262890684,0.2588190451025203
1726,15.8,0,0,1,0,0,0,1,0.7818314824680298,0.6234898018587336,-0.8660254037844386,0.5000000000000001
1513,14.5,0,0,1,0,0,0,1,0.7818314824680298,0.6234898018587336,-0.7071067811865477,0.7071067811865474
1283,13.2,0,0,1,0,0,0,1,0.7818314824680298,0.6234898018587336,-0.5000000000000004,0.8660254037844384
767,12.2,0,0,1,0,0,0,1,0.7818314824680298,0.6234898018587336,-0.25881904510252157,0.9659258262890681
552,11.6,0,0,1,0,0,0,1,0.9749279121818236,-0.22252093395631434,0.0,1.0
34,11.3,0,0,1,0,0,0,1,0.9749279121818236,-0.22252093395631434,0.25881904510252074,0.9659258262890683
245,10.9,0,0,1,0,0,0,1,0.9749279121818236,-0.22252093395631434,0.49999999999999994,0.8660254037844387
187,10.5,0,0,1,0,0,0,1,0.9749279121818236,-0.22252093395631434,0.7071067811865476,0.7071067811865476
114,10.0,0,0,1,0,0,0,1,0.9749279121818236,-0.22252093395631434,0.8660254037844386,0.5000000000000001
203,9.5,0,0,1,0,0,0,1,0.9749279121818236,-0.22252093395631434,0.9659258262890683,0.25881904510252074
556,9.2,0,0,1,0,0,0,1,0.9749279121818236,-0.22252093395631434,1.0,6.123233995736766e-17
1333,10.0,0,0,1,0,0,0,1,0.9749279121818236,-0.22252093395631434,0.9659258262890683,-0.25881904510252063
2068,12.3,0,0,1,0,0,1,0,0.9749279121818236,-0.22252093395631434,0.8660254037844387,-0.4999999999999998
928,14.4,0,0,1,0,0,1,0,0.9749279121818236,-0.22252093395631434,0.7071067811865476,-0.7071067811865475
954,16.1,0,0,1,0,0,1,0,0.9749279121818236,-0.22252093395631434,0.49999999999999994,-0.8660254037844387
1015,17.6,0,0,1,0,0,1,0,0.9749279121818236,-0.22252093395631434,0.258819045102521,-0.9659258262890682
1242,18.7,0,0,1,0,0,1,0,0.9749279121818236,-0.22252093395631434,1.2246467991473532e-16,-1.0
1188,20.1,0,0,1,0,0,1,0,0.9749279121818236,-0.22252093395631434,-0.2588190451025208,-0.9659258262890683
1186,20.7,0,0,1,0,0,1,0,0.9749279121818236,-0.22252093395631434,-0.4999999999999997,-0.8660254037844388
1324,21.2,0,0,1,0,0,1,0,0.9749279121818236,-0.22252093395631434,-0.7071067811865471,-0.7071067811865479
1603,21.4,0,0,1,0,0,1,0,0.9749279121818236,-0.22252093395631434,-0.8660254037844385,-0.5000000000000004
2034,21.3,0,0,1,0,0,1,0,0.9749279121818236,-0.22252093395631434,-0.9659258262890683,-0.25881904510252063
3130,20.6,0,0,1,0,0,1,0,0.9749279121818236,-0.22252093395631434,-1.0,-1.8369701987210297e-16
2405,18.8,0,0,1,0,0,0,1,0.9749279121818236,-0.22252093395631434,-0.9659258262890684,0.2588190451025203
1979,17.3,0,0,1,0,0,0,1,0.9749279121818236,-0.22252093395631434,-0.8660254037844386,0.5000000000000001
1940,16.4,0,0,1,0,0,0,1,0.9749279121818236,-0.22252093395631434,-0.7071067811865477,0.7071067811865474
1602,15.9,0,0,1,0,0,0,1,0.9749279121818236,-0.22252093395631434,-0.5000000000000004,0.8660254037844384
1073,15.2,0,0,1,0,0,0,1,0.9749279121818236,-0.22252093395631434,-0.25881904510252157,0.9659258262890681
724,12.5,0,0,1,0,1,0,0,-0.433883739117558,-0.9009688679024191,0.0,1.0
565,12.4,0,0,1,0,1,0,0,-0.433883739117558,-0.9009688679024191,0.25881904510252074,0.9659258262890683
378,12.1,0,0,1,0,1,0,0,-0.433883739117558,-0.9009688679024191,0.49999999999999994,0.8660254037844387
252,12.0,0,0,1,0,1,0,0,-0.433883739117558,-0.9009688679024191,0.7071067811865476,0.7071067811865476
154,11.9,0,0,1,0,1,0,0,-0.433883739117558,-0.9009688679024191,0.8660254037844386,0.5000000000000001
223,11.9,0,0,1,0,1,0,0,-0.433883739117558,-0.9009688679024191,0.9659258262890683,0.25881904510252074
486,12.0,0,0,1,0,1,0,0,-0.433883739117558,-0.9009688679024191,1.0,6.123233995736766e-17
1156,12.4,0,0,1,0,1,0,0,-0.433883739117558,-0.9009688679024191,0.9659258262890683,-0.25881904510252063
1881,13.1,0,0,1,0,1,0,0,-0.433883739117558,-0.9009688679024191,0.8660254037844387,-0.4999999999999998
850,14.3,0,0,1,0,1,0,0,-0.433883739117558,-0.9009688679024191,0.7071067811865476,-0.7071067811865475
816,16.4,0,0,1,0,1,0,0,-0.433883739117558,-0.9009688679024191,0.49999999999999994,-0.8660254037844387
972,18.3,0,0,1,0,0,0,1,-0.433883739117558,-0.9009688679024191,0.258819045102521,-0.9659258262890682
1161,20.0,0,0,1,0,0,0,1,-0.433883739117558,-0.9009688679024191,1.2246467991473532e-16,-1.0
1177,20.8,0,0,1,0,0,0,1,-0.433883739117558,-0.9009688679024191,-0.2588190451025208,-0.9659258262890683
1174,21.0,0,0,1,0,0,0,1,-0.433883739117558,-0.9009688679024191,-0.4999999999999997,-0.8660254037844388
1295,19.9,0,0,1,0,1,0,0,-0.433883739117558,-0.9009688679024191,-0.7071067811865471,-0.7071067811865479
1496,19.1,0,0,1,0,0,0,1,-0.433883739117558,-0.9009688679024191,-0.8660254037844385,-0.5000000000000004
1863,18.9,0,0,1,0,0,0,1,-0.433883739117558,-0.9009688679024191,-0.9659258262890683,-0.25881904510252063
2701,17.9,0,0,1,0,0,0,1,-0.433883739117558,-0.9009688679024191,-1.0,-1.8369701987210297e-16
1999,17.1,0,0,1,0,0,0,1,-0.433883739117558,-0.9009688679024191,-0.9659258262890684,0.2588190451025203
941,16.7,0,0,1,0,0,0,1,-0.433883739117558,-0.9009688679024191,-0.8660254037844386,0.5000000000000001
1644,16.4,0,0,1,0,0,0,1,-0.433883739117558,-0.9009688679024191,-0.7071067811865477,0.7071067811865474
1556,16.2,0,0,1,0,0,0,1,-0.433883739117558,-0.9009688679024191,-0.5000000000000004,0.8660254037844384
1185,16.2,0,0,1,0,0,0,1,-0.433883739117558,-0.9009688679024191,-0.25881904510252157,0.9659258262890681
862,16.1,0,0,1,0,0,0,1,-0.9749279121818236,-0.2225209339563146,0.0,1.0
669,15.9,0,0,1,0,0,0,1,-0.9749279121818236,-0.2225209339563146,0.25881904510252074,0.9659258262890683
416,15.5,0,0,1,0,0,0,1,-0.9749279121818236,-0.2225209339563146,0.49999999999999994,0.8660254037844387
358,15.2,0,0,1,0,0,0,1,-0.9749279121818236,-0.2225209339563146,0.7071067811865476,0.7071067811865476
207,15.0,0,0,1,0,0,0,1,-0.9749279121818236,-0.2225209339563146,0.8660254037844386,0.5000000000000001
70,15.0,0,0,1,0,0,0,1,-0.9749279121818236,-0.2225209339563146,0.9659258262890683,0.25881904510252074
37,14.4,0,0,1,0,1,0,0,-0.9749279121818236,-0.2225209339563146,1.0,6.123233995736766e-17
43,13.3,0,0,1,0,1,0,0,-0.9749279121818236,-0.2225209339563146,0.9659258262890683,-0.25881904510252063
20,12.0,0,0,1,0,1,0,0,-0.9749279121818236,-0.2225209339563146,0.8660254037844387,-0.4999999999999998
16,11.8,0,0,1,0,1,0,0,-0.9749279121818236,-0.2225209339563146,0.7071067811865476,-0.7071067811865475
6,11.8,0,0,1,0,1,0,0,-0.9749279121818236,-0.2225209339563146,0.49999999999999994,-0.8660254037844387
18,12.0,0,0,1,0,1,0,0,-0.9749279121818236,-0.2225209339563146,0.258819045102521,-0.9659258262890682
11,12.3,0,0,1,0,1,0,0,-0.9749279121818236,-0.2225209339563146,1.2246467991473532e-16,-1.0
19,12.6,0,0,1,0,1,0,0,-0.9749279121818236,-0.2225209339563146,-0.2588190451025208,-0.9659258262890683
22,13.0,0,0,1,0,1,0,0,-0.9749279121818236,-0.2225209339563146,-0.4999999999999997,-0.8660254037844388
17,13.3,0,0,1,0,1,0,0,-0.9749279121818236,-0.2225209339563146,-0.7071067811865471,-0.7071067811865479
34,13.8,0,0,1,0,1,0,0,-0.9749279121818236,-0.2225209339563146,-0.8660254037844385,-0.5000000000000004
24,14.3,0,0,1,0,1,0,0,-0.9749279121818236,-0.2225209339563146,-0.9659258262890683,-0.25881904510252063
22,15.4,0,0,1,0,1,0,0,-0.9749279121818236,-0.2225209339563146,-1.0,-1.8369701987210297e-16
29,15.5,0,0,1,0,1,0,0,-0.9749279121818236,-0.2225209339563146,-0.9659258262890684,0.2588190451025203
29,15.7,0,0,1,0,1,0,0,-0.9749279121818236,-0.2225209339563146,-0.8660254037844386,0.5000000000000001
25,15.8,0,0,1,0,1,0,0,-0.9749279121818236,-0.2225209339563146,-0.7071067811865477,0.7071067811865474
30,15.8,0,0,1,0,1,0,0,-0.9749279121818236,-0.2225209339563146,-0.5000000000000004,0.8660254037844384
50,15.8,0,0,1,0,1,0,0,-0.9749279121818236,-0.2225209339563146,-0.25881904510252157,0.9659258262890681
145,15.5,0,0,1,0,1,0,0,-0.7818314824680299,0.6234898018587334,0.0,1.0
178,15.1,0,0,1,0,1,0,0,-0.7818314824680299,0.6234898018587334,0.25881904510252074,0.9659258262890683
189,14.5,0,0,1,0,1,0,0,-0.7818314824680299,0.6234898018587334,0.49999999999999994,0.8660254037844387
141,14.2,0,0,1,0,1,0,0,-0.7818314824680299,0.6234898018587334,0.7071067811865476,0.7071067811865476
83,13.8,0,0,1,0,1,0,0,-0.7818314824680299,0.6234898018587334,0.8660254037844386,0.5000000000000001
72,13.5,0,0,1,0,1,0,0,-0.7818314824680299,0.6234898018587334,0.9659258262890683,0.25881904510252074
139,13.5,0,0,1,0,1,0,0,-0.7818314824680299,0.6234898018587334,1.0,6.123233995736766e-17
220,13.7,0,0,1,0,1,0,0,-0.7818314824680299,0.6234898018587334,0.9659258262890683,-0.25881904510252063
397,14.1,0,0,1,0,0,0,1,-0.7818314824680299,0.6234898018587334,0.8660254037844387,-0.4999999999999998
579,14.8,0,0,1,0,0,0,1,-0.7818314824680299,0.6234898018587334,0.7071067811865476,-0.7071067811865475
716,15.2,0,0,1,0,0,0,1,-0.7818314824680299,0.6234898018587334,0.49999999999999994,-0.8660254037844387
993,16.4,0,0,1,0,0,0,1,-0.7818314824680299,0.6234898018587334,0.258819045102521,-0.9659258262890682
1434,18.3,0,0,1,0,0,0,1,-0.7818314824680299,0.6234898018587334,1.2246467991473532e-16,-1.0
1839,19.1,0,0,1,0,0,0,1,-0.7818314824680299,0.6234898018587334,-0.2588190451025208,-0.9659258262890683
2055,19.7,0,0,1,0,0,0,1,-0.7818314824680299,0.6234898018587334,-0.4999999999999997,-0.8660254037844388
2329,19.7,0,0,1,0,0,0,1,-0.7818314824680299,0.6234898018587334,-0.7071067811865471,-0.7071067811865479
2379,19.5,0,0,1,0,0,0,1,-0.7818314824680299,0.6234898018587334,-0.8660254037844385,-0.5000000000000004
2410,19.4,0,0,1,0,0,0,1,-0.7818314824680299,0.6234898018587334,-0.9659258262890683,-0.25881904510252063
2338,19.0,0,0,1,0,0,0,1,-0.7818314824680299,0.6234898018587334,-1.0,-1.8369701987210297e-16
2023,17.6,0,0,1,0,0,0,1,-0.7818314824680299,0.6234898018587334,-0.9659258262890684,0.2588190451025203
1714,15.6,0,0,1,0,0,0,1,-0.7818314824680299,0.6234898018587334,-0.8660254037844386,0.5000000000000001
1571,14.1,0,0,1,0,0,0,1,-0.7818314824680299,0.6234898018587334,-0.7071067811865477,0.7071067811865474
1155,13.5,0,0,1,0,1,0,0,-0.7818314824680299,0.6234898018587334,-0.5000000000000004,0.8660254037844384
814,13.0,0,0,1,0,1,0,0,-0.7818314824680299,0.6234898018587334,-0.25881904510252157,0.9659258262890681
581,12.7,0,0,1,0,1,0,0,0.0,1.0,0.0,1.0
377,12.4,0,0,1,0,1,0,0,0.0,1.0,0.25881904510252074,0.9659258262890683
241,12.1,0,0,1,0,1,0,0,0.0,1.0,0.49999999999999994,0.8660254037844387
167,11.9,0,0,1,0,1,0,0,0.0,1.0,0.7071067811865476,0.7071067811865476
121,11.9,0,0,1,0,1,0,0,0.0,1.0,0.8660254037844386,0.5000000000000001
199,11.9,0,0,1,0,1,0,0,0.0,1.0,0.9659258262890683,0.25881904510252074
552,12.1,0,0,1,0,1,0,0,0.0,1.0,1.0,6.123233995736766e-17
1251,12.6,0,0,1,0,1,0,0,0.0,1.0,0.9659258262890683,-0.25881904510252063
1997,13.8,0,0,1,0,1,0,0,0.0,1.0,0.8660254037844387,-0.4999999999999998
1106,15.1,0,0,1,0,1,0,0,0.0,1.0,0.7071067811865476,-0.7071067811865475
779,16.6,0,0,1,0,1,0,0,0.0,1.0,0.49999999999999994,-0.8660254037844387
946,18.5,0,0,1,0,1,0,0,0.0,1.0,0.258819045102521,-0.9659258262890682
1095,20.0,0,0,1,0,1,0,0,0.0,1.0,1.2246467991473532e-16,-1.0
1051,21.8,0,0,1,0,1,0,0,0.0,1.0,-0.2588190451025208,-0.9659258262890683
1124,23.1,0,0,1,0,1,0,0,0.0,1.0,-0.4999999999999997,-0.8660254037844388
1171,24.0,0,0,1,0,1,0,0,0.0,1.0,-0.7071067811865471,-0.7071067811865479
1433,24.3,0,0,1,0,1,0,0,0.0,1.0,-0.8660254037844385,-0.5000000000000004
1891,24.4,0,0,1,0,1,0,0,0.0,1.0,-0.9659258262890683,-0.25881904510252063
2906,23.6,0,0,1,0,0,0,1,0.0,1.0,-1.0,-1.8369701987210297e-16
2236,22.7,0,0,1,0,0,0,1,0.0,1.0,-0.9659258262890684,0.2588190451025203
1965,21.4,0,0,1,0,1,0,0,0.0,1.0,-0.8660254037844386,0.5000000000000001
1885,20.5,0,0,1,0,1,0,0,0.0,1.0,-0.7071067811865477,0.7071067811865474
1648,19.6,0,0,1,0,1,0,0,0.0,1.0,-0.5000000000000004,0.8660254037844384
1071,18.8,0,0,1,0,1,0,0,0.0,1.0,-0.25881904510252157,0.9659258262890681
764,18.1,0,0,1,0,1,0,0,0.7818314824680298,0.6234898018587336,0.0,1.0
563,17.5,0,0,1,0,1,0,0,0.7818314824680298,0.6234898018587336,0.25881904510252074,0.9659258262890683
372,17.1,0,0,1,0,1,0,0,0.7818314824680298,0.6234898018587336,0.49999999999999994,0.8660254037844387
241,16.6,0,0,1,0,1,0,0,0.7818314824680298,0.6234898018587336,0.7071067811865476,0.7071067811865476
170,16.1,0,0,1,0,1,0,0,0.7818314824680298,0.6234898018587336,0.8660254037844386,0.5000000000000001
182,15.7,0,0,1,0,1,0,0,0.7818314824680298,0.6234898018587336,0.9659258262890683,0.25881904510252074
562,15.4,0,0,1,0,1,0,0,0.7818314824680298,0.6234898018587336,1.0,6.123233995736766e-17
1239,16.2,0,0,1,0,1,0,0,0.7818314824680298,0.6234898018587336,0.9659258262890683,-0.25881904510252063
2059,18.4,0,0,1,0,1,0,0,0.7818314824680298,0.6234898018587336,0.8660254037844387,-0.4999999999999998
1148,20.8,0,0,1,0,1,0,0,0.7818314824680298,0.6234898018587336,0.7071067811865476,-0.7071067811865475
832,22.7,0,0,1,0,0,0,1,0.7818314824680298,0.6234898018587336,0.49999999999999994,-0.8660254037844387
944,24.8,0,0,1,0,0,0,1,0.7818314824680298,0.6234898018587336,0.258819045102521,-0.9659258262890682
1058,26.3,0,0,1,0,0,0,1,0.7818314824680298,0.6234898018587336,1.2246467991473532e-16,-1.0
1080,27.8,0,0,1,0,0,0,1,0.7818314824680298,0.6234898018587336,-0.2588190451025208,-0.9659258262890683
1092,28.5,0,0,1,0,0,0,1,0.7818314824680298,0.6234898018587336,-0.4999999999999997,-0.8660254037844388
1210,29.1,0,0,1,0,0,1,0,0.7818314824680298,0.6234898018587336,-0.7071067811865471,-0.7071067811865479
1458,28.8,0,0,1,0,0,1,0,0.7818314824680298,0.6234898018587336,-0.8660254037844385,-0.5000000000000004
1951,28.5,0,0,1,0,0,0,1,0.7818314824680298,0.6234898018587336,-0.9659258262890683,-0.25881904510252063
2915,27.5,0,0,1,0,0,0,1,0.7818314824680298,0.6234898018587336,-1.0,-1.8369701987210297e-16
2248,26.9,0,0,1,0,0,0,1,0.7818314824680298,0.6234898018587336,-0.9659258262890684,0.2588190451025203
1958,26.3,0,0,1,0,0,0,1,0.7818314824680298,0.6234898018587336,-0.8660254037844386,0.5000000000000001
1944,25.6,0,0,1,0,0,0,1,0.7818314824680298,0.6234898018587336,-0.7071067811865477,0.7071067811865474
1640,25.0,0,0,1,0,0,0,1,0.7818314824680298,0.6234898018587336,-0.5000000000000004,0.8660254037844384
848,24.8,0,0,1,0,0,0,1,0.7818314824680298,0.6234898018587336,-0.25881904510252157,0.9659258262890681
662,24.4,0,0,1,0,0,0,1,0.9749279121818236,-0.22252093395631434,0.0,1.0
502,24.1,0,0,1,0,0,0,1,0.9749279121818236,-0.22252093395631434,0.25881904510252074,0.9659258262890683
145,23.9,0,0,1,0,1,0,0,0.9749279121818236,-0.22252093395631434,0.49999999999999994,0.8660254037844387
166,22.6,0,0,1,0,1,0,0,0.9749279121818236,-0.22252093395631434,0.7071067811865476,0.7071067811865476
124,22.3,0,0,1,0,1,0,0,0.9749279121818236,-0.22252093395631434,0.8660254037844386,0.5000000000000001
52,22.3,0,0,1,0,1,0,0,0.9749279121818236,-0.22252093395631434,0.9659258262890683,0.25881904510252074
135,22.1,0,0,1,0,1,0,0,0.9749279121818236,-0.22252093395631434,1.0,6.123233995736766e-17
367,22.0,0,0,1,0,1,0,0,0.9749279121818236,-0.22252093395631434,0.9659258262890683,-0.25881904510252063
291,22.4,0,0,1,0,0,0,1,0.9749279121818236,-0.22252093395631434,0.8660254037844387,-0.4999999999999998
97,22.8,0,0,1,0,1,0,0,0.9749279121818236,-0.22252093395631434,0.7071067811865476,-0.7071067811865475
81,22.8,0,0,1,0,1,0,0,0.9749279121818236,-0.22252093395631434,0.49999999999999994,-0.8660254037844387
243,22.7,0,0,1,0,0,0,1,0.9749279121818236,-0.22252093395631434,0.258819045102521,-0.9659258262890682
59,22.9,0,0,1,0,0,0,1,0.9749279121818236,-0.22252093395631434,1.2246467991473532e-16,-1.0
151,21.8,0,0,1,0,1,0,0,0.9749279121818236,-0.22252093395631434,-0.2588190451025208,-0.9659258262890683
248,22.0,0,0,1,0,0,0,1,0.9749279121818236,-0.22252093395631434,-0.4999999999999997,-0.8660254037844388
240,22.0,0,0,1,0,1,0,0,0.9749279121818236,-0.22252093395631434,-0.7071067811865471,-0.7071067811865479
223,21.8,0,0,1,0,1,0,0,0.9749279121818236,-0.22252093395631434,-0.8660254037844385,-0.5000000000000004
304,21.9,0,0,1,0,1,0,0,0.9749279121818236,-0.22252093395631434,-0.9659258262890683,-0.25881904510252063
562,21.9,0,0,1,0,1,0,0,0.9749279121818236,-0.22252093395631434,-1.0,-1.8369701987210297e-16
404,21.9,0,0,1,0,1,0,0,0.9749279121818236,-0.22252093395631434,-0.9659258262890684,0.2588190451025203
338,21.8,0,0,1,0,1,0,0,0.9749279121818236,-0.22252093395631434,-0.8660254037844386,0.5000000000000001
398,21.8,0,0,1,0,1,0,0,0.9749279121818236,-0.22252093395631434,-0.7071067811865477,0.7071067811865474
399,21.9,0,0,1,0,1,0,0,0.9749279121818236,-0.22252093395631434,-0.5000000000000004,0.8660254037844384
225,22.0,0,0,1,0,1,0,0,0.9749279121818236,-0.22252093395631434,-0.25881904510252157,0.9659258262890681
118,22.0,0,0,1,0,1,0,0,0.43388373911755823,-0.900968867902419,0.0,1.0
144,22.0,0,0,1,0,1,0,0,0.43388373911755823,-0.900968867902419,0.25881904510252074,0.9659258262890683
78,21.8,0,0,1,0,1,0,0,0.43388373911755823,-0.900968867902419,0.49999999999999994,0.8660254037844387
38,21.8,0,0,1,0,1,0,0,0.43388373911755823,-0.900968867902419,0.7071067811865476,0.7071067811865476
51,19.2,0,0,1,0,1,0,0,0.43388373911755823,-0.900968867902419,0.8660254037844386,0.5000000000000001
54,18.8,0,0,1,0,0,0,1,0.43388373911755823,-0.900968867902419,0.9659258262890683,0.25881904510252074
69,18.9,0,0,1,0,1,0,0,0.43388373911755823,-0.900968867902419,1.0,6.123233995736766e-17
80,19.1,0,0,1,0,1,0,0,0.43388373911755823,-0.900968867902419,0.9659258262890683,-0.25881904510252063
152,19.7,0,0,1,0,1,0,0,0.43388373911755823,-0.900968867902419,0.8660254037844387,-0.4999999999999998
28,19.7,0,0,1,0,1,0,0,0.43388373911755823,-0.900968867902419,0.7071067811865476,-0.7071067811865475
141,20.1,0,0,1,0,1,0,0,0.43388373911755823,-0.900968867902419,0.49999999999999994,-0.8660254037844387
182,20.4,0,0,1,0,1,0,0,0.43388373911755823,-0.900968867902419,0.258819045102521,-0.9659258262890682
467,21.7,0,0,1,0,1,0,0,0.43388373911755823,-0.900968867902419,1.2246467991473532e-16,-1.0
592,23.4,0,0,1,0,0,1,0,0.43388373911755823,-0.900968867902419,-0.2588190451025208,-0.9659258262890683
352,23.4,0,0,1,0,0,0,1,0.43388373911755823,-0.900968867902419,-0.4999999999999997,-0.8660254037844388
186,22.8,0,0,1,0,1,0,0,0.43388373911755823,-0.900968867902419,-0.7071067811865471,-0.7071067811865479
102,22.9,0,0,1,0,1,0,0,0.43388373911755823,-0.900968867902419,-0.8660254037844385,-0.5000000000000004
131,22.7,0,0,1,0,1,0,0,0.43388373911755823,-0.900968867902419,-0.9659258262890683,-0.25881904510252063
431,22.6,0,0,1,0,1,0,0,0.43388373911755823,-0.900968867902419,-1.0,-1.8369701987210297e-16
29,22.3,0,0,1,0,1,0,0,0.43388373911755823,-0.900968867902419,-0.9659258262890684,0.2588190451025203
17,21.3,0,0,1,0,1,0,0,0.43388373911755823,-0.900968867902419,-0.8660254037844386,0.5000000000000001
18,20.5,0,0,1,0,1,0,0,0.43388373911755823,-0.900968867902419,-0.7071067811865477,0.7071067811865474
26,20.2,0,0,1,0,1,0,0,0.43388373911755823,-0.900968867902419,-0.5000000000000004,0.8660254037844384
35,20.0,0,0,1,0,1,0,0,0.43388373911755823,-0.900968867902419,-0.25881904510252157,0.9659258262890681
129,19.3,0,0,1,0,1,0,0,-0.433883739117558,-0.9009688679024191,0.0,1.0
116,19.0,0,0,1,0,1,0,0,-0.433883739117558,-0.9009688679024191,0.25881904510252074,0.9659258262890683
48,18.8,0,0,1,0,1,0,0,-0.433883739117558,-0.9009688679024191,0.49999999999999994,0.8660254037844387
47,18.3,0,0,1,0,1,0,0,-0.433883739117558,-0.9009688679024191,0.7071067811865476,0.7071067811865476
22,18.1,0,0,1,0,1,0,0,-0.433883739117558,-0.9009688679024191,0.8660254037844386,0.5000000000000001
29,17.8,0,0,1,0,1,0,0,-0.433883739117558,-0.9009688679024191,0.9659258262890683,0.25881904510252074
77,17.4,0,0,1,0,1,0,0,-0.433883739117558,-0.9009688679024191,1.0,6.123233995736766e-17
210,16.6,0,0,1,0,1,0,0,-0.433883739117558,-0.9009688679024191,0.9659258262890683,-0.25881904510252063
400,16.4,0,0,1,0,0,0,1,-0.433883739117558,-0.9009688679024191,0.8660254037844387,-0.4999999999999998
427,16.6,0,0,1,0,1,0,0,-0.433883739117558,-0.9009688679024191,0.7071067811865476,-0.7071067811865475
454,16.3,0,0,1,0,0,0,1,-0.433883739117558,-0.9009688679024191,0.49999999999999994,-0.8660254037844387
352,16.6,0,0,1,0,0,0,1,-0.433883739117558,-0.9009688679024191,0.258819045102521,-0.9659258262890682
185,16.6,0,0,1,0,1,0,0,-0.433883739117558,-0.9009688679024191,1.2246467991473532e-16,-1.0
509,16.7,0,0,1,0,1,0,0,-0.433883739117558,-0.9009688679024191,-0.2588190451025208,-0.9659258262890683
697,16.7,0,0,1,0,0,0,1,-0.433883739117558,-0.9009688679024191,-0.4999999999999997,-0.8660254037844388
906,16.7,0,0,1,0,0,0,1,-0.433883739117558,-0.9009688679024191,-0.7071067811865471,-0.7071067811865479
1182,17.0,0,0,1,0,0,0,1,-0.433883739117558,-0.9009688679024191,-0.8660254037844385,-0.5000000000000004
1551,17.2,0,0,1,0,0,0,1,-0.433883739117558,-0.9009688679024191,-0.9659258262890683,-0.25881904510252063
2261,17.5,0,0,1,0,0,0,1,-0.433883739117558,-0.9009688679024191,-1.0,-1.8369701987210297e-16
1751,17.0,0,0,1,0,0,0,1,-0.433883739117558,-0.9009688679024191,-0.9659258262890684,0.2588190451025203
1386,16.2,0,0,1,0,0,0,1,-0.433883739117558,-0.9009688679024191,-0.8660254037844386,0.5000000000000001
1263,15.3,0,0,1,0,0,0,1,-0.433883739117558,-0.9009688679024191,-0.7071067811865477,0.7071067811865474
1221,14.2,0,0,1,0,0,0,1,-0.433883739117558,-0.9009688679024191,-0.5000000000000004,0.8660254037844384
864,13.2,0,0,1,0,0,0,1,-0.433883739117558,-0.9009688679024191,-0.25881904510252157,0.9659258262890681
689,12.2,0,0,1,0,0,0,1,-0.9749279121818236,-0.2225209339563146,0.0,1.0
676,11.4,0,0,1,0,0,0,1,-0.9749279121818236,-0.2225209339563146,0.25881904510252074,0.9659258262890683
526,11.1,0,0,1,0,0,0,1,-0.9749279121818236,-0.2225209339563146,0.49999999999999994,0.8660254037844387
320,10.7,0,0,1,0,0,0,1,-0.9749279121818236,-0.2225209339563146,0.7071067811865476,0.7071067811865476
213,10.5,0,0,1,0,0,0,1,-0.9749279121818236,-0.2225209339563146,0.8660254037844386,0.5000000000000001
198,10.4,0,0,1,0,0,0,1,-0.9749279121818236,-0.2225209339563146,0.9659258262890683,0.25881904510252074
234,10.5,0,0,1,0,0,0,1,-0.9749279121818236,-0.2225209339563146,1.0,6.123233995736766e-17
436,11.4,0,0,1,0,0,0,1,-0.9749279121818236,-0.2225209339563146,0.9659258262890683,-0.25881904510252063
766,13.7,0,0,1,0,0,1,0,-0.9749279121818236,-0.2225209339563146,0.8660254037844387,-0.4999999999999998
932,15.7,0,0,1,0,0,1,0,-0.9749279121818236,-0.2225209339563146,0.7071067811865476,-0.7071067811865475
1051,17.2,0,0,1,0,0,1,0,-0.9749279121818236,-0.2225209339563146,0.49999999999999994,-0.8660254037844387
1290,19.0,0,0,1,0,0,1,0,-0.9749279121818236,-0.2225209339563146,0.258819045102521,-0.9659258262890682
1573,20.5,0,0,1,0,0,1,0,-0.9749279121818236,-0.2225209339563146,1.2246467991473532e-16,-1.0
1865,21.9,0,0,1,0,0,1,0,-0.9749279121818236,-0.2225209339563146,-0.2588190451025208,-0.9659258262890683
2128,22.8,0,0,1,0,0,1,0,-0.9749279121818236,-0.2225209339563146,-0.4999999999999997,-0.8660254037844388
2268,23.9,0,0,1,0,0,1,0,-0.9749279121818236,-0.2225209339563146,-0.7071067811865471,-0.7071067811865479
2479,24.5,0,0,1,0,0,1,0,-0.9749279121818236,-0.2225209339563146,-0.8660254037844385,-0.5000000000000004
2355,24.5,0,0,1,0,0,1,0,-0.9749279121818236,-0.2225209339563146,-0.9659258262890683,-0.25881904510252063
2439,24.0,0,0,1,0,0,1,0,-0.9749279121818236,-0.2225209339563146,-1.0,-1.8369701987210297e-16
2140,22.6,0,0,1,0,0,0,1,-0.9749279121818236,-0.2225209339563146,-0.9659258262890684,0.2588190451025203
1872,20.9,0,0,1,0,0,0,1,-0.9749279121818236,-0.2225209339563146,-0.8660254037844386,0.5000000000000001
1780,19.5,0,0,1,0,0,0,1,-0.9749279121818236,-0.2225209339563146,-0.7071067811865477,0.7071067811865474
1595,18.4,0,0,1,0,0,0,1,-0.9749279121818236,-0.2225209339563146,-0.5000000000000004,0.8660254037844384
1169,17.1,0,0,1,0,0,0,1,-0.9749279121818236,-0.2225209339563146,-0.25881904510252157,0.9659258262890681
986,15.8,0,0,1,0,0,0,1,-0.7818314824680299,0.6234898018587334,0.0,1.0
713,14.7,0,0,1,0,0,0,1,-0.7818314824680299,0.6234898018587334,0.25881904510252074,0.9659258262890683
473,13.9,0,0,1,0,0,0,1,-0.7818314824680299,0.6234898018587334,0.49999999999999994,0.8660254037844387
347,13.5,0,0,1,0,0,0,1,-0.7818314824680299,0.6234898018587334,0.7071067811865476,0.7071067811865476
205,12.8,0,0,1,0,0,0,1,-0.7818314824680299,0.6234898018587334,0.8660254037844386,0.5000000000000001
160,12.1,0,0,1,0,0,0,1,-0.7818314824680299,0.6234898018587334,0.9659258262890683,0.25881904510252074
190,11.6,0,0,1,0,0,0,1,-0.7818314824680299,0.6234898018587334,1.0,6.123233995736766e-17
341,12.3,0,0,1,0,0,0,1,-0.7818314824680299,0.6234898018587334,0.9659258262890683,-0.25881904510252063
524,14.1,0,0,1,0,0,0,1,-0.7818314824680299,0.6234898018587334,0.8660254037844387,-0.4999999999999998
676,16.0,0,0,1,0,0,1,0,-0.7818314824680299,0.6234898018587334,0.7071067811865476,-0.7071067811865475
899,17.0,0,0,1,0,0,1,0,-0.7818314824680299,0.6234898018587334,0.49999999999999994,-0.8660254037844387
1013,18.7,0,0,1,0,0,1,0,-0.7818314824680299,0.6234898018587334,0.258819045102521,-0.9659258262890682
1313,18.8,0,0,1,0,0,1,0,-0.7818314824680299,0.6234898018587334,1.2246467991473532e-16,-1.0
1559,19.9,0,0,1,0,0,1,0,-0.7818314824680299,0.6234898018587334,-0.2588190451025208,-0.9659258262890683
1680,20.3,0,0,1,0,0,1,0,-0.7818314824680299,0.6234898018587334,-0.4999999999999997,-0.8660254037844388
1999,21.0,0,0,1,0,0,1,0,-0.7818314824680299,0.6234898018587334,-0.7071067811865471,-0.7071067811865479
2143,22.2,0,0,1,0,0,1,0,-0.7818314824680299,0.6234898018587334,-0.8660254037844385,-0.5000000000000004
2310,22.4,0,0,1,0,0,1,0,-0.7818314824680299,0.6234898018587334,-0.9659258262890683,-0.25881904510252063
2403,22.2,0,0,1,0,0,1,0,-0.7818314824680299,0.6234898018587334,-1.0,-1.8369701987210297e-16
2145,20.8,0,0,1,0,0,0,1,-0.7818314824680299,0.6234898018587334,-0.9659258262890684,0.2588190451025203
1846,19.0,0,0,1,0,0,0,1,-0.7818314824680299,0.6234898018587334,-0.8660254037844386,0.5000000000000001
1636,17.8,0,0,1,0,0,0,1,-0.7818314824680299,0.6234898018587334,-0.7071067811865477,0.7071067811865474
1325,16.8,0,0,1,0,0,0,1,-0.7818314824680299,0.6234898018587334,-0.5000000000000004,0.8660254037844384
943,15.8,0,0,1,0,0,0,1,-0.7818314824680299,0.6234898018587334,-0.25881904510252157,0.9659258262890681
666,15.3,0,0,1,0,0,0,1,0.0,1.0,0.0,1.0
420,14.5,0,0,1,0,0,0,1,0.0,1.0,0.25881904510252074,0.9659258262890683
262,13.9,0,0,1,0,0,0,1,0.0,1.0,0.49999999999999994,0.8660254037844387
165,13.0,0,0,1,0,0,0,1,0.0,1.0,0.7071067811865476,0.7071067811865476
113,12.4,0,0,1,0,0,0,1,0.0,1.0,0.8660254037844386,0.5000000000000001
200,11.9,0,0,1,0,0,0,1,0.0,1.0,0.9659258262890683,0.25881904510252074
467,11.4,0,0,1,0,0,0,1,0.0,1.0,1.0,6.123233995736766e-17
1135,12.3,0,0,1,0,0,0,1,0.0,1.0,0.9659258262890683,-0.25881904510252063
1785,15.3,0,0,1,0,0,1,0,0.0,1.0,0.8660254037844387,-0.4999999999999998
1118,17.7,0,0,1,0,0,1,0,0.0,1.0,0.7071067811865476,-0.7071067811865475
962,19.3,0,0,1,0,0,1,0,0.0,1.0,0.49999999999999994,-0.8660254037844387
1129,20.9,0,0,1,0,0,1,0,0.0,1.0,0.258819045102521,-0.9659258262890682
1373,21.8,0,0,1,0,0,1,0,0.0,1.0,1.2246467991473532e-16,-1.0
1456,22.8,0,0,1,0,0,1,0,0.0,1.0,-0.2588190451025208,-0.9659258262890683
1483,23.4,0,0,1,0,0,1,0,0.0,1.0,-0.4999999999999997,-0.8660254037844388
1612,23.3,0,0,1,0,0,1,0,0.0,1.0,-0.7071067811865471,-0.7071067811865479
1820,22.7,0,0,1,0,0,1,0,0.0,1.0,-0.8660254037844385,-0.5000000000000004
2214,22.2,0,0,1,0,0,0,1,0.0,1.0,-0.9659258262890683,-0.25881904510252063
3069,21.6,0,0,1,0,0,0,1,0.0,1.0,-1.0,-1.8369701987210297e-16
2450,19.5,0,0,1,0,0,0,1,0.0,1.0,-0.9659258262890684,0.2588190451025203
2167,18.4,0,0,1,0,0,0,1,0.0,1.0,-0.8660254037844386,0.5000000000000001
2065,17.7,0,0,1,0,0,0,1,0.0,1.0,-0.7071067811865477,0.7071067811865474
1832,16.9,0,0,1,0,0,0,1,0.0,1.0,-0.5000000000000004,0.8660254037844384
1273,16.3,0,0,1,0,0,0,1,0.0,1.0,-0.25881904510252157,0.9659258262890681
957,16.0,1,0,1,0,0,0,1,0.7818314824680298,0.6234898018587336,0.0,1.0
810,15.9,1,0,1,0,0,0,1,0.7818314824680298,0.6234898018587336,0.25881904510252074,0.9659258262890683
590,15.7,1,0,1,0,0,0,1,0.7818314824680298,0.6234898018587336,0.49999999999999994,0.8660254037844387
406,15.5,1,0,1,0,0,0,1,0.7818314824680298,0.6234898018587336,0.7071067811865476,0.7071067811865476
248,15.6,1,0,1,0,0,0,1,0.7818314824680298,0.6234898018587336,0.8660254037844386,0.5000000000000001
182,15.7,1,0,1,0,0,0,1,0.7818314824680298,0.6234898018587336,0.9659258262890683,0.25881904510252074
277,15.5,1,0,1,0,0,0,1,0.7818314824680298,0.6234898018587336,1.0,6.123233995736766e-17
443,16.3,1,0,1,0,0,0,1,0.7818314824680298,0.6234898018587336,0.9659258262890683,-0.25881904510252063
694,18.2,1,0,1,0,0,1,0,0.7818314824680298,0.6234898018587336,0.8660254037844387,-0.4999999999999998
912,19.3,1,0,1,0,0,1,0,0.7818314824680298,0.6234898018587336,0.7071067811865476,-0.7071067811865475
1119,20.7,1,0,1,0,0,1,0,0.7818314824680298,0.6234898018587336,0.49999999999999994,-0.8660254037844387
1438,21.9,1,0,1,0,0,1,0,0.7818314824680298,0.6234898018587336,0.258819045102521,-0.9659258262890682
1798,22.9,1,0,1,0,0,1,0,0.7818314824680298,0.6234898018587336,1.2246467991473532e-16,-1.0
2000,22.7,1,0,1,0,0,0,1,0.7818314824680298,0.6234898018587336,-0.2588190451025208,-0.9659258262890683
1407,22.8,1,0,1,0,0,1,0,0.7818314824680298,0.6234898018587336,-0.4999999999999997,-0.8660254037844388
163,21.1,1,0,1,0,1,0,0,0.7818314824680298,0.6234898018587336,-0.7071067811865471,-0.7071067811865479
86,19.5,1,0,1,0,1,0,0,0.7818314824680298,0.6234898018587336,-0.8660254037844385,-0.5000000000000004
50,18.6,1,0,1,0,1,0,0,0.7818314824680298,0.6234898018587336,-0.9659258262890683,-0.25881904510252063
30,17.9,1,0,1,0,1,0,0,0.7818314824680298,0.6234898018587336,-1.0,-1.8369701987210297e-16
45,17.6,1,0,1,0,1,0,0,0.7818314824680298,0.6234898018587336,-0.9659258262890684,0.2588190451025203
30,17.2,1,0,1,0,1,0,0,0.7818314824680298,0.6234898018587336,-0.8660254037844386,0.5000000000000001
58,17.0,1,0,1,0,1,0,0,0.7818314824680298,0.6234898018587336,-0.7071067811865477,0.7071067811865474
29,16.8,1,0,1,0,1,0,0,0.7818314824680298,0.6234898018587336,-0.5000000000000004,0.8660254037844384
18,16.3,1,0,1,0,1,0,0,0.7818314824680298,0.6234898018587336,-0.25881904510252157,0.9659258262890681
32,15.8,0,0,1,0,1,0,0,0.9749279121818236,-0.22252093395631434,0.0,1.0
25,15.3,0,0,1,0,1,0,0,0.9749279121818236,-0.22252093395631434,0.25881904510252074,0.9659258262890683
34,15.0,0,0,1,0,1,0,0,0.9749279121818236,-0.22252093395631434,0.49999999999999994,0.8660254037844387
43,14.9,0,0,1,0,1,0,0,0.9749279121818236,-0.22252093395631434,0.7071067811865476,0.7071067811865476
59,15.0,0,0,1,0,0,0,1,0.9749279121818236,-0.22252093395631434,0.8660254037844386,0.5000000000000001
152,14.6,0,0,1,0,0,0,1,0.9749279121818236,-0.22252093395631434,0.9659258262890683,0.25881904510252074
436,13.9,0,0,1,0,0,0,1,0.9749279121818236,-0.22252093395631434,1.0,6.123233995736766e-17
1241,13.6,0,0,1,0,0,0,1,0.9749279121818236,-0.22252093395631434,0.9659258262890683,-0.25881904510252063
2035,14.6,0,0,1,0,0,0,1,0.9749279121818236,-0.22252093395631434,0.8660254037844387,-0.4999999999999998
1125,16.0,0,0,1,0,0,1,0,0.9749279121818236,-0.22252093395631434,0.7071067811865476,-0.7071067811865475
871,17.9,0,0,1,0,0,0,1,0.9749279121818236,-0.22252093395631434,0.49999999999999994,-0.8660254037844387
1012,18.9,0,0,1,0,0,0,1,0.9749279121818236,-0.22252093395631434,0.258819045102521,-0.9659258262890682
1216,20.1,0,0,1,0,0,0,1,0.9749279121818236,-0.22252093395631434,1.2246467991473532e-16,-1.0
1167,20.9,0,0,1,0,0,0,1,0.9749279121818236,-0.22252093395631434,-0.2588190451025208,-0.9659258262890683
1183,22.0,0,0,1,0,0,0,1,0.9749279121818236,-0.22252093395631434,-0.4999999999999997,-0.8660254037844388
1332,23.0,0,0,1,0,0,1,0,0.9749279121818236,-0.22252093395631434,-0.7071067811865471,-0.7071067811865479
1563,23.0,0,0,1,0,0,0,1,0.9749279121818236,-0.22252093395631434,-0.8660254037844385,-0.5000000000000004
2069,22.4,0,0,1,0,0,0,1,0.9749279121818236,-0.22252093395631434,-0.9659258262890683,-0.25881904510252063
3123,21.7,0,0,1,0,0,0,1,0.9749279121818236,-0.22252093395631434,-1.0,-1.8369701987210297e-16
2454,18.8,0,0,1,0,0,0,1,0.9749279121818236,-0.22252093395631434,-0.9659258262890684,0.2588190451025203
2001,16.7,0,0,1,0,0,0,1,0.9749279121818236,-0.22252093395631434,-0.8660254037844386,0.5000000000000001
1833,15.4,0,0,1,0,0,0,1,0.9749279121818236,-0.22252093395631434,-0.7071067811865477,0.7071067811865474
1588,14.8,0,0,1,0,0,0,1,0.9749279121818236,-0.22252093395631434,-0.5000000000000004,0.8660254037844384
1080,14.6,0,0,1,0,0,0,1,0.9749279121818236,-0.22252093395631434,-0.25881904510252157,0.9659258262890681
778,13.7,0,0,1,0,0,0,1,0.43388373911755823,-0.900968867902419,0.0,1.0
578,12.9,0,0,1,0,0,0,1,0.43388373911755823,-0.900968867902419,0.25881904510252074,0.9659258262890683
385,12.5,0,0,1,0,0,0,1,0.43388373911755823,-0.900968867902419,0.49999999999999994,0.8660254037844387
265,12.1,0,0,1,0,0,0,1,0.43388373911755823,-0.900968867902419,0.7071067811865476,0.7071067811865476
161,11.7,0,0,1,0,0,0,1,0.43388373911755823,-0.900968867902419,0.8660254037844386,0.5000000000000001
205,11.3,0,0,1,0,0,0,1,0.43388373911755823,-0.900968867902419,0.9659258262890683,0.25881904510252074
530,11.4,0,0,1,0,0,0,1,0.43388373911755823,-0.900968867902419,1.0,6.123233995736766e-17
1390,12.5,0,0,1,0,0,0,1,0.43388373911755823,-0.900968867902419,0.9659258262890683,-0.25881904510252063
2081,15.2,0,0,1,0,0,1,0,0.43388373911755823,-0.900968867902419,0.8660254037844387,-0.4999999999999998
1226,17.6,0,0,1,0,0,1,0,0.43388373911755823,-0.900968867902419,0.7071067811865476,-0.7071067811865475
880,19.9,0,0,1,0,0,1,0,0.43388373911755823,-0.900968867902419,0.49999999999999994,-0.8660254037844387
922,21.5,0,0,1,0,0,1,0,0.43388373911755823,-0.900968867902419,0.258819045102521,-0.9659258262890682
1087,22.1,0,0,1,0,1,0,0,0.43388373911755823,-0.900968867902419,1.2246467991473532e-16,-1.0
1078,23.3,0,0,1,0,0,0,1,0.43388373911755823,-0.900968867902419,-0.2588190451025208,-0.9659258262890683
1059,23.2,0,0,1,0,0,0,1,0.43388373911755823,-0.900968867902419,-0.4999999999999997,-0.8660254037844388
1174,23.5,0,0,1,0,0,0,1,0.43388373911755823,-0.900968867902419,-0.7071067811865471,-0.7071067811865479
1455,23.5,0,0,1,0,0,0,1,0.43388373911755823,-0.900968867902419,-0.8660254037844385,-0.5000000000000004
1863,23.4,0,0,1,0,0,1,0,0.43388373911755823,-0.900968867902419,-0.9659258262890683,-0.25881904510252063
2825,22.6,0,0,1,0,0,1,0,0.43388373911755823,-0.900968867902419,-1.0,-1.8369701987210297e-16
2334,21.1,0,0,1,0,0,0,1,0.43388373911755823,-0.900968867902419,-0.9659258262890684,0.2588190451025203
1902,20.0,0,0,1,0,0,0,1,0.43388373911755823,-0.900968867902419,-0.8660254037844386,0.5000000000000001
1838,19.3,0,0,1,0,0,0,1,0.43388373911755823,-0.900968867902419,-0.7071067811865477,0.7071067811865474
1678,18.6,0,0,1,0,0,0,1,0.43388373911755823,-0.900968867902419,-0.5000000000000004,0.8660254037844384
1087,18.1,0,0,1,0,0,0,1,0.43388373911755823,-0.900968867902419,-0.25881904510252157,0.9659258262890681
831,17.6,0,0,1,0,0,0,1,-0.433883739117558,-0.9009688679024191,0.0,1.0
610,16.9,0,0,1,0,0,0,1,-0.433883739117558,-0.9009688679024191,0.25881904510252074,0.9659258262890683
437,16.1,0,0,1,0,0,0,1,-0.433883739117558,-0.9009688679024191,0.49999999999999994,0.8660254037844387
286,15.4,0,0,1,0,0,0,1,-0.433883739117558,-0.9009688679024191,0.7071067811865476,0.7071067811865476
188,14.8,0,0,1,0,0,0,1,-0.433883739117558,-0.9009688679024191,0.8660254037844386,0.5000000000000001
201,14.3,0,0,1,0,0,0,1,-0.433883739117558,-0.9009688679024191,0.9659258262890683,0.25881904510252074
531,13.8,0,0,1,0,0,0,1,-0.433883739117558,-0.9009688679024191,1.0,6.123233995736766e-17
1250,14.4,0,0,1,0,0,0,1,-0.433883739117558,-0.9009688679024191,0.9659258262890683,-0.25881904510252063
1996,17.1,0,0,1,0,0,0,1,-0.433883739117558,-0.9009688679024191,0.8660254037844387,-0.4999999999999998
1121,19.5,0,0,1,0,0,0,1,-0.433883739117558,-0.9009688679024191,0.7071067811865476,-0.7071067811865475
819,21.4,0,0,1,0,0,1,0,-0.433883739117558,-0.9009688679024191,0.49999999999999994,-0.8660254037844387
959,23.1,0,0,1,0,0,1,0,-0.433883739117558,-0.9009688679024191,0.258819045102521,-0.9659258262890682
1082,24.4,0,0,1,0,0,1,0,-0.433883739117558,-0.9009688679024191,1.2246467991473532e-16,-1.0
1106,25.6,0,0,1,0,0,1,0,-0.433883739117558,-0.9009688679024191,-0.2588190451025208,-0.9659258262890683
1161,26.0,0,0,1,0,0,1,0,-0.433883739117558,-0.9009688679024191,-0.4999999999999997,-0.8660254037844388
1306,25.1,0,0,1,0,0,1,0,-0.433883739117558,-0.9009688679024191,-0.7071067811865471,-0.7071067811865479
1533,24.3,0,0,1,0,0,0,1,-0.433883739117558,-0.9009688679024191,-0.8660254037844385,-0.5000000000000004
2013,23.6,0,0,1,0,0,0,1,-0.433883739117558,-0.9009688679024191,-0.9659258262890683,-0.25881904510252063
2916,23.3,0,0,1,0,0,1,0,-0.433883739117558,-0.9009688679024191,-1.0,-1.8369701987210297e-16
2227,22.0,0,0,1,0,0,0,1,-0.433883739117558,-0.9009688679024191,-0.9659258262890684,0.2588190451025203
1905,20.4,0,0,1,0,0,0,1,-0.433883739117558,-0.9009688679024191,-0.8660254037844386,0.5000000000000001
1740,19.1,0,0,1,0,0,0,1,-0.433883739117558,-0.9009688679024191,-0.7071067811865477,0.7071067811865474
1630,18.3,0,0,1,0,0,0,1,-0.433883739117558,-0.9009688679024191,-0.5000000000000004,0.8660254037844384
1209,17.6,0,0,1,0,0,0,1,-0.433883739117558,-0.9009688679024191,-0.25881904510252157,0.9659258262890681
987,17.0,0,0,1,0,0,0,1,-0.9749279121818236,-0.2225209339563146,0.0,1.0
837,16.2,0,0,1,0,0,0,1,-0.9749279121818236,-0.2225209339563146,0.25881904510252074,0.9659258262890683
572,15.8,0,0,1,0,0,0,1,-0.9749279121818236,-0.2225209339563146,0.49999999999999994,0.8660254037844387
419,15.3,0,0,1,0,0,0,1,-0.9749279121818236,-0.2225209339563146,0.7071067811865476,0.7071067811865476
232,14.8,0,0,1,0,0,0,1,-0.9749279121818236,-0.2225209339563146,0.8660254037844386,0.5000000000000001
198,14.4,0,0,1,0,0,0,1,-0.9749279121818236,-0.2225209339563146,0.9659258262890683,0.25881904510252074
299,14.2,0,0,1,0,0,0,1,-0.9749279121818236,-0.2225209339563146,1.0,6.123233995736766e-17
503,15.0,0,0,1,0,0,0,1,-0.9749279121818236,-0.2225209339563146,0.9659258262890683,-0.25881904510252063
763,17.8,0,0,1,0,0,0,1,-0.9749279121818236,-0.2225209339563146,0.8660254037844387,-0.4999999999999998
992,20.6,0,0,1,0,0,0,1,-0.9749279121818236,-0.2225209339563146,0.7071067811865476,-0.7071067811865475
1010,23.2,0,0,1,0,0,0,1,-0.9749279121818236,-0.2225209339563146,0.49999999999999994,-0.8660254037844387
1164,24.8,0,0,1,0,0,0,1,-0.9749279121818236,-0.2225209339563146,0.258819045102521,-0.9659258262890682
1285,26.2,0,0,1,0,0,0,1,-0.9749279121818236,-0.2225209339563146,1.2246467991473532e-16,-1.0
1441,27.8,0,0,1,0,0,0,1,-0.9749279121818236,-0.2225209339563146,-0.2588190451025208,-0.9659258262890683
1448,28.3,0,0,1,0,0,0,1,-0.9749279121818236,-0.2225209339563146,-0.4999999999999997,-0.8660254037844388
1575,29.4,0,0,1,0,0,0,1,-0.9749279121818236,-0.2225209339563146,-0.7071067811865471,-0.7071067811865479
1690,29.0,0,0,1,0,0,0,1,-0.9749279121818236,-0.2225209339563146,-0.8660254037844385,-0.5000000000000004
1886,27.9,0,0,1,0,0,0,1,-0.9749279121818236,-0.2225209339563146,-0.9659258262890683,-0.25881904510252063
2020,27.0,0,0,1,0,0,0,1,-0.9749279121818236,-0.2225209339563146,-1.0,-1.8369701987210297e-16
1985,24.9,0,0,1,0,0,0,1,-0.9749279121818236,-0.2225209339563146,-0.9659258262890684,0.2588190451025203
1909,22.3,0,0,1,0,0,0,1,-0.9749279121818236,-0.2225209339563146,-0.8660254037844386,0.5000000000000001
1851,21.7,0,0,1,0,0,0,1,-0.9749279121818236,-0.2225209339563146,-0.7071067811865477,0.7071067811865474
1683,21.2,0,0,1,0,0,0,1,-0.9749279121818236,-0.2225209339563146,-0.5000000000000004,0.8660254037844384
1330,20.7,0,0,1,0,0,0,1,-0.9749279121818236,-0.2225209339563146,-0.25881904510252157,0.9659258262890681
1089,20.1,0,0,1,0,0,0,1,-0.7818314824680299,0.6234898018587334,0.0,1.0
799,19.8,0,0,1,0,0,0,1,-0.7818314824680299,0.6234898018587334,0.25881904510252074,0.9659258262890683
555,19.0,0,0,1,0,0,0,1,-0.7818314824680299,0.6234898018587334,0.49999999999999994,0.8660254037844387
423,18.5,0,0,1,0,0,0,1,-0.7818314824680299,0.6234898018587334,0.7071067811865476,0.7071067811865476
208,17.9,0,0,1,0,0,0,1,-0.7818314824680299,0.6234898018587334,0.8660254037844386,0.5000000000000001
174,17.6,0,0,1,0,0,0,1,-0.7818314824680299,0.6234898018587334,0.9659258262890683,0.25881904510252074
234,17.3,0,0,1,0,0,0,1,-0.7818314824680299,0.6234898018587334,1.0,6.123233995736766e-17
341,17.6,0,0,1,0,0,0,1,-0.7818314824680299,0.6234898018587334,0.9659258262890683,-0.25881904510252063
608,18.3,0,0,1,0,0,0,1,-0.7818314824680299,0.6234898018587334,0.8660254037844387,-0.4999999999999998
762,19.5,0,0,1,0,0,1,0,-0.7818314824680299,0.6234898018587334,0.7071067811865476,-0.7071067811865475
821,21.6,0,0,1,0,0,1,0,-0.7818314824680299,0.6234898018587334,0.49999999999999994,-0.8660254037844387
1004,22.3,0,0,1,0,0,1,0,-0.7818314824680299,0.6234898018587334,0.258819045102521,-0.9659258262890682
1404,23.4,0,0,1,0,0,1,0,-0.7818314824680299,0.6234898018587334,1.2246467991473532e-16,-1.0
1579,24.3,0,0,1,0,0,1,0,-0.7818314824680299,0.6234898018587334,-0.2588190451025208,-0.9659258262890683
1730,24.2,0,0,1,0,0,0,1,-0.7818314824680299,0.6234898018587334,-0.4999999999999997,-0.8660254037844388
2019,23.9,0,0,1,0,0,1,0,-0.7818314824680299,0.6234898018587334,-0.7071067811865471,-0.7071067811865479
2242,24.0,0,0,1,0,0,1,0,-0.7818314824680299,0.6234898018587334,-0.8660254037844385,-0.5000000000000004
2307,23.5,0,0,1,0,0,0,1,-0.7818314824680299,0.6234898018587334,-0.9659258262890683,-0.25881904510252063
2267,23.0,0,0,1,0,0,0,1,-0.7818314824680299,0.6234898018587334,-1.0,-1.8369701987210297e-16
2207,21.7,0,0,1,0,0,0,1,-0.7818314824680299,0.6234898018587334,-0.9659258262890684,0.2588190451025203
2044,20.6,0,0,1,0,0,0,1,-0.7818314824680299,0.6234898018587334,-0.8660254037844386,0.5000000000000001
1729,19.5,0,0,1,0,0,0,1,-0.7818314824680299,0.6234898018587334,-0.7071067811865477,0.7071067811865474
1374,18.6,0,0,1,0,0,0,1,-0.7818314824680299,0.6234898018587334,-0.5000000000000004,0.8660254037844384
1071,17.9,0,0,1,0,0,0,1,-0.7818314824680299,0.6234898018587334,-0.25881904510252157,0.9659258262890681
770,17.3,0,0,1,0,0,0,1,0.0,1.0,0.0,1.0
440,16.7,0,0,1,0,0,0,1,0.0,1.0,0.25881904510252074,0.9659258262890683
335,16.5,0,0,1,0,0,0,1,0.0,1.0,0.49999999999999994,0.8660254037844387
185,17.1,0,0,1,0,0,0,1,0.0,1.0,0.7071067811865476,0.7071067811865476
134,17.2,0,0,1,0,0,0,1,0.0,1.0,0.8660254037844386,0.5000000000000001
247,16.6,0,0,1,0,0,0,1,0.0,1.0,0.9659258262890683,0.25881904510252074
641,16.2,0,0,1,0,0,0,1,0.0,1.0,1.0,6.123233995736766e-17
1502,16.8,0,0,1,0,0,0,1,0.0,1.0,0.9659258262890683,-0.25881904510252063
2194,19.5,0,0,1,0,0,0,1,0.0,1.0,0.8660254037844387,-0.4999999999999998
1131,21.7,0,0,1,0,0,1,0,0.0,1.0,0.7071067811865476,-0.7071067811865475
828,23.3,0,0,1,0,0,1,0,0.0,1.0,0.49999999999999994,-0.8660254037844387
986,25.1,0,0,1,0,0,1,0,0.0,1.0,0.258819045102521,-0.9659258262890682
1139,26.3,0,0,1,0,0,1,0,0.0,1.0,1.2246467991473532e-16,-1.0
1124,27.7,0,0,1,0,0,1,0,0.0,1.0,-0.2588190451025208,-0.9659258262890683
1128,28.7,0,0,1,0,0,1,0,0.0,1.0,-0.4999999999999997,-0.8660254037844388
1258,28.4,0,0,1,0,0,0,1,0.0,1.0,-0.7071067811865471,-0.7071067811865479
1497,28.1,0,0,1,0,0,0,1,0.0,1.0,-0.8660254037844385,-0.5000000000000004
2060,26.9,0,0,1,0,0,0,1,0.0,1.0,-0.9659258262890683,-0.25881904510252063
3245,26.0,0,0,1,0,0,1,0,0.0,1.0,-1.0,-1.8369701987210297e-16
2656,24.4,0,0,1,0,0,0,1,0.0,1.0,-0.9659258262890684,0.2588190451025203
2252,23.0,0,0,1,0,0,0,1,0.0,1.0,-0.8660254037844386,0.5000000000000001
2140,21.8,0,0,1,0,0,0,1,0.0,1.0,-0.7071067811865477,0.7071067811865474
1881,21.1,0,0,1,0,0,0,1,0.0,1.0,-0.5000000000000004,0.8660254037844384
1247,20.9,0,0,1,0,0,0,1,0.0,1.0,-0.25881904510252157,0.9659258262890681
841,20.6,0,0,1,0,0,0,1,0.7818314824680298,0.6234898018587336,0.0,1.0
721,20.3,0,0,1,0,0,0,1,0.7818314824680298,0.6234898018587336,0.25881904510252074,0.9659258262890683
466,20.2,0,0,1,0,0,0,1,0.7818314824680298,0.6234898018587336,0.49999999999999994,0.8660254037844387
285,20.0,0,0,1,0,0,0,1,0.7818314824680298,0.6234898018587336,0.7071067811865476,0.7071067811865476
204,19.8,0,0,1,0,0,0,1,0.7818314824680298,0.6234898018587336,0.8660254037844386,0.5000000000000001
252,19.6,0,0,1,0,0,0,1,0.7818314824680298,0.6234898018587336,0.9659258262890683,0.25881904510252074
625,19.5,0,0,1,0,0,0,1,0.7818314824680298,0.6234898018587336,1.0,6.123233995736766e-17
1427,19.9,0,0,1,0,0,0,1,0.7818314824680298,0.6234898018587336,0.9659258262890683,-0.25881904510252063
2234,20.5,0,0,1,0,0,0,1,0.7818314824680298,0.6234898018587336,0.8660254037844387,-0.4999999999999998
1192,21.0,0,0,1,0,0,0,1,0.7818314824680298,0.6234898018587336,0.7071067811865476,-0.7071067811865475
893,21.6,0,0,1,0,0,0,1,0.7818314824680298,0.6234898018587336,0.49999999999999994,-0.8660254037844387
949,23.1,0,0,1,0,0,0,1,0.7818314824680298,0.6234898018587336,0.258819045102521,-0.9659258262890682
1184,23.1,0,0,1,0,0,0,1,0.7818314824680298,0.6234898018587336,1.2246467991473532e-16,-1.0
1103,24.2,0,0,1,0,0,0,1,0.7818314824680298,0.6234898018587336,-0.2588190451025208,-0.9659258262890683
1174,25.5,0,0,1,0,0,0,1,0.7818314824680298,0.6234898018587336,-0.4999999999999997,-0.8660254037844388
1234,25.7,0,0,1,0,0,0,1,0.7818314824680298,0.6234898018587336,-0.7071067811865471,-0.7071067811865479
1592,23.6,0,0,1,0,0,0,1,0.7818314824680298,0.6234898018587336,-0.8660254037844385,-0.5000000000000004
2022,23.9,0,0,1,0,0,0,1,0.7818314824680298,0.6234898018587336,-0.9659258262890683,-0.25881904510252063
2154,23.1,0,0,1,0,0,0,1,0.7818314824680298,0.6234898018587336,-1.0,-1.8369701987210297e-16
477,22.3,0,0,1,0,0,0,1,0.7818314824680298,0.6234898018587336,-0.9659258262890684,0.2588190451025203
422,20.1,0,0,1,0,1,0,0,0.7818314824680298,0.6234898018587336,-0.8660254037844386,0.5000000000000001
1041,19.9,0,0,1,0,1,0,0,0.7818314824680298,0.6234898018587336,-0.7071067811865477,0.7071067811865474
1121,19.9,0,0,1,0,0,0,1,0.7818314824680298,0.6234898018587336,-0.5000000000000004,0.8660254037844384
742,19.5,0,0,1,0,1,0,0,0.7818314824680298,0.6234898018587336,-0.25881904510252157,0.9659258262890681
507,19.1,0,0,1,0,0,0,1,0.9749279121818236,-0.22252093395631434,0.0,1.0
570,18.8,0,0,1,0,1,0,0,0.9749279121818236,-0.22252093395631434,0.25881904510252074,0.9659258262890683
422,18.7,0,0,1,0,1,0,0,0.9749279121818236,-0.22252093395631434,0.49999999999999994,0.8660254037844387
238,18.4,0,0,1,0,1,0,0,0.9749279121818236,-0.22252093395631434,0.7071067811865476,0.7071067811865476
167,18.3,0,0,1,0,1,0,0,0.9749279121818236,-0.22252093395631434,0.8660254037844386,0.5000000000000001
239,18.4,0,0,1,0,1,0,0,0.9749279121818236,-0.22252093395631434,0.9659258262890683,0.25881904510252074
505,18.6,0,0,1,0,1,0,0,0.9749279121818236,-0.22252093395631434,1.0,6.123233995736766e-17
1150,18.9,0,0,1,0,1,0,0,0.9749279121818236,-0.22252093395631434,0.9659258262890683,-0.25881904510252063
1937,19.3,0,0,1,0,1,0,0,0.9749279121818236,-0.22252093395631434,0.8660254037844387,-0.4999999999999998
1200,19.8,0,0,1,0,1,0,0,0.9749279121818236,-0.22252093395631434,0.7071067811865476,-0.7071067811865475
916,21.4,0,0,1,0,1,0,0,0.9749279121818236,-0.22252093395631434,0.49999999999999994,-0.8660254037844387
975,22.8,0,0,1,0,0,0,1,0.9749279121818236,-0.22252093395631434,0.258819045102521,-0.9659258262890682
1187,23.2,0,0,1,0,0,0,1,0.9749279121818236,-0.22252093395631434,1.2246467991473532e-16,-1.0
1134,24.0,0,0,1,0,0,0,1,0.9749279121818236,-0.22252093395631434,-0.2588190451025208,-0.9659258262890683
1119,24.3,0,0,1,0,0,0,1,0.9749279121818236,-0.22252093395631434,-0.4999999999999997,-0.8660254037844388
1280,24.3,0,0,1,0,0,0,1,0.9749279121818236,-0.22252093395631434,-0.7071067811865471,-0.7071067811865479
1571,24.7,0,0,1,0,0,1,0,0.9749279121818236,-0.22252093395631434,-0.8660254037844385,-0.5000000000000004
2166,24.1,0,0,1,0,0,1,0,0.9749279121818236,-0.22252093395631434,-0.9659258262890683,-0.25881904510252063
3251,23.6,0,0,1,0,0,1,0,0.9749279121818236,-0.22252093395631434,-1.0,-1.8369701987210297e-16
2650,21.2,0,0,1,0,0,0,1,0.9749279121818236,-0.22252093395631434,-0.9659258262890684,0.2588190451025203
2224,19.1,0,0,1,0,0,0,1,0.9749279121818236,-0.22252093395631434,-0.8660254037844386,0.5000000000000001
2074,18.2,0,0,1,0,0,0,1,0.9749279121818236,-0.22252093395631434,-0.7071067811865477,0.7071067811865474
1732,17.3,0,0,1,0,0,0,1,0.9749279121818236,-0.22252093395631434,-0.5000000000000004,0.8660254037844384
1158,16.4,0,0,1,0,0,0,1,0.9749279121818236,-0.22252093395631434,-0.25881904510252157,0.9659258262890681
844,15.8,0,0,1,0,0,0,1,0.43388373911755823,-0.900968867902419,0.0,1.0
610,15.5,0,0,1,0,0,0,1,0.43388373911755823,-0.900968867902419,0.25881904510252074,0.9659258262890683
470,15.2,0,0,1,0,1,0,0,0.43388373911755823,-0.900968867902419,0.49999999999999994,0.8660254037844387
328,15.0,0,0,1,0,1,0,0,0.43388373911755823,-0.900968867902419,0.7071067811865476,0.7071067811865476
188,14.8,0,0,1,0,1,0,0,0.43388373911755823,-0.900968867902419,0.8660254037844386,0.5000000000000001
265,14.4,0,0,1,0,0,0,1,0.43388373911755823,-0.900968867902419,0.9659258262890683,0.25881904510252074
646,14.3,0,0,1,0,0,0,1,0.43388373911755823,-0.900968867902419,1.0,6.123233995736766e-17
1401,14.9,0,0,1,0,0,0,1,0.43388373911755823,-0.900968867902419,0.9659258262890683,-0.25881904510252063
2281,16.9,0,0,1,0,0,0,1,0.43388373911755823,-0.900968867902419,0.8660254037844387,-0.4999999999999998
1277,18.8,0,0,1,0,0,0,1,0.43388373911755823,-0.900968867902419,0.7071067811865476,-0.7071067811865475
936,20.8,0,0,1,0,0,0,1,0.43388373911755823,-0.900968867902419,0.49999999999999994,-0.8660254037844387
979,22.0,0,0,1,0,0,0,1,0.43388373911755823,-0.900968867902419,0.258819045102521,-0.9659258262890682
1134,23.7,0,0,1,0,0,1,0,0.43388373911755823,-0.900968867902419,1.2246467991473532e-16,-1.0
1151,25.0,0,0,1,0,0,0,1,0.43388373911755823,-0.900968867902419,-0.2588190451025208,-0.9659258262890683
1164,25.9,0,0,1,0,0,0,1,0.43388373911755823,-0.900968867902419,-0.4999999999999997,-0.8660254037844388
1280,26.9,0,0,1,0,0,1,0,0.43388373911755823,-0.900968867902419,-0.7071067811865471,-0.7071067811865479
1550,27.3,0,0,1,0,0,1,0,0.43388373911755823,-0.900968867902419,-0.8660254037844385,-0.5000000000000004
2047,27.2,0,0,1,0,0,1,0,0.43388373911755823,-0.900968867902419,-0.9659258262890683,-0.25881904510252063
3119,26.4,0,0,1,0,0,0,1,0.43388373911755823,-0.900968867902419,-1.0,-1.8369701987210297e-16
2534,25.2,0,0,1,0,0,0,1,0.43388373911755823,-0.900968867902419,-0.9659258262890684,0.2588190451025203
2164,23.1,0,0,1,0,0,0,1,0.43388373911755823,-0.900968867902419,-0.8660254037844386,0.5000000000000001
2070,21.9,0,0,1,0,0,0,1,0.43388373911755823,-0.900968867902419,-0.7071067811865477,0.7071067811865474
1900,21.1,0,0,1,0,0,0,1,0.43388373911755823,-0.900968867902419,-0.5000000000000004,0.8660254037844384
1343,20.5,0,0,1,0,0,0,1,0.43388373911755823,-0.900968867902419,-0.25881904510252157,0.9659258262890681
963,20.1,0,0,0,1,0,0,1,-0.433883739117558,-0.9009688679024191,0.0,1.0
776,19.5,0,0,0,1,0,0,1,-0.433883739117558,-0.9009688679024191,0.25881904510252074,0.9659258262890683
554,19.0,0,0,0,1,0,0,1,-0.433883739117558,-0.9009688679024191,0.49999999999999994,0.8660254037844387
366,18.6,0,0,0,1,0,0,1,-0.433883739117558,-0.9009688679024191,0.7071067811865476,0.7071067811865476
265,18.1,0,0,0,1,0,0,1,-0.433883739117558,-0.9009688679024191,0.8660254037844386,0.5000000000000001
306,17.8,0,0,0,1,0,0,1,-0.433883739117558,-0.9009688679024191,0.9659258262890683,0.25881904510252074
672,17.5,0,0,0,1,0,0,1,-0.433883739117558,-0.9009688679024191,1.0,6.123233995736766e-17
1421,18.1,0,0,0,1,0,0,1,-0.433883739117558,-0.9009688679024191,0.9659258262890683,-0.25881904510252063
2149,20.6,0,0,0,1,0,0,1,-0.433883739117558,-0.9009688679024191,0.8660254037844387,-0.4999999999999998
1219,23.1,0,0,0,1,0,0,1,-0.433883739117558,-0.9009688679024191,0.7071067811865476,-0.7071067811865475
862,25.3,0,0,0,1,0,0,1,-0.433883739117558,-0.9009688679024191,0.49999999999999994,-0.8660254037844387
1036,26.8,0,0,0,1,0,1,0,-0.433883739117558,-0.9009688679024191,0.258819045102521,-0.9659258262890682
1076,28.2,0,0,0,1,0,1,0,-0.433883739117558,-0.9009688679024191,1.2246467991473532e-16,-1.0
1093,29.4,0,0,0,1,0,1,0,-0.433883739117558,-0.9009688679024191,-0.2588190451025208,-0.9659258262890683
1071,29.6,0,0,0,1,0,0,1,-0.433883739117558,-0.9009688679024191,-0.4999999999999997,-0.8660254037844388
1235,29.9,0,0,0,1,0,0,1,-0.433883739117558,-0.9009688679024191,-0.7071067811865471,-0.7071067811865479
1488,29.9,0,0,0,1,0,0,1,-0.433883739117558,-0.9009688679024191,-0.8660254037844385,-0.5000000000000004
2123,29.2,0,0,0,1,0,0,1,-0.433883739117558,-0.9009688679024191,-0.9659258262890683,-0.25881904510252063
3088,28.5,0,0,0,1,0,1,0,-0.433883739117558,-0.9009688679024191,-1.0,-1.8369701987210297e-16
2505,26.8,0,0,0,1,0,0,1,-0.433883739117558,-0.9009688679024191,-0.9659258262890684,0.2588190451025203
2163,25.0,0,0,0,1,0,0,1,-0.433883739117558,-0.9009688679024191,-0.8660254037844386,0.5000000000000001
2066,23.5,0,0,0,1,0,0,1,-0.433883739117558,-0.9009688679024191,-0.7071067811865477,0.7071067811865474
1991,22.7,0,0,0,1,0,0,1,-0.433883739117558,-0.9009688679024191,-0.5000000000000004,0.8660254037844384
1440,21.8,0,0,0,1,0,0,1,-0.433883739117558,-0.9009688679024191,-0.25881904510252157,0.9659258262890681
1165,20.9,0,0,0,1,0,0,1,-0.9749279121818236,-0.2225209339563146,0.0,1.0
989,20.2,0,0,0,1,0,0,1,-0.9749279121818236,-0.2225209339563146,0.25881904510252074,0.9659258262890683
677,19.6,0,0,0,1,0,0,1,-0.9749279121818236,-0.2225209339563146,0.49999999999999994,0.8660254037844387
475,18.9,0,0,0,1,0,0,1,-0.9749279121818236,-0.2225209339563146,0.7071067811865476,0.7071067811865476
312,18.3,0,0,0,1,0,0,1,-0.9749279121818236,-0.2225209339563146,0.8660254037844386,0.5000000000000001
264,17.8,0,0,0,1,0,0,1,-0.9749279121818236,-0.2225209339563146,0.9659258262890683,0.25881904510252074
342,17.7,0,0,0,1,0,0,1,-0.9749279121818236,-0.2225209339563146,1.0,6.123233995736766e-17
560,18.1,0,0,0,1,0,0,1,-0.9749279121818236,-0.2225209339563146,0.9659258262890683,-0.25881904510252063
898,20.4,0,0,0,1,0,0,1,-0.9749279121818236,-0.2225209339563146,0.8660254037844387,-0.4999999999999998
1005,23.3,0,0,0,1,0,0,1,-0.9749279121818236,-0.2225209339563146,0.7071067811865476,-0.7071067811865475
1044,25.5,0,0,0,1,0,1,0,-0.9749279121818236,-0.2225209339563146,0.49999999999999994,-0.8660254037844387
1094,27.3,0,0,0,1,0,1,0,-0.9749279121818236,-0.2225209339563146,0.258819045102521,-0.9659258262890682
1253,28.3,0,0,0,1,0,1,0,-0.9749279121818236,-0.2225209339563146,1.2246467991473532e-16,-1.0
1334,29.6,0,0,0,1,0,1,0,-0.9749279121818236,-0.2225209339563146,-0.2588190451025208,-0.9659258262890683
1396,29.8,0,0,0,1,0,0,1,-0.9749279121818236,-0.2225209339563146,-0.4999999999999997,-0.8660254037844388
1535,29.8,0,0,0,1,0,1,0,-0.9749279121818236,-0.2225209339563146,-0.7071067811865471,-0.7071067811865479
1707,29.6,0,0,0,1,0,0,1,-0.9749279121818236,-0.2225209339563146,-0.8660254037844385,-0.5000000000000004
2025,28.9,0,0,0,1,0,1,0,-0.9749279121818236,-0.2225209339563146,-0.9659258262890683,-0.25881904510252063
2246,27.4,0,0,0,1,0,0,1,-0.9749279121818236,-0.2225209339563146,-1.0,-1.8369701987210297e-16
2337,25.4,0,0,0,1,0,0,1,-0.9749279121818236,-0.2225209339563146,-0.9659258262890684,0.2588190451025203
2338,23.4,0,0,0,1,0,0,1,-0.9749279121818236,-0.2225209339563146,-0.8660254037844386,0.5000000000000001
2238,22.1,0,0,0,1,0,0,1,-0.9749279121818236,-0.2225209339563146,-0.7071067811865477,0.7071067811865474
1969,21.4,0,0,0,1,0,0,1,-0.9749279121818236,-0.2225209339563146,-0.5000000000000004,0.8660254037844384
1490,20.6,0,0,0,1,0,0,1,-0.9749279121818236,-0.2225209339563146,-0.25881904510252157,0.9659258262890681
1248,19.7,0,0,0,1,0,0,1,-0.7818314824680299,0.6234898018587334,0.0,1.0
902,19.2,0,0,0,1,0,0,1,-0.7818314824680299,0.6234898018587334,0.25881904510252074,0.9659258262890683
673,18.6,0,0,0,1,0,0,1,-0.7818314824680299,0.6234898018587334,0.49999999999999994,0.8660254037844387
437,18.0,0,0,0,1,0,0,1,-0.7818314824680299,0.6234898018587334,0.7071067811865476,0.7071067811865476
294,17.4,0,0,0,1,0,0,1,-0.7818314824680299,0.6234898018587334,0.8660254037844386,0.5000000000000001
193,17.1,0,0,0,1,0,0,1,-0.7818314824680299,0.6234898018587334,0.9659258262890683,0.25881904510252074
228,16.9,0,0,0,1,0,0,1,-0.7818314824680299,0.6234898018587334,1.0,6.123233995736766e-17
423,18.0,0,0,0,1,0,0,1,-0.7818314824680299,0.6234898018587334,0.9659258262890683,-0.25881904510252063
659,20.3,0,0,0,1,0,1,0,-0.7818314824680299,0.6234898018587334,0.8660254037844387,-0.4999999999999998
831,22.7,0,0,0,1,0,1,0,-0.7818314824680299,0.6234898018587334,0.7071067811865476,-0.7071067811865475
938,24.8,0,0,0,1,0,1,0,-0.7818314824680299,0.6234898018587334,0.49999999999999994,-0.8660254037844387
977,26.7,0,0,0,1,0,1,0,-0.7818314824680299,0.6234898018587334,0.258819045102521,-0.9659258262890682
1134,28.7,0,0,0,1,0,1,0,-0.7818314824680299,0.6234898018587334,1.2246467991473532e-16,-1.0
1393,29.4,0,0,0,1,0,1,0,-0.7818314824680299,0.6234898018587334,-0.2588190451025208,-0.9659258262890683
1399,29.8,0,0,0,1,0,1,0,-0.7818314824680299,0.6234898018587334,-0.4999999999999997,-0.8660254037844388
1556,30.7,0,0,0,1,0,1,0,-0.7818314824680299,0.6234898018587334,-0.7071067811865471,-0.7071067811865479
1834,30.4,0,0,0,1,0,0,1,-0.7818314824680299,0.6234898018587334,-0.8660254037844385,-0.5000000000000004
2131,29.5,0,0,0,1,0,0,1,-0.7818314824680299,0.6234898018587334,-0.9659258262890683,-0.25881904510252063
2349,29.3,0,0,0,1,0,1,0,-0.7818314824680299,0.6234898018587334,-1.0,-1.8369701987210297e-16
2514,27.4,0,0,0,1,0,0,1,-0.7818314824680299,0.6234898018587334,-0.9659258262890684,0.2588190451025203
2460,25.3,0,0,0,1,0,0,1,-0.7818314824680299,0.6234898018587334,-0.8660254037844386,0.5000000000000001
2173,24.2,0,0,0,1,0,0,1,-0.7818314824680299,0.6234898018587334,-0.7071067811865477,0.7071067811865474
1741,23.0,0,0,0,1,0,0,1,-0.7818314824680299,0.6234898018587334,-0.5000000000000004,0.8660254037844384
1274,22.0,0,0,0,1,0,0,1,-0.7818314824680299,0.6234898018587334,-0.25881904510252157,0.9659258262890681
938,21.4,0,0,0,1,0,0,1,0.0,1.0,0.0,1.0
596,20.7,0,0,0,1,0,0,1,0.0,1.0,0.25881904510252074,0.9659258262890683
351,20.1,0,0,0,1,0,0,1,0.0,1.0,0.49999999999999994,0.8660254037844387
244,19.6,0,0,0,1,0,0,1,0.0,1.0,0.7071067811865476,0.7071067811865476
172,19.4,0,0,0,1,0,0,1,0.0,1.0,0.8660254037844386,0.5000000000000001
299,19.2,0,0,0,1,0,0,1,0.0,1.0,0.9659258262890683,0.25881904510252074
742,18.9,0,0,0,1,0,0,1,0.0,1.0,1.0,6.123233995736766e-17
1505,19.5,0,0,0,1,0,0,1,0.0,1.0,0.9659258262890683,-0.25881904510252063
2287,22.1,0,0,0,1,0,0,1,0.0,1.0,0.8660254037844387,-0.4999999999999998
1243,23.3,0,0,0,1,0,0,1,0.0,1.0,0.7071067811865476,-0.7071067811865475
970,25.1,0,0,0,1,0,0,1,0.0,1.0,0.49999999999999994,-0.8660254037844387
1008,26.1,0,0,0,1,0,0,1,0.0,1.0,0.258819045102521,-0.9659258262890682
1152,26.3,0,0,0,1,0,0,1,0.0,1.0,1.2246467991473532e-16,-1.0
1085,27.4,0,0,0,1,0,1,0,0.0,1.0,-0.2588190451025208,-0.9659258262890683
1148,26.5,0,0,0,1,0,0,1,0.0,1.0,-0.4999999999999997,-0.8660254037844388
1249,25.5,0,0,0,1,0,1,0,0.0,1.0,-0.7071067811865471,-0.7071067811865479
1671,25.5,0,0,0,1,0,0,1,0.0,1.0,-0.8660254037844385,-0.5000000000000004
2190,24.9,0,0,0,1,0,1,0,0.0,1.0,-0.9659258262890683,-0.25881904510252063
3380,24.4,0,0,0,1,0,0,1,0.0,1.0,-1.0,-1.8369701987210297e-16
2788,23.9,0,0,0,1,0,0,1,0.0,1.0,-0.9659258262890684,0.2588190451025203
2508,23.4,0,0,0,1,0,0,1,0.0,1.0,-0.8660254037844386,0.5000000000000001
2377,22.6,0,0,0,1,0,0,1,0.0,1.0,-0.7071067811865477,0.7071067811865474
2000,22.0,0,0,0,1,0,0,1,0.0,1.0,-0.5000000000000004,0.8660254037844384
1354,21.4,0,0,0,1,0,0,1,0.0,1.0,-0.25881904510252157,0.9659258262890681
927,20.5,0,0,0,1,0,0,1,0.7818314824680298,0.6234898018587336,0.0,1.0
742,20.0,0,0,0,1,0,0,1,0.7818314824680298,0.6234898018587336,0.25881904510252074,0.9659258262890683
448,19.7,0,0,0,1,0,0,1,0.7818314824680298,0.6234898018587336,0.49999999999999994,0.8660254037844387
314,19.1,0,0,0,1,0,0,1,0.7818314824680298,0.6234898018587336,0.7071067811865476,0.7071067811865476
214,18.5,0,0,0,1,0,0,1,0.7818314824680298,0.6234898018587336,0.8660254037844386,0.5000000000000001
282,18.1,0,0,0,1,0,0,1,0.7818314824680298,0.6234898018587336,0.9659258262890683,0.25881904510252074
733,17.8,0,0,0,1,0,0,1,0.7818314824680298,0.6234898018587336,1.0,6.123233995736766e-17
1602,18.8,0,0,0,1,0,0,1,0.7818314824680298,0.6234898018587336,0.9659258262890683,-0.25881904510252063
2322,21.5,0,0,0,1,0,0,1,0.7818314824680298,0.6234898018587336,0.8660254037844387,-0.4999999999999998
1344,23.5,0,0,0,1,0,0,1,0.7818314824680298,0.6234898018587336,0.7071067811865476,-0.7071067811865475
959,25.5,0,0,0,1,0,1,0,0.7818314824680298,0.6234898018587336,0.49999999999999994,-0.8660254037844387
974,26.8,0,0,0,1,0,1,0,0.7818314824680298,0.6234898018587336,0.258819045102521,-0.9659258262890682
1111,28.2,0,0,0,1,0,0,1,0.7818314824680298,0.6234898018587336,1.2246467991473532e-16,-1.0
1058,28.6,0,0,0,1,0,0,1,0.7818314824680298,0.6234898018587336,-0.2588190451025208,-0.9659258262890683
1120,28.9,0,0,0,1,0,0,1,0.7818314824680298,0.6234898018587336,-0.4999999999999997,-0.8660254037844388
1250,29.0,0,0,0,1,0,0,1,0.7818314824680298,0.6234898018587336,-0.7071067811865471,-0.7071067811865479
1434,28.8,0,0,0,1,0,0,1,0.7818314824680298,0.6234898018587336,-0.8660254037844385,-0.5000000000000004
2115,28.1,0,0,0,1,0,0,1,0.7818314824680298,0.6234898018587336,-0.9659258262890683,-0.25881904510252063
3227,27.1,0,0,0,1,0,1,0,0.7818314824680298,0.6234898018587336,-1.0,-1.8369701987210297e-16
2615,25.5,0,0,0,1,0,0,1,0.7818314824680298,0.6234898018587336,-0.9659258262890684,0.2588190451025203
2346,24.0,0,0,0,1,0,0,1,0.7818314824680298,0.6234898018587336,-0.8660254037844386,0.5000000000000001
2404,23.3,0,0,0,1,0,0,1,0.7818314824680298,0.6234898018587336,-0.7071067811865477,0.7071067811865474
2237,22.4,0,0,0,1,0,0,1,0.7818314824680298,0.6234898018587336,-0.5000000000000004,0.8660254037844384
1646,21.9,0,0,0,1,0,0,1,0.7818314824680298,0.6234898018587336,-0.25881904510252157,0.9659258262890681
1268,21.2,1,0,0,1,0,0,1,0.9749279121818236,-0.22252093395631434,0.0,1.0
1031,20.6,1,0,0,1,0,0,1,0.9749279121818236,-0.22252093395631434,0.25881904510252074,0.9659258262890683
792,20.1,1,0,0,1,0,0,1,0.9749279121818236,-0.22252093395631434,0.49999999999999994,0.8660254037844387
562,19.6,1,0,0,1,0,0,1,0.9749279121818236,-0.22252093395631434,0.7071067811865476,0.7071067811865476
332,19.2,1,0,0,1,0,0,1,0.9749279121818236,-0.22252093395631434,0.8660254037844386,0.5000000000000001
218,18.7,1,0,0,1,0,0,1,0.9749279121818236,-0.22252093395631434,0.9659258262890683,0.25881904510252074
351,18.5,1,0,0,1,0,0,1,0.9749279121818236,-0.22252093395631434,1.0,6.123233995736766e-17
536,19.3,1,0,0,1,0,0,1,0.9749279121818236,-0.22252093395631434,0.9659258262890683,-0.25881904510252063
799,21.2,1,0,0,1,0,0,1,0.9749279121818236,-0.22252093395631434,0.8660254037844387,-0.4999999999999998
925,22.9,1,0,0,1,0,0,1,0.9749279121818236,-0.22252093395631434,0.7071067811865476,-0.7071067811865475
1087,24.3,1,0,0,1,0,0,1,0.9749279121818236,-0.22252093395631434,0.49999999999999994,-0.8660254037844387
1152,25.8,1,0,0,1,0,0,1,0.9749279121818236,-0.22252093395631434,0.258819045102521,-0.9659258262890682
1400,27.3,1,0,0,1,0,0,1,0.9749279121818236,-0.22252093395631434,1.2246467991473532e-16,-1.0
1444,27.3,1,0,0,1,0,0,1,0.9749279121818236,-0.22252093395631434,-0.2588190451025208,-0.9659258262890683
1603,27.4,1,0,0,1,0,0,1,0.9749279121818236,-0.22252093395631434,-0.4999999999999997,-0.8660254037844388
1674,27.6,1,0,0,1,0,0,1,0.9749279121818236,-0.22252093395631434,-0.7071067811865471,-0.7071067811865479
1940,27.9,1,0,0,1,0,0,1,0.9749279121818236,-0.22252093395631434,-0.8660254037844385,-0.5000000000000004
2104,27.4,1,0,0,1,0,0,1,0.9749279121818236,-0.22252093395631434,-0.9659258262890683,-0.25881904510252063
2162,26.6,1,0,0,1,0,0,1,0.9749279121818236,-0.22252093395631434,-1.0,-1.8369701987210297e-16
2163,24.9,1,0,0,1,0,0,1,0.9749279121818236,-0.22252093395631434,-0.9659258262890684,0.2588190451025203
2145,23.4,1,0,0,1,0,0,1,0.9749279121818236,-0.22252093395631434,-0.8660254037844386,0.5000000000000001
1935,22.1,1,0,0,1,0,0,1,0.9749279121818236,-0.22252093395631434,-0.7071067811865477,0.7071067811865474
1624,20.8,1,0,0,1,0,0,1,0.9749279121818236,-0.22252093395631434,-0.5000000000000004,0.8660254037844384
1251,20.1,1,0,0,1,0,0,1,0.9749279121818236,-0.22252093395631434,-0.25881904510252157,0.9659258262890681
978,19.6,0,0,0,1,0,0,1,0.43388373911755823,-0.900968867902419,0.0,1.0
606,19.1,0,0,0,1,0,0,1,0.43388373911755823,-0.900968867902419,0.25881904510252074,0.9659258262890683
418,18.8,0,0,0,1,0,0,1,0.43388373911755823,-0.900968867902419,0.49999999999999994,0.8660254037844387
275,18.4,0,0,0,1,1,0,0,0.43388373911755823,-0.900968867902419,0.7071067811865476,0.7071067811865476
191,18.1,0,0,0,1,1,0,0,0.43388373911755823,-0.900968867902419,0.8660254037844386,0.5000000000000001
288,17.8,0,0,0,1,1,0,0,0.43388373911755823,-0.900968867902419,0.9659258262890683,0.25881904510252074
716,18.1,0,0,0,1,1,0,0,0.43388373911755823,-0.900968867902419,1.0,6.123233995736766e-17
1551,18.6,0,0,0,1,1,0,0,0.43388373911755823,-0.900968867902419,0.9659258262890683,-0.25881904510252063
2317,18.9,0,0,0,1,1,0,0,0.43388373911755823,-0.900968867902419,0.8660254037844387,-0.4999999999999998
1342,20.5,0,0,0,1,1,0,0,0.43388373911755823,-0.900968867902419,0.7071067811865476,-0.7071067811865475
914,22.0,0,0,0,1,1,0,0,0.43388373911755823,-0.900968867902419,0.49999999999999994,-0.8660254037844387
967,23.4,0,0,0,1,0,0,1,0.43388373911755823,-0.900968867902419,0.258819045102521,-0.9659258262890682
1099,25.0,0,0,0,1,0,0,1,0.43388373911755823,-0.900968867902419,1.2246467991473532e-16,-1.0
1071,26.7,0,0,0,1,0,0,1,0.43388373911755823,-0.900968867902419,-0.2588190451025208,-0.9659258262890683
1116,28.2,0,0,0,1,0,0,1,0.43388373911755823,-0.900968867902419,-0.4999999999999997,-0.8660254037844388
1171,29.3,0,0,0,1,0,0,1,0.43388373911755823,-0.900968867902419,-0.7071067811865471,-0.7071067811865479
1442,29.3,0,0,0,1,0,0,1,0.43388373911755823,-0.900968867902419,-0.8660254037844385,-0.5000000000000004
2002,28.2,0,0,0,1,0,0,1,0.43388373911755823,-0.900968867902419,-0.9659258262890683,-0.25881904510252063
3221,25.6,0,0,0,1,0,0,1,0.43388373911755823,-0.900968867902419,-1.0,-1.8369701987210297e-16
2649,24.0,0,0,0,1,0,0,1,0.43388373911755823,-0.900968867902419,-0.9659258262890684,0.2588190451025203
2278,22.8,0,0,0,1,0,0,1,0.43388373911755823,-0.900968867902419,-0.8660254037844386,0.5000000000000001
2161,21.5,0,0,0,1,0,0,1,0.43388373911755823,-0.900968867902419,-0.7071067811865477,0.7071067811865474
1939,20.9,0,0,0,1,0,0,1,0.43388373911755823,-0.900968867902419,-0.5000000000000004,0.8660254037844384
1290,20.3,0,0,0,1,0,0,1,0.43388373911755823,-0.900968867902419,-0.25881904510252157,0.9659258262890681
926,19.1,0,0,0,1,0,0,1,-0.433883739117558,-0.9009688679024191,0.0,1.0
769,18.8,0,0,0,1,0,0,1,-0.433883739117558,-0.9009688679024191,0.25881904510252074,0.9659258262890683
525,18.6,0,0,0,1,0,0,1,-0.433883739117558,-0.9009688679024191,0.49999999999999994,0.8660254037844387
365,18.6,0,0,0,1,0,0,1,-0.433883739117558,-0.9009688679024191,0.7071067811865476,0.7071067811865476
255,18.5,0,0,0,1,0,0,1,-0.433883739117558,-0.9009688679024191,0.8660254037844386,0.5000000000000001
299,18.6,0,0,0,1,0,0,1,-0.433883739117558,-0.9009688679024191,0.9659258262890683,0.25881904510252074
744,18.8,0,0,0,1,0,0,1,-0.433883739117558,-0.9009688679024191,1.0,6.123233995736766e-17
1544,19.1,0,0,0,1,0,0,1,-0.433883739117558,-0.9009688679024191,0.9659258262890683,-0.25881904510252063
2348,19.7,0,0,0,1,0,0,1,-0.433883739117558,-0.9009688679024191,0.8660254037844387,-0.4999999999999998
1283,21.2,0,0,0,1,0,0,1,-0.433883739117558,-0.9009688679024191,0.7071067811865476,-0.7071067811865475
1002,21.9,0,0,0,1,0,1,0,-0.433883739117558,-0.9009688679024191,0.49999999999999994,-0.8660254037844387
1095,21.9,0,0,0,1,0,0,1,-0.433883739117558,-0.9009688679024191,0.258819045102521,-0.9659258262890682
1256,23.1,0,0,0,1,0,0,1,-0.433883739117558,-0.9009688679024191,1.2246467991473532e-16,-1.0
1314,24.2,0,0,0,1,0,0,1,-0.433883739117558,-0.9009688679024191,-0.2588190451025208,-0.9659258262890683
1249,25.0,0,0,0,1,0,0,1,-0.433883739117558,-0.9009688679024191,-0.4999999999999997,-0.8660254037844388
1416,26.2,0,0,0,1,0,0,1,-0.433883739117558,-0.9009688679024191,-0.7071067811865471,-0.7071067811865479
1668,26.6,0,0,0,1,0,0,1,-0.433883739117558,-0.9009688679024191,-0.8660254037844385,-0.5000000000000004
2314,26.9,0,0,0,1,0,0,1,-0.433883739117558,-0.9009688679024191,-0.9659258262890683,-0.25881904510252063
3309,26.2,0,0,0,1,0,0,1,-0.433883739117558,-0.9009688679024191,-1.0,-1.8369701987210297e-16
2797,24.5,0,0,0,1,0,0,1,-0.433883739117558,-0.9009688679024191,-0.9659258262890684,0.2588190451025203
2476,22.6,0,0,0,1,0,0,1,-0.433883739117558,-0.9009688679024191,-0.8660254037844386,0.5000000000000001
2337,21.2,0,0,0,1,0,0,1,-0.433883739117558,-0.9009688679024191,-0.7071067811865477,0.7071067811865474
2140,20.5,0,0,0,1,0,0,1,-0.433883739117558,-0.9009688679024191,-0.5000000000000004,0.8660254037844384
1672,20.0,0,0,0,1,0,0,1,-0.433883739117558,-0.9009688679024191,-0.25881904510252157,0.9659258262890681
1247,19.7,0,0,0,1,1,0,0,-0.9749279121818236,-0.2225209339563146,0.0,1.0
1029,19.7,0,0,0,1,1,0,0,-0.9749279121818236,-0.2225209339563146,0.25881904510252074,0.9659258262890683
732,19.4,0,0,0,1,1,0,0,-0.9749279121818236,-0.2225209339563146,0.49999999999999994,0.8660254037844387
535,19.1,0,0,0,1,1,0,0,-0.9749279121818236,-0.2225209339563146,0.7071067811865476,0.7071067811865476
352,19.0,0,0,0,1,1,0,0,-0.9749279121818236,-0.2225209339563146,0.8660254037844386,0.5000000000000001
262,19.0,0,0,0,1,1,0,0,-0.9749279121818236,-0.2225209339563146,0.9659258262890683,0.25881904510252074
381,19.0,0,0,0,1,1,0,0,-0.9749279121818236,-0.2225209339563146,1.0,6.123233995736766e-17
616,20.2,0,0,0,1,0,0,1,-0.9749279121818236,-0.2225209339563146,0.9659258262890683,-0.25881904510252063
963,21.9,0,0,0,1,0,0,1,-0.9749279121818236,-0.2225209339563146,0.8660254037844387,-0.4999999999999998
1102,24.0,0,0,0,1,0,0,1,-0.9749279121818236,-0.2225209339563146,0.7071067811865476,-0.7071067811865475
1156,25.8,0,0,0,1,0,0,1,-0.9749279121818236,-0.2225209339563146,0.49999999999999994,-0.8660254037844387
1200,27.2,0,0,0,1,0,0,1,-0.9749279121818236,-0.2225209339563146,0.258819045102521,-0.9659258262890682
1462,28.2,0,0,0,1,0,1,0,-0.9749279121818236,-0.2225209339563146,1.2246467991473532e-16,-1.0
1583,28.8,0,0,0,1,0,0,1,-0.9749279121818236,-0.2225209339563146,-0.2588190451025208,-0.9659258262890683
1744,30.1,0,0,0,1,0,1,0,-0.9749279121818236,-0.2225209339563146,-0.4999999999999997,-0.8660254037844388
1890,29.6,0,0,0,1,0,1,0,-0.9749279121818236,-0.2225209339563146,-0.7071067811865471,-0.7071067811865479
2297,28.7,0,0,0,1,0,0,1,-0.9749279121818236,-0.2225209339563146,-0.8660254037844385,-0.5000000000000004
2355,28.2,0,0,0,1,0,0,1,-0.9749279121818236,-0.2225209339563146,-0.9659258262890683,-0.25881904510252063
1934,27.3,0,0,0,1,0,0,1,-0.9749279121818236,-0.2225209339563146,-1.0,-1.8369701987210297e-16
1058,25.7,0,0,0,1,0,0,1,-0.9749279121818236,-0.2225209339563146,-0.9659258262890684,0.2588190451025203
246,23.7,0,0,0,1,1,0,0,-0.9749279121818236,-0.2225209339563146,-0.8660254037844386,0.5000000000000001
225,22.4,0,0,0,1,1,0,0,-0.9749279121818236,-0.2225209339563146,-0.7071067811865477,0.7071067811865474
776,21.0,0,0,0,1,0,0,1,-0.9749279121818236,-0.2225209339563146,-0.5000000000000004,0.8660254037844384
766,20.7,0,0,0,1,0,0,1,-0.9749279121818236,-0.2225209339563146,-0.25881904510252157,0.9659258262890681
483,20.2,0,0,0,1,0,0,1,-0.7818314824680299,0.6234898018587334,0.0,1.0
375,19.7,0,0,0,1,1,0,0,-0.7818314824680299,0.6234898018587334,0.25881904510252074,0.9659258262890683
162,19.2,0,0,0,1,0,0,1,-0.7818314824680299,0.6234898018587334,0.49999999999999994,0.8660254037844387
150,18.6,0,0,0,1,0,0,1,-0.7818314824680299,0.6234898018587334,0.7071067811865476,0.7071067811865476
174,18.3,0,0,0,1,0,0,1,-0.7818314824680299,0.6234898018587334,0.8660254037844386,0.5000000000000001
138,18.4,0,0,0,1,0,0,1,-0.7818314824680299,0.6234898018587334,0.9659258262890683,0.25881904510252074
216,18.3,0,0,0,1,0,0,1,-0.7818314824680299,0.6234898018587334,1.0,6.123233995736766e-17
313,18.4,0,0,0,1,0,0,1,-0.7818314824680299,0.6234898018587334,0.9659258262890683,-0.25881904510252063
619,19.0,0,0,0,1,0,0,1,-0.7818314824680299,0.6234898018587334,0.8660254037844387,-0.4999999999999998
786,19.2,0,0,0,1,0,0,1,-0.7818314824680299,0.6234898018587334,0.7071067811865476,-0.7071067811865475
942,20.2,0,0,0,1,0,0,1,-0.7818314824680299,0.6234898018587334,0.49999999999999994,-0.8660254037844387
1074,21.3,0,0,0,1,0,1,0,-0.7818314824680299,0.6234898018587334,0.258819045102521,-0.9659258262890682
1442,23.2,0,0,0,1,0,1,0,-0.7818314824680299,0.6234898018587334,1.2246467991473532e-16,-1.0
1752,24.2,0,0,0,1,0,1,0,-0.7818314824680299,0.6234898018587334,-0.2588190451025208,-0.9659258262890683
1985,24.1,0,0,0,1,0,1,0,-0.7818314824680299,0.6234898018587334,-0.4999999999999997,-0.8660254037844388
2182,24.8,0,0,0,1,0,1,0,-0.7818314824680299,0.6234898018587334,-0.7071067811865471,-0.7071067811865479
2333,24.8,0,0,0,1,0,1,0,-0.7818314824680299,0.6234898018587334,-0.8660254037844385,-0.5000000000000004
2431,24.6,0,0,0,1,0,0,1,-0.7818314824680299,0.6234898018587334,-0.9659258262890683,-0.25881904510252063
2367,24.1,0,0,0,1,0,0,1,-0.7818314824680299,0.6234898018587334,-1.0,-1.8369701987210297e-16
2267,23.4,0,0,0,1,0,0,1,-0.7818314824680299,0.6234898018587334,-0.9659258262890684,0.2588190451025203
2300,22.8,0,0,0,1,0,0,1,-0.7818314824680299,0.6234898018587334,-0.8660254037844386,0.5000000000000001
2026,22.1,0,0,0,1,0,0,1,-0.7818314824680299,0.6234898018587334,-0.7071067811865477,0.7071067811865474
1634,21.5,0,0,0,1,0,0,1,-0.7818314824680299,0.6234898018587334,-0.5000000000000004,0.8660254037844384
1191,20.9,0,0,0,1,0,0,1,-0.7818314824680299,0.6234898018587334,-0.25881904510252157,0.9659258262890681
918,20.3,0,0,0,1,0,0,1,0.0,1.0,0.0,1.0
555,19.8,0,0,0,1,0,0,1,0.0,1.0,0.25881904510252074,0.9659258262890683
353,19.2,0,0,0,1,0,0,1,0.0,1.0,0.49999999999999994,0.8660254037844387
232,18.8,0,0,0,1,0,0,1,0.0,1.0,0.7071067811865476,0.7071067811865476
194,18.8,0,0,0,1,0,0,1,0.0,1.0,0.8660254037844386,0.5000000000000001
324,18.8,0,0,0,1,0,0,1,0.0,1.0,0.9659258262890683,0.25881904510252074
807,18.6,0,0,0,1,0,0,1,0.0,1.0,1.0,6.123233995736766e-17
1629,19.1,0,0,0,1,0,0,1,0.0,1.0,0.9659258262890683,-0.25881904510252063
2375,20.7,0,0,0,1,0,1,0,0.0,1.0,0.8660254037844387,-0.4999999999999998
1307,22.2,0,0,0,1,0,1,0,0.0,1.0,0.7071067811865476,-0.7071067811865475
992,23.7,0,0,0,1,0,1,0,0.0,1.0,0.49999999999999994,-0.8660254037844387
1107,23.2,0,0,0,1,0,1,0,0.0,1.0,0.258819045102521,-0.9659258262890682
1204,23.2,0,0,0,1,0,0,1,0.0,1.0,1.2246467991473532e-16,-1.0
1033,23.7,0,0,0,1,0,1,0,0.0,1.0,-0.2588190451025208,-0.9659258262890683
1075,23.9,0,0,0,1,0,1,0,0.0,1.0,-0.4999999999999997,-0.8660254037844388
1240,22.2,0,0,0,1,0,0,1,0.0,1.0,-0.7071067811865471,-0.7071067811865479
1220,22.0,0,0,0,1,0,0,1,0.0,1.0,-0.8660254037844385,-0.5000000000000004
1475,20.7,0,0,0,1,0,0,1,0.0,1.0,-0.9659258262890683,-0.25881904510252063
1491,19.8,0,0,0,1,0,0,1,0.0,1.0,-1.0,-1.8369701987210297e-16
873,19.4,0,0,0,1,1,0,0,0.0,1.0,-0.9659258262890684,0.2588190451025203
1280,19.1,0,0,0,1,0,0,1,0.0,1.0,-0.8660254037844386,0.5000000000000001
1647,19.0,0,0,0,1,0,0,1,0.0,1.0,-0.7071067811865477,0.7071067811865474
1117,19.0,0,0,0,1,0,0,1,0.0,1.0,-0.5000000000000004,0.8660254037844384
384,18.2,0,0,0,1,1,0,0,0.0,1.0,-0.25881904510252157,0.9659258262890681
470,18.0,0,0,0,1,1,0,0,0.7818314824680298,0.6234898018587336,0.0,1.0
454,17.7,0,0,0,1,0,0,1,0.7818314824680298,0.6234898018587336,0.25881904510252074,0.9659258262890683
385,17.7,0,0,0,1,0,0,1,0.7818314824680298,0.6234898018587336,0.49999999999999994,0.8660254037844387
206,17.5,0,0,0,1,0,0,1,0.7818314824680298,0.6234898018587336,0.7071067811865476,0.7071067811865476
144,17.5,0,0,0,1,0,0,1,0.7818314824680298,0.6234898018587336,0.8660254037844386,0.5000000000000001
296,17.2,0,0,0,1,0,0,1,0.7818314824680298,0.6234898018587336,0.9659258262890683,0.25881904510252074
740,16.7,0,0,0,1,0,0,1,0.7818314824680298,0.6234898018587336,1.0,6.123233995736766e-17
1573,17.1,0,0,0,1,0,0,1,0.7818314824680298,0.6234898018587336,0.9659258262890683,-0.25881904510252063
2495,19.0,0,0,0,1,0,1,0,0.7818314824680298,0.6234898018587336,0.8660254037844387,-0.4999999999999998
1317,21.1,0,0,0,1,0,1,0,0.7818314824680298,0.6234898018587336,0.7071067811865476,-0.7071067811865475
971,22.1,0,0,0,1,0,1,0,0.7818314824680298,0.6234898018587336,0.49999999999999994,-0.8660254037844387
1092,22.9,0,0,0,1,0,1,0,0.7818314824680298,0.6234898018587336,0.258819045102521,-0.9659258262890682
1202,24.0,0,0,0,1,0,1,0,0.7818314824680298,0.6234898018587336,1.2246467991473532e-16,-1.0
1215,25.7,0,0,0,1,0,1,0,0.7818314824680298,0.6234898018587336,-0.2588190451025208,-0.9659258262890683
1246,25.6,0,0,0,1,0,1,0,0.7818314824680298,0.6234898018587336,-0.4999999999999997,-0.8660254037844388
1427,26.2,0,0,0,1,0,1,0,0.7818314824680298,0.6234898018587336,-0.7071067811865471,-0.7071067811865479
1714,26.2,0,0,0,1,0,0,1,0.7818314824680298,0.6234898018587336,-0.8660254037844385,-0.5000000000000004
2270,26.4,0,0,0,1,0,1,0,0.7818314824680298,0.6234898018587336,-0.9659258262890683,-0.25881904510252063
3404,24.9,0,0,0,1,0,0,1,0.7818314824680298,0.6234898018587336,-1.0,-1.8369701987210297e-16
2873,23.1,0,0,0,1,0,0,1,0.7818314824680298,0.6234898018587336,-0.9659258262890684,0.2588190451025203
2579,21.6,0,0,0,1,0,0,1,0.7818314824680298,0.6234898018587336,-0.8660254037844386,0.5000000000000001
2505,20.6,0,0,0,1,0,0,1,0.7818314824680298,0.6234898018587336,-0.7071067811865477,0.7071067811865474
2309,20.0,0,0,0,1,0,0,1,0.7818314824680298,0.6234898018587336,-0.5000000000000004,0.8660254037844384
1657,19.5,0,0,0,1,0,0,1,0.7818314824680298,0.6234898018587336,-0.25881904510252157,0.9659258262890681
1274,19.3,0,0,0,1,0,0,1,0.9749279121818236,-0.22252093395631434,0.0,1.0
1088,18.9,0,0,0,1,0,0,1,0.9749279121818236,-0.22252093395631434,0.25881904510252074,0.9659258262890683
847,18.4,0,0,0,1,0,0,1,0.9749279121818236,-0.22252093395631434,0.49999999999999994,0.8660254037844387
591,18.5,0,0,0,1,0,0,1,0.9749279121818236,-0.22252093395631434,0.7071067811865476,0.7071067811865476
421,18.7,0,0,0,1,0,0,1,0.9749279121818236,-0.22252093395631434,0.8660254037844386,0.5000000000000001
290,18.6,0,0,0,1,0,0,1,0.9749279121818236,-0.22252093395631434,0.9659258262890683,0.25881904510252074
416,18.7,0,0,0,1,0,0,1,0.9749279121818236,-0.22252093395631434,1.0,6.123233995736766e-17
657,19.4,0,0,0,1,0,0,1,0.9749279121818236,-0.22252093395631434,0.9659258262890683,-0.25881904510252063
959,20.7,0,0,0,1,0,0,1,0.9749279121818236,-0.22252093395631434,0.8660254037844387,-0.4999999999999998
1111,22.6,0,0,0,1,0,0,1,0.9749279121818236,-0.22252093395631434,0.7071067811865476,-0.7071067811865475
1269,23.0,0,0,0,1,0,0,1,0.9749279121818236,-0.22252093395631434,0.49999999999999994,-0.8660254037844387
1478,24.5,0,0,0,1,0,0,1,0.9749279121818236,-0.22252093395631434,0.258819045102521,-0.9659258262890682
1747,24.5,0,0,0,1,0,0,1,0.9749279121818236,-0.22252093395631434,1.2246467991473532e-16,-1.0
1834,24.9,0,0,0,1,0,1,0,0.9749279121818236,-0.22252093395631434,-0.2588190451025208,-0.9659258262890683
2088,26.6,0,0,0,1,0,0,1,0.9749279121818236,-0.22252093395631434,-0.4999999999999997,-0.8660254037844388
2288,25.5,0,0,0,1,0,0,1,0.9749279121818236,-0.22252093395631434,-0.7071067811865471,-0.7071067811865479
2474,25.8,0,0,0,1,0,0,1,0.9749279121818236,-0.22252093395631434,-0.8660254037844385,-0.5000000000000004
2664,25.6,0,0,0,1,0,0,1,0.9749279121818236,-0.22252093395631434,-0.9659258262890683,-0.25881904510252063
2479,23.4,0,0,0,1,0,0,1,0.9749279121818236,-0.22252093395631434,-1.0,-1.8369701987210297e-16
2404,22.8,0,0,0,1,0,0,1,0.9749279121818236,-0.22252093395631434,-0.9659258262890684,0.2588190451025203
2276,22.1,0,0,0,1,0,0,1,0.9749279121818236,-0.22252093395631434,-0.8660254037844386,0.5000000000000001
2166,21.8,0,0,0,1,0,0,1,0.9749279121818236,-0.22252093395631434,-0.7071067811865477,0.7071067811865474
1934,21.6,0,0,0,1,0,0,1,0.9749279121818236,-0.22252093395631434,-0.5000000000000004,0.8660254037844384
1394,21.5,0,0,0,1,0,0,1,0.9749279121818236,-0.22252093395631434,-0.25881904510252157,0.9659258262890681
1047,21.1,0,0,0,1,0,0,1,0.43388373911755823,-0.900968867902419,0.0,1.0
715,20.8,0,0,0,1,0,0,1,0.43388373911755823,-0.900968867902419,0.25881904510252074,0.9659258262890683
453,20.8,0,0,0,1,0,0,1,0.43388373911755823,-0.900968867902419,0.49999999999999994,0.8660254037844387
289,20.8,0,0,0,1,0,0,1,0.43388373911755823,-0.900968867902419,0.7071067811865476,0.7071067811865476
193,21.0,0,0,0,1,0,0,1,0.43388373911755823,-0.900968867902419,0.8660254037844386,0.5000000000000001
154,20.3,0,0,0,1,0,0,1,0.43388373911755823,-0.900968867902419,0.9659258262890683,0.25881904510252074
100,19.5,0,0,0,1,1,0,0,0.43388373911755823,-0.900968867902419,1.0,6.123233995736766e-17
94,19.4,0,0,0,1,1,0,0,0.43388373911755823,-0.900968867902419,0.9659258262890683,-0.25881904510252063
187,18.9,0,0,0,1,1,0,0,0.43388373911755823,-0.900968867902419,0.8660254037844387,-0.4999999999999998
175,19.1,0,0,0,1,1,0,0,0.43388373911755823,-0.900968867902419,0.7071067811865476,-0.7071067811865475
532,19.7,0,0,0,1,1,0,0,0.43388373911755823,-0.900968867902419,0.49999999999999994,-0.8660254037844387
735,20.5,0,0,0,1,0,0,1,0.43388373911755823,-0.900968867902419,0.258819045102521,-0.9659258262890682
945,21.2,0,0,0,1,0,0,1,0.43388373911755823,-0.900968867902419,1.2246467991473532e-16,-1.0
1056,22.8,0,0,0,1,0,0,1,0.43388373911755823,-0.900968867902419,-0.2588190451025208,-0.9659258262890683
1153,23.8,0,0,0,1,0,0,1,0.43388373911755823,-0.900968867902419,-0.4999999999999997,-0.8660254037844388
1292,24.6,0,0,0,1,0,1,0,0.43388373911755823,-0.900968867902419,-0.7071067811865471,-0.7071067811865479
1550,25.0,0,0,0,1,0,1,0,0.43388373911755823,-0.900968867902419,-0.8660254037844385,-0.5000000000000004
1934,24.6,0,0,0,1,0,0,1,0.43388373911755823,-0.900968867902419,-0.9659258262890683,-0.25881904510252063
2962,24.0,0,0,0,1,0,0,1,0.43388373911755823,-0.900968867902419,-1.0,-1.8369701987210297e-16
1856,23.6,0,0,0,1,0,0,1,0.43388373911755823,-0.900968867902419,-0.9659258262890684,0.2588190451025203
1557,22.6,0,0,0,1,0,0,1,0.43388373911755823,-0.900968867902419,-0.8660254037844386,0.5000000000000001
1807,22.2,0,0,0,1,0,0,1,0.43388373911755823,-0.900968867902419,-0.7071067811865477,0.7071067811865474
1737,21.8,0,0,0,1,0,0,1,0.43388373911755823,-0.900968867902419,-0.5000000000000004,0.8660254037844384
1295,21.6,0,0,0,1,0,0,1,0.43388373911755823,-0.900968867902419,-0.25881904510252157,0.9659258262890681
986,21.0,0,0,0,1,0,0,1,-0.433883739117558,-0.9009688679024191,0.0,1.0
717,20.6,0,0,0,1,0,0,1,-0.433883739117558,-0.9009688679024191,0.25881904510252074,0.9659258262890683
403,20.1,0,0,0,1,1,0,0,-0.433883739117558,-0.9009688679024191,0.49999999999999994,0.8660254037844387
154,18.8,0,0,0,1,1,0,0,-0.433883739117558,-0.9009688679024191,0.7071067811865476,0.7071067811865476
72,18.0,0,0,0,1,1,0,0,-0.433883739117558,-0.9009688679024191,0.8660254037844386,0.5000000000000001
161,17.4,0,0,0,1,1,0,0,-0.433883739117558,-0.9009688679024191,0.9659258262890683,0.25881904510252074
609,17.2,0,0,0,1,0,0,1,-0.433883739117558,-0.9009688679024191,1.0,6.123233995736766e-17
1467,18.2,0,0,0,1,0,0,1,-0.433883739117558,-0.9009688679024191,0.9659258262890683,-0.25881904510252063
2328,18.7,0,0,0,1,0,0,1,-0.433883739117558,-0.9009688679024191,0.8660254037844387,-0.4999999999999998
1170,20.1,0,0,0,1,0,1,0,-0.433883739117558,-0.9009688679024191,0.7071067811865476,-0.7071067811865475
1004,22.0,0,0,0,1,0,1,0,-0.433883739117558,-0.9009688679024191,0.49999999999999994,-0.8660254037844387
1118,22.9,0,0,0,1,0,1,0,-0.433883739117558,-0.9009688679024191,0.258819045102521,-0.9659258262890682
1193,24.4,0,0,0,1,0,1,0,-0.433883739117558,-0.9009688679024191,1.2246467991473532e-16,-1.0
1035,25.3,0,0,0,1,0,1,0,-0.433883739117558,-0.9009688679024191,-0.2588190451025208,-0.9659258262890683
1027,26.4,0,0,0,1,0,1,0,-0.433883739117558,-0.9009688679024191,-0.4999999999999997,-0.8660254037844388
1461,26.7,0,0,0,1,0,1,0,-0.433883739117558,-0.9009688679024191,-0.7071067811865471,-0.7071067811865479
1726,26.5,0,0,0,1,0,1,0,-0.433883739117558,-0.9009688679024191,-0.8660254037844385,-0.5000000000000004
2460,26.1,0,0,0,1,0,1,0,-0.433883739117558,-0.9009688679024191,-0.9659258262890683,-0.25881904510252063
2891,25.9,0,0,0,1,0,1,0,-0.433883739117558,-0.9009688679024191,-1.0,-1.8369701987210297e-16
2984,24.3,0,0,0,1,0,0,1,-0.433883739117558,-0.9009688679024191,-0.9659258262890684,0.2588190451025203
2441,22.6,0,0,0,1,0,0,1,-0.433883739117558,-0.9009688679024191,-0.8660254037844386,0.5000000000000001
2337,21.4,0,0,0,1,0,0,1,-0.433883739117558,-0.9009688679024191,-0.7071067811865477,0.7071067811865474
2155,20.4,0,0,0,1,0,0,1,-0.433883739117558,-0.9009688679024191,-0.5000000000000004,0.8660254037844384
1593,19.6,0,0,0,1,0,0,1,-0.433883739117558,-0.9009688679024191,-0.25881904510252157,0.9659258262890681
1217,19.0,0,0,0,1,0,0,1,-0.9749279121818236,-0.2225209339563146,0.0,1.0
1056,18.4,0,0,0,1,0,0,1,-0.9749279121818236,-0.2225209339563146,0.25881904510252074,0.9659258262890683
764,17.9,0,0,0,1,0,0,1,-0.9749279121818236,-0.2225209339563146,0.49999999999999994,0.8660254037844387
518,17.4,0,0,0,1,0,0,1,-0.9749279121818236,-0.2225209339563146,0.7071067811865476,0.7071067811865476
317,16.9,0,0,0,1,0,0,1,-0.9749279121818236,-0.2225209339563146,0.8660254037844386,0.5000000000000001
277,16.6,0,0,0,1,0,0,1,-0.9749279121818236,-0.2225209339563146,0.9659258262890683,0.25881904510252074
381,16.3,0,0,0,1,0,0,1,-0.9749279121818236,-0.2225209339563146,1.0,6.123233995736766e-17
583,17.0,0,0,0,1,0,0,1,-0.9749279121818236,-0.2225209339563146,0.9659258262890683,-0.25881904510252063
892,18.7,0,0,0,1,0,1,0,-0.9749279121818236,-0.2225209339563146,0.8660254037844387,-0.4999999999999998
1144,20.4,0,0,0,1,0,1,0,-0.9749279121818236,-0.2225209339563146,0.7071067811865476,-0.7071067811865475
1166,21.8,0,0,0,1,0,1,0,-0.9749279121818236,-0.2225209339563146,0.49999999999999994,-0.8660254037844387
1330,23.4,0,0,0,1,0,1,0,-0.9749279121818236,-0.2225209339563146,0.258819045102521,-0.9659258262890682
1525,24.8,0,0,0,1,0,1,0,-0.9749279121818236,-0.2225209339563146,1.2246467991473532e-16,-1.0
1704,26.2,0,0,0,1,0,1,0,-0.9749279121818236,-0.2225209339563146,-0.2588190451025208,-0.9659258262890683
1783,27.1,0,0,0,1,0,1,0,-0.9749279121818236,-0.2225209339563146,-0.4999999999999997,-0.8660254037844388
1861,27.8,0,0,0,1,0,1,0,-0.9749279121818236,-0.2225209339563146,-0.7071067811865471,-0.7071067811865479
1991,28.3,0,0,0,1,0,1,0,-0.9749279121818236,-0.2225209339563146,-0.8660254037844385,-0.5000000000000004
2383,28.4,0,0,0,1,0,1,0,-0.9749279121818236,-0.2225209339563146,-0.9659258262890683,-0.25881904510252063
2451,28.0,0,0,0,1,0,1,0,-0.9749279121818236,-0.2225209339563146,-1.0,-1.8369701987210297e-16
2475,27.2,0,0,0,1,0,0,1,-0.9749279121818236,-0.2225209339563146,-0.9659258262890684,0.2588190451025203
2497,25.0,0,0,0,1,0,0,1,-0.9749279121818236,-0.2225209339563146,-0.8660254037844386,0.5000000000000001
2435,23.7,0,0,0,1,0,0,1,-0.9749279121818236,-0.2225209339563146,-0.7071067811865477,0.7071067811865474
1995,22.8,0,0,0,1,0,0,1,-0.9749279121818236,-0.2225209339563146,-0.5000000000000004,0.8660254037844384
1615,22.1,0,0,0,1,0,0,1,-0.9749279121818236,-0.2225209339563146,-0.25881904510252157,0.9659258262890681
1394,21.5,0,0,0,1,0,0,1,-0.7818314824680299,0.6234898018587334,0.0,1.0
929,20.9,0,0,0,1,0,0,1,-0.7818314824680299,0.6234898018587334,0.25881904510252074,0.9659258262890683
755,20.5,0,0,0,1,0,0,1,-0.7818314824680299,0.6234898018587334,0.49999999999999994,0.8660254037844387
491,19.9,0,0,0,1,0,0,1,-0.7818314824680299,0.6234898018587334,0.7071067811865476,0.7071067811865476
304,19.4,0,0,0,1,0,0,1,-0.7818314824680299,0.6234898018587334,0.8660254037844386,0.5000000000000001
238,19.0,0,0,0,1,0,0,1,-0.7818314824680299,0.6234898018587334,0.9659258262890683,0.25881904510252074
324,18.9,0,0,0,1,0,0,1,-0.7818314824680299,0.6234898018587334,1.0,6.123233995736766e-17
475,19.6,0,0,0,1,0,0,1,-0.7818314824680299,0.6234898018587334,0.9659258262890683,-0.25881904510252063
715,21.1,0,0,0,1,0,0,1,-0.7818314824680299,0.6234898018587334,0.8660254037844387,-0.4999999999999998
944,22.5,0,0,0,1,0,0,1,-0.7818314824680299,0.6234898018587334,0.7071067811865476,-0.7071067811865475
953,23.0,0,0,0,1,0,0,1,-0.7818314824680299,0.6234898018587334,0.49999999999999994,-0.8660254037844387
1146,23.6,0,0,0,1,0,0,1,-0.7818314824680299,0.6234898018587334,0.258819045102521,-0.9659258262890682
1422,24.8,0,0,0,1,0,0,1,-0.7818314824680299,0.6234898018587334,1.2246467991473532e-16,-1.0
1563,25.7,0,0,0,1,0,0,1,-0.7818314824680299,0.6234898018587334,-0.2588190451025208,-0.9659258262890683
1709,26.8,0,0,0,1,0,0,1,-0.7818314824680299,0.6234898018587334,-0.4999999999999997,-0.8660254037844388
1979,27.3,0,0,0,1,0,0,1,-0.7818314824680299,0.6234898018587334,-0.7071067811865471,-0.7071067811865479
2235,26.6,0,0,0,1,0,0,1,-0.7818314824680299,0.6234898018587334,-0.8660254037844385,-0.5000000000000004
2330,25.6,0,0,0,1,0,0,1,-0.7818314824680299,0.6234898018587334,-0.9659258262890683,-0.25881904510252063
2474,25.0,0,0,0,1,0,0,1,-0.7818314824680299,0.6234898018587334,-1.0,-1.8369701987210297e-16
2481,24.2,0,0,0,1,0,0,1,-0.7818314824680299,0.6234898018587334,-0.9659258262890684,0.2588190451025203
2429,23.1,0,0,0,1,0,0,1,-0.7818314824680299,0.6234898018587334,-0.8660254037844386,0.5000000000000001
2055,22.7,0,0,0,1,0,0,1,-0.7818314824680299,0.6234898018587334,-0.7071067811865477,0.7071067811865474
1819,22.2,0,0,0,1,0,0,1,-0.7818314824680299,0.6234898018587334,-0.5000000000000004,0.8660254037844384
1323,21.7,0,0,0,1,0,0,1,-0.7818314824680299,0.6234898018587334,-0.25881904510252157,0.9659258262890681
917,21.3,0,0,0,1,0,0,1,0.0,1.0,0.0,1.0
547,21.0,0,0,0,1,0,0,1,0.0,1.0,0.25881904510252074,0.9659258262890683
436,20.7,0,0,0,1,0,0,1,0.0,1.0,0.49999999999999994,0.8660254037844387
202,20.5,0,0,0,1,0,0,1,0.0,1.0,0.7071067811865476,0.7071067811865476
164,20.2,0,0,0,1,0,0,1,0.0,1.0,0.8660254037844386,0.5000000000000001
383,20.0,0,0,0,1,0,0,1,0.0,1.0,0.9659258262890683,0.25881904510252074
779,20.0,0,0,0,1,0,0,1,0.0,1.0,1.0,6.123233995736766e-17
1590,20.6,0,0,0,1,0,0,1,0.0,1.0,0.9659258262890683,-0.25881904510252063
2357,22.7,0,0,0,1,0,0,1,0.0,1.0,0.8660254037844387,-0.4999999999999998
1263,24.7,0,0,0,1,0,0,1,0.0,1.0,0.7071067811865476,-0.7071067811865475
822,26.1,0,0,0,1,0,0,1,0.0,1.0,0.49999999999999994,-0.8660254037844387
915,27.3,0,0,0,1,0,0,1,0.0,1.0,0.258819045102521,-0.9659258262890682
988,28.4,0,0,0,1,0,0,1,0.0,1.0,1.2246467991473532e-16,-1.0
938,29.4,0,0,0,1,0,0,1,0.0,1.0,-0.2588190451025208,-0.9659258262890683
997,29.8,0,0,0,1,0,0,1,0.0,1.0,-0.4999999999999997,-0.8660254037844388
1177,30.5,0,0,0,1,0,1,0,0.0,1.0,-0.7071067811865471,-0.7071067811865479
1401,30.5,0,0,0,1,0,1,0,0.0,1.0,-0.8660254037844385,-0.5000000000000004
2040,29.5,0,0,0,1,0,0,1,0.0,1.0,-0.9659258262890683,-0.25881904510252063
746,29.2,0,0,0,1,0,1,0,0.0,1.0,-1.0,-1.8369701987210297e-16
1557,28.1,0,0,0,1,0,0,1,0.0,1.0,-0.9659258262890684,0.2588190451025203
2515,25.7,0,0,0,1,0,0,1,0.0,1.0,-0.8660254037844386,0.5000000000000001
1702,23.8,0,0,0,1,0,0,1,0.0,1.0,-0.7071067811865477,0.7071067811865474
1373,22.9,0,0,0,1,0,0,1,0.0,1.0,-0.5000000000000004,0.8660254037844384
1732,22.3,0,0,0,1,0,0,1,0.0,1.0,-0.25881904510252157,0.9659258262890681
1055,21.5,0,0,0,1,0,0,1,0.7818314824680298,0.6234898018587336,0.0,1.0
766,20.9,0,0,0,1,0,0,1,0.7818314824680298,0.6234898018587336,0.25881904510252074,0.9659258262890683
527,20.2,0,0,0,1,0,0,1,0.7818314824680298,0.6234898018587336,0.49999999999999994,0.8660254037844387
369,19.9,0,0,0,1,0,0,1,0.7818314824680298,0.6234898018587336,0.7071067811865476,0.7071067811865476
268,19.7,0,0,0,1,0,0,1,0.7818314824680298,0.6234898018587336,0.8660254037844386,0.5000000000000001
317,19.4,0,0,0,1,0,0,1,0.7818314824680298,0.6234898018587336,0.9659258262890683,0.25881904510252074
746,19.1,0,0,0,1,0,0,1,0.7818314824680298,0.6234898018587336,1.0,6.123233995736766e-17
1616,19.9,0,0,0,1,0,0,1,0.7818314824680298,0.6234898018587336,0.9659258262890683,-0.25881904510252063
2430,21.1,0,0,0,1,0,0,1,0.7818314824680298,0.6234898018587336,0.8660254037844387,-0.4999999999999998
1381,22.4,0,0,0,1,0,0,1,0.7818314824680298,0.6234898018587336,0.7071067811865476,-0.7071067811865475
937,23.7,0,0,0,1,0,0,1,0.7818314824680298,0.6234898018587336,0.49999999999999994,-0.8660254037844387
1014,24.6,0,0,0,1,0,0,1,0.7818314824680298,0.6234898018587336,0.258819045102521,-0.9659258262890682
1224,25.8,0,0,0,1,0,0,1,0.7818314824680298,0.6234898018587336,1.2246467991473532e-16,-1.0
1230,26.6,0,0,0,1,0,0,1,0.7818314824680298,0.6234898018587336,-0.2588190451025208,-0.9659258262890683
1258,27.2,0,0,0,1,0,0,1,0.7818314824680298,0.6234898018587336,-0.4999999999999997,-0.8660254037844388
1363,26.7,0,0,0,1,0,1,0,0.7818314824680298,0.6234898018587336,-0.7071067811865471,-0.7071067811865479
1700,26.1,0,0,0,1,0,1,0,0.7818314824680298,0.6234898018587336,-0.8660254037844385,-0.5000000000000004
2328,25.1,0,0,0,1,0,1,0,0.7818314824680298,0.6234898018587336,-0.9659258262890683,-0.25881904510252063
3556,24.1,0,0,0,1,0,0,1,0.7818314824680298,0.6234898018587336,-1.0,-1.8369701987210297e-16
2809,23.3,0,0,0,1,0,0,1,0.7818314824680298,0.6234898018587336,-0.9659258262890684,0.2588190451025203
2525,22.4,0,0,0,1,0,0,1,0.7818314824680298,0.6234898018587336,-0.8660254037844386,0.5000000000000001
2378,21.6,0,0,0,1,0,0,1,0.7818314824680298,0.6234898018587336,-0.7071067811865477,0.7071067811865474
2096,20.8,0,0,0,1,0,0,1,0.7818314824680298,0.6234898018587336,-0.5000000000000004,0.8660254037844384
1456,20.1,0,0,0,1,0,0,1,0.7818314824680298,0.6234898018587336,-0.25881904510252157,0.9659258262890681
1030,19.7,0,0,0,1,0,0,1,0.9749279121818236,-0.22252093395631434,0.0,1.0
803,19.6,0,0,0,1,0,0,1,0.9749279121818236,-0.22252093395631434,0.25881904510252074,0.9659258262890683
576,19.6,0,0,0,1,0,0,1,0.9749279121818236,-0.22252093395631434,0.49999999999999994,0.8660254037844387
340,19.4,0,0,0,1,0,0,1,0.9749279121818236,-0.22252093395631434,0.7071067811865476,0.7071067811865476
249,19.1,0,0,0,1,1,0,0,0.9749279121818236,-0.22252093395631434,0.8660254037844386,0.5000000000000001
336,19.1,0,0,0,1,1,0,0,0.9749279121818236,-0.22252093395631434,0.9659258262890683,0.25881904510252074
714,19.4,0,0,0,1,1,0,0,0.9749279121818236,-0.22252093395631434,1.0,6.123233995736766e-17
1629,20.0,0,0,0,1,0,0,1,0.9749279121818236,-0.22252093395631434,0.9659258262890683,-0.25881904510252063
2440,20.6,0,0,0,1,0,0,1,0.9749279121818236,-0.22252093395631434,0.8660254037844387,-0.4999999999999998
1401,21.1,0,0,0,1,0,0,1,0.9749279121818236,-0.22252093395631434,0.7071067811865476,-0.7071067811865475
1002,22.2,0,0,0,1,0,0,1,0.9749279121818236,-0.22252093395631434,0.49999999999999994,-0.8660254037844387
1100,23.7,0,0,0,1,0,0,1,0.9749279121818236,-0.22252093395631434,0.258819045102521,-0.9659258262890682
1252,25.2,0,0,0,1,0,0,1,0.9749279121818236,-0.22252093395631434,1.2246467991473532e-16,-1.0
1184,26.2,0,0,0,1,0,0,1,0.9749279121818236,-0.22252093395631434,-0.2588190451025208,-0.9659258262890683
1158,27.5,0,0,0,1,0,0,1,0.9749279121818236,-0.22252093395631434,-0.4999999999999997,-0.8660254037844388
1266,27.9,0,0,0,1,0,0,1,0.9749279121818236,-0.22252093395631434,-0.7071067811865471,-0.7071067811865479
1600,28.2,0,0,0,1,0,0,1,0.9749279121818236,-0.22252093395631434,-0.8660254037844385,-0.5000000000000004
2289,28.0,0,0,0,1,0,0,1,0.9749279121818236,-0.22252093395631434,-0.9659258262890683,-0.25881904510252063
3384,27.0,0,0,0,1,0,0,1,0.9749279121818236,-0.22252093395631434,-1.0,-1.8369701987210297e-16
2741,25.6,0,0,0,1,0,0,1,0.9749279121818236,-0.22252093395631434,-0.9659258262890684,0.2588190451025203
2519,23.3,0,0,0,1,0,0,1,0.9749279121818236,-0.22252093395631434,-0.8660254037844386,0.5000000000000001
2246,21.6,0,0,0,1,0,0,1,0.9749279121818236,-0.22252093395631434,-0.7071067811865477,0.7071067811865474
1979,20.6,0,0,0,1,0,0,1,0.9749279121818236,-0.22252093395631434,-0.5000000000000004,0.8660254037844384
1401,20.1,0,0,0,1,1,0,0,0.9749279121818236,-0.22252093395631434,-0.25881904510252157,0.9659258262890681
1083,20.0,0,0,0,1,0,0,1,0.43388373911755823,-0.900968867902419,0.0,1.0
794,20.1,0,0,0,1,0,0,1,0.43388373911755823,-0.900968867902419,0.25881904510252074,0.9659258262890683
539,20.2,0,0,0,1,0,0,1,0.43388373911755823,-0.900968867902419,0.49999999999999994,0.8660254037844387
394,20.0,0,0,0,1,0,0,1,0.43388373911755823,-0.900968867902419,0.7071067811865476,0.7071067811865476
215,19.6,0,0,0,1,1,0,0,0.43388373911755823,-0.900968867902419,0.8660254037844386,0.5000000000000001
308,19.4,0,0,0,1,0,0,1,0.43388373911755823,-0.900968867902419,0.9659258262890683,0.25881904510252074
709,19.5,0,0,0,1,0,0,1,0.43388373911755823,-0.900968867902419,1.0,6.123233995736766e-17
1543,19.9,0,0,0,1,0,0,1,0.43388373911755823,-0.900968867902419,0.9659258262890683,-0.25881904510252063
2370,21.4,0,0,0,1,0,0,1,0.43388373911755823,-0.900968867902419,0.8660254037844387,-0.4999999999999998
1360,22.7,0,0,0,1,0,0,1,0.43388373911755823,-0.900968867902419,0.7071067811865476,-0.7071067811865475
922,23.9,0,0,0,1,0,0,1,0.43388373911755823,-0.900968867902419,0.49999999999999994,-0.8660254037844387
1066,25.5,0,0,0,1,0,0,1,0.43388373911755823,-0.900968867902419,0.258819045102521,-0.9659258262890682
1197,26.4,0,0,0,1,0,0,1,0.43388373911755823,-0.900968867902419,1.2246467991473532e-16,-1.0
1147,27.3,0,0,0,1,0,0,1,0.43388373911755823,-0.900968867902419,-0.2588190451025208,-0.9659258262890683
1152,28.0,0,0,0,1,0,1,0,0.43388373911755823,-0.900968867902419,-0.4999999999999997,-0.8660254037844388
1276,28.3,0,0,0,1,0,0,1,0.43388373911755823,-0.900968867902419,-0.7071067811865471,-0.7071067811865479
1473,28.5,0,0,0,1,0,0,1,0.43388373911755823,-0.900968867902419,-0.8660254037844385,-0.5000000000000004
2176,28.4,0,0,0,1,0,0,1,0.43388373911755823,-0.900968867902419,-0.9659258262890683,-0.25881904510252063
3418,27.8,0,0,0,1,0,1,0,0.43388373911755823,-0.900968867902419,-1.0,-1.8369701987210297e-16
2811,26.9,0,0,0,1,0,0,1,0.43388373911755823,-0.900968867902419,-0.9659258262890684,0.2588190451025203
2556,25.1,0,0,0,1,0,0,1,0.43388373911755823,-0.900968867902419,-0.8660254037844386,0.5000000000000001
2436,23.8,0,0,0,1,0,0,1,0.43388373911755823,-0.900968867902419,-0.7071067811865477,0.7071067811865474
2179,22.8,0,0,0,1,0,0,1,0.43388373911755823,-0.900968867902419,-0.5000000000000004,0.8660254037844384
1497,21.9,0,0,0,1,0,0,1,0.43388373911755823,-0.900968867902419,-0.25881904510252157,0.9659258262890681
1137,20.7,0,0,0,1,0,0,1,-0.433883739117558,-0.9009688679024191,0.0,1.0
912,20.2,0,0,0,1,0,0,1,-0.433883739117558,-0.9009688679024191,0.25881904510252074,0.9659258262890683
602,19.8,0,0,0,1,1,0,0,-0.433883739117558,-0.9009688679024191,0.49999999999999994,0.8660254037844387
413,19.3,0,0,0,1,1,0,0,-0.433883739117558,-0.9009688679024191,0.7071067811865476,0.7071067811865476
268,19.1,0,0,0,1,1,0,0,-0.433883739117558,-0.9009688679024191,0.8660254037844386,0.5000000000000001
336,18.6,0,0,0,1,1,0,0,-0.433883739117558,-0.9009688679024191,0.9659258262890683,0.25881904510252074
710,18.2,0,0,0,1,1,0,0,-0.433883739117558,-0.9009688679024191,1.0,6.123233995736766e-17
1529,18.8,0,0,0,1,0,0,1,-0.433883739117558,-0.9009688679024191,0.9659258262890683,-0.25881904510252063
2283,21.9,0,0,0,1,0,0,1,-0.433883739117558,-0.9009688679024191,0.8660254037844387,-0.4999999999999998
1284,24.2,0,0,0,1,0,0,1,-0.433883739117558,-0.9009688679024191,0.7071067811865476,-0.7071067811865475
902,26.3,0,0,0,1,0,1,0,-0.433883739117558,-0.9009688679024191,0.49999999999999994,-0.8660254037844387
1020,28.1,0,0,0,1,0,1,0,-0.433883739117558,-0.9009688679024191,0.258819045102521,-0.9659258262890682
1116,29.8,0,0,0,1,0,1,0,-0.433883739117558,-0.9009688679024191,1.2246467991473532e-16,-1.0
1073,30.6,0,0,0,1,0,1,0,-0.433883739117558,-0.9009688679024191,-0.2588190451025208,-0.9659258262890683
1087,31.6,0,0,0,1,0,1,0,-0.433883739117558,-0.9009688679024191,-0.4999999999999997,-0.8660254037844388
1203,31.9,0,0,0,1,0,1,0,-0.433883739117558,-0.9009688679024191,-0.7071067811865471,-0.7071067811865479
1466,30.8,0,0,0,1,0,0,1,-0.433883739117558,-0.9009688679024191,-0.8660254037844385,-0.5000000000000004
2146,30.4,0,0,0,1,0,1,0,-0.433883739117558,-0.9009688679024191,-0.9659258262890683,-0.25881904510252063
3365,29.3,0,0,0,1,0,0,1,-0.433883739117558,-0.9009688679024191,-1.0,-1.8369701987210297e-16
2732,27.1,0,0,0,1,0,0,1,-0.433883739117558,-0.9009688679024191,-0.9659258262890684,0.2588190451025203
2493,25.4,0,0,0,1,0,0,1,-0.433883739117558,-0.9009688679024191,-0.8660254037844386,0.5000000000000001
2251,24.2,0,0,0,1,0,0,1,-0.433883739117558,-0.9009688679024191,-0.7071067811865477,0.7071067811865474
2103,23.3,0,0,0,1,0,0,1,-0.433883739117558,-0.9009688679024191,-0.5000000000000004,0.8660254037844384
1648,22.9,0,0,0,1,0,0,1,-0.433883739117558,-0.9009688679024191,-0.25881904510252157,0.9659258262890681
1322,22.7,0,0,0,1,0,0,1,-0.9749279121818236,-0.2225209339563146,0.0,1.0
1073,22.5,0,0,0,1,0,0,1,-0.9749279121818236,-0.2225209339563146,0.25881904510252074,0.9659258262890683
818,22.3,0,0,0,1,0,0,1,-0.9749279121818236,-0.2225209339563146,0.49999999999999994,0.8660254037844387
540,22.0,0,0,0,1,0,0,1,-0.9749279121818236,-0.2225209339563146,0.7071067811865476,0.7071067811865476
375,21.6,0,0,0,1,0,0,1,-0.9749279121818236,-0.2225209339563146,0.8660254037844386,0.5000000000000001
339,21.1,0,0,0,1,0,0,1,-0.9749279121818236,-0.2225209339563146,0.9659258262890683,0.25881904510252074
417,21.0,0,0,0,1,0,0,1,-0.9749279121818236,-0.2225209339563146,1.0,6.123233995736766e-17
622,21.3,0,0,0,1,0,0,1,-0.9749279121818236,-0.2225209339563146,0.9659258262890683,-0.25881904510252063
934,22.6,0,0,0,1,0,0,1,-0.9749279121818236,-0.2225209339563146,0.8660254037844387,-0.4999999999999998
1072,24.3,0,0,0,1,0,1,0,-0.9749279121818236,-0.2225209339563146,0.7071067811865476,-0.7071067811865475
1064,25.8,0,0,0,1,0,1,0,-0.9749279121818236,-0.2225209339563146,0.49999999999999994,-0.8660254037844387
1229,27.5,0,0,0,1,0,1,0,-0.9749279121818236,-0.2225209339563146,0.258819045102521,-0.9659258262890682
1374,28.4,0,0,0,1,0,1,0,-0.9749279121818236,-0.2225209339563146,1.2246467991473532e-16,-1.0
1483,27.9,0,0,0,1,0,0,1,-0.9749279121818236,-0.2225209339563146,-0.2588190451025208,-0.9659258262890683
1445,28.0,0,0,0,1,0,0,1,-0.9749279121818236,-0.2225209339563146,-0.4999999999999997,-0.8660254037844388
1589,28.4,0,0,0,1,0,0,1,-0.9749279121818236,-0.2225209339563146,-0.7071067811865471,-0.7071067811865479
1837,28.3,0,0,0,1,0,0,1,-0.9749279121818236,-0.2225209339563146,-0.8660254037844385,-0.5000000000000004
2101,28.1,0,0,0,1,0,0,1,-0.9749279121818236,-0.2225209339563146,-0.9659258262890683,-0.25881904510252063
2256,26.3,0,0,0,1,0,0,1,-0.9749279121818236,-0.2225209339563146,-1.0,-1.8369701987210297e-16
2288,25.7,0,0,0,1,0,0,1,-0.9749279121818236,-0.2225209339563146,-0.9659258262890684,0.2588190451025203
2262,24.6,0,0,0,1,0,0,1,-0.9749279121818236,-0.2225209339563146,-0.8660254037844386,0.5000000000000001
2175,23.8,0,0,0,1,0,0,1,-0.9749279121818236,-0.2225209339563146,-0.7071067811865477,0.7071067811865474
1932,23.0,0,0,0,1,1,0,0,-0.9749279121818236,-0.2225209339563146,-0.5000000000000004,0.8660254037844384
1402,22.5,0,0,0,1,1,0,0,-0.9749279121818236,-0.2225209339563146,-0.25881904510252157,0.9659258262890681
849,22.0,0,0,0,1,1,0,0,-0.7818314824680299,0.6234898018587334,0.0,1.0
545,21.5,0,0,0,1,1,0,0,-0.7818314824680299,0.6234898018587334,0.25881904510252074,0.9659258262890683
1254,20.9,0,0,0,1,1,0,0,-0.7818314824680299,0.6234898018587334,0.49999999999999994,0.8660254037844387
644,20.6,0,0,0,1,1,0,0,-0.7818314824680299,0.6234898018587334,0.7071067811865476,0.7071067811865476
286,20.5,0,0,0,1,1,0,0,-0.7818314824680299,0.6234898018587334,0.8660254037844386,0.5000000000000001
235,20.3,0,0,0,1,1,0,0,-0.7818314824680299,0.6234898018587334,0.9659258262890683,0.25881904510252074
258,20.2,0,0,0,1,1,0,0,-0.7818314824680299,0.6234898018587334,1.0,6.123233995736766e-17
369,20.5,0,0,0,1,1,0,0,-0.7818314824680299,0.6234898018587334,0.9659258262890683,-0.25881904510252063
561,21.3,0,0,0,1,1,0,0,-0.7818314824680299,0.6234898018587334,0.8660254037844387,-0.4999999999999998
734,23.1,0,0,0,1,1,0,0,-0.7818314824680299,0.6234898018587334,0.7071067811865476,-0.7071067811865475
763,25.0,0,0,0,1,0,0,1,-0.7818314824680299,0.6234898018587334,0.49999999999999994,-0.8660254037844387
870,27.1,0,0,0,1,0,0,1,-0.7818314824680299,0.6234898018587334,0.258819045102521,-0.9659258262890682
1042,28.9,0,0,0,1,0,0,1,-0.7818314824680299,0.6234898018587334,1.2246467991473532e-16,-1.0
1062,30.6,0,0,0,1,0,0,1,-0.7818314824680299,0.6234898018587334,-0.2588190451025208,-0.9659258262890683
1064,31.6,0,0,0,1,0,0,1,-0.7818314824680299,0.6234898018587334,-0.4999999999999997,-0.8660254037844388
1213,31.8,0,0,0,1,0,0,1,-0.7818314824680299,0.6234898018587334,-0.7071067811865471,-0.7071067811865479
1471,31.3,0,0,0,1,0,0,1,-0.7818314824680299,0.6234898018587334,-0.8660254037844385,-0.5000000000000004
1754,30.9,0,0,0,1,0,1,0,-0.7818314824680299,0.6234898018587334,-0.9659258262890683,-0.25881904510252063
2094,29.8,0,0,0,1,0,0,1,-0.7818314824680299,0.6234898018587334,-1.0,-1.8369701987210297e-16
2290,27.8,0,0,0,1,0,0,1,-0.7818314824680299,0.6234898018587334,-0.9659258262890684,0.2588190451025203
2387,26.1,0,0,0,1,0,0,1,-0.7818314824680299,0.6234898018587334,-0.8660254037844386,0.5000000000000001
2153,24.5,0,0,0,1,0,0,1,-0.7818314824680299,0.6234898018587334,-0.7071067811865477,0.7071067811865474
1801,23.9,0,0,0,1,0,0,1,-0.7818314824680299,0.6234898018587334,-0.5000000000000004,0.8660254037844384
1329,23.3,0,0,0,1,0,0,1,-0.7818314824680299,0.6234898018587334,-0.25881904510252157,0.9659258262890681
962,22.9,0,0,0,1,0,0,1,0.0,1.0,0.0,1.0
585,22.5,0,0,0,1,0,0,1,0.0,1.0,0.25881904510252074,0.9659258262890683
424,22.3,0,0,0,1,0,0,1,0.0,1.0,0.49999999999999994,0.8660254037844387
264,22.0,0,0,0,1,0,0,1,0.0,1.0,0.7071067811865476,0.7071067811865476
199,21.8,0,0,0,1,0,0,1,0.0,1.0,0.8660254037844386,0.5000000000000001
338,21.5,0,0,0,1,0,0,1,0.0,1.0,0.9659258262890683,0.25881904510252074
785,21.3,0,0,0,1,0,0,1,0.0,1.0,1.0,6.123233995736766e-17
1620,22.1,0,0,0,1,0,0,1,0.0,1.0,0.9659258262890683,-0.25881904510252063
2331,23.8,0,0,0,1,0,0,1,0.0,1.0,0.8660254037844387,-0.4999999999999998
1293,25.4,0,0,0,1,0,0,1,0.0,1.0,0.7071067811865476,-0.7071067811865475
878,26.4,0,0,0,1,0,0,1,0.0,1.0,0.49999999999999994,-0.8660254037844387
968,27.8,0,0,0,1,0,0,1,0.0,1.0,0.258819045102521,-0.9659258262890682
1039,29.8,0,0,0,1,0,0,1,0.0,1.0,1.2246467991473532e-16,-1.0
1073,31.2,0,0,0,1,0,0,1,0.0,1.0,-0.2588190451025208,-0.9659258262890683
1016,32.3,0,0,0,1,0,0,1,0.0,1.0,-0.4999999999999997,-0.8660254037844388
1184,32.7,0,0,0,1,0,0,1,0.0,1.0,-0.7071067811865471,-0.7071067811865479
1407,32.2,0,0,0,1,0,0,1,0.0,1.0,-0.8660254037844385,-0.5000000000000004
2008,31.5,0,0,0,1,0,0,1,0.0,1.0,-0.9659258262890683,-0.25881904510252063
3238,30.7,0,0,0,1,0,0,1,0.0,1.0,-1.0,-1.8369701987210297e-16
2779,29.8,0,0,0,1,0,0,1,0.0,1.0,-0.9659258262890684,0.2588190451025203
2456,28.8,0,0,0,1,0,0,1,0.0,1.0,-0.8660254037844386,0.5000000000000001
2372,27.9,0,0,0,1,0,0,1,0.0,1.0,-0.7071067811865477,0.7071067811865474
2046,27.4,0,0,0,1,0,0,1,0.0,1.0,-0.5000000000000004,0.8660254037844384
1437,27.2,0,0,0,1,0,0,1,0.0,1.0,-0.25881904510252157,0.9659258262890681
1052,26.9,0,0,0,1,0,0,1,0.7818314824680298,0.6234898018587336,0.0,1.0
783,26.7,0,0,0,1,0,0,1,0.7818314824680298,0.6234898018587336,0.25881904510252074,0.9659258262890683
524,26.1,0,0,0,1,0,0,1,0.7818314824680298,0.6234898018587336,0.49999999999999994,0.8660254037844387
353,25.4,0,0,0,1,0,0,1,0.7818314824680298,0.6234898018587336,0.7071067811865476,0.7071067811865476
143,24.7,0,0,0,1,0,0,1,0.7818314824680298,0.6234898018587336,0.8660254037844386,0.5000000000000001
45,23.7,0,0,0,1,1,0,0,0.7818314824680298,0.6234898018587336,0.9659258262890683,0.25881904510252074
37,22.5,0,0,0,1,1,0,0,0.7818314824680298,0.6234898018587336,1.0,6.123233995736766e-17
49,21.2,0,0,0,1,1,0,0,0.7818314824680298,0.6234898018587336,0.9659258262890683,-0.25881904510252063
53,20.8,0,0,0,1,1,0,0,0.7818314824680298,0.6234898018587336,0.8660254037844387,-0.4999999999999998
19,20.3,0,0,0,1,1,0,0,0.7818314824680298,0.6234898018587336,0.7071067811865476,-0.7071067811865475
9,20.3,0,0,0,1,1,0,0,0.7818314824680298,0.6234898018587336,0.49999999999999994,-0.8660254037844387
11,20.4,0,0,0,1,1,0,0,0.7818314824680298,0.6234898018587336,0.258819045102521,-0.9659258262890682
10,20.5,0,0,0,1,1,0,0,0.7818314824680298,0.6234898018587336,1.2246467991473532e-16,-1.0
24,20.5,0,0,0,1,1,0,0,0.7818314824680298,0.6234898018587336,-0.2588190451025208,-0.9659258262890683
26,21.0,0,0,0,1,1,0,0,0.7818314824680298,0.6234898018587336,-0.4999999999999997,-0.8660254037844388
65,21.5,0,0,0,1,1,0,0,0.7818314824680298,0.6234898018587336,-0.7071067811865471,-0.7071067811865479
56,23.3,0,0,0,1,1,0,0,0.7818314824680298,0.6234898018587336,-0.8660254037844385,-0.5000000000000004
113,24.0,0,0,0,1,1,0,0,0.7818314824680298,0.6234898018587336,-0.9659258262890683,-0.25881904510252063
156,24.1,0,0,0,1,1,0,0,0.7818314824680298,0.6234898018587336,-1.0,-1.8369701987210297e-16
203,24.2,0,0,0,1,1,0,0,0.7818314824680298,0.6234898018587336,-0.9659258262890684,0.2588190451025203
199,24.1,0,0,0,1,1,0,0,0.7818314824680298,0.6234898018587336,-0.8660254037844386,0.5000000000000001
275,23.5,0,0,0,1,1,0,0,0.7818314824680298,0.6234898018587336,-0.7071067811865477,0.7071067811865474
443,22.4,0,0,0,1,1,0,0,0.7818314824680298,0.6234898018587336,-0.5000000000000004,0.8660254037844384
552,21.6,0,0,0,1,0,0,1,0.7818314824680298,0.6234898018587336,-0.25881904510252157,0.9659258262890681
513,20.5,0,0,0,1,0,0,1,0.9749279121818236,-0.22252093395631434,0.0,1.0
254,20.0,0,0,0,1,1,0,0,0.9749279121818236,-0.22252093395631434,0.25881904510252074,0.9659258262890683
164,19.6,0,0,0,1,1,0,0,0.9749279121818236,-0.22252093395631434,0.49999999999999994,0.8660254037844387
152,19.4,0,0,0,1,1,0,0,0.9749279121818236,-0.22252093395631434,0.7071067811865476,0.7071067811865476
110,19.2,0,0,0,1,1,0,0,0.9749279121818236,-0.22252093395631434,0.8660254037844386,0.5000000000000001
162,19.1,0,0,0,1,1,0,0,0.9749279121818236,-0.22252093395631434,0.9659258262890683,0.25881904510252074
417,19.2,0,0,0,1,1,0,0,0.9749279121818236,-0.22252093395631434,1.0,6.123233995736766e-17
1084,19.3,0,0,0,1,1,0,0,0.9749279121818236,-0.22252093395631434,0.9659258262890683,-0.25881904510252063
1995,19.7,0,0,0,1,1,0,0,0.9749279121818236,-0.22252093395631434,0.8660254037844387,-0.4999999999999998
1238,20.0,0,0,0,1,1,0,0,0.9749279121818236,-0.22252093395631434,0.7071067811865476,-0.7071067811865475
862,21.4,0,0,0,1,0,0,1,0.9749279121818236,-0.22252093395631434,0.49999999999999994,-0.8660254037844387
1015,23.4,0,0,0,1,0,0,1,0.9749279121818236,-0.22252093395631434,0.258819045102521,-0.9659258262890682
1145,24.1,0,0,0,1,0,0,1,0.9749279121818236,-0.22252093395631434,1.2246467991473532e-16,-1.0
1234,24.9,0,0,0,1,0,0,1,0.9749279121818236,-0.22252093395631434,-0.2588190451025208,-0.9659258262890683
1243,24.7,0,0,0,1,0,0,1,0.9749279121818236,-0.22252093395631434,-0.4999999999999997,-0.8660254037844388
1362,25.5,0,0,0,1,0,0,1,0.9749279121818236,-0.22252093395631434,-0.7071067811865471,-0.7071067811865479
1618,25.0,0,0,0,1,0,0,1,0.9749279121818236,-0.22252093395631434,-0.8660254037844385,-0.5000000000000004
2115,25.1,0,0,0,1,0,0,1,0.9749279121818236,-0.22252093395631434,-0.9659258262890683,-0.25881904510252063
3172,25.0,0,0,0,1,0,0,1,0.9749279121818236,-0.22252093395631434,-1.0,-1.8369701987210297e-16
2487,24.9,0,0,0,1,0,0,1,0.9749279121818236,-0.22252093395631434,-0.9659258262890684,0.2588190451025203
2274,24.2,0,0,0,1,0,0,1,0.9749279121818236,-0.22252093395631434,-0.8660254037844386,0.5000000000000001
2200,23.3,0,0,0,1,0,0,1,0.9749279121818236,-0.22252093395631434,-0.7071067811865477,0.7071067811865474
1959,22.7,0,0,0,1,0,0,1,0.9749279121818236,-0.22252093395631434,-0.5000000000000004,0.8660254037844384
980,22.3,0,0,0,1,1,0,0,0.9749279121818236,-0.22252093395631434,-0.25881904510252157,0.9659258262890681
561,22.2,0,0,0,1,1,0,0,0.43388373911755823,-0.900968867902419,0.0,1.0
1068,22.2,0,0,0,1,0,0,1,0.43388373911755823,-0.900968867902419,0.25881904510252074,0.9659258262890683
652,22.4,0,0,0,1,0,0,1,0.43388373911755823,-0.900968867902419,0.49999999999999994,0.8660254037844387
344,22.4,0,0,0,1,0,0,1,0.43388373911755823,-0.900968867902419,0.7071067811865476,0.7071067811865476
233,22.3,0,0,0,1,1,0,0,0.43388373911755823,-0.900968867902419,0.8660254037844386,0.5000000000000001
266,22.1,0,0,0,1,1,0,0,0.43388373911755823,-0.900968867902419,0.9659258262890683,0.25881904510252074
594,22.0,0,0,0,1,1,0,0,0.43388373911755823,-0.900968867902419,1.0,6.123233995736766e-17
1391,22.7,0,0,0,1,0,0,1,0.43388373911755823,-0.900968867902419,0.9659258262890683,-0.25881904510252063
2288,24.2,0,0,0,1,0,1,0,0.43388373911755823,-0.900968867902419,0.8660254037844387,-0.4999999999999998
1246,24.8,0,0,0,1,0,0,1,0.43388373911755823,-0.900968867902419,0.7071067811865476,-0.7071067811865475
826,25.3,0,0,0,1,0,0,1,0.43388373911755823,-0.900968867902419,0.49999999999999994,-0.8660254037844387
938,26.5,0,0,0,1,0,1,0,0.43388373911755823,-0.900968867902419,0.258819045102521,-0.9659258262890682
1158,27.0,0,0,0,1,0,1,0,0.43388373911755823,-0.900968867902419,1.2246467991473532e-16,-1.0
1040,27.2,0,0,0,1,0,1,0,0.43388373911755823,-0.900968867902419,-0.2588190451025208,-0.9659258262890683
1030,27.1,0,0,0,1,0,0,1,0.43388373911755823,-0.900968867902419,-0.4999999999999997,-0.8660254037844388
1209,26.4,0,0,0,1,0,0,1,0.43388373911755823,-0.900968867902419,-0.7071067811865471,-0.7071067811865479
766,25.2,0,0,0,1,0,0,1,0.43388373911755823,-0.900968867902419,-0.8660254037844385,-0.5000000000000004
65,22.2,0,0,0,1,1,0,0,0.43388373911755823,-0.900968867902419,-0.9659258262890683,-0.25881904510252063
596,20.6,0,0,0,1,1,0,0,0.43388373911755823,-0.900968867902419,-1.0,-1.8369701987210297e-16
944,20.9,0,0,0,1,0,0,1,0.43388373911755823,-0.900968867902419,-0.9659258262890684,0.2588190451025203
1039,21.0,0,0,0,1,0,0,1,0.43388373911755823,-0.900968867902419,-0.8660254037844386,0.5000000000000001
1223,21.3,0,0,0,1,0,0,1,0.43388373911755823,-0.900968867902419,-0.7071067811865477,0.7071067811865474
1239,21.6,0,0,0,1,0,0,1,0.43388373911755823,-0.900968867902419,-0.5000000000000004,0.8660254037844384
931,21.7,0,0,0,1,1,0,0,0.43388373911755823,-0.900968867902419,-0.25881904510252157,0.9659258262890681
470,21.9,0,0,0,1,1,0,0,-0.433883739117558,-0.9009688679024191,0.0,1.0
460,22.0,0,0,0,1,1,0,0,-0.433883739117558,-0.9009688679024191,0.25881904510252074,0.9659258262890683
345,22.2,0,0,0,1,1,0,0,-0.433883739117558,-0.9009688679024191,0.49999999999999994,0.8660254037844387
227,22.3,0,0,0,1,1,0,0,-0.433883739117558,-0.9009688679024191,0.7071067811865476,0.7071067811865476
123,22.3,0,0,0,1,1,0,0,-0.433883739117558,-0.9009688679024191,0.8660254037844386,0.5000000000000001
133,22.1,0,0,0,1,1,0,0,-0.433883739117558,-0.9009688679024191,0.9659258262890683,0.25881904510252074
308,21.9,0,0,0,1,1,0,0,-0.433883739117558,-0.9009688679024191,1.0,6.123233995736766e-17
883,22.0,0,0,0,1,1,0,0,-0.433883739117558,-0.9009688679024191,0.9659258262890683,-0.25881904510252063
2028,22.2,0,0,0,1,1,0,0,-0.433883739117558,-0.9009688679024191,0.8660254037844387,-0.4999999999999998
1195,22.9,0,0,0,1,0,0,1,-0.433883739117558,-0.9009688679024191,0.7071067811865476,-0.7071067811865475
913,24.4,0,0,0,1,0,0,1,-0.433883739117558,-0.9009688679024191,0.49999999999999994,-0.8660254037844387
956,24.8,0,0,0,1,0,0,1,-0.433883739117558,-0.9009688679024191,0.258819045102521,-0.9659258262890682
1168,26.1,0,0,0,1,0,0,1,-0.433883739117558,-0.9009688679024191,1.2246467991473532e-16,-1.0
1117,26.8,0,0,0,1,0,0,1,-0.433883739117558,-0.9009688679024191,-0.2588190451025208,-0.9659258262890683
1175,27.8,0,0,0,1,0,0,1,-0.433883739117558,-0.9009688679024191,-0.4999999999999997,-0.8660254037844388
1209,28.4,0,0,0,1,0,0,1,-0.433883739117558,-0.9009688679024191,-0.7071067811865471,-0.7071067811865479
1554,29.0,0,0,0,1,0,0,1,-0.433883739117558,-0.9009688679024191,-0.8660254037844385,-0.5000000000000004
2099,28.5,0,0,0,1,0,0,1,-0.433883739117558,-0.9009688679024191,-0.9659258262890683,-0.25881904510252063
3113,28.1,0,0,0,1,0,0,1,-0.433883739117558,-0.9009688679024191,-1.0,-1.8369701987210297e-16
2602,27.1,0,0,0,1,0,0,1,-0.433883739117558,-0.9009688679024191,-0.9659258262890684,0.2588190451025203
2339,26.2,0,0,0,1,0,0,1,-0.433883739117558,-0.9009688679024191,-0.8660254037844386,0.5000000000000001
2225,25.2,0,0,0,1,0,0,1,-0.433883739117558,-0.9009688679024191,-0.7071067811865477,0.7071067811865474
2103,24.2,0,0,0,1,0,0,1,-0.433883739117558,-0.9009688679024191,-0.5000000000000004,0.8660254037844384
1552,23.5,0,0,0,1,1,0,0,-0.433883739117558,-0.9009688679024191,-0.25881904510252157,0.9659258262890681
1275,23.0,0,0,0,1,1,0,0,-0.9749279121818236,-0.2225209339563146,0.0,1.0
1070,22.6,0,0,0,1,1,0,0,-0.9749279121818236,-0.2225209339563146,0.25881904510252074,0.9659258262890683
859,22.2,0,0,0,1,1,0,0,-0.9749279121818236,-0.2225209339563146,0.49999999999999994,0.8660254037844387
625,21.9,0,0,0,1,1,0,0,-0.9749279121818236,-0.2225209339563146,0.7071067811865476,0.7071067811865476
382,21.7,0,0,0,1,1,0,0,-0.9749279121818236,-0.2225209339563146,0.8660254037844386,0.5000000000000001
247,21.7,0,0,0,1,1,0,0,-0.9749279121818236,-0.2225209339563146,0.9659258262890683,0.25881904510252074
310,22.1,0,0,0,1,1,0,0,-0.9749279121818236,-0.2225209339563146,1.0,6.123233995736766e-17
468,22.5,0,0,0,1,1,0,0,-0.9749279121818236,-0.2225209339563146,0.9659258262890683,-0.25881904510252063
825,23.4,0,0,0,1,1,0,0,-0.9749279121818236,-0.2225209339563146,0.8660254037844387,-0.4999999999999998
862,24.2,0,0,0,1,1,0,0,-0.9749279121818236,-0.2225209339563146,0.7071067811865476,-0.7071067811865475
933,25.1,0,0,0,1,1,0,0,-0.9749279121818236,-0.2225209339563146,0.49999999999999994,-0.8660254037844387
871,26.4,0,0,0,1,1,0,0,-0.9749279121818236,-0.2225209339563146,0.258819045102521,-0.9659258262890682
858,25.2,0,0,0,1,1,0,0,-0.9749279121818236,-0.2225209339563146,1.2246467991473532e-16,-1.0
1144,25.6,0,0,0,1,1,0,0,-0.9749279121818236,-0.2225209339563146,-0.2588190451025208,-0.9659258262890683
1235,27.5,0,0,0,1,0,0,1,-0.9749279121818236,-0.2225209339563146,-0.4999999999999997,-0.8660254037844388
1311,27.8,0,0,0,1,0,0,1,-0.9749279121818236,-0.2225209339563146,-0.7071067811865471,-0.7071067811865479
1317,27.9,0,0,0,1,0,0,1,-0.9749279121818236,-0.2225209339563146,-0.8660254037844385,-0.5000000000000004
1291,27.4,0,0,0,1,0,0,1,-0.9749279121818236,-0.2225209339563146,-0.9659258262890683,-0.25881904510252063
306,27.5,0,0,0,1,1,0,0,-0.9749279121818236,-0.2225209339563146,-1.0,-1.8369701987210297e-16
481,24.3,0,0,0,1,1,0,0,-0.9749279121818236,-0.2225209339563146,-0.9659258262890684,0.2588190451025203
778,24.2,0,0,0,1,0,0,1,-0.9749279121818236,-0.2225209339563146,-0.8660254037844386,0.5000000000000001
1005,23.9,0,0,0,1,0,0,1,-0.9749279121818236,-0.2225209339563146,-0.7071067811865477,0.7071067811865474
1107,23.4,0,0,0,1,0,0,1,-0.9749279121818236,-0.2225209339563146,-0.5000000000000004,0.8660254037844384
919,22.9,0,0,0,1,0,0,1,-0.9749279121818236,-0.2225209339563146,-0.25881904510252157,0.9659258262890681
865,22.6,0,0,0,1,0,0,1,-0.7818314824680299,0.6234898018587334,0.0,1.0
740,22.7,0,0,0,1,0,0,1,-0.7818314824680299,0.6234898018587334,0.25881904510252074,0.9659258262890683
586,22.7,0,0,0,1,0,0,1,-0.7818314824680299,0.6234898018587334,0.49999999999999994,0.8660254037844387
368,22.7,0,0,0,1,0,0,1,-0.7818314824680299,0.6234898018587334,0.7071067811865476,0.7071067811865476
211,22.7,0,0,0,1,0,0,1,-0.7818314824680299,0.6234898018587334,0.8660254037844386,0.5000000000000001
54,22.6,0,0,0,1,1,0,0,-0.7818314824680299,0.6234898018587334,0.9659258262890683,0.25881904510252074
60,22.3,0,0,0,1,1,0,0,-0.7818314824680299,0.6234898018587334,1.0,6.123233995736766e-17
25,22.1,0,0,0,1,1,0,0,-0.7818314824680299,0.6234898018587334,0.9659258262890683,-0.25881904510252063
20,22.1,0,0,0,1,1,0,0,-0.7818314824680299,0.6234898018587334,0.8660254037844387,-0.4999999999999998
9,22.1,0,0,0,1,1,0,0,-0.7818314824680299,0.6234898018587334,0.7071067811865476,-0.7071067811865475
13,21.6,0,0,0,1,1,0,0,-0.7818314824680299,0.6234898018587334,0.49999999999999994,-0.8660254037844387
11,21.2,0,0,0,1,1,0,0,-0.7818314824680299,0.6234898018587334,0.258819045102521,-0.9659258262890682
9,21.1,0,0,0,1,1,0,0,-0.7818314824680299,0.6234898018587334,1.2246467991473532e-16,-1.0
30,21.2,0,0,0,1,1,0,0,-0.7818314824680299,0.6234898018587334,-0.2588190451025208,-0.9659258262890683
14,21.5,0,0,0,1,1,0,0,-0.7818314824680299,0.6234898018587334,-0.4999999999999997,-0.8660254037844388
51,21.8,0,0,0,1,1,0,0,-0.7818314824680299,0.6234898018587334,-0.7071067811865471,-0.7071067811865479
41,22.2,0,0,0,1,1,0,0,-0.7818314824680299,0.6234898018587334,-0.8660254037844385,-0.5000000000000004
25,22.4,0,0,0,1,1,0,0,-0.7818314824680299,0.6234898018587334,-0.9659258262890683,-0.25881904510252063
17,22.2,0,0,0,1,1,0,0,-0.7818314824680299,0.6234898018587334,-1.0,-1.8369701987210297e-16
18,21.9,0,0,0,1,1,0,0,-0.7818314824680299,0.6234898018587334,-0.9659258262890684,0.2588190451025203
16,21.9,0,0,0,1,1,0,0,-0.7818314824680299,0.6234898018587334,-0.8660254037844386,0.5000000000000001
17,21.8,0,0,0,1,1,0,0,-0.7818314824680299,0.6234898018587334,-0.7071067811865477,0.7071067811865474
16,21.7,0,0,0,1,1,0,0,-0.7818314824680299,0.6234898018587334,-0.5000000000000004,0.8660254037844384
15,21.5,0,0,0,1,1,0,0,-0.7818314824680299,0.6234898018587334,-0.25881904510252157,0.9659258262890681
26,21.4,0,0,0,1,1,0,0,0.0,1.0,0.0,1.0
28,21.3,0,0,0,1,1,0,0,0.0,1.0,0.25881904510252074,0.9659258262890683
17,21.2,0,0,0,1,1,0,0,0.0,1.0,0.49999999999999994,0.8660254037844387
23,21.1,0,0,0,1,1,0,0,0.0,1.0,0.7071067811865476,0.7071067811865476
58,20.8,0,0,0,1,1,0,0,0.0,1.0,0.8660254037844386,0.5000000000000001
28,20.7,0,0,0,1,1,0,0,0.0,1.0,0.9659258262890683,0.25881904510252074
40,20.7,0,0,0,1,1,0,0,0.0,1.0,1.0,6.123233995736766e-17
126,20.7,0,0,0,1,1,0,0,0.0,1.0,0.9659258262890683,-0.25881904510252063
104,20.8,0,0,0,1,1,0,0,0.0,1.0,0.8660254037844387,-0.4999999999999998
128,21.0,0,0,0,1,1,0,0,0.0,1.0,0.7071067811865476,-0.7071067811865475
27,21.4,0,0,0,1,1,0,0,0.0,1.0,0.49999999999999994,-0.8660254037844387
153,21.7,0,0,0,1,1,0,0,0.0,1.0,0.258819045102521,-0.9659258262890682
218,22.4,0,0,0,1,0,0,1,0.0,1.0,1.2246467991473532e-16,-1.0
304,22.6,0,0,0,1,1,0,0,0.0,1.0,-0.2588190451025208,-0.9659258262890683
381,23.3,0,0,0,1,1,0,0,0.0,1.0,-0.4999999999999997,-0.8660254037844388
619,24.2,0,0,0,1,0,0,1,0.0,1.0,-0.7071067811865471,-0.7071067811865479
839,25.2,0,0,0,1,0,0,1,0.0,1.0,-0.8660254037844385,-0.5000000000000004
861,25.3,0,0,0,1,0,0,1,0.0,1.0,-0.9659258262890683,-0.25881904510252063
832,24.9,0,0,0,1,0,0,1,0.0,1.0,-1.0,-1.8369701987210297e-16
44,24.1,0,0,0,1,1,0,0,0.0,1.0,-0.9659258262890684,0.2588190451025203
61,23.5,0,0,0,1,1,0,0,0.0,1.0,-0.8660254037844386,0.5000000000000001
72,23.4,0,0,0,1,1,0,0,0.0,1.0,-0.7071067811865477,0.7071067811865474
83,23.4,0,0,0,1,1,0,0,0.0,1.0,-0.5000000000000004,0.8660254037844384
168,23.4,0,0,0,1,1,0,0,0.0,1.0,-0.25881904510252157,0.9659258262890681
349,23.2,0,0,0,1,1,0,0,0.7818314824680298,0.6234898018587336,0.0,1.0
407,23.1,0,0,0,1,0,0,1,0.7818314824680298,0.6234898018587336,0.25881904510252074,0.9659258262890683
354,23.0,0,0,0,1,0,0,1,0.7818314824680298,0.6234898018587336,0.49999999999999994,0.8660254037844387
233,22.8,0,0,0,1,0,0,1,0.7818314824680298,0.6234898018587336,0.7071067811865476,0.7071067811865476
149,22.7,0,0,0,1,0,0,1,0.7818314824680298,0.6234898018587336,0.8660254037844386,0.5000000000000001
224,22.6,0,0,0,1,0,0,1,0.7818314824680298,0.6234898018587336,0.9659258262890683,0.25881904510252074
600,22.6,0,0,0,1,0,0,1,0.7818314824680298,0.6234898018587336,1.0,6.123233995736766e-17
1308,23.5,0,0,0,1,0,0,1,0.7818314824680298,0.6234898018587336,0.9659258262890683,-0.25881904510252063
2135,24.3,0,0,0,1,0,0,1,0.7818314824680298,0.6234898018587336,0.8660254037844387,-0.4999999999999998
1156,25.7,0,0,0,1,0,1,0,0.7818314824680298,0.6234898018587336,0.7071067811865476,-0.7071067811865475
818,27.6,0,0,0,1,0,1,0,0.7818314824680298,0.6234898018587336,0.49999999999999994,-0.8660254037844387
906,29.2,0,0,0,1,0,1,0,0.7818314824680298,0.6234898018587336,0.258819045102521,-0.9659258262890682
944,30.1,0,0,0,1,0,1,0,0.7818314824680298,0.6234898018587336,1.2246467991473532e-16,-1.0
994,31.2,0,0,0,1,0,1,0,0.7818314824680298,0.6234898018587336,-0.2588190451025208,-0.9659258262890683
1001,31.0,0,0,0,1,0,1,0,0.7818314824680298,0.6234898018587336,-0.4999999999999997,-0.8660254037844388
1069,32.0,0,0,0,1,0,1,0,0.7818314824680298,0.6234898018587336,-0.7071067811865471,-0.7071067811865479
1325,31.3,0,0,0,1,0,1,0,0.7818314824680298,0.6234898018587336,-0.8660254037844385,-0.5000000000000004
1783,32.4,0,0,0,1,0,1,0,0.7818314824680298,0.6234898018587336,-0.9659258262890683,-0.25881904510252063
2965,32.2,0,0,0,1,0,1,0,0.7818314824680298,0.6234898018587336,-1.0,-1.8369701987210297e-16
2598,30.4,0,0,0,1,1,0,0,0.7818314824680298,0.6234898018587336,-0.9659258262890684,0.2588190451025203
2398,28.8,0,0,0,1,0,0,1,0.7818314824680298,0.6234898018587336,-0.8660254037844386,0.5000000000000001
2264,27.8,0,0,0,1,0,0,1,0.7818314824680298,0.6234898018587336,-0.7071067811865477,0.7071067811865474
1948,26.9,0,0,0,1,0,0,1,0.7818314824680298,0.6234898018587336,-0.5000000000000004,0.8660254037844384
1365,26.4,0,0,0,1,0,0,1,0.7818314824680298,0.6234898018587336,-0.25881904510252157,0.9659258262890681
971,25.9,0,0,0,1,0,0,1,0.9749279121818236,-0.22252093395631434,0.0,1.0
796,25.4,0,0,0,1,0,0,1,0.9749279121818236,-0.22252093395631434,0.25881904510252074,0.9659258262890683
555,25.1,0,0,0,1,0,0,1,0.9749279121818236,-0.22252093395631434,0.49999999999999994,0.8660254037844387
372,24.9,0,0,0,1,0,0,1,0.9749279121818236,-0.22252093395631434,0.7071067811865476,0.7071067811865476
234,24.7,0,0,0,1,0,0,1,0.9749279121818236,-0.22252093395631434,0.8660254037844386,0.5000000000000001
316,24.2,0,0,0,1,0,0,1,0.9749279121818236,-0.22252093395631434,0.9659258262890683,0.25881904510252074
747,24.0,0,0,0,1,0,0,1,0.9749279121818236,-0.22252093395631434,1.0,6.123233995736766e-17
1450,24.6,0,0,0,1,0,0,1,0.9749279121818236,-0.22252093395631434,0.9659258262890683,-0.25881904510252063
2215,26.4,0,0,0,1,0,1,0,0.9749279121818236,-0.22252093395631434,0.8660254037844387,-0.4999999999999998
1191,27.4,0,0,0,1,0,1,0,0.9749279121818236,-0.22252093395631434,0.7071067811865476,-0.7071067811865475
831,28.5,0,0,0,1,0,1,0,0.9749279121818236,-0.22252093395631434,0.49999999999999994,-0.8660254037844387
941,30.0,0,0,0,1,0,1,0,0.9749279121818236,-0.22252093395631434,0.258819045102521,-0.9659258262890682
1021,30.5,0,0,0,1,0,1,0,0.9749279121818236,-0.22252093395631434,1.2246467991473532e-16,-1.0
1007,31.0,0,0,0,1,0,1,0,0.9749279121818236,-0.22252093395631434,-0.2588190451025208,-0.9659258262890683
1005,31.3,0,0,0,1,0,0,1,0.9749279121818236,-0.22252093395631434,-0.4999999999999997,-0.8660254037844388
1038,31.1,0,0,0,1,0,0,1,0.9749279121818236,-0.22252093395631434,-0.7071067811865471,-0.7071067811865479
1306,31.6,0,0,0,1,0,1,0,0.9749279121818236,-0.22252093395631434,-0.8660254037844385,-0.5000000000000004
1856,31.2,0,0,0,1,0,0,1,0.9749279121818236,-0.22252093395631434,-0.9659258262890683,-0.25881904510252063
3080,30.0,0,0,0,1,0,1,0,0.9749279121818236,-0.22252093395631434,-1.0,-1.8369701987210297e-16
2637,28.2,0,0,0,1,0,0,1,0.9749279121818236,-0.22252093395631434,-0.9659258262890684,0.2588190451025203
2415,27.1,0,0,0,1,0,0,1,0.9749279121818236,-0.22252093395631434,-0.8660254037844386,0.5000000000000001
2274,26.2,0,0,0,1,0,0,1,0.9749279121818236,-0.22252093395631434,-0.7071067811865477,0.7071067811865474
2091,25.1,0,0,0,1,0,0,1,0.9749279121818236,-0.22252093395631434,-0.5000000000000004,0.8660254037844384
1432,24.7,0,0,0,1,0,0,1,0.9749279121818236,-0.22252093395631434,-0.25881904510252157,0.9659258262890681
1078,24.2,0,0,0,1,0,0,1,0.43388373911755823,-0.900968867902419,0.0,1.0
846,23.9,0,0,0,1,0,0,1,0.43388373911755823,-0.900968867902419,0.25881904510252074,0.9659258262890683
568,23.6,0,0,0,1,0,0,1,0.43388373911755823,-0.900968867902419,0.49999999999999994,0.8660254037844387
376,23.5,0,0,0,1,0,0,1,0.43388373911755823,-0.900968867902419,0.7071067811865476,0.7071067811865476
267,23.5,0,0,0,1,0,0,1,0.43388373911755823,-0.900968867902419,0.8660254037844386,0.5000000000000001
326,23.5,0,0,0,1,0,0,1,0.43388373911755823,-0.900968867902419,0.9659258262890683,0.25881904510252074
438,23.5,0,0,0,1,0,0,1,0.43388373911755823,-0.900968867902419,1.0,6.123233995736766e-17
828,23.5,0,0,0,1,1,0,0,0.43388373911755823,-0.900968867902419,0.9659258262890683,-0.25881904510252063
1836,23.6,0,0,0,1,1,0,0,0.43388373911755823,-0.900968867902419,0.8660254037844387,-0.4999999999999998
1112,24.2,0,0,0,1,0,0,1,0.43388373911755823,-0.900968867902419,0.7071067811865476,-0.7071067811865475
827,25.6,0,0,0,1,0,0,1,0.43388373911755823,-0.900968867902419,0.49999999999999994,-0.8660254037844387
890,26.3,0,0,0,1,0,0,1,0.43388373911755823,-0.900968867902419,0.258819045102521,-0.9659258262890682
996,27.0,0,0,0,1,0,1,0,0.43388373911755823,-0.900968867902419,1.2246467991473532e-16,-1.0
929,28.1,0,0,0,1,0,1,0,0.43388373911755823,-0.900968867902419,-0.2588190451025208,-0.9659258262890683
933,28.3,0,0,0,1,0,0,1,0.43388373911755823,-0.900968867902419,-0.4999999999999997,-0.8660254037844388
1011,28.8,0,0,0,1,0,1,0,0.43388373911755823,-0.900968867902419,-0.7071067811865471,-0.7071067811865479
1105,28.2,0,0,0,1,0,1,0,0.43388373911755823,-0.900968867902419,-0.8660254037844385,-0.5000000000000004
1381,27.3,0,0,0,1,0,0,1,0.43388373911755823,-0.900968867902419,-0.9659258262890683,-0.25881904510252063
2594,26.8,0,0,0,1,0,0,1,0.43388373911755823,-0.900968867902419,-1.0,-1.8369701987210297e-16
2309,26.7,0,0,0,1,0,0,1,0.43388373911755823,-0.900968867902419,-0.9659258262890684,0.2588190451025203
2122,25.8,0,0,0,1,0,0,1,0.43388373911755823,-0.900968867902419,-0.8660254037844386,0.5000000000000001
2063,25.2,0,0,0,1,0,0,1,0.43388373911755823,-0.900968867902419,-0.7071067811865477,0.7071067811865474
1941,24.4,0,0,0,1,0,0,1,0.43388373911755823,-0.900968867902419,-0.5000000000000004,0.8660254037844384
1406,23.9,0,0,0,1,0,0,1,0.43388373911755823,-0.900968867902419,-0.25881904510252157,0.9659258262890681
1075,23.5,0,0,0,1,0,0,1,-0.433883739117558,-0.9009688679024191,0.0,1.0
839,23.1,0,0,0,1,0,0,1,-0.433883739117558,-0.9009688679024191,0.25881904510252074,0.9659258262890683
558,22.8,0,0,0,1,0,0,1,-0.433883739117558,-0.9009688679024191,0.49999999999999994,0.8660254037844387
403,22.6,0,0,0,1,0,0,1,-0.433883739117558,-0.9009688679024191,0.7071067811865476,0.7071067811865476
273,22.6,0,0,0,1,0,0,1,-0.433883739117558,-0.9009688679024191,0.8660254037844386,0.5000000000000001
311,22.5,0,0,0,1,0,0,1,-0.433883739117558,-0.9009688679024191,0.9659258262890683,0.25881904510252074
723,22.4,0,0,0,1,0,0,1,-0.433883739117558,-0.9009688679024191,1.0,6.123233995736766e-17
1449,22.6,0,0,0,1,0,0,1,-0.433883739117558,-0.9009688679024191,0.9659258262890683,-0.25881904510252063
2273,23.2,0,0,0,1,0,0,1,-0.433883739117558,-0.9009688679024191,0.8660254037844387,-0.4999999999999998
1318,23.3,0,0,0,1,0,0,1,-0.433883739117558,-0.9009688679024191,0.7071067811865476,-0.7071067811865475
998,23.7,0,0,0,1,0,1,0,-0.433883739117558,-0.9009688679024191,0.49999999999999994,-0.8660254037844387
1024,23.9,0,0,0,1,0,1,0,-0.433883739117558,-0.9009688679024191,0.258819045102521,-0.9659258262890682
1216,25.7,0,0,0,1,0,1,0,-0.433883739117558,-0.9009688679024191,1.2246467991473532e-16,-1.0
1210,26.2,0,0,0,1,0,1,0,-0.433883739117558,-0.9009688679024191,-0.2588190451025208,-0.9659258262890683
1209,27.0,0,0,0,1,0,1,0,-0.433883739117558,-0.9009688679024191,-0.4999999999999997,-0.8660254037844388
1346,26.9,0,0,0,1,0,1,0,-0.433883739117558,-0.9009688679024191,-0.7071067811865471,-0.7071067811865479
1635,26.6,0,0,0,1,0,1,0,-0.433883739117558,-0.9009688679024191,-0.8660254037844385,-0.5000000000000004
2282,26.6,0,0,0,1,0,1,0,-0.433883739117558,-0.9009688679024191,-0.9659258262890683,-0.25881904510252063
3196,25.9,0,0,0,1,0,0,1,-0.433883739117558,-0.9009688679024191,-1.0,-1.8369701987210297e-16
2557,25.0,0,0,0,1,0,0,1,-0.433883739117558,-0.9009688679024191,-0.9659258262890684,0.2588190451025203
2223,23.8,0,0,0,1,0,0,1,-0.433883739117558,-0.9009688679024191,-0.8660254037844386,0.5000000000000001
2183,23.1,0,0,0,1,0,0,1,-0.433883739117558,-0.9009688679024191,-0.7071067811865477,0.7071067811865474
1917,22.5,0,0,0,1,0,0,1,-0.433883739117558,-0.9009688679024191,-0.5000000000000004,0.8660254037844384
1458,22.0,0,0,0,1,0,0,1,-0.433883739117558,-0.9009688679024191,-0.25881904510252157,0.9659258262890681
1191,21.5,0,0,0,1,0,0,1,-0.9749279121818236,-0.2225209339563146,0.0,1.0
1079,21.1,0,0,0,1,0,0,1,-0.9749279121818236,-0.2225209339563146,0.25881904510252074,0.9659258262890683
760,20.7,0,0,0,1,0,0,1,-0.9749279121818236,-0.2225209339563146,0.49999999999999994,0.8660254037844387
545,20.4,0,0,0,1,0,0,1,-0.9749279121818236,-0.2225209339563146,0.7071067811865476,0.7071067811865476
331,20.0,0,0,0,1,0,0,1,-0.9749279121818236,-0.2225209339563146,0.8660254037844386,0.5000000000000001
273,19.8,0,0,0,1,0,0,1,-0.9749279121818236,-0.2225209339563146,0.9659258262890683,0.25881904510252074
396,19.5,0,0,0,1,0,0,1,-0.9749279121818236,-0.2225209339563146,1.0,6.123233995736766e-17
567,19.6,0,0,0,1,0,0,1,-0.9749279121818236,-0.2225209339563146,0.9659258262890683,-0.25881904510252063
832,21.2,0,0,0,1,0,1,0,-0.9749279121818236,-0.2225209339563146,0.8660254037844387,-0.4999999999999998
1009,22.6,0,0,0,1,0,1,0,-0.9749279121818236,-0.2225209339563146,0.7071067811865476,-0.7071067811865475
1050,24.0,0,0,0,1,0,1,0,-0.9749279121818236,-0.2225209339563146,0.49999999999999994,-0.8660254037844387
1129,25.0,0,0,0,1,0,1,0,-0.9749279121818236,-0.2225209339563146,0.258819045102521,-0.9659258262890682
1328,26.4,0,0,0,1,0,1,0,-0.9749279121818236,-0.2225209339563146,1.2246467991473532e-16,-1.0
1399,27.5,0,0,0,1,0,1,0,-0.9749279121818236,-0.2225209339563146,-0.2588190451025208,-0.9659258262890683
1430,28.3,0,0,0,1,0,1,0,-0.9749279121818236,-0.2225209339563146,-0.4999999999999997,-0.8660254037844388
1579,28.7,0,0,0,1,0,1,0,-0.9749279121818236,-0.2225209339563146,-0.7071067811865471,-0.7071067811865479
1764,28.9,0,0,0,1,0,1,0,-0.9749279121818236,-0.2225209339563146,-0.8660254037844385,-0.5000000000000004
2020,28.9,0,0,0,1,0,1,0,-0.9749279121818236,-0.2225209339563146,-0.9659258262890683,-0.25881904510252063
2238,27.8,0,0,0,1,0,1,0,-0.9749279121818236,-0.2225209339563146,-1.0,-1.8369701987210297e-16
2352,26.1,0,0,0,1,0,0,1,-0.9749279121818236,-0.2225209339563146,-0.9659258262890684,0.2588190451025203
2232,24.6,0,0,0,1,0,0,1,-0.9749279121818236,-0.2225209339563146,-0.8660254037844386,0.5000000000000001
2235,23.4,0,0,0,1,0,0,1,-0.9749279121818236,-0.2225209339563146,-0.7071067811865477,0.7071067811865474
1921,22.6,0,0,0,1,0,0,1,-0.9749279121818236,-0.2225209339563146,-0.5000000000000004,0.8660254037844384
1416,21.7,0,0,0,1,0,0,1,-0.9749279121818236,-0.2225209339563146,-0.25881904510252157,0.9659258262890681
1208,20.7,0,0,0,1,0,0,1,-0.7818314824680299,0.6234898018587334,0.0,1.0
946,19.9,0,0,0,1,0,0,1,-0.7818314824680299,0.6234898018587334,0.25881904510252074,0.9659258262890683
648,19.3,0,0,0,1,0,0,1,-0.7818314824680299,0.6234898018587334,0.49999999999999994,0.8660254037844387
460,18.8,0,0,0,1,0,0,1,-0.7818314824680299,0.6234898018587334,0.7071067811865476,0.7071067811865476
277,18.4,0,0,0,1,0,0,1,-0.7818314824680299,0.6234898018587334,0.8660254037844386,0.5000000000000001
253,18.1,0,0,0,1,0,0,1,-0.7818314824680299,0.6234898018587334,0.9659258262890683,0.25881904510252074
267,17.8,0,0,0,1,0,0,1,-0.7818314824680299,0.6234898018587334,1.0,6.123233995736766e-17
410,18.2,0,0,0,1,0,0,1,-0.7818314824680299,0.6234898018587334,0.9659258262890683,-0.25881904510252063
684,19.1,0,0,0,1,0,0,1,-0.7818314824680299,0.6234898018587334,0.8660254037844387,-0.4999999999999998
787,20.8,0,0,0,1,0,1,0,-0.7818314824680299,0.6234898018587334,0.7071067811865476,-0.7071067811865475
867,22.5,0,0,0,1,0,1,0,-0.7818314824680299,0.6234898018587334,0.49999999999999994,-0.8660254037844387
1053,23.8,0,0,0,1,0,1,0,-0.7818314824680299,0.6234898018587334,0.258819045102521,-0.9659258262890682
1237,25.0,0,0,0,1,0,1,0,-0.7818314824680299,0.6234898018587334,1.2246467991473532e-16,-1.0
1442,26.1,0,0,0,1,0,1,0,-0.7818314824680299,0.6234898018587334,-0.2588190451025208,-0.9659258262890683
1517,27.1,0,0,0,1,0,1,0,-0.7818314824680299,0.6234898018587334,-0.4999999999999997,-0.8660254037844388
1693,27.6,0,0,0,1,0,1,0,-0.7818314824680299,0.6234898018587334,-0.7071067811865471,-0.7071067811865479
2070,27.9,0,0,0,1,0,1,0,-0.7818314824680299,0.6234898018587334,-0.8660254037844385,-0.5000000000000004
2266,27.4,0,0,0,1,0,1,0,-0.7818314824680299,0.6234898018587334,-0.9659258262890683,-0.25881904510252063
2351,26.7,0,0,0,1,0,0,1,-0.7818314824680299,0.6234898018587334,-1.0,-1.8369701987210297e-16
2272,26.3,0,0,0,1,0,0,1,-0.7818314824680299,0.6234898018587334,-0.9659258262890684,0.2588190451025203
2348,25.7,0,0,0,1,0,0,1,-0.7818314824680299,0.6234898018587334,-0.8660254037844386,0.5000000000000001
2055,25.3,0,0,0,1,0,0,1,-0.7818314824680299,0.6234898018587334,-0.7071067811865477,0.7071067811865474
1717,25.0,0,0,0,1,0,0,1,-0.7818314824680299,0.6234898018587334,-0.5000000000000004,0.8660254037844384
1252,24.6,0,0,0,1,0,0,1,-0.7818314824680299,0.6234898018587334,-0.25881904510252157,0.9659258262890681
900,24.2,0,0,0,1,0,0,1,0.0,1.0,0.0,1.0
554,23.7,0,0,0,1,0,0,1,0.0,1.0,0.25881904510252074,0.9659258262890683
387,22.7,0,0,0,1,0,0,1,0.0,1.0,0.49999999999999994,0.8660254037844387
285,21.9,0,0,0,1,0,0,1,0.0,1.0,0.7071067811865476,0.7071067811865476
206,21.4,0,0,0,1,0,0,1,0.0,1.0,0.8660254037844386,0.5000000000000001
301,21.1,0,0,0,1,0,0,1,0.0,1.0,0.9659258262890683,0.25881904510252074
486,21.0,0,0,0,1,0,0,1,0.0,1.0,1.0,6.123233995736766e-17
451,20.9,0,0,0,1,0,0,1,0.0,1.0,0.9659258262890683,-0.25881904510252063
670,20.7,0,0,0,1,1,0,0,0.0,1.0,0.8660254037844387,-0.4999999999999998
575,21.1,0,0,0,1,0,0,1,0.0,1.0,0.7071067811865476,-0.7071067811865475
217,21.1,0,0,0,1,0,0,1,0.0,1.0,0.49999999999999994,-0.8660254037844387
186,20.6,0,0,0,1,1,0,0,0.0,1.0,0.258819045102521,-0.9659258262890682
71,20.7,0,0,0,1,0,0,1,0.0,1.0,1.2246467991473532e-16,-1.0
99,20.3,0,0,0,1,1,0,0,0.0,1.0,-0.2588190451025208,-0.9659258262890683
110,20.2,0,0,0,1,1,0,0,0.0,1.0,-0.4999999999999997,-0.8660254037844388
59,20.3,0,0,0,1,0,0,1,0.0,1.0,-0.7071067811865471,-0.7071067811865479
68,20.2,0,0,0,1,1,0,0,0.0,1.0,-0.8660254037844385,-0.5000000000000004
104,20.3,0,0,0,1,1,0,0,0.0,1.0,-0.9659258262890683,-0.25881904510252063
140,20.3,0,0,0,1,1,0,0,0.0,1.0,-1.0,-1.8369701987210297e-16
68,20.4,0,0,0,1,1,0,0,0.0,1.0,-0.9659258262890684,0.2588190451025203
48,20.3,0,0,0,1,1,0,0,0.0,1.0,-0.8660254037844386,0.5000000000000001
95,20.3,0,0,0,1,1,0,0,0.0,1.0,-0.7071067811865477,0.7071067811865474
71,20.4,0,0,0,1,1,0,0,0.0,1.0,-0.5000000000000004,0.8660254037844384
40,20.4,0,0,0,1,1,0,0,0.0,1.0,-0.25881904510252157,0.9659258262890681
29,20.4,0,0,0,1,1,0,0,0.7818314824680298,0.6234898018587336,0.0,1.0
39,20.4,0,0,0,1,1,0,0,0.7818314824680298,0.6234898018587336,0.25881904510252074,0.9659258262890683
84,20.5,0,0,0,1,1,0,0,0.7818314824680298,0.6234898018587336,0.49999999999999994,0.8660254037844387
136,20.6,0,0,0,1,1,0,0,0.7818314824680298,0.6234898018587336,0.7071067811865476,0.7071067811865476
133,20.6,0,0,0,1,0,0,1,0.7818314824680298,0.6234898018587336,0.8660254037844386,0.5000000000000001
174,20.6,0,0,0,1,0,0,1,0.7818314824680298,0.6234898018587336,0.9659258262890683,0.25881904510252074
534,20.7,0,0,0,1,0,0,1,0.7818314824680298,0.6234898018587336,1.0,6.123233995736766e-17
1209,21.1,0,0,0,1,0,0,1,0.7818314824680298,0.6234898018587336,0.9659258262890683,-0.25881904510252063
2017,21.7,0,0,0,1,0,0,1,0.7818314824680298,0.6234898018587336,0.8660254037844387,-0.4999999999999998
1061,22.3,0,0,0,1,0,0,1,0.7818314824680298,0.6234898018587336,0.7071067811865476,-0.7071067811865475
768,22.6,0,0,0,1,0,0,1,0.7818314824680298,0.6234898018587336,0.49999999999999994,-0.8660254037844387
909,23.2,0,0,0,1,0,0,1,0.7818314824680298,0.6234898018587336,0.258819045102521,-0.9659258262890682
1035,24.1,0,0,0,1,0,0,1,0.7818314824680298,0.6234898018587336,1.2246467991473532e-16,-1.0
1074,25.2,0,0,0,1,0,1,0,0.7818314824680298,0.6234898018587336,-0.2588190451025208,-0.9659258262890683
1142,25.5,0,0,0,1,0,0,1,0.7818314824680298,0.6234898018587336,-0.4999999999999997,-0.8660254037844388
1169,25.7,0,0,0,1,0,0,1,0.7818314824680298,0.6234898018587336,-0.7071067811865471,-0.7071067811865479
1462,26.3,0,0,0,1,0,0,1,0.7818314824680298,0.6234898018587336,-0.8660254037844385,-0.5000000000000004
1603,26.5,0,0,0,1,0,0,1,0.7818314824680298,0.6234898018587336,-0.9659258262890683,-0.25881904510252063
1665,26.2,0,0,0,1,0,0,1,0.7818314824680298,0.6234898018587336,-1.0,-1.8369701987210297e-16
794,25.7,0,0,0,1,1,0,0,0.7818314824680298,0.6234898018587336,-0.9659258262890684,0.2588190451025203
908,25.3,0,0,0,1,0,0,1,0.7818314824680298,0.6234898018587336,-0.8660254037844386,0.5000000000000001
1352,25.1,0,0,0,1,0,0,1,0.7818314824680298,0.6234898018587336,-0.7071067811865477,0.7071067811865474
971,25.0,0,0,0,1,0,0,1,0.7818314824680298,0.6234898018587336,-0.5000000000000004,0.8660254037844384
373,24.9,0,0,0,1,0,0,1,0.7818314824680298,0.6234898018587336,-0.25881904510252157,0.9659258262890681
240,24.6,0,0,0,1,1,0,0,0.9749279121818236,-0.22252093395631434,0.0,1.0
240,24.6,0,0,0,1,1,0,0,0.9749279121818236,-0.22252093395631434,0.25881904510252074,0.9659258262890683
236,24.5,0,0,0,1,1,0,0,0.9749279121818236,-0.22252093395631434,0.49999999999999994,0.8660254037844387
157,24.5,0,0,0,1,1,0,0,0.9749279121818236,-0.22252093395631434,0.7071067811865476,0.7071067811865476
71,24.5,0,0,0,1,1,0,0,0.9749279121818236,-0.22252093395631434,0.8660254037844386,0.5000000000000001
76,24.5,0,0,0,1,1,0,0,0.9749279121818236,-0.22252093395631434,0.9659258262890683,0.25881904510252074
187,24.5,0,0,0,1,1,0,0,0.9749279121818236,-0.22252093395631434,1.0,6.123233995736766e-17
303,24.6,0,0,0,1,1,0,0,0.9749279121818236,-0.22252093395631434,0.9659258262890683,-0.25881904510252063
827,25.1,0,0,0,1,1,0,0,0.9749279121818236,-0.22252093395631434,0.8660254037844387,-0.4999999999999998
634,25.6,0,0,0,1,1,0,0,0.9749279121818236,-0.22252093395631434,0.7071067811865476,-0.7071067811865475
581,26.3,0,0,0,1,1,0,0,0.9749279121818236,-0.22252093395631434,0.49999999999999994,-0.8660254037844387
792,27.2,0,0,0,1,0,0,1,0.9749279121818236,-0.22252093395631434,0.258819045102521,-0.9659258262890682
964,28.1,0,0,0,1,0,0,1,0.9749279121818236,-0.22252093395631434,1.2246467991473532e-16,-1.0
991,28.7,0,0,0,1,0,1,0,0.9749279121818236,-0.22252093395631434,-0.2588190451025208,-0.9659258262890683
1052,29.2,0,0,0,1,0,1,0,0.9749279121818236,-0.22252093395631434,-0.4999999999999997,-0.8660254037844388
1106,29.4,0,0,0,1,0,1,0,0.9749279121818236,-0.22252093395631434,-0.7071067811865471,-0.7071067811865479
1344,28.7,0,0,0,1,0,0,1,0.9749279121818236,-0.22252093395631434,-0.8660254037844385,-0.5000000000000004
1923,28.7,0,0,0,1,0,0,1,0.9749279121818236,-0.22252093395631434,-0.9659258262890683,-0.25881904510252063
2931,28.4,0,0,0,1,0,0,1,0.9749279121818236,-0.22252093395631434,-1.0,-1.8369701987210297e-16
2328,28.2,0,0,0,1,0,0,1,0.9749279121818236,-0.22252093395631434,-0.9659258262890684,0.2588190451025203
2048,27.7,0,0,0,1,0,0,1,0.9749279121818236,-0.22252093395631434,-0.8660254037844386,0.5000000000000001
1936,27.3,0,0,0,1,0,0,1,0.9749279121818236,-0.22252093395631434,-0.7071067811865477,0.7071067811865474
1870,27.1,0,0,0,1,0,0,1,0.9749279121818236,-0.22252093395631434,-0.5000000000000004,0.8660254037844384
1298,26.9,0,0,0,1,0,0,1,0.9749279121818236,-0.22252093395631434,-0.25881904510252157,0.9659258262890681
938,26.7,0,0,0,1,0,0,1,0.43388373911755823,-0.900968867902419,0.0,1.0
787,26.6,0,0,0,1,0,0,1,0.43388373911755823,-0.900968867902419,0.25881904510252074,0.9659258262890683
517,26.3,0,0,0,1,0,0,1,0.43388373911755823,-0.900968867902419,0.49999999999999994,0.8660254037844387
322,26.2,0,0,0,1,0,0,1,0.43388373911755823,-0.900968867902419,0.7071067811865476,0.7071067811865476
159,26.1,0,0,0,1,0,0,1,0.43388373911755823,-0.900968867902419,0.8660254037844386,0.5000000000000001
231,25.9,0,0,0,1,1,0,0,0.43388373911755823,-0.900968867902419,0.9659258262890683,0.25881904510252074
593,25.6,0,0,0,1,0,0,1,0.43388373911755823,-0.900968867902419,1.0,6.123233995736766e-17
1279,25.9,0,0,0,1,0,0,1,0.43388373911755823,-0.900968867902419,0.9659258262890683,-0.25881904510252063
1811,26.3,0,0,0,1,0,0,1,0.43388373911755823,-0.900968867902419,0.8660254037844387,-0.4999999999999998
982,26.5,0,0,0,1,0,0,1,0.43388373911755823,-0.900968867902419,0.7071067811865476,-0.7071067811865475
746,26.7,0,0,0,1,1,0,0,0.43388373911755823,-0.900968867902419,0.49999999999999994,-0.8660254037844387
805,27.4,0,0,0,1,0,0,1,0.43388373911755823,-0.900968867902419,0.258819045102521,-0.9659258262890682
991,27.4,0,0,0,1,0,0,1,0.43388373911755823,-0.900968867902419,1.2246467991473532e-16,-1.0
959,27.7,0,0,0,1,0,0,1,0.43388373911755823,-0.900968867902419,-0.2588190451025208,-0.9659258262890683
976,27.8,0,0,0,1,0,0,1,0.43388373911755823,-0.900968867902419,-0.4999999999999997,-0.8660254037844388
1163,28.0,0,0,0,1,0,0,1,0.43388373911755823,-0.900968867902419,-0.7071067811865471,-0.7071067811865479
1296,28.1,0,0,0,1,0,1,0,0.43388373911755823,-0.900968867902419,-0.8660254037844385,-0.5000000000000004
1915,27.9,0,0,0,1,0,0,1,0.43388373911755823,-0.900968867902419,-0.9659258262890683,-0.25881904510252063
3016,27.5,0,0,0,1,0,0,1,0.43388373911755823,-0.900968867902419,-1.0,-1.8369701987210297e-16
2313,27.4,0,0,0,1,0,0,1,0.43388373911755823,-0.900968867902419,-0.9659258262890684,0.2588190451025203
2214,26.9,0,0,0,1,0,0,1,0.43388373911755823,-0.900968867902419,-0.8660254037844386,0.5000000000000001
2115,26.3,0,0,0,1,0,0,1,0.43388373911755823,-0.900968867902419,-0.7071067811865477,0.7071067811865474
1945,25.9,0,0,0,1,0,0,1,0.43388373911755823,-0.900968867902419,-0.5000000000000004,0.8660254037844384
1355,25.5,0,0,0,1,0,0,1,0.43388373911755823,-0.900968867902419,-0.25881904510252157,0.9659258262890681
1006,25.1,0,0,0,1,0,0,1,-0.433883739117558,-0.9009688679024191,0.0,1.0
760,24.8,0,0,0,1,0,0,1,-0.433883739117558,-0.9009688679024191,0.25881904510252074,0.9659258262890683
600,24.9,0,0,0,1,0,0,1,-0.433883739117558,-0.9009688679024191,0.49999999999999994,0.8660254037844387
377,24.9,0,0,0,1,0,0,1,-0.433883739117558,-0.9009688679024191,0.7071067811865476,0.7071067811865476
241,24.8,0,0,0,1,0,0,1,-0.433883739117558,-0.9009688679024191,0.8660254037844386,0.5000000000000001
301,24.8,0,0,0,1,0,0,1,-0.433883739117558,-0.9009688679024191,0.9659258262890683,0.25881904510252074
665,24.8,0,0,0,1,0,0,1,-0.433883739117558,-0.9009688679024191,1.0,6.123233995736766e-17
1321,25.0,0,0,0,1,0,0,1,-0.433883739117558,-0.9009688679024191,0.9659258262890683,-0.25881904510252063
2114,25.5,0,0,0,1,0,0,1,-0.433883739117558,-0.9009688679024191,0.8660254037844387,-0.4999999999999998
1240,26.6,0,0,0,1,0,0,1,-0.433883739117558,-0.9009688679024191,0.7071067811865476,-0.7071067811865475
836,27.4,0,0,0,1,0,0,1,-0.433883739117558,-0.9009688679024191,0.49999999999999994,-0.8660254037844387
887,27.5,0,0,0,1,0,1,0,-0.433883739117558,-0.9009688679024191,0.258819045102521,-0.9659258262890682
1013,28.3,0,0,0,1,0,1,0,-0.433883739117558,-0.9009688679024191,1.2246467991473532e-16,-1.0
1046,28.9,0,0,0,1,0,1,0,-0.433883739117558,-0.9009688679024191,-0.2588190451025208,-0.9659258262890683
999,29.5,0,0,0,1,0,1,0,-0.433883739117558,-0.9009688679024191,-0.4999999999999997,-0.8660254037844388
1094,30.2,0,0,0,1,0,1,0,-0.433883739117558,-0.9009688679024191,-0.7071067811865471,-0.7071067811865479
1291,30.0,0,0,0,1,0,1,0,-0.433883739117558,-0.9009688679024191,-0.8660254037844385,-0.5000000000000004
1782,30.1,0,0,0,1,0,1,0,-0.433883739117558,-0.9009688679024191,-0.9659258262890683,-0.25881904510252063
2884,30.8,0,0,0,1,0,1,0,-0.433883739117558,-0.9009688679024191,-1.0,-1.8369701987210297e-16
2320,29.8,0,0,0,1,0,0,1,-0.433883739117558,-0.9009688679024191,-0.9659258262890684,0.2588190451025203
2069,28.2,0,0,0,1,0,0,1,-0.433883739117558,-0.9009688679024191,-0.8660254037844386,0.5000000000000001
1924,27.2,0,0,0,1,0,0,1,-0.433883739117558,-0.9009688679024191,-0.7071067811865477,0.7071067811865474
1879,26.7,0,0,0,1,0,0,1,-0.433883739117558,-0.9009688679024191,-0.5000000000000004,0.8660254037844384
1439,26.2,0,0,0,1,0,0,1,-0.433883739117558,-0.9009688679024191,-0.25881904510252157,0.9659258262890681
1169,25.7,0,0,0,1,0,0,1,-0.9749279121818236,-0.2225209339563146,0.0,1.0
1062,25.4,0,0,0,1,0,0,1,-0.9749279121818236,-0.2225209339563146,0.25881904510252074,0.9659258262890683
783,25.3,0,0,0,1,0,0,1,-0.9749279121818236,-0.2225209339563146,0.49999999999999994,0.8660254037844387
545,25.2,0,0,0,1,0,0,1,-0.9749279121818236,-0.2225209339563146,0.7071067811865476,0.7071067811865476
307,25.1,0,0,0,1,0,0,1,-0.9749279121818236,-0.2225209339563146,0.8660254037844386,0.5000000000000001
266,24.8,0,0,0,1,0,0,1,-0.9749279121818236,-0.2225209339563146,0.9659258262890683,0.25881904510252074
356,24.6,0,0,0,1,0,0,1,-0.9749279121818236,-0.2225209339563146,1.0,6.123233995736766e-17
537,24.9,0,0,0,1,0,0,1,-0.9749279121818236,-0.2225209339563146,0.9659258262890683,-0.25881904510252063
787,26.1,0,0,0,1,0,0,1,-0.9749279121818236,-0.2225209339563146,0.8660254037844387,-0.4999999999999998
909,27.0,0,0,0,1,0,0,1,-0.9749279121818236,-0.2225209339563146,0.7071067811865476,-0.7071067811865475
910,27.8,0,0,0,1,0,0,1,-0.9749279121818236,-0.2225209339563146,0.49999999999999994,-0.8660254037844387
945,29.0,0,0,0,1,0,1,0,-0.9749279121818236,-0.2225209339563146,0.258819045102521,-0.9659258262890682
1039,30.2,0,0,0,1,0,0,1,-0.9749279121818236,-0.2225209339563146,1.2246467991473532e-16,-1.0
1078,30.7,0,0,0,1,0,1,0,-0.9749279121818236,-0.2225209339563146,-0.2588190451025208,-0.9659258262890683
1038,30.7,0,0,0,1,0,1,0,-0.9749279121818236,-0.2225209339563146,-0.4999999999999997,-0.8660254037844388
1058,31.1,0,0,0,1,0,1,0,-0.9749279121818236,-0.2225209339563146,-0.7071067811865471,-0.7071067811865479
1177,31.7,0,0,0,1,0,1,0,-0.9749279121818236,-0.2225209339563146,-0.8660254037844385,-0.5000000000000004
1433,31.5,0,0,0,1,0,0,1,-0.9749279121818236,-0.2225209339563146,-0.9659258262890683,-0.25881904510252063
1624,31.1,0,0,0,1,0,1,0,-0.9749279121818236,-0.2225209339563146,-1.0,-1.8369701987210297e-16
1797,30.4,0,0,0,1,0,0,1,-0.9749279121818236,-0.2225209339563146,-0.9659258262890684,0.2588190451025203
2023,29.2,0,0,0,1,0,0,1,-0.9749279121818236,-0.2225209339563146,-0.8660254037844386,0.5000000000000001
2011,28.2,0,0,0,1,0,0,1,-0.9749279121818236,-0.2225209339563146,-0.7071067811865477,0.7071067811865474
1682,27.6,0,0,0,1,0,0,1,-0.9749279121818236,-0.2225209339563146,-0.5000000000000004,0.8660254037844384
1278,26.6,0,0,0,1,0,0,1,-0.9749279121818236,-0.2225209339563146,-0.25881904510252157,0.9659258262890681
1143,26.0,0,0,0,1,0,0,1,-0.7818314824680299,0.6234898018587334,0.0,1.0
868,25.5,0,0,0,1,0,0,1,-0.7818314824680299,0.6234898018587334,0.25881904510252074,0.9659258262890683
632,25.1,0,0,0,1,0,0,1,-0.7818314824680299,0.6234898018587334,0.49999999999999994,0.8660254037844387
443,24.8,0,0,0,1,0,0,1,-0.7818314824680299,0.6234898018587334,0.7071067811865476,0.7071067811865476
278,24.6,0,0,0,1,0,0,1,-0.7818314824680299,0.6234898018587334,0.8660254037844386,0.5000000000000001
223,24.5,0,0,0,1,0,0,1,-0.7818314824680299,0.6234898018587334,0.9659258262890683,0.25881904510252074
292,24.8,0,0,0,1,0,0,1,-0.7818314824680299,0.6234898018587334,1.0,6.123233995736766e-17
402,25.2,0,0,0,1,0,0,1,-0.7818314824680299,0.6234898018587334,0.9659258262890683,-0.25881904510252063
613,26.2,0,0,0,1,0,0,1,-0.7818314824680299,0.6234898018587334,0.8660254037844387,-0.4999999999999998
715,27.0,0,0,0,1,0,1,0,-0.7818314824680299,0.6234898018587334,0.7071067811865476,-0.7071067811865475
701,28.5,0,0,0,1,0,0,1,-0.7818314824680299,0.6234898018587334,0.49999999999999994,-0.8660254037844387
712,28.7,0,0,0,1,0,0,1,-0.7818314824680299,0.6234898018587334,0.258819045102521,-0.9659258262890682
803,30.1,0,0,0,1,0,0,1,-0.7818314824680299,0.6234898018587334,1.2246467991473532e-16,-1.0
810,31.4,0,0,0,1,0,0,1,-0.7818314824680299,0.6234898018587334,-0.2588190451025208,-0.9659258262890683
822,32.4,0,0,0,1,0,1,0,-0.7818314824680299,0.6234898018587334,-0.4999999999999997,-0.8660254037844388
946,32.9,0,0,0,1,0,1,0,-0.7818314824680299,0.6234898018587334,-0.7071067811865471,-0.7071067811865479
1125,32.8,0,0,0,1,0,1,0,-0.7818314824680299,0.6234898018587334,-0.8660254037844385,-0.5000000000000004
1247,32.7,0,0,0,1,0,1,0,-0.7818314824680299,0.6234898018587334,-0.9659258262890683,-0.25881904510252063
1466,32.2,0,0,0,1,0,1,0,-0.7818314824680299,0.6234898018587334,-1.0,-1.8369701987210297e-16
1847,31.2,0,0,0,1,0,0,1,-0.7818314824680299,0.6234898018587334,-0.9659258262890684,0.2588190451025203
2058,29.2,0,0,0,1,0,0,1,-0.7818314824680299,0.6234898018587334,-0.8660254037844386,0.5000000000000001
1924,28.1,0,0,0,1,0,0,1,-0.7818314824680299,0.6234898018587334,-0.7071067811865477,0.7071067811865474
1607,27.5,0,0,0,1,0,0,1,-0.7818314824680299,0.6234898018587334,-0.5000000000000004,0.8660254037844384
1113,27.0,0,0,0,1,0,0,1,-0.7818314824680299,0.6234898018587334,-0.25881904510252157,0.9659258262890681
732,26.5,0,0,0,1,0,0,1,0.0,1.0,0.0,1.0
498,25.9,0,0,0,1,0,0,1,0.0,1.0,0.25881904510252074,0.9659258262890683
469,25.4,0,0,0,1,0,0,1,0.0,1.0,0.49999999999999994,0.8660254037844387
276,25.1,0,0,0,1,0,0,1,0.0,1.0,0.7071067811865476,0.7071067811865476
211,24.6,0,0,0,1,0,0,1,0.0,1.0,0.8660254037844386,0.5000000000000001
324,24.3,0,0,0,1,0,0,1,0.0,1.0,0.9659258262890683,0.25881904510252074
703,24.0,0,0,0,1,0,0,1,0.0,1.0,1.0,6.123233995736766e-17
1344,24.5,0,0,0,1,0,0,1,0.0,1.0,0.9659258262890683,-0.25881904510252063
1935,26.4,0,0,0,1,0,1,0,0.0,1.0,0.8660254037844387,-0.4999999999999998
1014,28.0,0,0,0,1,0,1,0,0.0,1.0,0.7071067811865476,-0.7071067811865475
678,29.8,0,0,0,1,0,1,0,0.0,1.0,0.49999999999999994,-0.8660254037844387
688,31.5,0,0,0,1,0,0,1,0.0,1.0,0.258819045102521,-0.9659258262890682
719,32.4,0,0,0,1,0,1,0,0.0,1.0,1.2246467991473532e-16,-1.0
727,33.0,0,0,0,1,0,0,1,0.0,1.0,-0.2588190451025208,-0.9659258262890683
691,33.7,0,0,0,1,0,1,0,0.0,1.0,-0.4999999999999997,-0.8660254037844388
745,33.4,0,0,0,1,0,0,1,0.0,1.0,-0.7071067811865471,-0.7071067811865479
818,33.3,0,0,0,1,0,0,1,0.0,1.0,-0.8660254037844385,-0.5000000000000004
1425,33.0,0,0,0,1,0,0,1,0.0,1.0,-0.9659258262890683,-0.25881904510252063
2636,32.3,0,0,0,1,0,1,0,0.0,1.0,-1.0,-1.8369701987210297e-16
2368,31.2,0,0,0,1,0,0,1,0.0,1.0,-0.9659258262890684,0.2588190451025203
2362,29.3,0,0,0,1,0,0,1,0.0,1.0,-0.8660254037844386,0.5000000000000001
2241,28.0,0,0,0,1,0,0,1,0.0,1.0,-0.7071067811865477,0.7071067811865474
1934,27.2,0,0,0,1,0,0,1,0.0,1.0,-0.5000000000000004,0.8660254037844384
1285,26.6,0,0,0,1,0,0,1,0.0,1.0,-0.25881904510252157,0.9659258262890681
1003,26.4,0,0,0,1,0,0,1,0.7818314824680298,0.6234898018587336,0.0,1.0
692,25.8,0,0,0,1,0,0,1,0.7818314824680298,0.6234898018587336,0.25881904510252074,0.9659258262890683
497,25.3,0,0,0,1,0,0,1,0.7818314824680298,0.6234898018587336,0.49999999999999994,0.8660254037844387
372,24.8,0,0,0,1,0,0,1,0.7818314824680298,0.6234898018587336,0.7071067811865476,0.7071067811865476
222,24.4,0,0,0,1,0,0,1,0.7818314824680298,0.6234898018587336,0.8660254037844386,0.5000000000000001
372,24.1,0,0,0,1,0,0,1,0.7818314824680298,0.6234898018587336,0.9659258262890683,0.25881904510252074
713,24.0,0,0,0,1,0,0,1,0.7818314824680298,0.6234898018587336,1.0,6.123233995736766e-17
1356,24.4,0,0,0,1,0,0,1,0.7818314824680298,0.6234898018587336,0.9659258262890683,-0.25881904510252063
1955,25.8,0,0,0,1,0,0,1,0.7818314824680298,0.6234898018587336,0.8660254037844387,-0.4999999999999998
1031,27.5,0,0,0,1,0,0,1,0.7818314824680298,0.6234898018587336,0.7071067811865476,-0.7071067811865475
719,29.2,0,0,0,1,0,0,1,0.7818314824680298,0.6234898018587336,0.49999999999999994,-0.8660254037844387
797,30.4,0,0,0,1,0,0,1,0.7818314824680298,0.6234898018587336,0.258819045102521,-0.9659258262890682
803,30.8,0,0,0,1,0,0,1,0.7818314824680298,0.6234898018587336,1.2246467991473532e-16,-1.0
763,31.1,0,0,0,1,0,0,1,0.7818314824680298,0.6234898018587336,-0.2588190451025208,-0.9659258262890683
786,31.8,0,0,0,1,0,0,1,0.7818314824680298,0.6234898018587336,-0.4999999999999997,-0.8660254037844388
878,31.9,0,0,0,1,0,0,1,0.7818314824680298,0.6234898018587336,-0.7071067811865471,-0.7071067811865479
1062,32.0,0,0,0,1,0,0,1,0.7818314824680298,0.6234898018587336,-0.8660254037844385,-0.5000000000000004
1591,31.8,0,0,0,1,0,0,1,0.7818314824680298,0.6234898018587336,-0.9659258262890683,-0.25881904510252063
2770,31.3,0,0,0,1,0,1,0,0.7818314824680298,0.6234898018587336,-1.0,-1.8369701987210297e-16
2326,30.6,0,0,0,1,0,0,1,0.7818314824680298,0.6234898018587336,-0.9659258262890684,0.2588190451025203
2174,28.9,0,0,0,1,0,0,1,0.7818314824680298,0.6234898018587336,-0.8660254037844386,0.5000000000000001
2273,27.9,0,0,0,1,0,0,1,0.7818314824680298,0.6234898018587336,-0.7071067811865477,0.7071067811865474
1940,27.2,0,0,0,1,0,0,1,0.7818314824680298,0.6234898018587336,-0.5000000000000004,0.8660254037844384
1340,26.6,0,0,0,1,0,0,1,0.7818314824680298,0.6234898018587336,-0.25881904510252157,0.9659258262890681
1002,26.2,0,0,0,1,0,0,1,0.9749279121818236,-0.22252093395631434,0.0,1.0
741,25.7,0,0,0,1,0,0,1,0.9749279121818236,-0.22252093395631434,0.25881904510252074,0.9659258262890683
526,25.2,0,0,0,1,0,0,1,0.9749279121818236,-0.22252093395631434,0.49999999999999994,0.8660254037844387
381,24.7,0,0,0,1,0,0,1,0.9749279121818236,-0.22252093395631434,0.7071067811865476,0.7071067811865476
266,24.3,0,0,0,1,0,0,1,0.9749279121818236,-0.22252093395631434,0.8660254037844386,0.5000000000000001
327,23.9,0,0,0,1,0,0,1,0.9749279121818236,-0.22252093395631434,0.9659258262890683,0.25881904510252074
695,23.7,0,0,0,1,0,0,1,0.9749279121818236,-0.22252093395631434,1.0,6.123233995736766e-17
1308,24.2,0,0,0,1,0,0,1,0.9749279121818236,-0.22252093395631434,0.9659258262890683,-0.25881904510252063
1944,25.8,0,0,0,1,0,0,1,0.9749279121818236,-0.22252093395631434,0.8660254037844387,-0.4999999999999998
982,27.2,0,0,0,1,0,0,1,0.9749279121818236,-0.22252093395631434,0.7071067811865476,-0.7071067811865475
722,28.9,0,0,0,1,0,0,1,0.9749279121818236,-0.22252093395631434,0.49999999999999994,-0.8660254037844387
701,30.2,0,0,0,1,0,0,1,0.9749279121818236,-0.22252093395631434,0.258819045102521,-0.9659258262890682
780,31.2,0,0,0,1,0,0,1,0.9749279121818236,-0.22252093395631434,1.2246467991473532e-16,-1.0
778,32.1,0,0,0,1,0,0,1,0.9749279121818236,-0.22252093395631434,-0.2588190451025208,-0.9659258262890683
762,32.7,0,0,0,1,0,0,1,0.9749279121818236,-0.22252093395631434,-0.4999999999999997,-0.8660254037844388
776,32.9,0,0,0,1,0,0,1,0.9749279121818236,-0.22252093395631434,-0.7071067811865471,-0.7071067811865479
912,33.1,0,0,0,1,0,1,0,0.9749279121818236,-0.22252093395631434,-0.8660254037844385,-0.5000000000000004
1596,32.6,0,0,0,1,0,1,0,0.9749279121818236,-0.22252093395631434,-0.9659258262890683,-0.25881904510252063
2692,32.0,0,0,0,1,0,0,1,0.9749279121818236,-0.22252093395631434,-1.0,-1.8369701987210297e-16
2281,30.6,0,0,0,1,0,0,1,0.9749279121818236,-0.22252093395631434,-0.9659258262890684,0.2588190451025203
2202,28.8,0,0,0,1,0,0,1,0.9749279121818236,-0.22252093395631434,-0.8660254037844386,0.5000000000000001
2188,28.0,0,0,0,1,0,0,1,0.9749279121818236,-0.22252093395631434,-0.7071067811865477,0.7071067811865474
1980,27.2,0,0,0,1,0,0,1,0.9749279121818236,-0.22252093395631434,-0.5000000000000004,0.8660254037844384
1354,26.4,0,0,0,1,0,0,1,0.9749279121818236,-0.22252093395631434,-0.25881904510252157,0.9659258262890681
1068,25.9,0,0,0,1,0,0,1,0.43388373911755823,-0.900968867902419,0.0,1.0
824,25.4,0,0,0,1,0,0,1,0.43388373911755823,-0.900968867902419,0.25881904510252074,0.9659258262890683
591,24.8,0,0,0,1,0,0,1,0.43388373911755823,-0.900968867902419,0.49999999999999994,0.8660254037844387
393,24.4,0,0,0,1,0,0,1,0.43388373911755823,-0.900968867902419,0.7071067811865476,0.7071067811865476
231,24.0,0,0,0,1,0,0,1,0.43388373911755823,-0.900968867902419,0.8660254037844386,0.5000000000000001
329,23.6,0,0,0,1,0,0,1,0.43388373911755823,-0.900968867902419,0.9659258262890683,0.25881904510252074
672,23.3,0,0,0,1,0,0,1,0.43388373911755823,-0.900968867902419,1.0,6.123233995736766e-17
1315,23.6,0,0,0,1,0,0,1,0.43388373911755823,-0.900968867902419,0.9659258262890683,-0.25881904510252063
1993,25.5,0,0,0,1,0,0,1,0.43388373911755823,-0.900968867902419,0.8660254037844387,-0.4999999999999998
985,27.6,0,0,0,1,0,0,1,0.43388373911755823,-0.900968867902419,0.7071067811865476,-0.7071067811865475
695,29.4,0,0,0,1,0,0,1,0.43388373911755823,-0.900968867902419,0.49999999999999994,-0.8660254037844387
687,30.7,0,0,0,1,0,1,0,0.43388373911755823,-0.900968867902419,0.258819045102521,-0.9659258262890682
828,31.7,0,0,0,1,0,1,0,0.43388373911755823,-0.900968867902419,1.2246467991473532e-16,-1.0
798,32.6,0,0,0,1,0,1,0,0.43388373911755823,-0.900968867902419,-0.2588190451025208,-0.9659258262890683
722,33.1,0,0,0,1,0,1,0,0.43388373911755823,-0.900968867902419,-0.4999999999999997,-0.8660254037844388
827,33.7,0,0,0,1,0,1,0,0.43388373911755823,-0.900968867902419,-0.7071067811865471,-0.7071067811865479
1017,33.7,0,0,0,1,0,1,0,0.43388373911755823,-0.900968867902419,-0.8660254037844385,-0.5000000000000004
1536,34.0,0,0,0,1,0,1,0,0.43388373911755823,-0.900968867902419,-0.9659258262890683,-0.25881904510252063
2640,33.0,0,0,0,1,0,1,0,0.43388373911755823,-0.900968867902419,-1.0,-1.8369701987210297e-16
2245,31.6,0,0,0,1,0,0,1,0.43388373911755823,-0.900968867902419,-0.9659258262890684,0.2588190451025203
2114,29.8,0,0,0,1,0,0,1,0.43388373911755823,-0.900968867902419,-0.8660254037844386,0.5000000000000001
2122,28.8,0,0,0,1,0,0,1,0.43388373911755823,-0.900968867902419,-0.7071067811865477,0.7071067811865474
1870,28.0,0,0,0,1,0,0,1,0.43388373911755823,-0.900968867902419,-0.5000000000000004,0.8660254037844384
1318,27.2,0,0,0,1,0,0,1,0.43388373911755823,-0.900968867902419,-0.25881904510252157,0.9659258262890681
1041,26.7,0,0,0,1,0,0,1,-0.433883739117558,-0.9009688679024191,0.0,1.0
773,26.1,0,0,0,1,0,0,1,-0.433883739117558,-0.9009688679024191,0.25881904510252074,0.9659258262890683
557,25.7,0,0,0,1,0,0,1,-0.433883739117558,-0.9009688679024191,0.49999999999999994,0.8660254037844387
428,25.4,0,0,0,1,0,0,1,-0.433883739117558,-0.9009688679024191,0.7071067811865476,0.7071067811865476
267,25.1,0,0,0,1,0,0,1,-0.433883739117558,-0.9009688679024191,0.8660254037844386,0.5000000000000001
327,24.9,0,0,0,1,0,0,1,-0.433883739117558,-0.9009688679024191,0.9659258262890683,0.25881904510252074
672,24.6,0,0,0,1,0,0,1,-0.433883739117558,-0.9009688679024191,1.0,6.123233995736766e-17
1251,25.2,0,0,0,1,0,0,1,-0.433883739117558,-0.9009688679024191,0.9659258262890683,-0.25881904510252063
1896,26.6,0,0,0,1,0,0,1,-0.433883739117558,-0.9009688679024191,0.8660254037844387,-0.4999999999999998
1029,28.4,0,0,0,1,0,0,1,-0.433883739117558,-0.9009688679024191,0.7071067811865476,-0.7071067811865475
641,29.8,0,0,0,1,0,0,1,-0.433883739117558,-0.9009688679024191,0.49999999999999994,-0.8660254037844387
791,31.6,0,0,0,1,0,0,1,-0.433883739117558,-0.9009688679024191,0.258819045102521,-0.9659258262890682
822,32.6,0,0,0,1,0,0,1,-0.433883739117558,-0.9009688679024191,1.2246467991473532e-16,-1.0
805,32.4,0,0,0,1,0,0,1,-0.433883739117558,-0.9009688679024191,-0.2588190451025208,-0.9659258262890683
741,33.4,0,0,0,1,0,0,1,-0.433883739117558,-0.9009688679024191,-0.4999999999999997,-0.8660254037844388
794,34.1,0,0,0,1,0,0,1,-0.433883739117558,-0.9009688679024191,-0.7071067811865471,-0.7071067811865479
928,34.3,0,0,0,1,0,0,1,-0.433883739117558,-0.9009688679024191,-0.8660254037844385,-0.5000000000000004
1468,34.3,0,0,0,1,0,1,0,-0.433883739117558,-0.9009688679024191,-0.9659258262890683,-0.25881904510252063
2419,33.9,0,0,0,1,0,1,0,-0.433883739117558,-0.9009688679024191,-1.0,-1.8369701987210297e-16
2084,32.9,0,0,0,1,0,0,1,-0.433883739117558,-0.9009688679024191,-0.9659258262890684,0.2588190451025203
1888,30.9,0,0,0,1,0,0,1,-0.433883739117558,-0.9009688679024191,-0.8660254037844386,0.5000000000000001
1869,29.8,0,0,0,1,0,0,1,-0.433883739117558,-0.9009688679024191,-0.7071067811865477,0.7071067811865474
1782,28.8,0,0,0,1,0,0,1,-0.433883739117558,-0.9009688679024191,-0.5000000000000004,0.8660254037844384
1426,28.2,0,0,0,1,0,0,1,-0.433883739117558,-0.9009688679024191,-0.25881904510252157,0.9659258262890681
1132,27.5,0,0,0,1,0,0,1,-0.9749279121818236,-0.2225209339563146,0.0,1.0
945,27.0,0,0,0,1,0,0,1,-0.9749279121818236,-0.2225209339563146,0.25881904510252074,0.9659258262890683
684,26.4,0,0,0,1,0,0,1,-0.9749279121818236,-0.2225209339563146,0.49999999999999994,0.8660254037844387
477,26.1,0,0,0,1,0,0,1,-0.9749279121818236,-0.2225209339563146,0.7071067811865476,0.7071067811865476
347,25.6,0,0,0,1,0,0,1,-0.9749279121818236,-0.2225209339563146,0.8660254037844386,0.5000000000000001
292,25.0,0,0,0,1,0,0,1,-0.9749279121818236,-0.2225209339563146,0.9659258262890683,0.25881904510252074
381,24.9,0,0,0,1,0,0,1,-0.9749279121818236,-0.2225209339563146,1.0,6.123233995736766e-17
491,25.3,0,0,0,1,0,0,1,-0.9749279121818236,-0.2225209339563146,0.9659258262890683,-0.25881904510252063
720,27.4,0,0,0,1,0,0,1,-0.9749279121818236,-0.2225209339563146,0.8660254037844387,-0.4999999999999998
729,29.6,0,0,0,1,0,0,1,-0.9749279121818236,-0.2225209339563146,0.7071067811865476,-0.7071067811865475
699,31.4,0,0,0,1,0,0,1,-0.9749279121818236,-0.2225209339563146,0.49999999999999994,-0.8660254037844387
676,32.9,0,0,0,1,0,0,1,-0.9749279121818236,-0.2225209339563146,0.258819045102521,-0.9659258262890682
735,34.2,0,0,0,1,0,1,0,-0.9749279121818236,-0.2225209339563146,1.2246467991473532e-16,-1.0
727,35.2,0,0,0,1,0,1,0,-0.9749279121818236,-0.2225209339563146,-0.2588190451025208,-0.9659258262890683
682,36.3,0,0,0,1,0,0,1,-0.9749279121818236,-0.2225209339563146,-0.4999999999999997,-0.8660254037844388
785,36.5,0,0,0,1,0,0,1,-0.9749279121818236,-0.2225209339563146,-0.7071067811865471,-0.7071067811865479
883,36.8,0,0,0,1,0,1,0,-0.9749279121818236,-0.2225209339563146,-0.8660254037844385,-0.5000000000000004
1011,36.3,0,0,0,1,0,0,1,-0.9749279121818236,-0.2225209339563146,-0.9659258262890683,-0.25881904510252063
1202,35.0,0,0,0,1,0,1,0,-0.9749279121818236,-0.2225209339563146,-1.0,-1.8369701987210297e-16
1423,33.4,0,0,0,1,0,0,1,-0.9749279121818236,-0.2225209339563146,-0.9659258262890684,0.2588190451025203
1655,31.5,0,0,0,1,0,0,1,-0.9749279121818236,-0.2225209339563146,-0.8660254037844386,0.5000000000000001
1731,30.2,0,0,0,1,0,0,1,-0.9749279121818236,-0.2225209339563146,-0.7071067811865477,0.7071067811865474
1588,29.4,0,0,0,1,0,0,1,-0.9749279121818236,-0.2225209339563146,-0.5000000000000004,0.8660254037844384
1288,28.8,0,0,0,1,0,0,1,-0.9749279121818236,-0.2225209339563146,-0.25881904510252157,0.9659258262890681
1088,28.1,0,0,0,1,0,0,1,-0.7818314824680299,0.6234898018587334,0.0,1.0
772,27.3,0,0,0,1,0,0,1,-0.7818314824680299,0.6234898018587334,0.25881904510252074,0.9659258262890683
587,26.8,0,0,0,1,0,0,1,-0.7818314824680299,0.6234898018587334,0.49999999999999994,0.8660254037844387
438,26.3,0,0,0,1,0,0,1,-0.7818314824680299,0.6234898018587334,0.7071067811865476,0.7071067811865476
270,25.9,0,0,0,1,0,0,1,-0.7818314824680299,0.6234898018587334,0.8660254037844386,0.5000000000000001
256,25.5,0,0,0,1,0,0,1,-0.7818314824680299,0.6234898018587334,0.9659258262890683,0.25881904510252074
286,25.3,0,0,0,1,0,0,1,-0.7818314824680299,0.6234898018587334,1.0,6.123233995736766e-17
360,25.8,0,0,0,1,0,0,1,-0.7818314824680299,0.6234898018587334,0.9659258262890683,-0.25881904510252063
477,27.9,0,0,0,1,0,1,0,-0.7818314824680299,0.6234898018587334,0.8660254037844387,-0.4999999999999998
526,30.5,0,0,0,1,0,1,0,-0.7818314824680299,0.6234898018587334,0.7071067811865476,-0.7071067811865475
522,32.2,0,0,0,1,0,1,0,-0.7818314824680299,0.6234898018587334,0.49999999999999994,-0.8660254037844387
499,33.8,0,0,0,1,0,1,0,-0.7818314824680299,0.6234898018587334,0.258819045102521,-0.9659258262890682
560,35.5,0,0,0,1,0,1,0,-0.7818314824680299,0.6234898018587334,1.2246467991473532e-16,-1.0
569,36.7,0,0,0,1,0,1,0,-0.7818314824680299,0.6234898018587334,-0.2588190451025208,-0.9659258262890683
565,37.4,0,0,0,1,0,1,0,-0.7818314824680299,0.6234898018587334,-0.4999999999999997,-0.8660254037844388
632,37.5,0,0,0,1,0,1,0,-0.7818314824680299,0.6234898018587334,-0.7071067811865471,-0.7071067811865479
771,37.8,0,0,0,1,0,1,0,-0.7818314824680299,0.6234898018587334,-0.8660254037844385,-0.5000000000000004
965,37.6,0,0,0,1,0,1,0,-0.7818314824680299,0.6234898018587334,-0.9659258262890683,-0.25881904510252063
1212,36.3,0,0,0,1,0,1,0,-0.7818314824680299,0.6234898018587334,-1.0,-1.8369701987210297e-16
1478,34.5,0,0,0,1,0,0,1,-0.7818314824680299,0.6234898018587334,-0.9659258262890684,0.2588190451025203
1688,33.3,0,0,0,1,0,0,1,-0.7818314824680299,0.6234898018587334,-0.8660254037844386,0.5000000000000001
1666,32.3,0,0,0,1,0,0,1,-0.7818314824680299,0.6234898018587334,-0.7071067811865477,0.7071067811865474
1346,31.7,0,0,0,1,0,0,1,-0.7818314824680299,0.6234898018587334,-0.5000000000000004,0.8660254037844384
1030,31.2,0,0,0,1,0,0,1,-0.7818314824680299,0.6234898018587334,-0.25881904510252157,0.9659258262890681
792,30.6,0,0,0,1,0,0,1,0.0,1.0,0.0,1.0
542,30.0,0,0,0,1,0,0,1,0.0,1.0,0.25881904510252074,0.9659258262890683
382,29.7,0,0,0,1,0,0,1,0.0,1.0,0.49999999999999994,0.8660254037844387
238,29.6,0,0,0,1,0,0,1,0.0,1.0,0.7071067811865476,0.7071067811865476
174,29.3,0,0,0,1,0,0,1,0.0,1.0,0.8660254037844386,0.5000000000000001
310,29.3,0,0,0,1,0,0,1,0.0,1.0,0.9659258262890683,0.25881904510252074
652,29.2,0,0,0,1,0,0,1,0.0,1.0,1.0,6.123233995736766e-17
1241,29.3,0,0,0,1,0,0,1,0.0,1.0,0.9659258262890683,-0.25881904510252063
1889,30.0,0,0,0,1,0,0,1,0.0,1.0,0.8660254037844387,-0.4999999999999998
985,31.0,0,0,0,1,0,1,0,0.0,1.0,0.7071067811865476,-0.7071067811865475
636,31.8,0,0,0,1,0,1,0,0.0,1.0,0.49999999999999994,-0.8660254037844387
611,32.7,0,0,0,1,0,1,0,0.0,1.0,0.258819045102521,-0.9659258262890682
655,34.1,0,0,0,1,0,1,0,0.0,1.0,1.2246467991473532e-16,-1.0
688,33.8,0,0,0,1,0,1,0,0.0,1.0,-0.2588190451025208,-0.9659258262890683
670,34.3,0,0,0,1,0,1,0,0.0,1.0,-0.4999999999999997,-0.8660254037844388
739,35.4,0,0,0,1,0,1,0,0.0,1.0,-0.7071067811865471,-0.7071067811865479
960,34.8,0,0,0,1,0,1,0,0.0,1.0,-0.8660254037844385,-0.5000000000000004
1310,34.8,0,0,0,1,0,1,0,0.0,1.0,-0.9659258262890683,-0.25881904510252063
2405,33.9,0,0,0,1,0,0,1,0.0,1.0,-1.0,-1.8369701987210297e-16
2112,32.6,0,0,0,1,0,0,1,0.0,1.0,-0.9659258262890684,0.2588190451025203
2051,31.5,0,0,0,1,0,0,1,0.0,1.0,-0.8660254037844386,0.5000000000000001
1994,30.8,0,0,0,1,0,0,1,0.0,1.0,-0.7071067811865477,0.7071067811865474
1697,30.3,0,0,0,1,0,0,1,0.0,1.0,-0.5000000000000004,0.8660254037844384
1157,30.0,0,0,0,1,0,0,1,0.0,1.0,-0.25881904510252157,0.9659258262890681
874,29.6,0,0,0,1,0,0,1,0.7818314824680298,0.6234898018587336,0.0,1.0
715,29.1,0,0,0,1,0,0,1,0.7818314824680298,0.6234898018587336,0.25881904510252074,0.9659258262890683
487,28.6,0,0,0,1,0,0,1,0.7818314824680298,0.6234898018587336,0.49999999999999994,0.8660254037844387
332,28.2,0,0,0,1,0,0,1,0.7818314824680298,0.6234898018587336,0.7071067811865476,0.7071067811865476
218,27.8,0,0,0,1,0,0,1,0.7818314824680298,0.6234898018587336,0.8660254037844386,0.5000000000000001
306,27.5,0,0,0,1,0,0,1,0.7818314824680298,0.6234898018587336,0.9659258262890683,0.25881904510252074
673,27.2,0,0,0,1,0,0,1,0.7818314824680298,0.6234898018587336,1.0,6.123233995736766e-17
1213,27.8,0,0,0,1,0,0,1,0.7818314824680298,0.6234898018587336,0.9659258262890683,-0.25881904510252063
1820,29.9,0,0,0,1,0,1,0,0.7818314824680298,0.6234898018587336,0.8660254037844387,-0.4999999999999998
926,31.7,0,0,0,1,0,1,0,0.7818314824680298,0.6234898018587336,0.7071067811865476,-0.7071067811865475
610,32.4,0,0,0,1,0,1,0,0.7818314824680298,0.6234898018587336,0.49999999999999994,-0.8660254037844387
620,33.9,0,0,0,1,0,0,1,0.7818314824680298,0.6234898018587336,0.258819045102521,-0.9659258262890682
671,34.5,0,0,0,1,0,1,0,0.7818314824680298,0.6234898018587336,1.2246467991473532e-16,-1.0
688,36.4,0,0,0,1,0,1,0,0.7818314824680298,0.6234898018587336,-0.2588190451025208,-0.9659258262890683
649,35.8,0,0,0,1,0,0,1,0.7818314824680298,0.6234898018587336,-0.4999999999999997,-0.8660254037844388
735,35.8,0,0,0,1,0,0,1,0.7818314824680298,0.6234898018587336,-0.7071067811865471,-0.7071067811865479
834,34.9,0,0,0,1,0,0,1,0.7818314824680298,0.6234898018587336,-0.8660254037844385,-0.5000000000000004
1297,34.9,0,0,0,1,0,0,1,0.7818314824680298,0.6234898018587336,-0.9659258262890683,-0.25881904510252063
2300,34.9,0,0,0,1,0,0,1,0.7818314824680298,0.6234898018587336,-1.0,-1.8369701987210297e-16
1968,33.1,0,0,0,1,0,0,1,0.7818314824680298,0.6234898018587336,-0.9659258262890684,0.2588190451025203
1834,31.1,0,0,0,1,0,0,1,0.7818314824680298,0.6234898018587336,-0.8660254037844386,0.5000000000000001
1899,30.2,0,0,0,1,0,0,1,0.7818314824680298,0.6234898018587336,-0.7071067811865477,0.7071067811865474
1773,29.8,0,0,0,1,0,0,1,0.7818314824680298,0.6234898018587336,-0.5000000000000004,0.8660254037844384
1193,29.3,0,0,0,1,0,0,1,0.7818314824680298,0.6234898018587336,-0.25881904510252157,0.9659258262890681
939,28.9,0,0,0,1,0,0,1,0.9749279121818236,-0.22252093395631434,0.0,1.0
726,28.7,0,0,0,1,0,0,1,0.9749279121818236,-0.22252093395631434,0.25881904510252074,0.9659258262890683
499,28.8,0,0,0,1,0,0,1,0.9749279121818236,-0.22252093395631434,0.49999999999999994,0.8660254037844387
327,28.9,0,0,0,1,0,0,1,0.9749279121818236,-0.22252093395631434,0.7071067811865476,0.7071067811865476
212,28.5,0,0,0,1,0,0,1,0.9749279121818236,-0.22252093395631434,0.8660254037844386,0.5000000000000001
299,28.3,0,0,0,1,0,0,1,0.9749279121818236,-0.22252093395631434,0.9659258262890683,0.25881904510252074
657,28.1,0,0,0,1,0,0,1,0.9749279121818236,-0.22252093395631434,1.0,6.123233995736766e-17
1171,28.3,0,0,0,1,0,0,1,0.9749279121818236,-0.22252093395631434,0.9659258262890683,-0.25881904510252063
1893,28.7,0,0,0,1,0,0,1,0.9749279121818236,-0.22252093395631434,0.8660254037844387,-0.4999999999999998
995,29.4,0,0,0,1,0,0,1,0.9749279121818236,-0.22252093395631434,0.7071067811865476,-0.7071067811865475
696,30.7,0,0,0,1,0,1,0,0.9749279121818236,-0.22252093395631434,0.49999999999999994,-0.8660254037844387
749,30.7,0,0,0,1,0,0,1,0.9749279121818236,-0.22252093395631434,0.258819045102521,-0.9659258262890682
791,31.1,0,0,0,1,0,0,1,0.9749279121818236,-0.22252093395631434,1.2246467991473532e-16,-1.0
783,32.3,0,0,0,1,0,1,0,0.9749279121818236,-0.22252093395631434,-0.2588190451025208,-0.9659258262890683
754,33.0,0,0,0,1,0,0,1,0.9749279121818236,-0.22252093395631434,-0.4999999999999997,-0.8660254037844388
781,34.0,0,0,0,1,0,1,0,0.9749279121818236,-0.22252093395631434,-0.7071067811865471,-0.7071067811865479
977,34.1,0,0,0,1,0,0,1,0.9749279121818236,-0.22252093395631434,-0.8660254037844385,-0.5000000000000004
1412,33.2,0,0,0,1,0,0,1,0.9749279121818236,-0.22252093395631434,-0.9659258262890683,-0.25881904510252063
2416,32.2,0,0,0,1,0,0,1,0.9749279121818236,-0.22252093395631434,-1.0,-1.8369701987210297e-16
2039,31.7,0,0,0,1,0,0,1,0.9749279121818236,-0.22252093395631434,-0.9659258262890684,0.2588190451025203
1935,30.9,0,0,0,1,0,0,1,0.9749279121818236,-0.22252093395631434,-0.8660254037844386,0.5000000000000001
1811,29.7,0,0,0,1,0,0,1,0.9749279121818236,-0.22252093395631434,-0.7071067811865477,0.7071067811865474
1767,28.8,0,0,0,1,0,0,1,0.9749279121818236,-0.22252093395631434,-0.5000000000000004,0.8660254037844384
1289,28.0,0,0,0,1,0,0,1,0.9749279121818236,-0.22252093395631434,-0.25881904510252157,0.9659258262890681
939,27.7,0,0,0,1,0,0,1,0.43388373911755823,-0.900968867902419,0.0,1.0
718,27.6,0,0,0,1,0,0,1,0.43388373911755823,-0.900968867902419,0.25881904510252074,0.9659258262890683
498,27.6,0,0,0,1,0,0,1,0.43388373911755823,-0.900968867902419,0.49999999999999994,0.8660254037844387
355,27.7,0,0,0,1,0,0,1,0.43388373911755823,-0.900968867902419,0.7071067811865476,0.7071067811865476
252,27.7,0,0,0,1,0,0,1,0.43388373911755823,-0.900968867902419,0.8660254037844386,0.5000000000000001
306,27.4,0,0,0,1,0,0,1,0.43388373911755823,-0.900968867902419,0.9659258262890683,0.25881904510252074
602,27.4,0,0,0,1,0,0,1,0.43388373911755823,-0.900968867902419,1.0,6.123233995736766e-17
1175,27.7,0,0,0,1,0,0,1,0.43388373911755823,-0.900968867902419,0.9659258262890683,-0.25881904510252063
1823,28.3,0,0,0,1,0,0,1,0.43388373911755823,-0.900968867902419,0.8660254037844387,-0.4999999999999998
966,29.1,0,0,0,1,0,0,1,0.43388373911755823,-0.900968867902419,0.7071067811865476,-0.7071067811865475
644,29.5,0,0,0,1,0,0,1,0.43388373911755823,-0.900968867902419,0.49999999999999994,-0.8660254037844387
614,30.2,0,0,0,1,0,0,1,0.43388373911755823,-0.900968867902419,0.258819045102521,-0.9659258262890682
600,32.0,0,0,0,1,0,0,1,0.43388373911755823,-0.900968867902419,1.2246467991473532e-16,-1.0
628,32.4,0,0,0,1,0,0,1,0.43388373911755823,-0.900968867902419,-0.2588190451025208,-0.9659258262890683
706,33.0,0,0,0,1,0,0,1,0.43388373911755823,-0.900968867902419,-0.4999999999999997,-0.8660254037844388
774,33.1,0,0,0,1,0,0,1,0.43388373911755823,-0.900968867902419,-0.7071067811865471,-0.7071067811865479
920,33.5,0,0,0,1,0,0,1,0.43388373911755823,-0.900968867902419,-0.8660254037844385,-0.5000000000000004
1394,33.1,0,0,0,1,0,0,1,0.43388373911755823,-0.900968867902419,-0.9659258262890683,-0.25881904510252063
2367,33.2,0,0,0,1,0,0,1,0.43388373911755823,-0.900968867902419,-1.0,-1.8369701987210297e-16
1994,32.3,0,0,0,1,0,0,1,0.43388373911755823,-0.900968867902419,-0.9659258262890684,0.2588190451025203
1790,31.0,0,0,0,1,0,0,1,0.43388373911755823,-0.900968867902419,-0.8660254037844386,0.5000000000000001
1868,30.0,0,0,0,1,0,0,1,0.43388373911755823,-0.900968867902419,-0.7071067811865477,0.7071067811865474
1709,29.4,0,0,0,1,0,0,1,0.43388373911755823,-0.900968867902419,-0.5000000000000004,0.8660254037844384
1273,29.0,0,0,0,1,0,0,1,0.43388373911755823,-0.900968867902419,-0.25881904510252157,0.9659258262890681
909,28.6,0,0,0,1,0,0,1,-0.433883739117558,-0.9009688679024191,0.0,1.0
747,28.3,0,0,0,1,0,0,1,-0.433883739117558,-0.9009688679024191,0.25881904510252074,0.9659258262890683
537,27.8,0,0,0,1,0,0,1,-0.433883739117558,-0.9009688679024191,0.49999999999999994,0.8660254037844387
371,27.6,0,0,0,1,0,0,1,-0.433883739117558,-0.9009688679024191,0.7071067811865476,0.7071067811865476
218,27.3,0,0,0,1,0,0,1,-0.433883739117558,-0.9009688679024191,0.8660254037844386,0.5000000000000001
295,27.2,0,0,0,1,0,0,1,-0.433883739117558,-0.9009688679024191,0.9659258262890683,0.25881904510252074
647,27.2,0,0,0,1,0,0,1,-0.433883739117558,-0.9009688679024191,1.0,6.123233995736766e-17
1111,27.6,0,0,0,1,0,0,1,-0.433883739117558,-0.9009688679024191,0.9659258262890683,-0.25881904510252063
1763,28.5,0,0,0,1,0,0,1,-0.433883739117558,-0.9009688679024191,0.8660254037844387,-0.4999999999999998
934,29.9,0,0,0,1,0,0,1,-0.433883739117558,-0.9009688679024191,0.7071067811865476,-0.7071067811865475
639,31.2,0,0,0,1,0,0,1,-0.433883739117558,-0.9009688679024191,0.49999999999999994,-0.8660254037844387
619,32.7,0,0,0,1,0,0,1,-0.433883739117558,-0.9009688679024191,0.258819045102521,-0.9659258262890682
714,33.7,0,0,0,1,0,0,1,-0.433883739117558,-0.9009688679024191,1.2246467991473532e-16,-1.0
653,35.3,0,0,0,1,0,0,1,-0.433883739117558,-0.9009688679024191,-0.2588190451025208,-0.9659258262890683
507,34.1,0,0,0,1,0,0,1,-0.433883739117558,-0.9009688679024191,-0.4999999999999997,-0.8660254037844388
776,35.3,0,0,0,1,0,0,1,-0.433883739117558,-0.9009688679024191,-0.7071067811865471,-0.7071067811865479
905,35.0,0,0,0,1,0,0,1,-0.433883739117558,-0.9009688679024191,-0.8660254037844385,-0.5000000000000004
1289,34.7,0,0,0,1,0,0,1,-0.433883739117558,-0.9009688679024191,-0.9659258262890683,-0.25881904510252063
2183,33.7,0,0,0,1,0,0,1,-0.433883739117558,-0.9009688679024191,-1.0,-1.8369701987210297e-16
1657,32.0,0,0,0,1,0,0,1,-0.433883739117558,-0.9009688679024191,-0.9659258262890684,0.2588190451025203
1565,30.7,0,0,0,1,0,0,1,-0.433883739117558,-0.9009688679024191,-0.8660254037844386,0.5000000000000001
1547,30.3,0,0,0,1,0,0,1,-0.433883739117558,-0.9009688679024191,-0.7071067811865477,0.7071067811865474
1507,29.9,0,0,0,1,0,0,1,-0.433883739117558,-0.9009688679024191,-0.5000000000000004,0.8660254037844384
1182,29.7,0,0,0,1,0,0,1,-0.433883739117558,-0.9009688679024191,-0.25881904510252157,0.9659258262890681
992,29.4,0,0,0,1,0,0,1,-0.9749279121818236,-0.2225209339563146,0.0,1.0
875,29.1,0,0,0,1,0,0,1,-0.9749279121818236,-0.2225209339563146,0.25881904510252074,0.9659258262890683
656,28.8,0,0,0,1,0,0,1,-0.9749279121818236,-0.2225209339563146,0.49999999999999994,0.8660254037844387
461,28.5,0,0,0,1,0,0,1,-0.9749279121818236,-0.2225209339563146,0.7071067811865476,0.7071067811865476
340,28.3,0,0,0,1,0,0,1,-0.9749279121818236,-0.2225209339563146,0.8660254037844386,0.5000000000000001
248,28.1,0,0,0,1,0,0,1,-0.9749279121818236,-0.2225209339563146,0.9659258262890683,0.25881904510252074
313,28.0,0,0,0,1,0,0,1,-0.9749279121818236,-0.2225209339563146,1.0,6.123233995736766e-17
428,28.4,0,0,0,1,0,0,1,-0.9749279121818236,-0.2225209339563146,0.9659258262890683,-0.25881904510252063
606,29.6,0,0,0,1,0,0,1,-0.9749279121818236,-0.2225209339563146,0.8660254037844387,-0.4999999999999998
671,30.6,0,0,0,1,0,0,1,-0.9749279121818236,-0.2225209339563146,0.7071067811865476,-0.7071067811865475
654,32.0,0,0,0,1,0,0,1,-0.9749279121818236,-0.2225209339563146,0.49999999999999994,-0.8660254037844387
592,32.8,0,0,0,1,0,0,1,-0.9749279121818236,-0.2225209339563146,0.258819045102521,-0.9659258262890682
632,33.6,0,0,0,1,0,0,1,-0.9749279121818236,-0.2225209339563146,1.2246467991473532e-16,-1.0
741,34.2,0,0,0,1,0,0,1,-0.9749279121818236,-0.2225209339563146,-0.2588190451025208,-0.9659258262890683
314,34.4,0,0,0,1,1,0,0,-0.9749279121818236,-0.2225209339563146,-0.4999999999999997,-0.8660254037844388
468,28.9,0,0,0,1,1,0,0,-0.9749279121818236,-0.2225209339563146,-0.7071067811865471,-0.7071067811865479
706,28.6,0,0,0,1,0,0,1,-0.9749279121818236,-0.2225209339563146,-0.8660254037844385,-0.5000000000000004
863,28.2,0,0,0,1,0,0,1,-0.9749279121818236,-0.2225209339563146,-0.9659258262890683,-0.25881904510252063
843,29.0,0,0,0,1,0,0,1,-0.9749279121818236,-0.2225209339563146,-1.0,-1.8369701987210297e-16
974,29.3,0,0,0,1,0,0,1,-0.9749279121818236,-0.2225209339563146,-0.9659258262890684,0.2588190451025203
1095,29.2,0,0,0,1,0,0,1,-0.9749279121818236,-0.2225209339563146,-0.8660254037844386,0.5000000000000001
1211,29.1,0,0,0,1,0,0,1,-0.9749279121818236,-0.2225209339563146,-0.7071067811865477,0.7071067811865474
1158,29.0,0,0,0,1,0,0,1,-0.9749279121818236,-0.2225209339563146,-0.5000000000000004,0.8660254037844384
1039,28.6,0,0,0,1,0,0,1,-0.9749279121818236,-0.2225209339563146,-0.25881904510252157,0.9659258262890681
921,28.4,0,0,0,1,0,0,1,-0.7818314824680299,0.6234898018587334,0.0,1.0
636,28.0,0,0,0,1,0,0,1,-0.7818314824680299,0.6234898018587334,0.25881904510252074,0.9659258262890683
511,27.7,0,0,0,1,0,0,1,-0.7818314824680299,0.6234898018587334,0.49999999999999994,0.8660254037844387
403,27.4,0,0,0,1,0,0,1,-0.7818314824680299,0.6234898018587334,0.7071067811865476,0.7071067811865476
245,27.0,0,0,0,1,0,0,1,-0.7818314824680299,0.6234898018587334,0.8660254037844386,0.5000000000000001
199,26.7,0,0,0,1,0,0,1,-0.7818314824680299,0.6234898018587334,0.9659258262890683,0.25881904510252074
266,26.4,0,0,0,1,0,0,1,-0.7818314824680299,0.6234898018587334,1.0,6.123233995736766e-17
345,26.9,0,0,0,1,0,0,1,-0.7818314824680299,0.6234898018587334,0.9659258262890683,-0.25881904510252063
456,28.6,0,0,0,1,0,1,0,-0.7818314824680299,0.6234898018587334,0.8660254037844387,-0.4999999999999998
519,30.6,0,0,0,1,0,1,0,-0.7818314824680299,0.6234898018587334,0.7071067811865476,-0.7071067811865475
473,32.4,0,0,0,1,0,1,0,-0.7818314824680299,0.6234898018587334,0.49999999999999994,-0.8660254037844387
476,33.6,0,0,0,1,0,1,0,-0.7818314824680299,0.6234898018587334,0.258819045102521,-0.9659258262890682
644,33.8,0,0,0,1,0,1,0,-0.7818314824680299,0.6234898018587334,1.2246467991473532e-16,-1.0
622,34.4,0,0,0,1,0,1,0,-0.7818314824680299,0.6234898018587334,-0.2588190451025208,-0.9659258262890683
630,35.4,0,0,0,1,0,1,0,-0.7818314824680299,0.6234898018587334,-0.4999999999999997,-0.8660254037844388
713,35.9,0,0,0,1,0,1,0,-0.7818314824680299,0.6234898018587334,-0.7071067811865471,-0.7071067811865479
760,36.0,0,0,0,1,0,1,0,-0.7818314824680299,0.6234898018587334,-0.8660254037844385,-0.5000000000000004
895,36.3,0,0,0,1,0,1,0,-0.7818314824680299,0.6234898018587334,-0.9659258262890683,-0.25881904510252063
1141,35.8,0,0,0,1,0,1,0,-0.7818314824680299,0.6234898018587334,-1.0,-1.8369701987210297e-16
1486,34.4,0,0,0,1,0,0,1,-0.7818314824680299,0.6234898018587334,-0.9659258262890684,0.2588190451025203
1697,32.3,0,0,0,1,0,0,1,-0.7818314824680299,0.6234898018587334,-0.8660254037844386,0.5000000000000001
1638,31.1,0,0,0,1,0,0,1,-0.7818314824680299,0.6234898018587334,-0.7071067811865477,0.7071067811865474
1406,30.4,0,0,0,1,0,0,1,-0.7818314824680299,0.6234898018587334,-0.5000000000000004,0.8660254037844384
1108,29.9,0,0,0,1,0,0,1,-0.7818314824680299,0.6234898018587334,-0.25881904510252157,0.9659258262890681
810,29.2,0,0,0,1,0,0,1,0.0,1.0,0.0,1.0
575,28.5,0,0,0,1,0,0,1,0.0,1.0,0.25881904510252074,0.9659258262890683
363,28.0,0,0,0,1,0,0,1,0.0,1.0,0.49999999999999994,0.8660254037844387
253,27.4,0,0,0,1,0,0,1,0.0,1.0,0.7071067811865476,0.7071067811865476
209,26.7,0,0,0,1,0,0,1,0.0,1.0,0.8660254037844386,0.5000000000000001
273,26.4,0,0,0,1,0,0,1,0.0,1.0,0.9659258262890683,0.25881904510252074
668,26.2,0,0,0,1,0,0,1,0.0,1.0,1.0,6.123233995736766e-17
1130,26.8,0,0,0,1,0,0,1,0.0,1.0,0.9659258262890683,-0.25881904510252063
1646,28.8,0,0,0,1,0,1,0,0.0,1.0,0.8660254037844387,-0.4999999999999998
866,30.5,0,0,0,1,0,1,0,0.0,1.0,0.7071067811865476,-0.7071067811865475
609,32.0,0,0,0,1,0,1,0,0.0,1.0,0.49999999999999994,-0.8660254037844387
623,33.2,0,0,0,1,0,1,0,0.0,1.0,0.258819045102521,-0.9659258262890682
663,33.6,0,0,0,1,0,1,0,0.0,1.0,1.2246467991473532e-16,-1.0
688,34.7,0,0,0,1,0,1,0,0.0,1.0,-0.2588190451025208,-0.9659258262890683
645,35.3,0,0,0,1,0,1,0,0.0,1.0,-0.4999999999999997,-0.8660254037844388
666,35.5,0,0,0,1,0,1,0,0.0,1.0,-0.7071067811865471,-0.7071067811865479
845,36.4,0,0,0,1,0,1,0,0.0,1.0,-0.8660254037844385,-0.5000000000000004
1224,35.4,0,0,0,1,0,1,0,0.0,1.0,-0.9659258262890683,-0.25881904510252063
2347,36.5,0,0,0,1,0,1,0,0.0,1.0,-1.0,-1.8369701987210297e-16
2016,35.2,0,0,0,1,0,0,1,0.0,1.0,-0.9659258262890684,0.2588190451025203
1947,33.9,0,0,0,1,0,0,1,0.0,1.0,-0.8660254037844386,0.5000000000000001
1875,33.1,0,0,0,1,0,0,1,0.0,1.0,-0.7071067811865477,0.7071067811865474
1552,32.5,0,0,0,1,0,0,1,0.0,1.0,-0.5000000000000004,0.8660254037844384
1202,31.7,0,0,0,1,0,0,1,0.0,1.0,-0.25881904510252157,0.9659258262890681
901,31.0,0,0,0,1,0,0,1,0.7818314824680298,0.6234898018587336,0.0,1.0
695,30.2,0,0,0,1,0,0,1,0.7818314824680298,0.6234898018587336,0.25881904510252074,0.9659258262890683
476,29.8,0,0,0,1,0,0,1,0.7818314824680298,0.6234898018587336,0.49999999999999994,0.8660254037844387
334,29.3,0,0,0,1,0,0,1,0.7818314824680298,0.6234898018587336,0.7071067811865476,0.7071067811865476
244,28.8,0,0,0,1,0,0,1,0.7818314824680298,0.6234898018587336,0.8660254037844386,0.5000000000000001
284,28.3,0,0,0,1,0,0,1,0.7818314824680298,0.6234898018587336,0.9659258262890683,0.25881904510252074
584,27.9,0,0,0,1,0,0,1,0.7818314824680298,0.6234898018587336,1.0,6.123233995736766e-17
1091,27.9,0,0,0,1,0,0,1,0.7818314824680298,0.6234898018587336,0.9659258262890683,-0.25881904510252063
1665,29.3,0,0,0,1,0,1,0,0.7818314824680298,0.6234898018587336,0.8660254037844387,-0.4999999999999998
860,30.9,0,0,0,1,0,1,0,0.7818314824680298,0.6234898018587336,0.7071067811865476,-0.7071067811865475
582,32.7,0,0,0,1,0,1,0,0.7818314824680298,0.6234898018587336,0.49999999999999994,-0.8660254037844387
583,34.1,0,0,0,1,0,1,0,0.7818314824680298,0.6234898018587336,0.258819045102521,-0.9659258262890682
626,35.2,0,0,0,1,0,1,0,0.7818314824680298,0.6234898018587336,1.2246467991473532e-16,-1.0
623,36.1,0,0,0,1,0,1,0,0.7818314824680298,0.6234898018587336,-0.2588190451025208,-0.9659258262890683
579,36.4,0,0,0,1,0,1,0,0.7818314824680298,0.6234898018587336,-0.4999999999999997,-0.8660254037844388
665,37.8,0,0,0,1,0,1,0,0.7818314824680298,0.6234898018587336,-0.7071067811865471,-0.7071067811865479
763,37.0,0,0,0,1,0,1,0,0.7818314824680298,0.6234898018587336,-0.8660254037844385,-0.5000000000000004
1184,38.0,0,0,0,1,0,1,0,0.7818314824680298,0.6234898018587336,-0.9659258262890683,-0.25881904510252063
2092,36.2,0,0,0,1,0,0,1,0.7818314824680298,0.6234898018587336,-1.0,-1.8369701987210297e-16
1865,34.9,0,0,0,1,0,0,1,0.7818314824680298,0.6234898018587336,-0.9659258262890684,0.2588190451025203
1772,33.5,0,0,0,1,0,0,1,0.7818314824680298,0.6234898018587336,-0.8660254037844386,0.5000000000000001
1719,32.7,0,0,0,1,0,0,1,0.7818314824680298,0.6234898018587336,-0.7071067811865477,0.7071067811865474
1613,31.6,0,0,0,1,0,0,1,0.7818314824680298,0.6234898018587336,-0.5000000000000004,0.8660254037844384
1097,31.0,0,0,0,1,0,0,1,0.7818314824680298,0.6234898018587336,-0.25881904510252157,0.9659258262890681
875,30.5,0,0,0,1,0,0,1,0.9749279121818236,-0.22252093395631434,0.0,1.0
724,29.9,0,0,0,1,0,0,1,0.9749279121818236,-0.22252093395631434,0.25881904510252074,0.9659258262890683
501,29.5,0,0,0,1,0,0,1,0.9749279121818236,-0.22252093395631434,0.49999999999999994,0.8660254037844387
362,29.1,0,0,0,1,0,0,1,0.9749279121818236,-0.22252093395631434,0.7071067811865476,0.7071067811865476
250,28.5,0,0,0,1,0,0,1,0.9749279121818236,-0.22252093395631434,0.8660254037844386,0.5000000000000001
315,28.3,0,0,0,1,0,0,1,0.9749279121818236,-0.22252093395631434,0.9659258262890683,0.25881904510252074
622,27.8,0,0,0,1,0,0,1,0.9749279121818236,-0.22252093395631434,1.0,6.123233995736766e-17
1061,28.2,0,0,0,1,0,0,1,0.9749279121818236,-0.22252093395631434,0.9659258262890683,-0.25881904510252063
1550,30.3,0,0,0,1,0,1,0,0.9749279121818236,-0.22252093395631434,0.8660254037844387,-0.4999999999999998
853,32.4,0,0,0,1,0,0,1,0.9749279121818236,-0.22252093395631434,0.7071067811865476,-0.7071067811865475
540,34.3,0,0,0,1,0,1,0,0.9749279121818236,-0.22252093395631434,0.49999999999999994,-0.8660254037844387
521,35.8,0,0,0,1,0,1,0,0.9749279121818236,-0.22252093395631434,0.258819045102521,-0.9659258262890682
569,36.8,0,0,0,1,0,1,0,0.9749279121818236,-0.22252093395631434,1.2246467991473532e-16,-1.0
533,37.9,0,0,0,1,0,1,0,0.9749279121818236,-0.22252093395631434,-0.2588190451025208,-0.9659258262890683
475,38.7,0,0,0,1,0,1,0,0.9749279121818236,-0.22252093395631434,-0.4999999999999997,-0.8660254037844388
531,39.3,0,0,0,1,0,1,0,0.9749279121818236,-0.22252093395631434,-0.7071067811865471,-0.7071067811865479
561,39.4,0,0,0,1,0,1,0,0.9749279121818236,-0.22252093395631434,-0.8660254037844385,-0.5000000000000004
1033,39.0,0,0,0,1,0,1,0,0.9749279121818236,-0.22252093395631434,-0.9659258262890683,-0.25881904510252063
1929,37.8,0,0,0,1,0,0,1,0.9749279121818236,-0.22252093395631434,-1.0,-1.8369701987210297e-16
1553,36.1,0,0,0,1,0,0,1,0.9749279121818236,-0.22252093395631434,-0.9659258262890684,0.2588190451025203
1441,34.5,0,0,0,1,0,0,1,0.9749279121818236,-0.22252093395631434,-0.8660254037844386,0.5000000000000001
1500,33.3,0,0,0,1,0,0,1,0.9749279121818236,-0.22252093395631434,-0.7071067811865477,0.7071067811865474
1367,32.6,0,0,0,1,0,0,1,0.9749279121818236,-0.22252093395631434,-0.5000000000000004,0.8660254037844384
1046,32.3,0,0,0,1,0,0,1,0.9749279121818236,-0.22252093395631434,-0.25881904510252157,0.9659258262890681
850,31.9,0,0,0,1,0,0,1,0.43388373911755823,-0.900968867902419,0.0,1.0
647,31.5,0,0,0,1,0,0,1,0.43388373911755823,-0.900968867902419,0.25881904510252074,0.9659258262890683
459,31.5,0,0,0,1,0,0,1,0.43388373911755823,-0.900968867902419,0.49999999999999994,0.8660254037844387
295,31.1,0,0,0,1,0,0,1,0.43388373911755823,-0.900968867902419,0.7071067811865476,0.7071067811865476
215,31.1,0,0,0,1,0,0,1,0.43388373911755823,-0.900968867902419,0.8660254037844386,0.5000000000000001
265,30.7,0,0,0,1,0,0,1,0.43388373911755823,-0.900968867902419,0.9659258262890683,0.25881904510252074
578,30.4,0,0,0,1,0,0,1,0.43388373911755823,-0.900968867902419,1.0,6.123233995736766e-17
1006,30.5,0,0,0,1,0,0,1,0.43388373911755823,-0.900968867902419,0.9659258262890683,-0.25881904510252063
1579,31.6,0,0,0,1,0,0,1,0.43388373911755823,-0.900968867902419,0.8660254037844387,-0.4999999999999998
813,32.9,0,0,0,1,0,1,0,0.43388373911755823,-0.900968867902419,0.7071067811865476,-0.7071067811865475
549,34.4,0,0,0,1,0,1,0,0.43388373911755823,-0.900968867902419,0.49999999999999994,-0.8660254037844387
547,35.3,0,0,0,1,0,1,0,0.43388373911755823,-0.900968867902419,0.258819045102521,-0.9659258262890682
562,36.6,0,0,0,1,0,1,0,0.43388373911755823,-0.900968867902419,1.2246467991473532e-16,-1.0
550,36.7,0,0,0,1,0,1,0,0.43388373911755823,-0.900968867902419,-0.2588190451025208,-0.9659258262890683
535,37.3,0,0,0,1,0,1,0,0.43388373911755823,-0.900968867902419,-0.4999999999999997,-0.8660254037844388
605,36.6,0,0,0,1,0,1,0,0.43388373911755823,-0.900968867902419,-0.7071067811865471,-0.7071067811865479
676,37.9,0,0,0,1,0,1,0,0.43388373911755823,-0.900968867902419,-0.8660254037844385,-0.5000000000000004
1066,37.4,0,0,0,1,0,1,0,0.43388373911755823,-0.900968867902419,-0.9659258262890683,-0.25881904510252063
1881,36.7,0,0,0,1,0,1,0,0.43388373911755823,-0.900968867902419,-1.0,-1.8369701987210297e-16
1605,35.2,0,0,0,1,0,0,1,0.43388373911755823,-0.900968867902419,-0.9659258262890684,0.2588190451025203
1480,33.9,0,0,0,1,0,0,1,0.43388373911755823,-0.900968867902419,-0.8660254037844386,0.5000000000000001
1535,33.3,0,0,0,1,0,0,1,0.43388373911755823,-0.900968867902419,-0.7071067811865477,0.7071067811865474
1375,32.9,0,0,0,1,0,0,1,0.43388373911755823,-0.900968867902419,-0.5000000000000004,0.8660254037844384
1020,32.4,0,0,0,1,0,0,1,0.43388373911755823,-0.900968867902419,-0.25881904510252157,0.9659258262890681
763,32.1,0,0,0,1,0,0,1,-0.433883739117558,-0.9009688679024191,0.0,1.0
675,31.7,0,0,0,1,0,0,1,-0.433883739117558,-0.9009688679024191,0.25881904510252074,0.9659258262890683
443,31.5,0,0,0,1,0,0,1,-0.433883739117558,-0.9009688679024191,0.49999999999999994,0.8660254037844387
327,31.2,0,0,0,1,0,0,1,-0.433883739117558,-0.9009688679024191,0.7071067811865476,0.7071067811865476
236,31.0,0,0,0,1,0,0,1,-0.433883739117558,-0.9009688679024191,0.8660254037844386,0.5000000000000001
266,30.5,0,0,0,1,0,0,1,-0.433883739117558,-0.9009688679024191,0.9659258262890683,0.25881904510252074
544,30.5,0,0,0,1,0,0,1,-0.433883739117558,-0.9009688679024191,1.0,6.123233995736766e-17
937,30.8,0,0,0,1,0,0,1,-0.433883739117558,-0.9009688679024191,0.9659258262890683,-0.25881904510252063
1471,31.8,0,0,0,1,0,0,1,-0.433883739117558,-0.9009688679024191,0.8660254037844387,-0.4999999999999998
784,33.0,0,0,0,1,0,1,0,-0.433883739117558,-0.9009688679024191,0.7071067811865476,-0.7071067811865475
530,34.3,0,0,0,1,0,1,0,-0.433883739117558,-0.9009688679024191,0.49999999999999994,-0.8660254037844387
575,35.7,0,0,0,1,0,1,0,-0.433883739117558,-0.9009688679024191,0.258819045102521,-0.9659258262890682
585,36.8,0,0,0,1,0,1,0,-0.433883739117558,-0.9009688679024191,1.2246467991473532e-16,-1.0
585,36.8,0,0,0,1,0,1,0,-0.433883739117558,-0.9009688679024191,-0.2588190451025208,-0.9659258262890683
575,37.4,0,0,0,1,0,1,0,-0.433883739117558,-0.9009688679024191,-0.4999999999999997,-0.8660254037844388
600,37.4,0,0,0,1,0,0,1,-0.433883739117558,-0.9009688679024191,-0.7071067811865471,-0.7071067811865479
763,36.7,0,0,0,1,0,0,1,-0.433883739117558,-0.9009688679024191,-0.8660254037844385,-0.5000000000000004
1105,35.8,0,0,0,1,0,0,1,-0.433883739117558,-0.9009688679024191,-0.9659258262890683,-0.25881904510252063
1920,34.4,0,0,0,1,0,0,1,-0.433883739117558,-0.9009688679024191,-1.0,-1.8369701987210297e-16
1558,33.5,0,0,0,1,0,0,1,-0.433883739117558,-0.9009688679024191,-0.9659258262890684,0.2588190451025203
1517,32.2,0,0,0,1,0,0,1,-0.433883739117558,-0.9009688679024191,-0.8660254037844386,0.5000000000000001
1511,31.2,0,0,0,1,0,0,1,-0.433883739117558,-0.9009688679024191,-0.7071067811865477,0.7071067811865474
1421,30.6,0,0,0,1,0,0,1,-0.433883739117558,-0.9009688679024191,-0.5000000000000004,0.8660254037844384
1103,30.2,0,0,0,1,0,0,1,-0.433883739117558,-0.9009688679024191,-0.25881904510252157,0.9659258262890681
953,30.0,0,0,0,1,0,0,1,-0.9749279121818236,-0.2225209339563146,0.0,1.0
872,29.9,0,0,0,1,0,0,1,-0.9749279121818236,-0.2225209339563146,0.25881904510252074,0.9659258262890683
594,29.9,0,0,0,1,0,0,1,-0.9749279121818236,-0.2225209339563146,0.49999999999999994,0.8660254037844387
435,29.7,0,0,0,1,0,0,1,-0.9749279121818236,-0.2225209339563146,0.7071067811865476,0.7071067811865476
304,29.5,0,0,0,1,0,0,1,-0.9749279121818236,-0.2225209339563146,0.8660254037844386,0.5000000000000001
234,29.2,0,0,0,1,0,0,1,-0.9749279121818236,-0.2225209339563146,0.9659258262890683,0.25881904510252074
289,29.1,0,0,0,1,0,0,1,-0.9749279121818236,-0.2225209339563146,1.0,6.123233995736766e-17
405,29.4,0,0,0,1,0,0,1,-0.9749279121818236,-0.2225209339563146,0.9659258262890683,-0.25881904510252063
568,30.2,0,0,0,1,0,0,1,-0.9749279121818236,-0.2225209339563146,0.8660254037844387,-0.4999999999999998
598,31.3,0,0,0,1,0,1,0,-0.9749279121818236,-0.2225209339563146,0.7071067811865476,-0.7071067811865475
569,32.3,0,0,0,1,0,1,0,-0.9749279121818236,-0.2225209339563146,0.49999999999999994,-0.8660254037844387
655,33.4,0,0,0,1,0,0,1,-0.9749279121818236,-0.2225209339563146,0.258819045102521,-0.9659258262890682
640,33.2,0,0,0,1,0,1,0,-0.9749279121818236,-0.2225209339563146,1.2246467991473532e-16,-1.0
703,33.6,0,0,0,1,0,0,1,-0.9749279121818236,-0.2225209339563146,-0.2588190451025208,-0.9659258262890683
676,33.1,0,0,0,1,0,0,1,-0.9749279121818236,-0.2225209339563146,-0.4999999999999997,-0.8660254037844388
690,34.7,0,0,0,1,0,0,1,-0.9749279121818236,-0.2225209339563146,-0.7071067811865471,-0.7071067811865479
700,34.5,0,0,0,1,0,0,1,-0.9749279121818236,-0.2225209339563146,-0.8660254037844385,-0.5000000000000004
901,34.3,0,0,0,1,0,0,1,-0.9749279121818236,-0.2225209339563146,-0.9659258262890683,-0.25881904510252063
1044,33.2,0,0,0,1,0,0,1,-0.9749279121818236,-0.2225209339563146,-1.0,-1.8369701987210297e-16
1277,32.0,0,0,0,1,0,0,1,-0.9749279121818236,-0.2225209339563146,-0.9659258262890684,0.2588190451025203
1387,30.2,0,0,0,1,0,0,1,-0.9749279121818236,-0.2225209339563146,-0.8660254037844386,0.5000000000000001
1377,29.2,0,0,0,1,0,0,1,-0.9749279121818236,-0.2225209339563146,-0.7071067811865477,0.7071067811865474
1337,28.6,0,0,0,1,0,0,1,-0.9749279121818236,-0.2225209339563146,-0.5000000000000004,0.8660254037844384
1155,28.2,0,0,0,1,0,0,1,-0.9749279121818236,-0.2225209339563146,-0.25881904510252157,0.9659258262890681
983,28.0,0,0,0,1,0,0,1,-0.7818314824680299,0.6234898018587334,0.0,1.0
758,27.7,0,0,0,1,0,0,1,-0.7818314824680299,0.6234898018587334,0.25881904510252074,0.9659258262890683
509,27.5,0,0,0,1,0,0,1,-0.7818314824680299,0.6234898018587334,0.49999999999999994,0.8660254037844387
401,27.3,0,0,0,1,0,0,1,-0.7818314824680299,0.6234898018587334,0.7071067811865476,0.7071067811865476
253,27.3,0,0,0,1,0,0,1,-0.7818314824680299,0.6234898018587334,0.8660254037844386,0.5000000000000001
188,27.3,0,0,0,1,0,0,1,-0.7818314824680299,0.6234898018587334,0.9659258262890683,0.25881904510252074
222,27.3,0,0,0,1,0,0,1,-0.7818314824680299,0.6234898018587334,1.0,6.123233995736766e-17
223,27.5,0,0,0,1,1,0,0,-0.7818314824680299,0.6234898018587334,0.9659258262890683,-0.25881904510252063
309,27.5,0,0,0,1,1,0,0,-0.7818314824680299,0.6234898018587334,0.8660254037844387,-0.4999999999999998
422,29.1,0,0,0,1,0,0,1,-0.7818314824680299,0.6234898018587334,0.7071067811865476,-0.7071067811865475
461,29.5,0,0,0,1,0,0,1,-0.7818314824680299,0.6234898018587334,0.49999999999999994,-0.8660254037844387
499,31.2,0,0,0,1,0,1,0,-0.7818314824680299,0.6234898018587334,0.258819045102521,-0.9659258262890682
565,32.5,0,0,0,1,0,0,1,-0.7818314824680299,0.6234898018587334,1.2246467991473532e-16,-1.0
600,33.0,0,0,0,1,0,0,1,-0.7818314824680299,0.6234898018587334,-0.2588190451025208,-0.9659258262890683
639,33.3,0,0,0,1,0,0,1,-0.7818314824680299,0.6234898018587334,-0.4999999999999997,-0.8660254037844388
712,33.7,0,0,0,1,0,0,1,-0.7818314824680299,0.6234898018587334,-0.7071067811865471,-0.7071067811865479
818,33.6,0,0,0,1,0,0,1,-0.7818314824680299,0.6234898018587334,-0.8660254037844385,-0.5000000000000004
978,32.8,0,0,0,1,0,0,1,-0.7818314824680299,0.6234898018587334,-0.9659258262890683,-0.25881904510252063
1247,31.8,0,0,0,1,0,0,1,-0.7818314824680299,0.6234898018587334,-1.0,-1.8369701987210297e-16
1411,30.9,0,0,0,1,0,0,1,-0.7818314824680299,0.6234898018587334,-0.9659258262890684,0.2588190451025203
1524,30.0,0,0,0,1,0,0,1,-0.7818314824680299,0.6234898018587334,-0.8660254037844386,0.5000000000000001
1465,29.3,0,0,0,1,0,0,1,-0.7818314824680299,0.6234898018587334,-0.7071067811865477,0.7071067811865474
1286,29.1,0,0,0,1,0,0,1,-0.7818314824680299,0.6234898018587334,-0.5000000000000004,0.8660254037844384
942,28.8,0,0,0,1,0,0,1,-0.7818314824680299,0.6234898018587334,-0.25881904510252157,0.9659258262890681
707,28.7,0,0,0,1,0,0,1,0.0,1.0,0.0,1.0
455,28.7,0,0,0,1,0,0,1,0.0,1.0,0.25881904510252074,0.9659258262890683
309,28.6,0,0,0,1,0,0,1,0.0,1.0,0.49999999999999994,0.8660254037844387
219,28.6,0,0,0,1,0,0,1,0.0,1.0,0.7071067811865476,0.7071067811865476
162,28.4,0,0,0,1,0,0,1,0.0,1.0,0.8660254037844386,0.5000000000000001
258,28.3,0,0,0,1,0,0,1,0.0,1.0,0.9659258262890683,0.25881904510252074
546,28.3,0,0,0,1,0,0,1,0.0,1.0,1.0,6.123233995736766e-17
699,28.5,0,0,0,1,0,0,1,0.0,1.0,0.9659258262890683,-0.25881904510252063
797,28.7,0,0,0,1,1,0,0,0.0,1.0,0.8660254037844387,-0.4999999999999998
614,28.4,0,0,0,1,1,0,0,0.0,1.0,0.7071067811865476,-0.7071067811865475
533,29.8,0,0,0,1,0,0,1,0.0,1.0,0.49999999999999994,-0.8660254037844387
569,31.3,0,0,0,1,0,0,1,0.0,1.0,0.258819045102521,-0.9659258262890682
613,33.2,0,0,0,1,0,0,1,0.0,1.0,1.2246467991473532e-16,-1.0
666,34.3,0,0,0,1,0,1,0,0.0,1.0,-0.2588190451025208,-0.9659258262890683
571,34.0,0,0,0,1,0,0,1,0.0,1.0,-0.4999999999999997,-0.8660254037844388
646,33.6,0,0,0,1,0,0,1,0.0,1.0,-0.7071067811865471,-0.7071067811865479
752,34.6,0,0,0,1,0,1,0,0.0,1.0,-0.8660254037844385,-0.5000000000000004
1063,35.0,0,0,0,1,0,1,0,0.0,1.0,-0.9659258262890683,-0.25881904510252063
1956,32.8,0,0,0,1,0,0,1,0.0,1.0,-1.0,-1.8369701987210297e-16
1548,32.2,0,0,0,1,0,0,1,0.0,1.0,-0.9659258262890684,0.2588190451025203
1537,31.3,0,0,0,1,0,0,1,0.0,1.0,-0.8660254037844386,0.5000000000000001
1611,30.6,0,0,0,1,0,0,1,0.0,1.0,-0.7071067811865477,0.7071067811865474
1371,30.1,0,0,0,1,0,0,1,0.0,1.0,-0.5000000000000004,0.8660254037844384
969,29.4,0,0,0,1,1,0,0,0.0,1.0,-0.25881904510252157,0.9659258262890681
842,28.8,0,0,0,1,0,0,1,0.7818314824680298,0.6234898018587336,0.0,1.0
619,28.2,0,0,0,1,0,0,1,0.7818314824680298,0.6234898018587336,0.25881904510252074,0.9659258262890683
443,27.9,0,0,0,1,0,0,1,0.7818314824680298,0.6234898018587336,0.49999999999999994,0.8660254037844387
278,27.6,0,0,0,1,0,0,1,0.7818314824680298,0.6234898018587336,0.7071067811865476,0.7071067811865476
201,27.3,0,0,0,1,0,0,1,0.7818314824680298,0.6234898018587336,0.8660254037844386,0.5000000000000001
273,27.1,0,0,0,1,0,0,1,0.7818314824680298,0.6234898018587336,0.9659258262890683,0.25881904510252074
634,26.8,0,0,0,1,0,0,1,0.7818314824680298,0.6234898018587336,1.0,6.123233995736766e-17
1059,27.0,0,0,0,1,0,0,1,0.7818314824680298,0.6234898018587336,0.9659258262890683,-0.25881904510252063
1695,28.5,0,0,0,1,0,1,0,0.7818314824680298,0.6234898018587336,0.8660254037844387,-0.4999999999999998
961,29.3,0,0,0,1,0,1,0,0.7818314824680298,0.6234898018587336,0.7071067811865476,-0.7071067811865475
635,30.1,0,0,0,1,0,1,0,0.7818314824680298,0.6234898018587336,0.49999999999999994,-0.8660254037844387
657,31.4,0,0,0,1,0,1,0,0.7818314824680298,0.6234898018587336,0.258819045102521,-0.9659258262890682
770,31.9,0,0,0,1,0,1,0,0.7818314824680298,0.6234898018587336,1.2246467991473532e-16,-1.0
662,33.0,0,0,0,1,0,1,0,0.7818314824680298,0.6234898018587336,-0.2588190451025208,-0.9659258262890683
658,34.0,0,0,0,1,0,1,0,0.7818314824680298,0.6234898018587336,-0.4999999999999997,-0.8660254037844388
698,34.3,0,0,0,1,0,1,0,0.7818314824680298,0.6234898018587336,-0.7071067811865471,-0.7071067811865479
855,35.4,0,0,0,1,0,1,0,0.7818314824680298,0.6234898018587336,-0.8660254037844385,-0.5000000000000004
1232,35.6,0,0,0,1,0,1,0,0.7818314824680298,0.6234898018587336,-0.9659258262890683,-0.25881904510252063
2274,34.6,0,0,0,1,0,0,1,0.7818314824680298,0.6234898018587336,-1.0,-1.8369701987210297e-16
1898,32.9,0,0,0,1,0,0,1,0.7818314824680298,0.6234898018587336,-0.9659258262890684,0.2588190451025203
1836,31.1,0,0,0,1,0,0,1,0.7818314824680298,0.6234898018587336,-0.8660254037844386,0.5000000000000001
1826,30.3,0,0,0,1,0,0,1,0.7818314824680298,0.6234898018587336,-0.7071067811865477,0.7071067811865474
1664,29.8,0,0,0,1,0,0,1,0.7818314824680298,0.6234898018587336,-0.5000000000000004,0.8660254037844384
1136,29.5,0,0,0,1,0,0,1,0.7818314824680298,0.6234898018587336,-0.25881904510252157,0.9659258262890681
853,29.1,0,0,0,1,0,0,1,0.9749279121818236,-0.22252093395631434,0.0,1.0
700,28.5,0,0,0,1,0,0,1,0.9749279121818236,-0.22252093395631434,0.25881904510252074,0.9659258262890683
489,28.3,0,0,0,1,0,0,1,0.9749279121818236,-0.22252093395631434,0.49999999999999994,0.8660254037844387
322,28.3,0,0,0,1,0,0,1,0.9749279121818236,-0.22252093395631434,0.7071067811865476,0.7071067811865476
183,28.0,0,0,0,1,0,0,1,0.9749279121818236,-0.22252093395631434,0.8660254037844386,0.5000000000000001
260,27.9,0,0,0,1,0,0,1,0.9749279121818236,-0.22252093395631434,0.9659258262890683,0.25881904510252074
614,27.6,0,0,0,1,0,0,1,0.9749279121818236,-0.22252093395631434,1.0,6.123233995736766e-17
1079,28.2,0,0,0,1,0,0,1,0.9749279121818236,-0.22252093395631434,0.9659258262890683,-0.25881904510252063
1693,28.6,0,0,0,1,0,0,1,0.9749279121818236,-0.22252093395631434,0.8660254037844387,-0.4999999999999998
920,30.2,0,0,0,1,0,0,1,0.9749279121818236,-0.22252093395631434,0.7071067811865476,-0.7071067811865475
657,31.6,0,0,0,1,0,1,0,0.9749279121818236,-0.22252093395631434,0.49999999999999994,-0.8660254037844387
624,32.7,0,0,0,1,0,1,0,0.9749279121818236,-0.22252093395631434,0.258819045102521,-0.9659258262890682
629,34.1,0,0,0,1,0,1,0,0.9749279121818236,-0.22252093395631434,1.2246467991473532e-16,-1.0
673,34.4,0,0,0,1,0,1,0,0.9749279121818236,-0.22252093395631434,-0.2588190451025208,-0.9659258262890683
670,33.6,0,0,0,1,0,0,1,0.9749279121818236,-0.22252093395631434,-0.4999999999999997,-0.8660254037844388
687,34.5,0,0,0,1,0,0,1,0.9749279121818236,-0.22252093395631434,-0.7071067811865471,-0.7071067811865479
839,35.1,0,0,0,1,0,1,0,0.9749279121818236,-0.22252093395631434,-0.8660254037844385,-0.5000000000000004
1266,35.0,0,0,0,1,0,1,0,0.9749279121818236,-0.22252093395631434,-0.9659258262890683,-0.25881904510252063
2326,34.5,0,0,0,1,0,1,0,0.9749279121818236,-0.22252093395631434,-1.0,-1.8369701987210297e-16
1983,32.6,0,0,0,1,0,0,1,0.9749279121818236,-0.22252093395631434,-0.9659258262890684,0.2588190451025203
1822,31.0,0,0,0,1,0,0,1,0.9749279121818236,-0.22252093395631434,-0.8660254037844386,0.5000000000000001
1783,29.7,0,0,0,1,0,0,1,0.9749279121818236,-0.22252093395631434,-0.7071067811865477,0.7071067811865474
1628,29.5,0,0,0,1,0,0,1,0.9749279121818236,-0.22252093395631434,-0.5000000000000004,0.8660254037844384
1180,29.1,0,0,0,1,0,0,1,0.9749279121818236,-0.22252093395631434,-0.25881904510252157,0.9659258262890681
929,28.9,0,0,0,1,0,0,1,0.43388373911755823,-0.900968867902419,0.0,1.0
733,28.8,0,0,0,1,0,0,1,0.43388373911755823,-0.900968867902419,0.25881904510252074,0.9659258262890683
466,28.5,0,0,0,1,0,0,1,0.43388373911755823,-0.900968867902419,0.49999999999999994,0.8660254037844387
334,28.3,0,0,0,1,0,0,1,0.43388373911755823,-0.900968867902419,0.7071067811865476,0.7071067811865476
189,28.1,0,0,0,1,0,0,1,0.43388373911755823,-0.900968867902419,0.8660254037844386,0.5000000000000001
292,27.8,0,0,0,1,0,0,1,0.43388373911755823,-0.900968867902419,0.9659258262890683,0.25881904510252074
619,27.7,0,0,0,1,0,0,1,0.43388373911755823,-0.900968867902419,1.0,6.123233995736766e-17
1088,27.9,0,0,0,1,0,0,1,0.43388373911755823,-0.900968867902419,0.9659258262890683,-0.25881904510252063
1731,28.6,0,0,0,1,0,0,1,0.43388373911755823,-0.900968867902419,0.8660254037844387,-0.4999999999999998
977,29.4,0,0,0,1,0,1,0,0.43388373911755823,-0.900968867902419,0.7071067811865476,-0.7071067811865475
649,30.4,0,0,0,1,0,1,0,0.43388373911755823,-0.900968867902419,0.49999999999999994,-0.8660254037844387
659,30.8,0,0,0,1,0,1,0,0.43388373911755823,-0.900968867902419,0.258819045102521,-0.9659258262890682
484,31.1,0,0,0,1,0,1,0,0.43388373911755823,-0.900968867902419,1.2246467991473532e-16,-1.0
628,29.7,0,0,0,1,1,0,0,0.43388373911755823,-0.900968867902419,-0.2588190451025208,-0.9659258262890683
561,30.8,0,0,0,1,0,0,1,0.43388373911755823,-0.900968867902419,-0.4999999999999997,-0.8660254037844388
644,31.2,0,0,0,1,0,0,1,0.43388373911755823,-0.900968867902419,-0.7071067811865471,-0.7071067811865479
559,31.6,0,0,0,1,0,0,1,0.43388373911755823,-0.900968867902419,-0.8660254037844385,-0.5000000000000004
740,28.8,0,0,0,1,1,0,0,0.43388373911755823,-0.900968867902419,-0.9659258262890683,-0.25881904510252063
1850,28.1,0,0,0,1,1,0,0,0.43388373911755823,-0.900968867902419,-1.0,-1.8369701987210297e-16
1698,28.2,0,0,0,1,0,0,1,0.43388373911755823,-0.900968867902419,-0.9659258262890684,0.2588190451025203
1591,27.9,0,0,0,1,0,0,1,0.43388373911755823,-0.900968867902419,-0.8660254037844386,0.5000000000000001
1654,27.8,0,0,0,1,0,0,1,0.43388373911755823,-0.900968867902419,-0.7071067811865477,0.7071067811865474
1494,27.5,0,0,0,1,0,0,1,0.43388373911755823,-0.900968867902419,-0.5000000000000004,0.8660254037844384
1075,27.3,0,0,0,1,0,0,1,0.43388373911755823,-0.900968867902419,-0.25881904510252157,0.9659258262890681
903,27.1,0,0,0,1,0,0,1,-0.433883739117558,-0.9009688679024191,0.0,1.0
708,26.9,0,0,0,1,0,0,1,-0.433883739117558,-0.9009688679024191,0.25881904510252074,0.9659258262890683
484,26.9,0,0,0,1,0,0,1,-0.433883739117558,-0.9009688679024191,0.49999999999999994,0.8660254037844387
346,26.7,0,0,0,1,0,0,1,-0.433883739117558,-0.9009688679024191,0.7071067811865476,0.7071067811865476
214,26.3,0,0,0,1,0,0,1,-0.433883739117558,-0.9009688679024191,0.8660254037844386,0.5000000000000001
283,26.1,0,0,0,1,0,0,1,-0.433883739117558,-0.9009688679024191,0.9659258262890683,0.25881904510252074
645,25.7,0,0,0,1,0,0,1,-0.433883739117558,-0.9009688679024191,1.0,6.123233995736766e-17
1027,26.0,0,0,0,1,0,0,1,-0.433883739117558,-0.9009688679024191,0.9659258262890683,-0.25881904510252063
1728,27.2,0,0,0,1,0,0,1,-0.433883739117558,-0.9009688679024191,0.8660254037844387,-0.4999999999999998
892,29.0,0,0,0,1,0,1,0,-0.433883739117558,-0.9009688679024191,0.7071067811865476,-0.7071067811865475
683,30.5,0,0,0,1,0,1,0,-0.433883739117558,-0.9009688679024191,0.49999999999999994,-0.8660254037844387
697,31.9,0,0,0,1,0,1,0,-0.433883739117558,-0.9009688679024191,0.258819045102521,-0.9659258262890682
721,33.4,0,0,0,1,0,1,0,-0.433883739117558,-0.9009688679024191,1.2246467991473532e-16,-1.0
696,34.2,0,0,0,1,0,1,0,-0.433883739117558,-0.9009688679024191,-0.2588190451025208,-0.9659258262890683
658,35.1,0,0,0,1,0,1,0,-0.433883739117558,-0.9009688679024191,-0.4999999999999997,-0.8660254037844388
725,34.8,0,0,0,1,0,1,0,-0.433883739117558,-0.9009688679024191,-0.7071067811865471,-0.7071067811865479
853,36.4,0,0,0,1,0,0,1,-0.433883739117558,-0.9009688679024191,-0.8660254037844385,-0.5000000000000004
1293,36.3,0,0,0,1,0,1,0,-0.433883739117558,-0.9009688679024191,-0.9659258262890683,-0.25881904510252063
2289,35.2,0,0,0,1,0,1,0,-0.433883739117558,-0.9009688679024191,-1.0,-1.8369701987210297e-16
1903,33.4,0,0,0,1,0,0,1,-0.433883739117558,-0.9009688679024191,-0.9659258262890684,0.2588190451025203
1702,32.2,0,0,0,1,0,0,1,-0.433883739117558,-0.9009688679024191,-0.8660254037844386,0.5000000000000001
1641,31.3,0,0,0,1,0,0,1,-0.433883739117558,-0.9009688679024191,-0.7071067811865477,0.7071067811865474
1544,30.9,0,0,0,1,0,0,1,-0.433883739117558,-0.9009688679024191,-0.5000000000000004,0.8660254037844384
1198,30.4,0,0,0,1,0,0,1,-0.433883739117558,-0.9009688679024191,-0.25881904510252157,0.9659258262890681
1022,29.8,0,0,0,1,0,0,1,-0.9749279121818236,-0.2225209339563146,0.0,1.0
881,29.0,0,0,0,1,0,0,1,-0.9749279121818236,-0.2225209339563146,0.25881904510252074,0.9659258262890683
691,28.5,0,0,0,1,0,0,1,-0.9749279121818236,-0.2225209339563146,0.49999999999999994,0.8660254037844387
441,27.9,0,0,0,1,0,0,1,-0.9749279121818236,-0.2225209339563146,0.7071067811865476,0.7071067811865476
266,27.4,0,0,0,1,0,0,1,-0.9749279121818236,-0.2225209339563146,0.8660254037844386,0.5000000000000001
263,26.9,0,0,0,1,0,0,1,-0.9749279121818236,-0.2225209339563146,0.9659258262890683,0.25881904510252074
355,26.5,0,0,0,1,0,0,1,-0.9749279121818236,-0.2225209339563146,1.0,6.123233995736766e-17
425,26.7,0,0,0,1,0,0,1,-0.9749279121818236,-0.2225209339563146,0.9659258262890683,-0.25881904510252063
647,28.0,0,0,0,1,0,1,0,-0.9749279121818236,-0.2225209339563146,0.8660254037844387,-0.4999999999999998
672,29.7,0,0,0,1,0,1,0,-0.9749279121818236,-0.2225209339563146,0.7071067811865476,-0.7071067811865475
643,31.3,0,0,0,1,0,1,0,-0.9749279121818236,-0.2225209339563146,0.49999999999999994,-0.8660254037844387
766,31.5,0,0,0,1,0,1,0,-0.9749279121818236,-0.2225209339563146,0.258819045102521,-0.9659258262890682
759,33.2,0,0,0,1,0,1,0,-0.9749279121818236,-0.2225209339563146,1.2246467991473532e-16,-1.0
830,34.1,0,0,0,1,0,1,0,-0.9749279121818236,-0.2225209339563146,-0.2588190451025208,-0.9659258262890683
733,34.5,0,0,0,1,0,1,0,-0.9749279121818236,-0.2225209339563146,-0.4999999999999997,-0.8660254037844388
694,35.0,0,0,0,1,0,1,0,-0.9749279121818236,-0.2225209339563146,-0.7071067811865471,-0.7071067811865479
826,35.6,0,0,0,1,0,1,0,-0.9749279121818236,-0.2225209339563146,-0.8660254037844385,-0.5000000000000004
1006,35.8,0,0,0,1,0,1,0,-0.9749279121818236,-0.2225209339563146,-0.9659258262890683,-0.25881904510252063
1274,34.4,0,0,0,1,0,0,1,-0.9749279121818236,-0.2225209339563146,-1.0,-1.8369701987210297e-16
1482,33.8,0,0,0,1,0,0,1,-0.9749279121818236,-0.2225209339563146,-0.9659258262890684,0.2588190451025203
1469,32.8,0,0,0,1,0,0,1,-0.9749279121818236,-0.2225209339563146,-0.8660254037844386,0.5000000000000001
1437,31.6,0,0,0,1,0,0,1,-0.9749279121818236,-0.2225209339563146,-0.7071067811865477,0.7071067811865474
1351,31.3,0,0,0,1,0,0,1,-0.9749279121818236,-0.2225209339563146,-0.5000000000000004,0.8660254037844384
1076,30.7,0,0,0,1,0,0,1,-0.9749279121818236,-0.2225209339563146,-0.25881904510252157,0.9659258262890681
997,29.9,0,0,0,1,0,0,1,-0.7818314824680299,0.6234898018587334,0.0,1.0
703,29.4,0,0,0,1,0,0,1,-0.7818314824680299,0.6234898018587334,0.25881904510252074,0.9659258262890683
554,29.0,0,0,0,1,0,0,1,-0.7818314824680299,0.6234898018587334,0.49999999999999994,0.8660254037844387
387,28.5,0,0,0,1,0,0,1,-0.7818314824680299,0.6234898018587334,0.7071067811865476,0.7071067811865476
260,28.1,0,0,0,1,0,0,1,-0.7818314824680299,0.6234898018587334,0.8660254037844386,0.5000000000000001
196,27.7,0,0,0,1,0,0,1,-0.7818314824680299,0.6234898018587334,0.9659258262890683,0.25881904510252074
261,27.2,0,0,0,1,0,0,1,-0.7818314824680299,0.6234898018587334,1.0,6.123233995736766e-17
316,27.4,0,0,0,1,0,0,1,-0.7818314824680299,0.6234898018587334,0.9659258262890683,-0.25881904510252063
520,28.6,0,0,0,1,0,0,1,-0.7818314824680299,0.6234898018587334,0.8660254037844387,-0.4999999999999998
568,29.7,0,0,0,1,0,1,0,-0.7818314824680299,0.6234898018587334,0.7071067811865476,-0.7071067811865475
483,31.6,0,0,0,1,0,1,0,-0.7818314824680299,0.6234898018587334,0.49999999999999994,-0.8660254037844387
526,32.8,0,0,0,1,0,1,0,-0.7818314824680299,0.6234898018587334,0.258819045102521,-0.9659258262890682
670,33.8,0,0,0,1,0,1,0,-0.7818314824680299,0.6234898018587334,1.2246467991473532e-16,-1.0
704,34.0,0,0,0,1,0,1,0,-0.7818314824680299,0.6234898018587334,-0.2588190451025208,-0.9659258262890683
697,35.0,0,0,0,1,0,1,0,-0.7818314824680299,0.6234898018587334,-0.4999999999999997,-0.8660254037844388
820,34.9,0,0,0,1,0,1,0,-0.7818314824680299,0.6234898018587334,-0.7071067811865471,-0.7071067811865479
959,34.1,0,0,0,1,0,0,1,-0.7818314824680299,0.6234898018587334,-0.8660254037844385,-0.5000000000000004
1156,33.7,0,0,0,1,0,0,1,-0.7818314824680299,0.6234898018587334,-0.9659258262890683,-0.25881904510252063
1225,33.4,0,0,0,1,0,0,1,-0.7818314824680299,0.6234898018587334,-1.0,-1.8369701987210297e-16
1117,32.0,0,0,0,1,1,0,0,-0.7818314824680299,0.6234898018587334,-0.9659258262890684,0.2588190451025203
1208,29.4,0,0,0,1,1,0,0,-0.7818314824680299,0.6234898018587334,-0.8660254037844386,0.5000000000000001
1337,28.9,0,0,0,1,0,0,1,-0.7818314824680299,0.6234898018587334,-0.7071067811865477,0.7071067811865474
1127,28.8,0,0,0,1,0,0,1,-0.7818314824680299,0.6234898018587334,-0.5000000000000004,0.8660254037844384
707,28.7,0,0,0,1,0,0,1,-0.7818314824680299,0.6234898018587334,-0.25881904510252157,0.9659258262890681
409,28.4,0,0,0,1,0,0,1,0.0,1.0,0.0,1.0
231,28.2,0,0,0,1,1,0,0,0.0,1.0,0.25881904510252074,0.9659258262890683
212,28.1,0,0,0,1,0,0,1,0.0,1.0,0.49999999999999994,0.8660254037844387
196,27.7,0,0,0,1,0,0,1,0.0,1.0,0.7071067811865476,0.7071067811865476
151,27.1,0,0,0,1,0,0,1,0.0,1.0,0.8660254037844386,0.5000000000000001
230,26.8,0,0,0,1,0,0,1,0.0,1.0,0.9659258262890683,0.25881904510252074
594,26.7,0,0,0,1,0,0,1,0.0,1.0,1.0,6.123233995736766e-17
1065,27.0,0,0,0,1,0,0,1,0.0,1.0,0.9659258262890683,-0.25881904510252063
1657,28.0,0,0,0,1,0,0,1,0.0,1.0,0.8660254037844387,-0.4999999999999998
903,29.4,0,0,0,1,0,0,1,0.0,1.0,0.7071067811865476,-0.7071067811865475
639,30.6,0,0,0,1,0,0,1,0.0,1.0,0.49999999999999994,-0.8660254037844387
677,31.7,0,0,0,1,0,1,0,0.0,1.0,0.258819045102521,-0.9659258262890682
724,33.4,0,0,0,1,0,1,0,0.0,1.0,1.2246467991473532e-16,-1.0
698,33.0,0,0,0,1,0,0,1,0.0,1.0,-0.2588190451025208,-0.9659258262890683
651,33.6,0,0,0,1,0,0,1,0.0,1.0,-0.4999999999999997,-0.8660254037844388
709,34.0,0,0,0,1,0,1,0,0.0,1.0,-0.7071067811865471,-0.7071067811865479
901,33.5,0,0,0,1,0,1,0,0.0,1.0,-0.8660254037844385,-0.5000000000000004
1358,33.2,0,0,0,1,0,0,1,0.0,1.0,-0.9659258262890683,-0.25881904510252063
2367,33.1,0,0,0,1,0,0,1,0.0,1.0,-1.0,-1.8369701987210297e-16
2036,32.1,0,0,0,1,0,0,1,0.0,1.0,-0.9659258262890684,0.2588190451025203
1847,31.0,0,0,0,1,0,0,1,0.0,1.0,-0.8660254037844386,0.5000000000000001
1851,30.4,0,0,0,1,0,0,1,0.0,1.0,-0.7071067811865477,0.7071067811865474
1635,29.9,0,0,0,1,0,0,1,0.0,1.0,-0.5000000000000004,0.8660254037844384
1086,29.6,0,0,0,1,0,0,1,0.0,1.0,-0.25881904510252157,0.9659258262890681
872,29.3,0,0,0,1,0,0,1,0.7818314824680298,0.6234898018587336,0.0,1.0
681,28.9,0,0,0,1,0,0,1,0.7818314824680298,0.6234898018587336,0.25881904510252074,0.9659258262890683
467,28.6,0,0,0,1,0,0,1,0.7818314824680298,0.6234898018587336,0.49999999999999994,0.8660254037844387
345,28.4,0,0,0,1,0,0,1,0.7818314824680298,0.6234898018587336,0.7071067811865476,0.7071067811865476
209,28.1,0,0,0,1,0,0,1,0.7818314824680298,0.6234898018587336,0.8660254037844386,0.5000000000000001
254,27.9,0,0,0,1,0,0,1,0.7818314824680298,0.6234898018587336,0.9659258262890683,0.25881904510252074
643,27.8,0,0,0,1,0,0,1,0.7818314824680298,0.6234898018587336,1.0,6.123233995736766e-17
1097,27.9,0,0,0,1,0,0,1,0.7818314824680298,0.6234898018587336,0.9659258262890683,-0.25881904510252063
1708,29.3,0,0,0,1,0,0,1,0.7818314824680298,0.6234898018587336,0.8660254037844387,-0.4999999999999998
944,31.0,0,0,0,1,0,1,0,0.7818314824680298,0.6234898018587336,0.7071067811865476,-0.7071067811865475
615,31.7,0,0,0,1,0,1,0,0.7818314824680298,0.6234898018587336,0.49999999999999994,-0.8660254037844387
636,32.4,0,0,0,1,0,1,0,0.7818314824680298,0.6234898018587336,0.258819045102521,-0.9659258262890682
699,33.9,0,0,0,1,0,1,0,0.7818314824680298,0.6234898018587336,1.2246467991473532e-16,-1.0
695,35.7,0,0,0,1,0,1,0,0.7818314824680298,0.6234898018587336,-0.2588190451025208,-0.9659258262890683
627,36.2,0,0,0,1,0,1,0,0.7818314824680298,0.6234898018587336,-0.4999999999999997,-0.8660254037844388
700,37.2,0,0,0,1,0,1,0,0.7818314824680298,0.6234898018587336,-0.7071067811865471,-0.7071067811865479
920,36.3,0,0,0,1,0,1,0,0.7818314824680298,0.6234898018587336,-0.8660254037844385,-0.5000000000000004
1306,34.7,0,0,0,1,0,1,0,0.7818314824680298,0.6234898018587336,-0.9659258262890683,-0.25881904510252063
2305,33.7,0,0,0,1,0,0,1,0.7818314824680298,0.6234898018587336,-1.0,-1.8369701987210297e-16
1972,32.7,0,0,0,1,0,0,1,0.7818314824680298,0.6234898018587336,-0.9659258262890684,0.2588190451025203
1705,31.8,0,0,0,1,0,0,1,0.7818314824680298,0.6234898018587336,-0.8660254037844386,0.5000000000000001
1684,31.3,0,0,0,1,0,0,1,0.7818314824680298,0.6234898018587336,-0.7071067811865477,0.7071067811865474
1587,30.9,0,0,0,1,0,0,1,0.7818314824680298,0.6234898018587336,-0.5000000000000004,0.8660254037844384
1165,30.3,0,0,0,1,0,0,1,0.7818314824680298,0.6234898018587336,-0.25881904510252157,0.9659258262890681
1034,30.0,1,0,0,1,0,0,1,0.9749279121818236,-0.22252093395631434,0.0,1.0
850,29.6,1,0,0,1,0,0,1,0.9749279121818236,-0.22252093395631434,0.25881904510252074,0.9659258262890683
676,29.5,1,0,0,1,0,0,1,0.9749279121818236,-0.22252093395631434,0.49999999999999994,0.8660254037844387
474,29.1,1,0,0,1,0,0,1,0.9749279121818236,-0.22252093395631434,0.7071067811865476,0.7071067811865476
310,28.8,1,0,0,1,0,0,1,0.9749279121818236,-0.22252093395631434,0.8660254037844386,0.5000000000000001
227,28.6,1,0,0,1,0,0,1,0.9749279121818236,-0.22252093395631434,0.9659258262890683,0.25881904510252074
346,28.4,1,0,0,1,0,0,1,0.9749279121818236,-0.22252093395631434,1.0,6.123233995736766e-17
429,28.6,1,0,0,1,0,0,1,0.9749279121818236,-0.22252093395631434,0.9659258262890683,-0.25881904510252063
553,29.9,1,0,0,1,0,0,1,0.9749279121818236,-0.22252093395631434,0.8660254037844387,-0.4999999999999998
563,32.0,1,0,0,1,0,1,0,0.9749279121818236,-0.22252093395631434,0.7071067811865476,-0.7071067811865475
547,33.5,1,0,0,1,0,1,0,0.9749279121818236,-0.22252093395631434,0.49999999999999994,-0.8660254037844387
586,35.4,1,0,0,1,0,1,0,0.9749279121818236,-0.22252093395631434,0.258819045102521,-0.9659258262890682
563,36.5,1,0,0,1,0,1,0,0.9749279121818236,-0.22252093395631434,1.2246467991473532e-16,-1.0
591,36.9,1,0,0,1,0,1,0,0.9749279121818236,-0.22252093395631434,-0.2588190451025208,-0.9659258262890683
627,37.2,1,0,0,1,0,1,0,0.9749279121818236,-0.22252093395631434,-0.4999999999999997,-0.8660254037844388
761,37.4,1,0,0,1,0,1,0,0.9749279121818236,-0.22252093395631434,-0.7071067811865471,-0.7071067811865479
877,36.6,1,0,0,1,0,0,1,0.9749279121818236,-0.22252093395631434,-0.8660254037844385,-0.5000000000000004
960,33.6,1,0,0,1,0,0,1,0.9749279121818236,-0.22252093395631434,-0.9659258262890683,-0.25881904510252063
925,32.8,1,0,0,1,1,0,0,0.9749279121818236,-0.22252093395631434,-1.0,-1.8369701987210297e-16
1301,28.7,1,0,0,1,1,0,0,0.9749279121818236,-0.22252093395631434,-0.9659258262890684,0.2588190451025203
1500,28.4,1,0,0,1,0,0,1,0.9749279121818236,-0.22252093395631434,-0.8660254037844386,0.5000000000000001
1507,28.6,1,0,0,1,0,0,1,0.9749279121818236,-0.22252093395631434,-0.7071067811865477,0.7071067811865474
1350,28.6,1,0,0,1,0,0,1,0.9749279121818236,-0.22252093395631434,-0.5000000000000004,0.8660254037844384
1008,28.5,1,0,0,1,0,0,1,0.9749279121818236,-0.22252093395631434,-0.25881904510252157,0.9659258262890681
808,28.4,0,0,0,1,0,0,1,0.43388373911755823,-0.900968867902419,0.0,1.0
535,28.2,0,0,0,1,0,0,1,0.43388373911755823,-0.900968867902419,0.25881904510252074,0.9659258262890683
381,28.1,0,0,0,1,0,0,1,0.43388373911755823,-0.900968867902419,0.49999999999999994,0.8660254037844387
252,27.9,0,0,0,1,0,0,1,0.43388373911755823,-0.900968867902419,0.7071067811865476,0.7071067811865476
173,27.8,0,0,0,1,0,0,1,0.43388373911755823,-0.900968867902419,0.8660254037844386,0.5000000000000001
263,28.0,0,0,0,1,0,0,1,0.43388373911755823,-0.900968867902419,0.9659258262890683,0.25881904510252074
631,27.5,0,0,0,1,0,0,1,0.43388373911755823,-0.900968867902419,1.0,6.123233995736766e-17
1105,27.6,0,0,0,1,0,0,1,0.43388373911755823,-0.900968867902419,0.9659258262890683,-0.25881904510252063
1660,28.2,0,0,0,1,0,0,1,0.43388373911755823,-0.900968867902419,0.8660254037844387,-0.4999999999999998
876,30.6,0,0,0,1,0,1,0,0.43388373911755823,-0.900968867902419,0.7071067811865476,-0.7071067811865475
612,31.9,0,0,0,1,0,1,0,0.43388373911755823,-0.900968867902419,0.49999999999999994,-0.8660254037844387
672,33.5,0,0,0,1,0,1,0,0.43388373911755823,-0.900968867902419,0.258819045102521,-0.9659258262890682
668,34.5,0,0,0,1,0,1,0,0.43388373911755823,-0.900968867902419,1.2246467991473532e-16,-1.0
652,35.1,0,0,0,1,0,1,0,0.43388373911755823,-0.900968867902419,-0.2588190451025208,-0.9659258262890683
638,35.3,0,0,0,1,0,1,0,0.43388373911755823,-0.900968867902419,-0.4999999999999997,-0.8660254037844388
720,35.0,0,0,0,1,0,1,0,0.43388373911755823,-0.900968867902419,-0.7071067811865471,-0.7071067811865479
902,34.5,0,0,0,1,0,1,0,0.43388373911755823,-0.900968867902419,-0.8660254037844385,-0.5000000000000004
1384,33.8,0,0,0,1,0,1,0,0.43388373911755823,-0.900968867902419,-0.9659258262890683,-0.25881904510252063
2481,32.4,0,0,0,1,0,1,0,0.43388373911755823,-0.900968867902419,-1.0,-1.8369701987210297e-16
2286,29.8,0,0,0,1,0,0,1,0.43388373911755823,-0.900968867902419,-0.9659258262890684,0.2588190451025203
2114,27.9,0,0,0,1,0,0,1,0.43388373911755823,-0.900968867902419,-0.8660254037844386,0.5000000000000001
2127,26.8,0,0,0,1,0,0,1,0.43388373911755823,-0.900968867902419,-0.7071067811865477,0.7071067811865474
1943,25.9,0,0,0,1,0,0,1,0.43388373911755823,-0.900968867902419,-0.5000000000000004,0.8660254037844384
1446,25.0,0,0,0,1,0,0,1,0.43388373911755823,-0.900968867902419,-0.25881904510252157,0.9659258262890681
1109,24.1,0,0,0,1,0,0,1,-0.433883739117558,-0.9009688679024191,0.0,1.0
842,23.4,0,0,0,1,0,0,1,-0.433883739117558,-0.9009688679024191,0.25881904510252074,0.9659258262890683
572,22.8,0,0,0,1,0,0,1,-0.433883739117558,-0.9009688679024191,0.49999999999999994,0.8660254037844387
375,22.4,0,0,0,1,0,0,1,-0.433883739117558,-0.9009688679024191,0.7071067811865476,0.7071067811865476
276,22.1,0,0,0,1,0,0,1,-0.433883739117558,-0.9009688679024191,0.8660254037844386,0.5000000000000001
304,21.8,0,0,0,1,0,0,1,-0.433883739117558,-0.9009688679024191,0.9659258262890683,0.25881904510252074
719,21.8,0,0,0,1,0,0,1,-0.433883739117558,-0.9009688679024191,1.0,6.123233995736766e-17
1271,22.0,0,0,0,1,0,0,1,-0.433883739117558,-0.9009688679024191,0.9659258262890683,-0.25881904510252063
1918,23.5,0,0,0,1,0,1,0,-0.433883739117558,-0.9009688679024191,0.8660254037844387,-0.4999999999999998
1069,25.5,0,0,0,1,0,1,0,-0.433883739117558,-0.9009688679024191,0.7071067811865476,-0.7071067811865475
717,27.0,0,0,0,1,0,1,0,-0.433883739117558,-0.9009688679024191,0.49999999999999994,-0.8660254037844387
844,28.8,0,0,0,1,0,1,0,-0.433883739117558,-0.9009688679024191,0.258819045102521,-0.9659258262890682
904,30.3,0,0,0,1,0,1,0,-0.433883739117558,-0.9009688679024191,1.2246467991473532e-16,-1.0
820,31.3,0,0,0,1,0,1,0,-0.433883739117558,-0.9009688679024191,-0.2588190451025208,-0.9659258262890683
791,32.7,0,0,0,1,0,1,0,-0.433883739117558,-0.9009688679024191,-0.4999999999999997,-0.8660254037844388
970,33.5,0,0,0,1,0,1,0,-0.433883739117558,-0.9009688679024191,-0.7071067811865471,-0.7071067811865479
1112,33.7,0,0,0,1,0,1,0,-0.433883739117558,-0.9009688679024191,-0.8660254037844385,-0.5000000000000004
1666,33.1,0,0,0,1,0,1,0,-0.433883739117558,-0.9009688679024191,-0.9659258262890683,-0.25881904510252063
2797,32.5,0,0,0,1,0,1,0,-0.433883739117558,-0.9009688679024191,-1.0,-1.8369701987210297e-16
2353,31.0,0,0,0,1,0,0,1,-0.433883739117558,-0.9009688679024191,-0.9659258262890684,0.2588190451025203
2130,28.4,0,0,0,1,0,0,1,-0.433883739117558,-0.9009688679024191,-0.8660254037844386,0.5000000000000001
2008,27.1,0,0,0,1,0,0,1,-0.433883739117558,-0.9009688679024191,-0.7071067811865477,0.7071067811865474
1787,26.0,0,0,0,1,0,0,1,-0.433883739117558,-0.9009688679024191,-0.5000000000000004,0.8660254037844384
1466,25.2,0,0,0,1,0,0,1,-0.433883739117558,-0.9009688679024191,-0.25881904510252157,0.9659258262890681
1191,24.5,0,0,0,1,0,0,1,-0.9749279121818236,-0.2225209339563146,0.0,1.0
969,23.9,0,0,0,1,0,0,1,-0.9749279121818236,-0.2225209339563146,0.25881904510252074,0.9659258262890683
698,23.4,0,0,0,1,0,0,1,-0.9749279121818236,-0.2225209339563146,0.49999999999999994,0.8660254037844387
483,23.0,0,0,0,1,0,0,1,-0.9749279121818236,-0.2225209339563146,0.7071067811865476,0.7071067811865476
316,22.6,0,0,0,1,0,0,1,-0.9749279121818236,-0.2225209339563146,0.8660254037844386,0.5000000000000001
262,22.0,0,0,0,1,0,0,1,-0.9749279121818236,-0.2225209339563146,0.9659258262890683,0.25881904510252074
397,21.6,0,0,0,1,0,0,1,-0.9749279121818236,-0.2225209339563146,1.0,6.123233995736766e-17
475,21.7,0,0,0,1,0,0,1,-0.9749279121818236,-0.2225209339563146,0.9659258262890683,-0.25881904510252063
754,23.2,0,0,0,1,0,1,0,-0.9749279121818236,-0.2225209339563146,0.8660254037844387,-0.4999999999999998
771,25.3,0,0,0,1,0,1,0,-0.9749279121818236,-0.2225209339563146,0.7071067811865476,-0.7071067811865475
769,27.0,0,0,0,1,0,1,0,-0.9749279121818236,-0.2225209339563146,0.49999999999999994,-0.8660254037844387
857,28.4,0,0,0,1,0,1,0,-0.9749279121818236,-0.2225209339563146,0.258819045102521,-0.9659258262890682
952,29.8,0,0,0,1,0,1,0,-0.9749279121818236,-0.2225209339563146,1.2246467991473532e-16,-1.0
1003,31.1,0,0,0,1,0,1,0,-0.9749279121818236,-0.2225209339563146,-0.2588190451025208,-0.9659258262890683
1121,31.0,0,0,0,1,0,1,0,-0.9749279121818236,-0.2225209339563146,-0.4999999999999997,-0.8660254037844388
1196,31.7,0,0,0,1,0,1,0,-0.9749279121818236,-0.2225209339563146,-0.7071067811865471,-0.7071067811865479
1398,31.8,0,0,0,1,0,1,0,-0.9749279121818236,-0.2225209339563146,-0.8660254037844385,-0.5000000000000004
1806,29.9,0,0,0,1,0,1,0,-0.9749279121818236,-0.2225209339563146,-0.9659258262890683,-0.25881904510252063
1979,30.1,0,0,0,1,0,1,0,-0.9749279121818236,-0.2225209339563146,-1.0,-1.8369701987210297e-16
2127,28.5,0,0,0,1,0,0,1,-0.9749279121818236,-0.2225209339563146,-0.9659258262890684,0.2588190451025203
1965,27.6,0,0,0,1,0,0,1,-0.9749279121818236,-0.2225209339563146,-0.8660254037844386,0.5000000000000001
1886,26.8,0,0,0,1,0,0,1,-0.9749279121818236,-0.2225209339563146,-0.7071067811865477,0.7071067811865474
1681,26.3,0,0,0,1,0,0,1,-0.9749279121818236,-0.2225209339563146,-0.5000000000000004,0.8660254037844384
1342,25.9,0,0,0,1,0,0,1,-0.9749279121818236,-0.2225209339563146,-0.25881904510252157,0.9659258262890681
1100,25.3,0,0,0,1,0,0,1,-0.7818314824680299,0.6234898018587334,0.0,1.0
844,25.0,0,0,0,1,0,0,1,-0.7818314824680299,0.6234898018587334,0.25881904510252074,0.9659258262890683
611,24.5,0,0,0,1,0,0,1,-0.7818314824680299,0.6234898018587334,0.49999999999999994,0.8660254037844387
425,24.0,0,0,0,1,0,0,1,-0.7818314824680299,0.6234898018587334,0.7071067811865476,0.7071067811865476
264,23.6,0,0,0,1,0,0,1,-0.7818314824680299,0.6234898018587334,0.8660254037844386,0.5000000000000001
223,23.4,0,0,0,1,0,0,1,-0.7818314824680299,0.6234898018587334,0.9659258262890683,0.25881904510252074
260,23.1,0,0,0,1,0,0,1,-0.7818314824680299,0.6234898018587334,1.0,6.123233995736766e-17
392,23.3,0,0,0,1,0,0,1,-0.7818314824680299,0.6234898018587334,0.9659258262890683,-0.25881904510252063
592,24.4,0,0,0,1,0,0,1,-0.7818314824680299,0.6234898018587334,0.8660254037844387,-0.4999999999999998
645,26.3,0,0,0,1,0,1,0,-0.7818314824680299,0.6234898018587334,0.7071067811865476,-0.7071067811865475
732,27.3,0,0,0,1,0,1,0,-0.7818314824680299,0.6234898018587334,0.49999999999999994,-0.8660254037844387
795,28.4,0,0,0,1,0,1,0,-0.7818314824680299,0.6234898018587334,0.258819045102521,-0.9659258262890682
926,30.9,0,0,0,1,0,1,0,-0.7818314824680299,0.6234898018587334,1.2246467991473532e-16,-1.0
943,32.4,0,0,0,1,0,1,0,-0.7818314824680299,0.6234898018587334,-0.2588190451025208,-0.9659258262890683
972,33.4,0,0,0,1,0,1,0,-0.7818314824680299,0.6234898018587334,-0.4999999999999997,-0.8660254037844388
1181,33.8,0,0,0,1,0,1,0,-0.7818314824680299,0.6234898018587334,-0.7071067811865471,-0.7071067811865479
1395,33.3,0,0,0,1,0,1,0,-0.7818314824680299,0.6234898018587334,-0.8660254037844385,-0.5000000000000004
1721,32.7,0,0,0,1,0,1,0,-0.7818314824680299,0.6234898018587334,-0.9659258262890683,-0.25881904510252063
1928,32.3,0,0,0,1,0,0,1,-0.7818314824680299,0.6234898018587334,-1.0,-1.8369701987210297e-16
2186,29.7,0,0,0,1,0,0,1,-0.7818314824680299,0.6234898018587334,-0.9659258262890684,0.2588190451025203
2029,28.5,0,0,0,1,0,0,1,-0.7818314824680299,0.6234898018587334,-0.8660254037844386,0.5000000000000001
1821,27.9,0,0,0,1,0,0,1,-0.7818314824680299,0.6234898018587334,-0.7071067811865477,0.7071067811865474
1546,27.7,0,0,0,1,0,0,1,-0.7818314824680299,0.6234898018587334,-0.5000000000000004,0.8660254037844384
1016,27.5,0,0,0,1,0,0,1,-0.7818314824680299,0.6234898018587334,-0.25881904510252157,0.9659258262890681
818,27.0,0,0,0,1,0,0,1,0.0,1.0,0.0,1.0
527,26.6,0,0,0,1,0,0,1,0.0,1.0,0.25881904510252074,0.9659258262890683
352,26.3,0,0,0,1,0,0,1,0.0,1.0,0.49999999999999994,0.8660254037844387
255,26.1,0,0,0,1,0,0,1,0.0,1.0,0.7071067811865476,0.7071067811865476
193,26.2,0,0,0,1,0,0,1,0.0,1.0,0.8660254037844386,0.5000000000000001
281,25.7,0,0,0,1,0,0,1,0.0,1.0,0.9659258262890683,0.25881904510252074
675,25.3,0,0,0,1,0,0,1,0.0,1.0,1.0,6.123233995736766e-17
1285,25.4,0,0,0,1,0,0,1,0.0,1.0,0.9659258262890683,-0.25881904510252063
1912,26.6,0,0,0,1,0,0,1,0.0,1.0,0.8660254037844387,-0.4999999999999998
993,27.5,0,0,0,1,0,0,1,0.0,1.0,0.7071067811865476,-0.7071067811865475
719,29.3,0,0,0,1,0,1,0,0.0,1.0,0.49999999999999994,-0.8660254037844387
766,31.2,0,0,0,1,0,1,0,0.0,1.0,0.258819045102521,-0.9659258262890682
808,31.7,0,0,0,1,0,1,0,0.0,1.0,1.2246467991473532e-16,-1.0
847,31.6,0,0,0,1,0,1,0,0.0,1.0,-0.2588190451025208,-0.9659258262890683
816,32.1,0,0,0,1,0,1,0,0.0,1.0,-0.4999999999999997,-0.8660254037844388
992,32.9,0,0,0,1,0,1,0,0.0,1.0,-0.7071067811865471,-0.7071067811865479
1253,32.3,0,0,0,1,0,1,0,0.0,1.0,-0.8660254037844385,-0.5000000000000004
1704,32.1,0,0,0,1,0,0,1,0.0,1.0,-0.9659258262890683,-0.25881904510252063
2628,31.6,0,0,0,1,0,0,1,0.0,1.0,-1.0,-1.8369701987210297e-16
2162,30.8,0,0,0,1,0,0,1,0.0,1.0,-0.9659258262890684,0.2588190451025203
1999,29.8,0,0,0,1,0,0,1,0.0,1.0,-0.8660254037844386,0.5000000000000001
1971,29.3,0,0,0,1,0,0,1,0.0,1.0,-0.7071067811865477,0.7071067811865474
1630,29.0,0,0,0,1,0,0,1,0.0,1.0,-0.5000000000000004,0.8660254037844384
1241,28.5,0,0,0,1,0,0,1,0.0,1.0,-0.25881904510252157,0.9659258262890681
898,28.3,0,0,0,1,0,0,1,0.7818314824680298,0.6234898018587336,0.0,1.0
690,28.0,0,0,0,1,0,0,1,0.7818314824680298,0.6234898018587336,0.25881904510252074,0.9659258262890683
376,27.6,0,0,0,1,0,0,1,0.7818314824680298,0.6234898018587336,0.49999999999999994,0.8660254037844387
173,26.8,0,0,0,1,1,0,0,0.7818314824680298,0.6234898018587336,0.7071067811865476,0.7071067811865476
49,25.3,0,0,0,1,1,0,0,0.7818314824680298,0.6234898018587336,0.8660254037844386,0.5000000000000001
57,23.8,0,0,0,1,1,0,0,0.7818314824680298,0.6234898018587336,0.9659258262890683,0.25881904510252074
73,23.8,0,0,0,1,1,0,0,0.7818314824680298,0.6234898018587336,1.0,6.123233995736766e-17
608,23.4,0,0,0,1,1,0,0,0.7818314824680298,0.6234898018587336,0.9659258262890683,-0.25881904510252063
1530,24.0,0,0,0,1,0,0,1,0.7818314824680298,0.6234898018587336,0.8660254037844387,-0.4999999999999998
876,24.4,0,0,0,1,0,0,1,0.7818314824680298,0.6234898018587336,0.7071067811865476,-0.7071067811865475
402,24.8,0,0,0,1,0,0,1,0.7818314824680298,0.6234898018587336,0.49999999999999994,-0.8660254037844387
681,24.7,0,0,0,1,0,0,1,0.7818314824680298,0.6234898018587336,0.258819045102521,-0.9659258262890682
848,25.7,0,0,0,1,0,0,1,0.7818314824680298,0.6234898018587336,1.2246467991473532e-16,-1.0
827,27.1,0,0,0,1,0,1,0,0.7818314824680298,0.6234898018587336,-0.2588190451025208,-0.9659258262890683
788,28.5,0,0,0,1,0,1,0,0.7818314824680298,0.6234898018587336,-0.4999999999999997,-0.8660254037844388
957,29.5,0,0,0,1,0,1,0,0.7818314824680298,0.6234898018587336,-0.7071067811865471,-0.7071067811865479
1112,30.4,0,0,0,1,0,1,0,0.7818314824680298,0.6234898018587336,-0.8660254037844385,-0.5000000000000004
1663,30.8,0,0,0,1,0,1,0,0.7818314824680298,0.6234898018587336,-0.9659258262890683,-0.25881904510252063
2830,30.3,0,0,0,1,0,0,1,0.7818314824680298,0.6234898018587336,-1.0,-1.8369701987210297e-16
2364,29.2,0,0,0,1,0,0,1,0.7818314824680298,0.6234898018587336,-0.9659258262890684,0.2588190451025203
2169,27.7,0,0,0,1,0,0,1,0.7818314824680298,0.6234898018587336,-0.8660254037844386,0.5000000000000001
2057,26.8,0,0,0,1,0,0,1,0.7818314824680298,0.6234898018587336,-0.7071067811865477,0.7071067811865474
1828,26.1,0,0,0,1,0,0,1,0.7818314824680298,0.6234898018587336,-0.5000000000000004,0.8660254037844384
1277,25.6,0,0,0,1,0,0,1,0.7818314824680298,0.6234898018587336,-0.25881904510252157,0.9659258262890681
1025,25.1,0,0,0,1,0,0,1,0.9749279121818236,-0.22252093395631434,0.0,1.0
782,24.6,0,0,0,1,0,0,1,0.9749279121818236,-0.22252093395631434,0.25881904510252074,0.9659258262890683
512,24.2,0,0,0,1,0,0,1,0.9749279121818236,-0.22252093395631434,0.49999999999999994,0.8660254037844387
346,24.1,0,0,0,1,0,0,1,0.9749279121818236,-0.22252093395631434,0.7071067811865476,0.7071067811865476
214,23.6,0,0,0,1,0,0,1,0.9749279121818236,-0.22252093395631434,0.8660254037844386,0.5000000000000001
289,23.4,0,0,0,1,0,0,1,0.9749279121818236,-0.22252093395631434,0.9659258262890683,0.25881904510252074
655,23.7,0,0,0,1,0,0,1,0.9749279121818236,-0.22252093395631434,1.0,6.123233995736766e-17
1330,24.3,0,0,0,1,0,0,1,0.9749279121818236,-0.22252093395631434,0.9659258262890683,-0.25881904510252063
1990,25.7,0,0,0,1,0,0,1,0.9749279121818236,-0.22252093395631434,0.8660254037844387,-0.4999999999999998
1015,28.0,0,0,0,1,0,1,0,0.9749279121818236,-0.22252093395631434,0.7071067811865476,-0.7071067811865475
700,30.2,0,0,0,1,0,1,0,0.9749279121818236,-0.22252093395631434,0.49999999999999994,-0.8660254037844387
710,32.1,0,0,0,1,0,1,0,0.9749279121818236,-0.22252093395631434,0.258819045102521,-0.9659258262890682
784,33.9,0,0,0,1,0,1,0,0.9749279121818236,-0.22252093395631434,1.2246467991473532e-16,-1.0
727,35.3,0,0,0,1,0,1,0,0.9749279121818236,-0.22252093395631434,-0.2588190451025208,-0.9659258262890683
760,36.2,0,0,0,1,0,1,0,0.9749279121818236,-0.22252093395631434,-0.4999999999999997,-0.8660254037844388
842,36.8,0,0,0,1,0,1,0,0.9749279121818236,-0.22252093395631434,-0.7071067811865471,-0.7071067811865479
993,37.4,0,0,0,1,0,1,0,0.9749279121818236,-0.22252093395631434,-0.8660254037844385,-0.5000000000000004
1495,36.4,0,0,0,1,0,1,0,0.9749279121818236,-0.22252093395631434,-0.9659258262890683,-0.25881904510252063
2528,35.4,0,0,0,1,0,0,1,0.9749279121818236,-0.22252093395631434,-1.0,-1.8369701987210297e-16
2087,35.2,0,0,0,1,0,0,1,0.9749279121818236,-0.22252093395631434,-0.9659258262890684,0.2588190451025203
1808,33.2,0,0,0,1,0,0,1,0.9749279121818236,-0.22252093395631434,-0.8660254037844386,0.5000000000000001
1807,33.1,0,0,0,1,0,0,1,0.9749279121818236,-0.22252093395631434,-0.7071067811865477,0.7071067811865474
1556,32.1,0,0,0,1,0,0,1,0.9749279121818236,-0.22252093395631434,-0.5000000000000004,0.8660254037844384
1117,31.2,0,0,0,1,0,0,1,0.9749279121818236,-0.22252093395631434,-0.25881904510252157,0.9659258262890681
908,30.7,0,0,0,1,0,0,1,0.43388373911755823,-0.900968867902419,0.0,1.0
745,30.1,0,0,0,1,0,0,1,0.43388373911755823,-0.900968867902419,0.25881904510252074,0.9659258262890683
492,29.8,0,0,0,1,0,0,1,0.43388373911755823,-0.900968867902419,0.49999999999999994,0.8660254037844387
304,29.7,0,0,0,1,0,0,1,0.43388373911755823,-0.900968867902419,0.7071067811865476,0.7071067811865476
168,29.3,0,0,0,1,0,0,1,0.43388373911755823,-0.900968867902419,0.8660254037844386,0.5000000000000001
185,28.5,0,0,0,1,1,0,0,0.43388373911755823,-0.900968867902419,0.9659258262890683,0.25881904510252074
492,28.3,0,0,0,1,0,0,1,0.43388373911755823,-0.900968867902419,1.0,6.123233995736766e-17
720,28.3,0,0,0,1,0,0,1,0.43388373911755823,-0.900968867902419,0.9659258262890683,-0.25881904510252063
1678,28.1,0,0,0,1,0,0,1,0.43388373911755823,-0.900968867902419,0.8660254037844387,-0.4999999999999998
924,29.3,0,0,0,1,0,0,1,0.43388373911755823,-0.900968867902419,0.7071067811865476,-0.7071067811865475
551,30.2,0,0,0,1,0,1,0,0.43388373911755823,-0.900968867902419,0.49999999999999994,-0.8660254037844387
711,29.9,0,0,0,1,1,0,0,0.43388373911755823,-0.900968867902419,0.258819045102521,-0.9659258262890682
769,31.9,0,0,0,1,0,1,0,0.43388373911755823,-0.900968867902419,1.2246467991473532e-16,-1.0
584,31.0,0,0,0,1,0,0,1,0.43388373911755823,-0.900968867902419,-0.2588190451025208,-0.9659258262890683
740,30.5,0,0,0,1,1,0,0,0.43388373911755823,-0.900968867902419,-0.4999999999999997,-0.8660254037844388
837,32.0,0,0,0,1,0,1,0,0.43388373911755823,-0.900968867902419,-0.7071067811865471,-0.7071067811865479
944,31.7,0,0,0,1,0,1,0,0.43388373911755823,-0.900968867902419,-0.8660254037844385,-0.5000000000000004
1249,30.8,0,0,0,1,0,0,1,0.43388373911755823,-0.900968867902419,-0.9659258262890683,-0.25881904510252063
1447,30.6,0,0,0,1,0,0,1,0.43388373911755823,-0.900968867902419,-1.0,-1.8369701987210297e-16
582,30.0,0,0,0,1,0,0,1,0.43388373911755823,-0.900968867902419,-0.9659258262890684,0.2588190451025203
257,29.2,0,0,0,1,1,0,0,0.43388373911755823,-0.900968867902419,-0.8660254037844386,0.5000000000000001
189,27.8,0,0,0,1,1,0,0,0.43388373911755823,-0.900968867902419,-0.7071067811865477,0.7071067811865474
215,26.6,0,0,0,1,1,0,0,0.43388373911755823,-0.900968867902419,-0.5000000000000004,0.8660254037844384
267,26.1,0,0,0,1,1,0,0,0.43388373911755823,-0.900968867902419,-0.25881904510252157,0.9659258262890681
238,25.7,0,0,0,1,1,0,0,-0.433883739117558,-0.9009688679024191,0.0,1.0
208,25.7,0,0,0,1,1,0,0,-0.433883739117558,-0.9009688679024191,0.25881904510252074,0.9659258262890683
83,25.4,0,0,0,1,1,0,0,-0.433883739117558,-0.9009688679024191,0.49999999999999994,0.8660254037844387
62,24.8,0,0,0,1,1,0,0,-0.433883739117558,-0.9009688679024191,0.7071067811865476,0.7071067811865476
30,24.5,0,0,0,1,1,0,0,-0.433883739117558,-0.9009688679024191,0.8660254037844386,0.5000000000000001
45,24.6,0,0,0,1,1,0,0,-0.433883739117558,-0.9009688679024191,0.9659258262890683,0.25881904510252074
173,24.9,0,0,0,1,1,0,0,-0.433883739117558,-0.9009688679024191,1.0,6.123233995736766e-17
400,24.2,0,0,0,1,0,0,1,-0.433883739117558,-0.9009688679024191,0.9659258262890683,-0.25881904510252063
578,24.4,0,0,0,1,0,0,1,-0.433883739117558,-0.9009688679024191,0.8660254037844387,-0.4999999999999998
484,24.8,0,0,0,1,0,0,1,-0.433883739117558,-0.9009688679024191,0.7071067811865476,-0.7071067811865475
286,26.0,0,0,0,1,0,0,1,-0.433883739117558,-0.9009688679024191,0.49999999999999994,-0.8660254037844387
415,26.2,0,0,0,1,0,1,0,-0.433883739117558,-0.9009688679024191,0.258819045102521,-0.9659258262890682
355,25.8,0,0,0,1,0,0,1,-0.433883739117558,-0.9009688679024191,1.2246467991473532e-16,-1.0
274,25.8,0,0,0,1,0,1,0,-0.433883739117558,-0.9009688679024191,-0.2588190451025208,-0.9659258262890683
152,24.4,0,0,0,1,1,0,0,-0.433883739117558,-0.9009688679024191,-0.4999999999999997,-0.8660254037844388
405,24.0,0,0,0,1,1,0,0,-0.433883739117558,-0.9009688679024191,-0.7071067811865471,-0.7071067811865479
455,24.6,0,0,0,1,0,0,1,-0.433883739117558,-0.9009688679024191,-0.8660254037844385,-0.5000000000000004
403,24.1,0,0,0,1,0,0,1,-0.433883739117558,-0.9009688679024191,-0.9659258262890683,-0.25881904510252063
916,23.8,0,0,0,1,1,0,0,-0.433883739117558,-0.9009688679024191,-1.0,-1.8369701987210297e-16
948,23.6,0,0,0,1,0,0,1,-0.433883739117558,-0.9009688679024191,-0.9659258262890684,0.2588190451025203
1162,23.5,0,0,0,1,0,0,1,-0.433883739117558,-0.9009688679024191,-0.8660254037844386,0.5000000000000001
1300,23.5,0,0,0,1,0,0,1,-0.433883739117558,-0.9009688679024191,-0.7071067811865477,0.7071067811865474
1202,23.5,0,0,0,1,0,0,1,-0.433883739117558,-0.9009688679024191,-0.5000000000000004,0.8660254037844384
1084,23.4,0,0,0,1,0,0,1,-0.433883739117558,-0.9009688679024191,-0.25881904510252157,0.9659258262890681
980,23.2,0,0,0,1,0,0,1,-0.9749279121818236,-0.2225209339563146,0.0,1.0
886,23.0,0,0,0,1,0,0,1,-0.9749279121818236,-0.2225209339563146,0.25881904510252074,0.9659258262890683
708,22.9,0,0,0,1,0,0,1,-0.9749279121818236,-0.2225209339563146,0.49999999999999994,0.8660254037844387
456,23.1,0,0,0,1,0,0,1,-0.9749279121818236,-0.2225209339563146,0.7071067811865476,0.7071067811865476
306,23.2,0,0,0,1,0,0,1,-0.9749279121818236,-0.2225209339563146,0.8660254037844386,0.5000000000000001
232,23.3,0,0,0,1,0,0,1,-0.9749279121818236,-0.2225209339563146,0.9659258262890683,0.25881904510252074
318,23.5,0,0,0,1,0,0,1,-0.9749279121818236,-0.2225209339563146,1.0,6.123233995736766e-17
490,23.7,0,0,0,1,0,0,1,-0.9749279121818236,-0.2225209339563146,0.9659258262890683,-0.25881904510252063
721,24.1,0,0,0,1,0,0,1,-0.9749279121818236,-0.2225209339563146,0.8660254037844387,-0.4999999999999998
808,25.3,0,0,0,1,0,0,1,-0.9749279121818236,-0.2225209339563146,0.7071067811865476,-0.7071067811865475
858,26.3,0,0,0,1,0,0,1,-0.9749279121818236,-0.2225209339563146,0.49999999999999994,-0.8660254037844387
916,28.0,0,0,0,1,0,0,1,-0.9749279121818236,-0.2225209339563146,0.258819045102521,-0.9659258262890682
1070,27.9,0,0,0,1,0,1,0,-0.9749279121818236,-0.2225209339563146,1.2246467991473532e-16,-1.0
1231,28.6,0,0,0,1,0,1,0,-0.9749279121818236,-0.2225209339563146,-0.2588190451025208,-0.9659258262890683
1261,29.2,0,0,0,1,0,0,1,-0.9749279121818236,-0.2225209339563146,-0.4999999999999997,-0.8660254037844388
1516,28.1,0,0,0,1,0,0,1,-0.9749279121818236,-0.2225209339563146,-0.7071067811865471,-0.7071067811865479
1592,27.2,0,0,0,1,0,0,1,-0.9749279121818236,-0.2225209339563146,-0.8660254037844385,-0.5000000000000004
1797,26.9,0,0,0,1,0,0,1,-0.9749279121818236,-0.2225209339563146,-0.9659258262890683,-0.25881904510252063
2080,27.1,0,0,0,1,0,1,0,-0.9749279121818236,-0.2225209339563146,-1.0,-1.8369701987210297e-16
2043,25.8,0,0,0,1,0,0,1,-0.9749279121818236,-0.2225209339563146,-0.9659258262890684,0.2588190451025203
2022,24.6,0,0,0,1,0,0,1,-0.9749279121818236,-0.2225209339563146,-0.8660254037844386,0.5000000000000001
1937,23.9,0,0,0,1,0,0,1,-0.9749279121818236,-0.2225209339563146,-0.7071067811865477,0.7071067811865474
1717,23.4,0,0,0,1,0,0,1,-0.9749279121818236,-0.2225209339563146,-0.5000000000000004,0.8660254037844384
1357,22.9,0,0,0,1,0,0,1,-0.9749279121818236,-0.2225209339563146,-0.25881904510252157,0.9659258262890681
1163,22.8,0,0,0,1,0,0,1,-0.7818314824680299,0.6234898018587334,0.0,1.0
769,22.5,0,0,0,1,0,0,1,-0.7818314824680299,0.6234898018587334,0.25881904510252074,0.9659258262890683
600,22.1,0,0,0,1,0,0,1,-0.7818314824680299,0.6234898018587334,0.49999999999999994,0.8660254037844387
426,21.6,0,0,0,1,0,0,1,-0.7818314824680299,0.6234898018587334,0.7071067811865476,0.7071067811865476
290,21.2,0,0,0,1,0,0,1,-0.7818314824680299,0.6234898018587334,0.8660254037844386,0.5000000000000001
188,20.7,0,0,0,1,0,0,1,-0.7818314824680299,0.6234898018587334,0.9659258262890683,0.25881904510252074
243,20.4,0,0,0,1,0,0,1,-0.7818314824680299,0.6234898018587334,1.0,6.123233995736766e-17
381,20.7,0,0,0,1,0,0,1,-0.7818314824680299,0.6234898018587334,0.9659258262890683,-0.25881904510252063
566,22.1,0,0,0,1,0,0,1,-0.7818314824680299,0.6234898018587334,0.8660254037844387,-0.4999999999999998
725,24.2,0,0,0,1,0,1,0,-0.7818314824680299,0.6234898018587334,0.7071067811865476,-0.7071067811865475
681,26.3,0,0,0,1,0,1,0,-0.7818314824680299,0.6234898018587334,0.49999999999999994,-0.8660254037844387
791,28.0,0,0,0,1,0,1,0,-0.7818314824680299,0.6234898018587334,0.258819045102521,-0.9659258262890682
1070,28.9,0,0,0,1,0,1,0,-0.7818314824680299,0.6234898018587334,1.2246467991473532e-16,-1.0
657,27.8,0,0,0,1,0,0,1,-0.7818314824680299,0.6234898018587334,-0.2588190451025208,-0.9659258262890683
417,25.8,0,0,0,1,1,0,0,-0.7818314824680299,0.6234898018587334,-0.4999999999999997,-0.8660254037844388
782,24.3,0,0,0,1,0,0,1,-0.7818314824680299,0.6234898018587334,-0.7071067811865471,-0.7071067811865479
1025,23.5,0,0,0,1,1,0,0,-0.7818314824680299,0.6234898018587334,-0.8660254037844385,-0.5000000000000004
1399,23.5,0,0,0,1,0,0,1,-0.7818314824680299,0.6234898018587334,-0.9659258262890683,-0.25881904510252063
1479,23.4,0,0,0,1,0,0,1,-0.7818314824680299,0.6234898018587334,-1.0,-1.8369701987210297e-16
1596,22.7,0,0,0,1,0,0,1,-0.7818314824680299,0.6234898018587334,-0.9659258262890684,0.2588190451025203
1674,22.4,0,0,0,1,0,0,1,-0.7818314824680299,0.6234898018587334,-0.8660254037844386,0.5000000000000001
1276,22.5,0,0,0,1,0,0,1,-0.7818314824680299,0.6234898018587334,-0.7071067811865477,0.7071067811865474
764,21.2,0,0,0,1,1,0,0,-0.7818314824680299,0.6234898018587334,-0.5000000000000004,0.8660254037844384
348,20.8,0,0,0,1,1,0,0,-0.7818314824680299,0.6234898018587334,-0.25881904510252157,0.9659258262890681
325,20.5,0,0,0,1,0,0,1,0.0,1.0,0.0,1.0
61,20.5,0,0,0,1,1,0,0,0.0,1.0,0.25881904510252074,0.9659258262890683
44,20.3,0,0,0,1,1,0,0,0.0,1.0,0.49999999999999994,0.8660254037844387
22,20.3,0,0,0,1,1,0,0,0.0,1.0,0.7071067811865476,0.7071067811865476
27,20.5,0,0,0,1,1,0,0,0.0,1.0,0.8660254037844386,0.5000000000000001
38,20.5,0,0,0,1,1,0,0,0.0,1.0,0.9659258262890683,0.25881904510252074
47,20.6,0,0,0,1,1,0,0,0.0,1.0,1.0,6.123233995736766e-17
103,20.8,0,0,0,1,1,0,0,0.0,1.0,0.9659258262890683,-0.25881904510252063
328,21.3,0,0,0,1,1,0,0,0.0,1.0,0.8660254037844387,-0.4999999999999998
75,21.5,0,0,0,1,1,0,0,0.0,1.0,0.7071067811865476,-0.7071067811865475
104,21.7,0,0,0,1,1,0,0,0.0,1.0,0.49999999999999994,-0.8660254037844387
148,22.0,0,0,0,1,1,0,0,0.0,1.0,0.258819045102521,-0.9659258262890682
137,22.6,0,0,0,1,1,0,0,0.0,1.0,1.2246467991473532e-16,-1.0
149,22.9,0,0,0,1,1,0,0,0.0,1.0,-0.2588190451025208,-0.9659258262890683
231,23.3,0,0,0,1,1,0,0,0.0,1.0,-0.4999999999999997,-0.8660254037844388
580,24.4,0,0,0,1,0,0,1,0.0,1.0,-0.7071067811865471,-0.7071067811865479
886,24.7,0,0,0,1,0,0,1,0.0,1.0,-0.8660254037844385,-0.5000000000000004
1356,24.9,0,0,0,1,0,0,1,0.0,1.0,-0.9659258262890683,-0.25881904510252063
2153,24.8,0,0,0,1,0,0,1,0.0,1.0,-1.0,-1.8369701987210297e-16
1615,24.7,0,0,0,1,0,0,1,0.0,1.0,-0.9659258262890684,0.2588190451025203
1560,24.4,0,0,0,1,0,0,1,0.0,1.0,-0.8660254037844386,0.5000000000000001
1762,23.9,0,0,0,1,0,0,1,0.0,1.0,-0.7071067811865477,0.7071067811865474
1571,23.5,0,0,0,1,0,0,1,0.0,1.0,-0.5000000000000004,0.8660254037844384
1113,23.6,0,0,0,1,0,0,1,0.0,1.0,-0.25881904510252157,0.9659258262890681
870,23.5,0,0,0,1,0,0,1,0.7818314824680298,0.6234898018587336,0.0,1.0
653,23.1,0,0,0,1,0,0,1,0.7818314824680298,0.6234898018587336,0.25881904510252074,0.9659258262890683
482,23.2,0,0,0,1,0,0,1,0.7818314824680298,0.6234898018587336,0.49999999999999994,0.8660254037844387
281,22.9,0,0,0,1,0,0,1,0.7818314824680298,0.6234898018587336,0.7071067811865476,0.7071067811865476
200,22.6,0,0,0,1,0,0,1,0.7818314824680298,0.6234898018587336,0.8660254037844386,0.5000000000000001
218,22.5,0,0,0,1,0,0,1,0.7818314824680298,0.6234898018587336,0.9659258262890683,0.25881904510252074
581,22.5,0,0,0,1,0,0,1,0.7818314824680298,0.6234898018587336,1.0,6.123233995736766e-17
1182,22.6,0,0,0,1,0,0,1,0.7818314824680298,0.6234898018587336,0.9659258262890683,-0.25881904510252063
1841,23.4,0,0,0,1,0,0,1,0.7818314824680298,0.6234898018587336,0.8660254037844387,-0.4999999999999998
865,24.2,0,0,0,1,0,0,1,0.7818314824680298,0.6234898018587336,0.7071067811865476,-0.7071067811865475
670,25.4,0,0,0,1,0,1,0,0.7818314824680298,0.6234898018587336,0.49999999999999994,-0.8660254037844387
411,25.9,0,0,0,1,0,1,0,0.7818314824680298,0.6234898018587336,0.258819045102521,-0.9659258262890682
25,25.2,0,0,0,1,1,0,0,0.7818314824680298,0.6234898018587336,1.2246467991473532e-16,-1.0
31,24.6,0,0,0,1,1,0,0,0.7818314824680298,0.6234898018587336,-0.2588190451025208,-0.9659258262890683
126,24.9,0,0,0,1,1,0,0,0.7818314824680298,0.6234898018587336,-0.4999999999999997,-0.8660254037844388
122,25.2,0,0,0,1,1,0,0,0.7818314824680298,0.6234898018587336,-0.7071067811865471,-0.7071067811865479
60,25.0,0,0,0,1,1,0,0,0.7818314824680298,0.6234898018587336,-0.8660254037844385,-0.5000000000000004
39,24.8,0,0,0,1,1,0,0,0.7818314824680298,0.6234898018587336,-0.9659258262890683,-0.25881904510252063
96,24.3,0,0,0,1,1,0,0,0.7818314824680298,0.6234898018587336,-1.0,-1.8369701987210297e-16
84,23.9,0,0,0,1,1,0,0,0.7818314824680298,0.6234898018587336,-0.9659258262890684,0.2588190451025203
10,23.3,0,0,0,1,1,0,0,0.7818314824680298,0.6234898018587336,-0.8660254037844386,0.5000000000000001
122,22.9,0,0,0,1,1,0,0,0.7818314824680298,0.6234898018587336,-0.7071067811865477,0.7071067811865474
64,22.9,0,0,0,1,1,0,0,0.7818314824680298,0.6234898018587336,-0.5000000000000004,0.8660254037844384
59,22.8,0,0,0,1,1,0,0,0.7818314824680298,0.6234898018587336,-0.25881904510252157,0.9659258262890681
208,22.7,0,0,0,1,1,0,0,0.9749279121818236,-0.22252093395631434,0.0,1.0
334,22.8,0,0,0,1,1,0,0,0.9749279121818236,-0.22252093395631434,0.25881904510252074,0.9659258262890683
243,24.2,0,0,0,1,0,0,1,0.9749279121818236,-0.22252093395631434,0.49999999999999994,0.8660254037844387
171,24.5,0,0,0,1,0,0,1,0.9749279121818236,-0.22252093395631434,0.7071067811865476,0.7071067811865476
128,24.6,0,0,0,1,0,0,1,0.9749279121818236,-0.22252093395631434,0.8660254037844386,0.5000000000000001
109,24.6,0,0,0,1,0,0,1,0.9749279121818236,-0.22252093395631434,0.9659258262890683,0.25881904510252074
346,24.7,0,0,0,1,0,0,1,0.9749279121818236,-0.22252093395631434,1.0,6.123233995736766e-17
862,25.0,0,0,0,1,0,0,1,0.9749279121818236,-0.22252093395631434,0.9659258262890683,-0.25881904510252063
1595,25.3,0,0,0,1,0,0,1,0.9749279121818236,-0.22252093395631434,0.8660254037844387,-0.4999999999999998
867,25.8,0,0,0,1,0,0,1,0.9749279121818236,-0.22252093395631434,0.7071067811865476,-0.7071067811865475
642,26.4,0,0,0,1,0,0,1,0.9749279121818236,-0.22252093395631434,0.49999999999999994,-0.8660254037844387
671,26.9,0,0,0,1,0,0,1,0.9749279121818236,-0.22252093395631434,0.258819045102521,-0.9659258262890682
648,27.4,0,0,0,1,0,0,1,0.9749279121818236,-0.22252093395631434,1.2246467991473532e-16,-1.0
540,27.1,0,0,0,1,0,0,1,0.9749279121818236,-0.22252093395631434,-0.2588190451025208,-0.9659258262890683
490,26.8,0,0,0,1,0,0,1,0.9749279121818236,-0.22252093395631434,-0.4999999999999997,-0.8660254037844388
583,26.9,0,0,0,1,0,0,1,0.9749279121818236,-0.22252093395631434,-0.7071067811865471,-0.7071067811865479
193,27.0,0,0,0,1,0,0,1,0.9749279121818236,-0.22252093395631434,-0.8660254037844385,-0.5000000000000004
160,24.6,0,0,0,1,1,0,0,0.9749279121818236,-0.22252093395631434,-0.9659258262890683,-0.25881904510252063
57,23.9,0,0,0,1,1,0,0,0.9749279121818236,-0.22252093395631434,-1.0,-1.8369701987210297e-16
24,23.5,0,0,0,1,1,0,0,0.9749279121818236,-0.22252093395631434,-0.9659258262890684,0.2588190451025203
19,23.4,0,0,0,1,1,0,0,0.9749279121818236,-0.22252093395631434,-0.8660254037844386,0.5000000000000001
22,23.7,0,0,0,1,1,0,0,0.9749279121818236,-0.22252093395631434,-0.7071067811865477,0.7071067811865474
74,24.3,0,0,0,1,1,0,0,0.9749279121818236,-0.22252093395631434,-0.5000000000000004,0.8660254037844384
198,24.2,0,0,0,1,1,0,0,0.9749279121818236,-0.22252093395631434,-0.25881904510252157,0.9659258262890681
214,24.7,0,0,0,1,0,0,1,0.43388373911755823,-0.900968867902419,0.0,1.0
99,24.9,0,0,0,1,1,0,0,0.43388373911755823,-0.900968867902419,0.25881904510252074,0.9659258262890683
80,24.7,0,0,0,1,1,0,0,0.43388373911755823,-0.900968867902419,0.49999999999999994,0.8660254037844387
81,24.1,0,0,0,1,1,0,0,0.43388373911755823,-0.900968867902419,0.7071067811865476,0.7071067811865476
42,23.9,0,0,0,1,0,0,1,0.43388373911755823,-0.900968867902419,0.8660254037844386,0.5000000000000001
73,24.0,0,0,0,1,1,0,0,0.43388373911755823,-0.900968867902419,0.9659258262890683,0.25881904510252074
285,24.2,0,0,0,1,0,0,1,0.43388373911755823,-0.900968867902419,1.0,6.123233995736766e-17
771,24.3,0,0,0,1,0,0,1,0.43388373911755823,-0.900968867902419,0.9659258262890683,-0.25881904510252063
1330,24.6,0,0,0,1,0,0,1,0.43388373911755823,-0.900968867902419,0.8660254037844387,-0.4999999999999998
846,25.0,0,0,0,1,0,0,1,0.43388373911755823,-0.900968867902419,0.7071067811865476,-0.7071067811865475
589,26.1,0,0,0,1,0,0,1,0.43388373911755823,-0.900968867902419,0.49999999999999994,-0.8660254037844387
716,26.2,0,0,0,1,0,0,1,0.43388373911755823,-0.900968867902419,0.258819045102521,-0.9659258262890682
768,27.0,0,0,0,1,0,0,1,0.43388373911755823,-0.900968867902419,1.2246467991473532e-16,-1.0
865,28.2,0,0,0,1,0,0,1,0.43388373911755823,-0.900968867902419,-0.2588190451025208,-0.9659258262890683
837,27.5,0,0,0,1,0,0,1,0.43388373911755823,-0.900968867902419,-0.4999999999999997,-0.8660254037844388
982,27.2,0,0,0,1,0,0,1,0.43388373911755823,-0.900968867902419,-0.7071067811865471,-0.7071067811865479
1142,27.6,0,0,0,1,0,0,1,0.43388373911755823,-0.900968867902419,-0.8660254037844385,-0.5000000000000004
1473,26.8,0,0,0,1,0,0,1,0.43388373911755823,-0.900968867902419,-0.9659258262890683,-0.25881904510252063
1887,26.1,0,0,0,1,0,0,1,0.43388373911755823,-0.900968867902419,-1.0,-1.8369701987210297e-16
1707,25.1,0,0,0,1,1,0,0,0.43388373911755823,-0.900968867902419,-0.9659258262890684,0.2588190451025203
1685,24.9,0,0,0,1,0,0,1,0.43388373911755823,-0.900968867902419,-0.8660254037844386,0.5000000000000001
1732,24.8,0,0,0,1,0,0,1,0.43388373911755823,-0.900968867902419,-0.7071067811865477,0.7071067811865474
1582,24.6,0,0,0,1,0,0,1,0.43388373911755823,-0.900968867902419,-0.5000000000000004,0.8660254037844384
1173,24.3,0,0,0,1,0,0,1,0.43388373911755823,-0.900968867902419,-0.25881904510252157,0.9659258262890681
861,23.9,0,0,0,1,0,0,1,-0.433883739117558,-0.9009688679024191,0.0,1.0
652,23.7,0,0,0,1,0,0,1,-0.433883739117558,-0.9009688679024191,0.25881904510252074,0.9659258262890683
381,23.4,0,0,0,1,0,0,1,-0.433883739117558,-0.9009688679024191,0.49999999999999994,0.8660254037844387
297,23.3,0,0,0,1,0,0,1,-0.433883739117558,-0.9009688679024191,0.7071067811865476,0.7071067811865476
170,23.2,0,0,0,1,0,0,1,-0.433883739117558,-0.9009688679024191,0.8660254037844386,0.5000000000000001
217,23.1,0,0,0,1,0,0,1,-0.433883739117558,-0.9009688679024191,0.9659258262890683,0.25881904510252074
436,22.9,0,0,0,1,0,0,1,-0.433883739117558,-0.9009688679024191,1.0,6.123233995736766e-17
828,22.9,0,0,0,1,0,0,1,-0.433883739117558,-0.9009688679024191,0.9659258262890683,-0.25881904510252063
1686,23.1,0,0,0,1,1,0,0,-0.433883739117558,-0.9009688679024191,0.8660254037844387,-0.4999999999999998
1049,24.1,0,0,0,1,0,0,1,-0.433883739117558,-0.9009688679024191,0.7071067811865476,-0.7071067811865475
794,25.5,0,0,0,1,0,1,0,-0.433883739117558,-0.9009688679024191,0.49999999999999994,-0.8660254037844387
868,26.7,0,0,0,1,0,1,0,-0.433883739117558,-0.9009688679024191,0.258819045102521,-0.9659258262890682
982,27.8,0,0,0,1,0,1,0,-0.433883739117558,-0.9009688679024191,1.2246467991473532e-16,-1.0
965,28.7,0,0,0,1,0,1,0,-0.433883739117558,-0.9009688679024191,-0.2588190451025208,-0.9659258262890683
987,29.3,0,0,0,1,0,1,0,-0.433883739117558,-0.9009688679024191,-0.4999999999999997,-0.8660254037844388
1119,30.3,0,0,0,1,0,1,0,-0.433883739117558,-0.9009688679024191,-0.7071067811865471,-0.7071067811865479
1404,29.7,0,0,0,1,0,1,0,-0.433883739117558,-0.9009688679024191,-0.8660254037844385,-0.5000000000000004
1869,29.1,0,0,0,1,0,1,0,-0.433883739117558,-0.9009688679024191,-0.9659258262890683,-0.25881904510252063
2836,28.4,0,0,0,1,0,0,1,-0.433883739117558,-0.9009688679024191,-1.0,-1.8369701987210297e-16
2372,26.5,0,0,0,1,0,0,1,-0.433883739117558,-0.9009688679024191,-0.9659258262890684,0.2588190451025203
1995,25.4,0,0,0,1,0,0,1,-0.433883739117558,-0.9009688679024191,-0.8660254037844386,0.5000000000000001
1931,24.5,0,0,0,1,0,0,1,-0.433883739117558,-0.9009688679024191,-0.7071067811865477,0.7071067811865474
1789,24.1,0,0,0,1,0,0,1,-0.433883739117558,-0.9009688679024191,-0.5000000000000004,0.8660254037844384
1329,23.8,0,0,0,1,0,0,1,-0.433883739117558,-0.9009688679024191,-0.25881904510252157,0.9659258262890681
1075,23.2,0,1,0,0,0,0,1,-0.9749279121818236,-0.2225209339563146,0.0,1.0
975,22.7,0,1,0,0,0,0,1,-0.9749279121818236,-0.2225209339563146,0.25881904510252074,0.9659258262890683
785,22.0,0,1,0,0,0,0,1,-0.9749279121818236,-0.2225209339563146,0.49999999999999994,0.8660254037844387
514,21.6,0,1,0,0,0,0,1,-0.9749279121818236,-0.2225209339563146,0.7071067811865476,0.7071067811865476
338,21.2,0,1,0,0,0,0,1,-0.9749279121818236,-0.2225209339563146,0.8660254037844386,0.5000000000000001
260,21.1,0,1,0,0,0,0,1,-0.9749279121818236,-0.2225209339563146,0.9659258262890683,0.25881904510252074
362,20.9,0,1,0,0,0,0,1,-0.9749279121818236,-0.2225209339563146,1.0,6.123233995736766e-17
511,21.1,0,1,0,0,0,0,1,-0.9749279121818236,-0.2225209339563146,0.9659258262890683,-0.25881904510252063
812,22.3,0,1,0,0,0,0,1,-0.9749279121818236,-0.2225209339563146,0.8660254037844387,-0.4999999999999998
925,24.1,0,1,0,0,0,1,0,-0.9749279121818236,-0.2225209339563146,0.7071067811865476,-0.7071067811865475
861,26.0,0,1,0,0,0,1,0,-0.9749279121818236,-0.2225209339563146,0.49999999999999994,-0.8660254037844387
981,27.6,0,1,0,0,0,1,0,-0.9749279121818236,-0.2225209339563146,0.258819045102521,-0.9659258262890682
1086,28.9,0,1,0,0,0,1,0,-0.9749279121818236,-0.2225209339563146,1.2246467991473532e-16,-1.0
1303,29.4,0,1,0,0,0,1,0,-0.9749279121818236,-0.2225209339563146,-0.2588190451025208,-0.9659258262890683
1371,29.7,0,1,0,0,0,1,0,-0.9749279121818236,-0.2225209339563146,-0.4999999999999997,-0.8660254037844388
1480,30.0,0,1,0,0,0,1,0,-0.9749279121818236,-0.2225209339563146,-0.7071067811865471,-0.7071067811865479
1678,30.5,0,1,0,0,0,1,0,-0.9749279121818236,-0.2225209339563146,-0.8660254037844385,-0.5000000000000004
1845,29.6,0,1,0,0,0,1,0,-0.9749279121818236,-0.2225209339563146,-0.9659258262890683,-0.25881904510252063
1892,28.8,0,1,0,0,0,0,1,-0.9749279121818236,-0.2225209339563146,-1.0,-1.8369701987210297e-16
1891,27.8,0,1,0,0,0,0,1,-0.9749279121818236,-0.2225209339563146,-0.9659258262890684,0.2588190451025203
1440,26.9,0,1,0,0,0,0,1,-0.9749279121818236,-0.2225209339563146,-0.8660254037844386,0.5000000000000001
1110,26.0,0,1,0,0,0,0,1,-0.9749279121818236,-0.2225209339563146,-0.7071067811865477,0.7071067811865474
992,25.1,0,1,0,0,0,0,1,-0.9749279121818236,-0.2225209339563146,-0.5000000000000004,0.8660254037844384
1523,24.4,0,1,0,0,0,0,1,-0.9749279121818236,-0.2225209339563146,-0.25881904510252157,0.9659258262890681
1336,23.5,0,1,0,0,0,0,1,-0.7818314824680299,0.6234898018587334,0.0,1.0
930,22.8,0,1,0,0,0,0,1,-0.7818314824680299,0.6234898018587334,0.25881904510252074,0.9659258262890683
610,22.0,0,1,0,0,0,0,1,-0.7818314824680299,0.6234898018587334,0.49999999999999994,0.8660254037844387
440,21.5,0,1,0,0,0,0,1,-0.7818314824680299,0.6234898018587334,0.7071067811865476,0.7071067811865476
255,21.1,0,1,0,0,0,0,1,-0.7818314824680299,0.6234898018587334,0.8660254037844386,0.5000000000000001
179,20.6,0,1,0,0,0,0,1,-0.7818314824680299,0.6234898018587334,0.9659258262890683,0.25881904510252074
249,20.2,0,1,0,0,0,0,1,-0.7818314824680299,0.6234898018587334,1.0,6.123233995736766e-17
388,20.2,0,1,0,0,0,0,1,-0.7818314824680299,0.6234898018587334,0.9659258262890683,-0.25881904510252063
576,21.3,0,1,0,0,0,0,1,-0.7818314824680299,0.6234898018587334,0.8660254037844387,-0.4999999999999998
721,23.4,0,1,0,0,0,1,0,-0.7818314824680299,0.6234898018587334,0.7071067811865476,-0.7071067811865475
802,25.0,0,1,0,0,0,1,0,-0.7818314824680299,0.6234898018587334,0.49999999999999994,-0.8660254037844387
940,26.5,0,1,0,0,0,1,0,-0.7818314824680299,0.6234898018587334,0.258819045102521,-0.9659258262890682
1075,27.5,0,1,0,0,0,1,0,-0.7818314824680299,0.6234898018587334,1.2246467991473532e-16,-1.0
1254,28.5,0,1,0,0,0,1,0,-0.7818314824680299,0.6234898018587334,-0.2588190451025208,-0.9659258262890683
1395,29.1,0,1,0,0,0,1,0,-0.7818314824680299,0.6234898018587334,-0.4999999999999997,-0.8660254037844388
1550,29.3,0,1,0,0,0,1,0,-0.7818314824680299,0.6234898018587334,-0.7071067811865471,-0.7071067811865479
1853,29.3,0,1,0,0,0,1,0,-0.7818314824680299,0.6234898018587334,-0.8660254037844385,-0.5000000000000004
2069,28.8,0,1,0,0,0,1,0,-0.7818314824680299,0.6234898018587334,-0.9659258262890683,-0.25881904510252063
2118,27.9,0,1,0,0,0,0,1,-0.7818314824680299,0.6234898018587334,-1.0,-1.8369701987210297e-16
1986,27.3,0,1,0,0,0,0,1,-0.7818314824680299,0.6234898018587334,-0.9659258262890684,0.2588190451025203
1838,26.9,0,1,0,0,0,0,1,-0.7818314824680299,0.6234898018587334,-0.8660254037844386,0.5000000000000001
1759,26.2,0,1,0,0,0,0,1,-0.7818314824680299,0.6234898018587334,-0.7071067811865477,0.7071067811865474
1511,25.7,0,1,0,0,0,0,1,-0.7818314824680299,0.6234898018587334,-0.5000000000000004,0.8660254037844384
1047,25.1,0,1,0,0,0,0,1,-0.7818314824680299,0.6234898018587334,-0.25881904510252157,0.9659258262890681
763,24.7,0,1,0,0,0,0,1,0.0,1.0,0.0,1.0
524,24.5,0,1,0,0,0,0,1,0.0,1.0,0.25881904510252074,0.9659258262890683
321,24.3,0,1,0,0,0,0,1,0.0,1.0,0.49999999999999994,0.8660254037844387
211,24.2,0,1,0,0,0,0,1,0.0,1.0,0.7071067811865476,0.7071067811865476
153,24.0,0,1,0,0,0,0,1,0.0,1.0,0.8660254037844386,0.5000000000000001
264,23.9,0,1,0,0,0,0,1,0.0,1.0,0.9659258262890683,0.25881904510252074
656,23.8,0,1,0,0,0,0,1,0.0,1.0,1.0,6.123233995736766e-17
1287,23.9,0,1,0,0,0,0,1,0.0,1.0,0.9659258262890683,-0.25881904510252063
1580,24.2,0,1,0,0,0,0,1,0.0,1.0,0.8660254037844387,-0.4999999999999998
719,23.6,0,1,0,0,1,0,0,0.0,1.0,0.7071067811865476,-0.7071067811865475
434,23.3,0,1,0,0,1,0,0,0.0,1.0,0.49999999999999994,-0.8660254037844387
443,23.7,0,1,0,0,0,0,1,0.0,1.0,0.258819045102521,-0.9659258262890682
673,23.9,0,1,0,0,0,0,1,0.0,1.0,1.2246467991473532e-16,-1.0
731,24.9,0,1,0,0,0,0,1,0.0,1.0,-0.2588190451025208,-0.9659258262890683
532,25.6,0,1,0,0,0,0,1,0.0,1.0,-0.4999999999999997,-0.8660254037844388
137,25.7,0,1,0,0,0,0,1,0.0,1.0,-0.7071067811865471,-0.7071067811865479
39,25.5,0,1,0,0,1,0,0,0.0,1.0,-0.8660254037844385,-0.5000000000000004
23,22.7,0,1,0,0,1,0,0,0.0,1.0,-0.9659258262890683,-0.25881904510252063
113,21.9,0,1,0,0,1,0,0,0.0,1.0,-1.0,-1.8369701987210297e-16
73,21.7,0,1,0,0,1,0,0,0.0,1.0,-0.9659258262890684,0.2588190451025203
151,21.5,0,1,0,0,1,0,0,0.0,1.0,-0.8660254037844386,0.5000000000000001
110,21.6,0,1,0,0,1,0,0,0.0,1.0,-0.7071067811865477,0.7071067811865474
379,21.7,0,1,0,0,1,0,0,0.0,1.0,-0.5000000000000004,0.8660254037844384
486,21.7,0,1,0,0,0,0,1,0.0,1.0,-0.25881904510252157,0.9659258262890681
500,21.4,0,1,0,0,1,0,0,0.7818314824680298,0.6234898018587336,0.0,1.0
486,21.3,0,1,0,0,0,0,1,0.7818314824680298,0.6234898018587336,0.25881904510252074,0.9659258262890683
324,20.9,0,1,0,0,0,0,1,0.7818314824680298,0.6234898018587336,0.49999999999999994,0.8660254037844387
223,20.6,0,1,0,0,0,0,1,0.7818314824680298,0.6234898018587336,0.7071067811865476,0.7071067811865476
186,20.4,0,1,0,0,0,0,1,0.7818314824680298,0.6234898018587336,0.8660254037844386,0.5000000000000001
219,20.2,0,1,0,0,0,0,1,0.7818314824680298,0.6234898018587336,0.9659258262890683,0.25881904510252074
602,20.0,0,1,0,0,0,0,1,0.7818314824680298,0.6234898018587336,1.0,6.123233995736766e-17
1289,20.1,0,1,0,0,1,0,0,0.7818314824680298,0.6234898018587336,0.9659258262890683,-0.25881904510252063
2059,20.5,0,1,0,0,1,0,0,0.7818314824680298,0.6234898018587336,0.8660254037844387,-0.4999999999999998
1083,21.6,0,1,0,0,0,1,0,0.7818314824680298,0.6234898018587336,0.7071067811865476,-0.7071067811865475
822,23.1,0,1,0,0,0,0,1,0.7818314824680298,0.6234898018587336,0.49999999999999994,-0.8660254037844387
940,24.5,0,1,0,0,0,1,0,0.7818314824680298,0.6234898018587336,0.258819045102521,-0.9659258262890682
995,25.8,0,1,0,0,0,1,0,0.7818314824680298,0.6234898018587336,1.2246467991473532e-16,-1.0
997,26.5,0,1,0,0,0,1,0,0.7818314824680298,0.6234898018587336,-0.2588190451025208,-0.9659258262890683
987,27.4,0,1,0,0,0,0,1,0.7818314824680298,0.6234898018587336,-0.4999999999999997,-0.8660254037844388
1178,26.7,0,1,0,0,0,0,1,0.7818314824680298,0.6234898018587336,-0.7071067811865471,-0.7071067811865479
1429,27.1,0,1,0,0,0,0,1,0.7818314824680298,0.6234898018587336,-0.8660254037844385,-0.5000000000000004
1993,27.6,0,1,0,0,0,0,1,0.7818314824680298,0.6234898018587336,-0.9659258262890683,-0.25881904510252063
3166,26.8,0,1,0,0,0,0,1,0.7818314824680298,0.6234898018587336,-1.0,-1.8369701987210297e-16
2491,25.1,0,1,0,0,0,0,1,0.7818314824680298,0.6234898018587336,-0.9659258262890684,0.2588190451025203
2259,23.7,0,1,0,0,0,0,1,0.7818314824680298,0.6234898018587336,-0.8660254037844386,0.5000000000000001
2212,22.9,0,1,0,0,0,0,1,0.7818314824680298,0.6234898018587336,-0.7071067811865477,0.7071067811865474
1856,22.2,0,1,0,0,0,0,1,0.7818314824680298,0.6234898018587336,-0.5000000000000004,0.8660254037844384
1233,21.7,0,1,0,0,0,0,1,0.7818314824680298,0.6234898018587336,-0.25881904510252157,0.9659258262890681
983,21.1,0,1,0,0,0,0,1,0.9749279121818236,-0.22252093395631434,0.0,1.0
748,20.9,0,1,0,0,0,0,1,0.9749279121818236,-0.22252093395631434,0.25881904510252074,0.9659258262890683
493,20.6,0,1,0,0,0,0,1,0.9749279121818236,-0.22252093395631434,0.49999999999999994,0.8660254037844387
376,20.2,0,1,0,0,0,0,1,0.9749279121818236,-0.22252093395631434,0.7071067811865476,0.7071067811865476
220,19.9,0,1,0,0,0,0,1,0.9749279121818236,-0.22252093395631434,0.8660254037844386,0.5000000000000001
249,19.7,0,1,0,0,0,0,1,0.9749279121818236,-0.22252093395631434,0.9659258262890683,0.25881904510252074
676,19.8,0,1,0,0,0,0,1,0.9749279121818236,-0.22252093395631434,1.0,6.123233995736766e-17
1487,19.8,0,1,0,0,0,0,1,0.9749279121818236,-0.22252093395631434,0.9659258262890683,-0.25881904510252063
2312,21.2,0,1,0,0,0,0,1,0.9749279121818236,-0.22252093395631434,0.8660254037844387,-0.4999999999999998
1195,23.4,0,1,0,0,0,1,0,0.9749279121818236,-0.22252093395631434,0.7071067811865476,-0.7071067811865475
847,25.4,0,1,0,0,0,0,1,0.9749279121818236,-0.22252093395631434,0.49999999999999994,-0.8660254037844387
937,26.4,0,1,0,0,0,1,0,0.9749279121818236,-0.22252093395631434,0.258819045102521,-0.9659258262890682
1072,27.1,0,1,0,0,0,0,1,0.9749279121818236,-0.22252093395631434,1.2246467991473532e-16,-1.0
1039,27.3,0,1,0,0,0,0,1,0.9749279121818236,-0.22252093395631434,-0.2588190451025208,-0.9659258262890683
989,27.9,0,1,0,0,0,0,1,0.9749279121818236,-0.22252093395631434,-0.4999999999999997,-0.8660254037844388
1131,28.1,0,1,0,0,1,0,0,0.9749279121818236,-0.22252093395631434,-0.7071067811865471,-0.7071067811865479
1446,28.2,0,1,0,0,0,0,1,0.9749279121818236,-0.22252093395631434,-0.8660254037844385,-0.5000000000000004
2068,27.7,0,1,0,0,0,0,1,0.9749279121818236,-0.22252093395631434,-0.9659258262890683,-0.25881904510252063
3160,27.0,0,1,0,0,0,0,1,0.9749279121818236,-0.22252093395631434,-1.0,-1.8369701987210297e-16
2468,25.4,0,1,0,0,0,0,1,0.9749279121818236,-0.22252093395631434,-0.9659258262890684,0.2588190451025203
2177,24.5,0,1,0,0,0,0,1,0.9749279121818236,-0.22252093395631434,-0.8660254037844386,0.5000000000000001
2024,23.9,0,1,0,0,0,0,1,0.9749279121818236,-0.22252093395631434,-0.7071067811865477,0.7071067811865474
1798,23.6,0,1,0,0,0,0,1,0.9749279121818236,-0.22252093395631434,-0.5000000000000004,0.8660254037844384
1219,23.0,0,1,0,0,0,0,1,0.9749279121818236,-0.22252093395631434,-0.25881904510252157,0.9659258262890681
963,22.5,0,1,0,0,0,0,1,0.43388373911755823,-0.900968867902419,0.0,1.0
743,21.9,0,1,0,0,0,0,1,0.43388373911755823,-0.900968867902419,0.25881904510252074,0.9659258262890683
531,21.6,0,1,0,0,0,0,1,0.43388373911755823,-0.900968867902419,0.49999999999999994,0.8660254037844387
320,21.5,0,1,0,0,0,0,1,0.43388373911755823,-0.900968867902419,0.7071067811865476,0.7071067811865476
215,21.6,0,1,0,0,0,0,1,0.43388373911755823,-0.900968867902419,0.8660254037844386,0.5000000000000001
247,21.7,0,1,0,0,0,0,1,0.43388373911755823,-0.900968867902419,0.9659258262890683,0.25881904510252074
680,21.4,0,1,0,0,0,0,1,0.43388373911755823,-0.900968867902419,1.0,6.123233995736766e-17
1438,20.9,0,1,0,0,0,0,1,0.43388373911755823,-0.900968867902419,0.9659258262890683,-0.25881904510252063
2270,21.8,0,1,0,0,0,0,1,0.43388373911755823,-0.900968867902419,0.8660254037844387,-0.4999999999999998
1186,23.5,0,1,0,0,0,0,1,0.43388373911755823,-0.900968867902419,0.7071067811865476,-0.7071067811865475
835,24.6,0,1,0,0,0,0,1,0.43388373911755823,-0.900968867902419,0.49999999999999994,-0.8660254037844387
941,25.9,0,1,0,0,0,1,0,0.43388373911755823,-0.900968867902419,0.258819045102521,-0.9659258262890682
1041,26.9,0,1,0,0,0,1,0,0.43388373911755823,-0.900968867902419,1.2246467991473532e-16,-1.0
1049,28.0,0,1,0,0,0,1,0,0.43388373911755823,-0.900968867902419,-0.2588190451025208,-0.9659258262890683
1032,27.9,0,1,0,0,0,0,1,0.43388373911755823,-0.900968867902419,-0.4999999999999997,-0.8660254037844388
1089,27.8,0,1,0,0,0,1,0,0.43388373911755823,-0.900968867902419,-0.7071067811865471,-0.7071067811865479
1292,26.9,0,1,0,0,0,0,1,0.43388373911755823,-0.900968867902419,-0.8660254037844385,-0.5000000000000004
1525,26.6,0,1,0,0,0,0,1,0.43388373911755823,-0.900968867902419,-0.9659258262890683,-0.25881904510252063
2497,25.8,0,1,0,0,0,0,1,0.43388373911755823,-0.900968867902419,-1.0,-1.8369701987210297e-16
1990,25.3,0,1,0,0,0,0,1,0.43388373911755823,-0.900968867902419,-0.9659258262890684,0.2588190451025203
1900,25.1,0,1,0,0,0,0,1,0.43388373911755823,-0.900968867902419,-0.8660254037844386,0.5000000000000001
1851,24.6,0,1,0,0,0,0,1,0.43388373911755823,-0.900968867902419,-0.7071067811865477,0.7071067811865474
1641,24.3,0,1,0,0,0,0,1,0.43388373911755823,-0.900968867902419,-0.5000000000000004,0.8660254037844384
562,23.9,0,1,0,0,0,0,1,0.43388373911755823,-0.900968867902419,-0.25881904510252157,0.9659258262890681
556,21.3,0,1,0,0,1,0,0,-0.433883739117558,-0.9009688679024191,0.0,1.0
345,21.6,0,1,0,0,0,0,1,-0.433883739117558,-0.9009688679024191,0.25881904510252074,0.9659258262890683
259,21.3,0,1,0,0,1,0,0,-0.433883739117558,-0.9009688679024191,0.49999999999999994,0.8660254037844387
259,21.1,0,1,0,0,0,0,1,-0.433883739117558,-0.9009688679024191,0.7071067811865476,0.7071067811865476
185,20.8,0,1,0,0,0,0,1,-0.433883739117558,-0.9009688679024191,0.8660254037844386,0.5000000000000001
247,20.5,0,1,0,0,0,0,1,-0.433883739117558,-0.9009688679024191,0.9659258262890683,0.25881904510252074
624,20.2,0,1,0,0,0,0,1,-0.433883739117558,-0.9009688679024191,1.0,6.123233995736766e-17
1346,20.3,0,1,0,0,0,0,1,-0.433883739117558,-0.9009688679024191,0.9659258262890683,-0.25881904510252063
2260,20.5,0,1,0,0,0,0,1,-0.433883739117558,-0.9009688679024191,0.8660254037844387,-0.4999999999999998
1194,21.3,0,1,0,0,0,1,0,-0.433883739117558,-0.9009688679024191,0.7071067811865476,-0.7071067811865475
896,22.6,0,1,0,0,0,1,0,-0.433883739117558,-0.9009688679024191,0.49999999999999994,-0.8660254037844387
988,23.8,0,1,0,0,0,0,1,-0.433883739117558,-0.9009688679024191,0.258819045102521,-0.9659258262890682
1213,24.2,0,1,0,0,0,0,1,-0.433883739117558,-0.9009688679024191,1.2246467991473532e-16,-1.0
1119,24.3,0,1,0,0,0,1,0,-0.433883739117558,-0.9009688679024191,-0.2588190451025208,-0.9659258262890683
1187,25.2,0,1,0,0,0,0,1,-0.433883739117558,-0.9009688679024191,-0.4999999999999997,-0.8660254037844388
1391,24.7,0,1,0,0,0,0,1,-0.433883739117558,-0.9009688679024191,-0.7071067811865471,-0.7071067811865479
1577,25.2,0,1,0,0,0,1,0,-0.433883739117558,-0.9009688679024191,-0.8660254037844385,-0.5000000000000004
2183,24.5,0,1,0,0,0,0,1,-0.433883739117558,-0.9009688679024191,-0.9659258262890683,-0.25881904510252063
3154,24.4,0,1,0,0,0,0,1,-0.433883739117558,-0.9009688679024191,-1.0,-1.8369701987210297e-16
2365,22.6,0,1,0,0,0,0,1,-0.433883739117558,-0.9009688679024191,-0.9659258262890684,0.2588190451025203
1959,21.6,0,1,0,0,0,0,1,-0.433883739117558,-0.9009688679024191,-0.8660254037844386,0.5000000000000001
1915,20.6,0,1,0,0,0,0,1,-0.433883739117558,-0.9009688679024191,-0.7071067811865477,0.7071067811865474
1796,19.8,0,1,0,0,0,0,1,-0.433883739117558,-0.9009688679024191,-0.5000000000000004,0.8660254037844384
1363,19.4,0,1,0,0,0,0,1,-0.433883739117558,-0.9009688679024191,-0.25881904510252157,0.9659258262890681
1107,19.2,0,1,0,0,0,0,1,-0.9749279121818236,-0.2225209339563146,0.0,1.0
1001,18.9,0,1,0,0,0,0,1,-0.9749279121818236,-0.2225209339563146,0.25881904510252074,0.9659258262890683
692,18.5,0,1,0,0,0,0,1,-0.9749279121818236,-0.2225209339563146,0.49999999999999994,0.8660254037844387
504,17.8,0,1,0,0,0,0,1,-0.9749279121818236,-0.2225209339563146,0.7071067811865476,0.7071067811865476
285,17.2,0,1,0,0,0,0,1,-0.9749279121818236,-0.2225209339563146,0.8660254037844386,0.5000000000000001
227,16.7,0,1,0,0,0,0,1,-0.9749279121818236,-0.2225209339563146,0.9659258262890683,0.25881904510252074
322,16.2,0,1,0,0,0,0,1,-0.9749279121818236,-0.2225209339563146,1.0,6.123233995736766e-17
511,16.0,0,1,0,0,0,0,1,-0.9749279121818236,-0.2225209339563146,0.9659258262890683,-0.25881904510252063
827,17.1,0,1,0,0,0,0,1,-0.9749279121818236,-0.2225209339563146,0.8660254037844387,-0.4999999999999998
956,19.9,0,1,0,0,0,1,0,-0.9749279121818236,-0.2225209339563146,0.7071067811865476,-0.7071067811865475
1096,22.2,0,1,0,0,0,1,0,-0.9749279121818236,-0.2225209339563146,0.49999999999999994,-0.8660254037844387
1179,24.2,0,1,0,0,0,1,0,-0.9749279121818236,-0.2225209339563146,0.258819045102521,-0.9659258262890682
1273,25.2,0,1,0,0,0,1,0,-0.9749279121818236,-0.2225209339563146,1.2246467991473532e-16,-1.0
1505,26.1,0,1,0,0,0,1,0,-0.9749279121818236,-0.2225209339563146,-0.2588190451025208,-0.9659258262890683
1554,26.8,0,1,0,0,0,1,0,-0.9749279121818236,-0.2225209339563146,-0.4999999999999997,-0.8660254037844388
1792,26.9,0,1,0,0,0,1,0,-0.9749279121818236,-0.2225209339563146,-0.7071067811865471,-0.7071067811865479
1943,27.7,0,1,0,0,0,1,0,-0.9749279121818236,-0.2225209339563146,-0.8660254037844385,-0.5000000000000004
2167,27.2,0,1,0,0,0,1,0,-0.9749279121818236,-0.2225209339563146,-0.9659258262890683,-0.25881904510252063
2255,25.7,0,1,0,0,0,0,1,-0.9749279121818236,-0.2225209339563146,-1.0,-1.8369701987210297e-16
1978,24.0,0,1,0,0,0,0,1,-0.9749279121818236,-0.2225209339563146,-0.9659258262890684,0.2588190451025203
1944,22.8,0,1,0,0,0,0,1,-0.9749279121818236,-0.2225209339563146,-0.8660254037844386,0.5000000000000001
1878,22.1,0,1,0,0,0,0,1,-0.9749279121818236,-0.2225209339563146,-0.7071067811865477,0.7071067811865474
1675,21.5,0,1,0,0,0,0,1,-0.9749279121818236,-0.2225209339563146,-0.5000000000000004,0.8660254037844384
1142,20.7,0,1,0,0,0,0,1,-0.9749279121818236,-0.2225209339563146,-0.25881904510252157,0.9659258262890681
1185,19.6,0,1,0,0,0,0,1,-0.7818314824680299,0.6234898018587334,0.0,1.0
835,18.8,0,1,0,0,0,0,1,-0.7818314824680299,0.6234898018587334,0.25881904510252074,0.9659258262890683
589,18.1,0,1,0,0,0,0,1,-0.7818314824680299,0.6234898018587334,0.49999999999999994,0.8660254037844387
395,17.4,0,1,0,0,0,0,1,-0.7818314824680299,0.6234898018587334,0.7071067811865476,0.7071067811865476
264,17.0,0,1,0,0,0,0,1,-0.7818314824680299,0.6234898018587334,0.8660254037844386,0.5000000000000001
165,16.3,0,1,0,0,0,0,1,-0.7818314824680299,0.6234898018587334,0.9659258262890683,0.25881904510252074
255,15.8,0,1,0,0,0,0,1,-0.7818314824680299,0.6234898018587334,1.0,6.123233995736766e-17
366,15.7,0,1,0,0,0,0,1,-0.7818314824680299,0.6234898018587334,0.9659258262890683,-0.25881904510252063
644,17.4,0,1,0,0,0,0,1,-0.7818314824680299,0.6234898018587334,0.8660254037844387,-0.4999999999999998
803,20.4,0,1,0,0,0,1,0,-0.7818314824680299,0.6234898018587334,0.7071067811865476,-0.7071067811865475
928,22.9,0,1,0,0,0,1,0,-0.7818314824680299,0.6234898018587334,0.49999999999999994,-0.8660254037844387
1051,24.4,0,1,0,0,0,1,0,-0.7818314824680299,0.6234898018587334,0.258819045102521,-0.9659258262890682
1220,25.9,0,1,0,0,0,1,0,-0.7818314824680299,0.6234898018587334,1.2246467991473532e-16,-1.0
1432,27.2,0,1,0,0,0,1,0,-0.7818314824680299,0.6234898018587334,-0.2588190451025208,-0.9659258262890683
1662,28.2,0,1,0,0,0,1,0,-0.7818314824680299,0.6234898018587334,-0.4999999999999997,-0.8660254037844388
1877,28.9,0,1,0,0,0,1,0,-0.7818314824680299,0.6234898018587334,-0.7071067811865471,-0.7071067811865479
2099,27.1,0,1,0,0,0,1,0,-0.7818314824680299,0.6234898018587334,-0.8660254037844385,-0.5000000000000004
2201,27.7,0,1,0,0,0,1,0,-0.7818314824680299,0.6234898018587334,-0.9659258262890683,-0.25881904510252063
2368,26.0,0,1,0,0,0,0,1,-0.7818314824680299,0.6234898018587334,-1.0,-1.8369701987210297e-16
2033,24.1,0,1,0,0,0,0,1,-0.7818314824680299,0.6234898018587334,-0.9659258262890684,0.2588190451025203
1930,22.9,0,1,0,0,0,0,1,-0.7818314824680299,0.6234898018587334,-0.8660254037844386,0.5000000000000001
1820,22.2,0,1,0,0,0,0,1,-0.7818314824680299,0.6234898018587334,-0.7071067811865477,0.7071067811865474
1291,21.8,0,1,0,0,0,0,1,-0.7818314824680299,0.6234898018587334,-0.5000000000000004,0.8660254037844384
941,21.2,0,1,0,0,0,0,1,-0.7818314824680299,0.6234898018587334,-0.25881904510252157,0.9659258262890681
792,20.7,0,1,0,0,0,0,1,0.0,1.0,0.0,1.0
487,20.5,0,1,0,0,0,0,1,0.0,1.0,0.25881904510252074,0.9659258262890683
332,20.0,0,1,0,0,0,0,1,0.0,1.0,0.49999999999999994,0.8660254037844387
176,19.7,0,1,0,0,0,0,1,0.0,1.0,0.7071067811865476,0.7071067811865476
188,19.4,0,1,0,0,0,0,1,0.0,1.0,0.8660254037844386,0.5000000000000001
226,19.1,0,1,0,0,0,0,1,0.0,1.0,0.9659258262890683,0.25881904510252074
691,18.7,0,1,0,0,0,0,1,0.0,1.0,1.0,6.123233995736766e-17
1463,18.9,0,1,0,0,0,0,1,0.0,1.0,0.9659258262890683,-0.25881904510252063
2278,20.1,0,1,0,0,0,0,1,0.0,1.0,0.8660254037844387,-0.4999999999999998
1125,22.3,0,1,0,0,0,1,0,0.0,1.0,0.7071067811865476,-0.7071067811865475
862,24.0,0,1,0,0,0,1,0,0.0,1.0,0.49999999999999994,-0.8660254037844387
934,25.3,0,1,0,0,0,1,0,0.0,1.0,0.258819045102521,-0.9659258262890682
1095,26.7,0,1,0,0,0,1,0,0.0,1.0,1.2246467991473532e-16,-1.0
1057,27.1,0,1,0,0,0,1,0,0.0,1.0,-0.2588190451025208,-0.9659258262890683
1064,27.8,0,1,0,0,0,1,0,0.0,1.0,-0.4999999999999997,-0.8660254037844388
1249,27.6,0,1,0,0,0,1,0,0.0,1.0,-0.7071067811865471,-0.7071067811865479
1467,27.5,0,1,0,0,0,1,0,0.0,1.0,-0.8660254037844385,-0.5000000000000004
2147,26.6,0,1,0,0,0,0,1,0.0,1.0,-0.9659258262890683,-0.25881904510252063
3298,25.9,0,1,0,0,0,0,1,0.0,1.0,-1.0,-1.8369701987210297e-16
2518,24.4,0,1,0,0,0,0,1,0.0,1.0,-0.9659258262890684,0.2588190451025203
2240,23.4,0,1,0,0,0,0,1,0.0,1.0,-0.8660254037844386,0.5000000000000001
2090,22.5,0,1,0,0,0,0,1,0.0,1.0,-0.7071067811865477,0.7071067811865474
1779,21.7,0,1,0,0,0,0,1,0.0,1.0,-0.5000000000000004,0.8660254037844384
1223,20.8,0,1,0,0,0,0,1,0.0,1.0,-0.25881904510252157,0.9659258262890681
910,20.1,0,1,0,0,0,0,1,0.7818314824680298,0.6234898018587336,0.0,1.0
662,19.5,0,1,0,0,0,0,1,0.7818314824680298,0.6234898018587336,0.25881904510252074,0.9659258262890683
435,18.9,0,1,0,0,0,0,1,0.7818314824680298,0.6234898018587336,0.49999999999999994,0.8660254037844387
261,18.2,0,1,0,0,0,0,1,0.7818314824680298,0.6234898018587336,0.7071067811865476,0.7071067811865476
193,17.7,0,1,0,0,0,0,1,0.7818314824680298,0.6234898018587336,0.8660254037844386,0.5000000000000001
258,17.2,0,1,0,0,0,0,1,0.7818314824680298,0.6234898018587336,0.9659258262890683,0.25881904510252074
678,17.0,0,1,0,0,0,0,1,0.7818314824680298,0.6234898018587336,1.0,6.123233995736766e-17
1556,16.9,0,1,0,0,0,0,1,0.7818314824680298,0.6234898018587336,0.9659258262890683,-0.25881904510252063
2369,17.8,0,1,0,0,0,0,1,0.7818314824680298,0.6234898018587336,0.8660254037844387,-0.4999999999999998
1234,19.8,0,1,0,0,0,1,0,0.7818314824680298,0.6234898018587336,0.7071067811865476,-0.7071067811865475
922,21.9,0,1,0,0,0,1,0,0.7818314824680298,0.6234898018587336,0.49999999999999994,-0.8660254037844387
1012,23.7,0,1,0,0,0,1,0,0.7818314824680298,0.6234898018587336,0.258819045102521,-0.9659258262890682
1192,24.5,0,1,0,0,0,1,0,0.7818314824680298,0.6234898018587336,1.2246467991473532e-16,-1.0
1102,25.7,0,1,0,0,0,1,0,0.7818314824680298,0.6234898018587336,-0.2588190451025208,-0.9659258262890683
1115,25.8,0,1,0,0,0,1,0,0.7818314824680298,0.6234898018587336,-0.4999999999999997,-0.8660254037844388
1222,26.0,0,1,0,0,0,1,0,0.7818314824680298,0.6234898018587336,-0.7071067811865471,-0.7071067811865479
1527,25.5,0,1,0,0,0,1,0,0.7818314824680298,0.6234898018587336,-0.8660254037844385,-0.5000000000000004
2171,25.4,0,1,0,0,0,0,1,0.7818314824680298,0.6234898018587336,-0.9659258262890683,-0.25881904510252063
3222,24.7,0,1,0,0,0,0,1,0.7818314824680298,0.6234898018587336,-1.0,-1.8369701987210297e-16
2455,23.7,0,1,0,0,0,0,1,0.7818314824680298,0.6234898018587336,-0.9659258262890684,0.2588190451025203
2072,22.9,0,1,0,0,0,0,1,0.7818314824680298,0.6234898018587336,-0.8660254037844386,0.5000000000000001
2018,22.2,0,1,0,0,0,0,1,0.7818314824680298,0.6234898018587336,-0.7071067811865477,0.7071067811865474
1868,21.6,0,1,0,0,0,0,1,0.7818314824680298,0.6234898018587336,-0.5000000000000004,0.8660254037844384
1240,20.9,0,1,0,0,0,0,1,0.7818314824680298,0.6234898018587336,-0.25881904510252157,0.9659258262890681
949,20.2,0,1,0,0,0,0,1,0.9749279121818236,-0.22252093395631434,0.0,1.0
691,19.6,0,1,0,0,0,0,1,0.9749279121818236,-0.22252093395631434,0.25881904510252074,0.9659258262890683
462,19.0,0,1,0,0,0,0,1,0.9749279121818236,-0.22252093395631434,0.49999999999999994,0.8660254037844387
297,18.4,0,1,0,0,0,0,1,0.9749279121818236,-0.22252093395631434,0.7071067811865476,0.7071067811865476
215,18.0,0,1,0,0,0,0,1,0.9749279121818236,-0.22252093395631434,0.8660254037844386,0.5000000000000001
241,17.5,0,1,0,0,0,0,1,0.9749279121818236,-0.22252093395631434,0.9659258262890683,0.25881904510252074
656,17.0,0,1,0,0,0,0,1,0.9749279121818236,-0.22252093395631434,1.0,6.123233995736766e-17
1551,16.8,0,1,0,0,0,0,1,0.9749279121818236,-0.22252093395631434,0.9659258262890683,-0.25881904510252063
2391,18.2,0,1,0,0,0,0,1,0.9749279121818236,-0.22252093395631434,0.8660254037844387,-0.4999999999999998
1234,20.8,0,1,0,0,0,1,0,0.9749279121818236,-0.22252093395631434,0.7071067811865476,-0.7071067811865475
923,22.7,0,1,0,0,0,1,0,0.9749279121818236,-0.22252093395631434,0.49999999999999994,-0.8660254037844387
1017,24.8,0,1,0,0,0,1,0,0.9749279121818236,-0.22252093395631434,0.258819045102521,-0.9659258262890682
1165,26.3,0,1,0,0,0,1,0,0.9749279121818236,-0.22252093395631434,1.2246467991473532e-16,-1.0
1066,26.8,0,1,0,0,0,1,0,0.9749279121818236,-0.22252093395631434,-0.2588190451025208,-0.9659258262890683
1087,26.9,0,1,0,0,0,1,0,0.9749279121818236,-0.22252093395631434,-0.4999999999999997,-0.8660254037844388
1251,27.7,0,1,0,0,0,1,0,0.9749279121818236,-0.22252093395631434,-0.7071067811865471,-0.7071067811865479
1494,27.8,0,1,0,0,0,1,0,0.9749279121818236,-0.22252093395631434,-0.8660254037844385,-0.5000000000000004
2129,27.8,0,1,0,0,0,1,0,0.9749279121818236,-0.22252093395631434,-0.9659258262890683,-0.25881904510252063
3256,27.0,0,1,0,0,0,0,1,0.9749279121818236,-0.22252093395631434,-1.0,-1.8369701987210297e-16
2443,25.4,0,1,0,0,0,0,1,0.9749279121818236,-0.22252093395631434,-0.9659258262890684,0.2588190451025203
2146,24.0,0,1,0,0,0,0,1,0.9749279121818236,-0.22252093395631434,-0.8660254037844386,0.5000000000000001
2012,23.2,0,1,0,0,0,0,1,0.9749279121818236,-0.22252093395631434,-0.7071067811865477,0.7071067811865474
1824,22.6,0,1,0,0,0,0,1,0.9749279121818236,-0.22252093395631434,-0.5000000000000004,0.8660254037844384
1309,22.2,0,1,0,0,0,0,1,0.9749279121818236,-0.22252093395631434,-0.25881904510252157,0.9659258262890681
968,21.9,0,1,0,0,0,0,1,0.43388373911755823,-0.900968867902419,0.0,1.0
736,21.5,0,1,0,0,0,0,1,0.43388373911755823,-0.900968867902419,0.25881904510252074,0.9659258262890683
437,21.2,0,1,0,0,0,0,1,0.43388373911755823,-0.900968867902419,0.49999999999999994,0.8660254037844387
304,20.9,0,1,0,0,0,0,1,0.43388373911755823,-0.900968867902419,0.7071067811865476,0.7071067811865476
240,20.7,0,1,0,0,0,0,1,0.43388373911755823,-0.900968867902419,0.8660254037844386,0.5000000000000001
248,20.5,0,1,0,0,0,0,1,0.43388373911755823,-0.900968867902419,0.9659258262890683,0.25881904510252074
655,20.3,0,1,0,0,0,0,1,0.43388373911755823,-0.900968867902419,1.0,6.123233995736766e-17
1448,20.5,0,1,0,0,0,0,1,0.43388373911755823,-0.900968867902419,0.9659258262890683,-0.25881904510252063
2329,20.9,0,1,0,0,0,0,1,0.43388373911755823,-0.900968867902419,0.8660254037844387,-0.4999999999999998
1322,21.8,0,1,0,0,0,0,1,0.43388373911755823,-0.900968867902419,0.7071067811865476,-0.7071067811865475
915,22.7,0,1,0,0,0,0,1,0.43388373911755823,-0.900968867902419,0.49999999999999994,-0.8660254037844387
972,23.5,0,1,0,0,0,1,0,0.43388373911755823,-0.900968867902419,0.258819045102521,-0.9659258262890682
1119,24.3,0,1,0,0,0,1,0,0.43388373911755823,-0.900968867902419,1.2246467991473532e-16,-1.0
1014,25.1,0,1,0,0,0,1,0,0.43388373911755823,-0.900968867902419,-0.2588190451025208,-0.9659258262890683
1097,27.2,0,1,0,0,0,1,0,0.43388373911755823,-0.900968867902419,-0.4999999999999997,-0.8660254037844388
1200,27.8,0,1,0,0,0,1,0,0.43388373911755823,-0.900968867902419,-0.7071067811865471,-0.7071067811865479
1436,28.2,0,1,0,0,0,1,0,0.43388373911755823,-0.900968867902419,-0.8660254037844385,-0.5000000000000004
2021,27.9,0,1,0,0,0,1,0,0.43388373911755823,-0.900968867902419,-0.9659258262890683,-0.25881904510252063
3146,26.7,0,1,0,0,0,0,1,0.43388373911755823,-0.900968867902419,-1.0,-1.8369701987210297e-16
2365,25.4,0,1,0,0,0,0,1,0.43388373911755823,-0.900968867902419,-0.9659258262890684,0.2588190451025203
2003,24.6,0,1,0,0,0,0,1,0.43388373911755823,-0.900968867902419,-0.8660254037844386,0.5000000000000001
2000,23.8,0,1,0,0,0,0,1,0.43388373911755823,-0.900968867902419,-0.7071067811865477,0.7071067811865474
1713,22.8,0,1,0,0,0,0,1,0.43388373911755823,-0.900968867902419,-0.5000000000000004,0.8660254037844384
1303,22.4,0,1,0,0,0,0,1,0.43388373911755823,-0.900968867902419,-0.25881904510252157,0.9659258262890681
971,22.1,0,1,0,0,0,0,1,-0.433883739117558,-0.9009688679024191,0.0,1.0
775,21.6,0,1,0,0,0,0,1,-0.433883739117558,-0.9009688679024191,0.25881904510252074,0.9659258262890683
482,21.3,0,1,0,0,0,0,1,-0.433883739117558,-0.9009688679024191,0.49999999999999994,0.8660254037844387
349,21.0,0,1,0,0,0,0,1,-0.433883739117558,-0.9009688679024191,0.7071067811865476,0.7071067811865476
223,20.7,0,1,0,0,0,0,1,-0.433883739117558,-0.9009688679024191,0.8660254037844386,0.5000000000000001
249,20.7,0,1,0,0,0,0,1,-0.433883739117558,-0.9009688679024191,0.9659258262890683,0.25881904510252074
644,20.4,0,1,0,0,0,0,1,-0.433883739117558,-0.9009688679024191,1.0,6.123233995736766e-17
1456,20.5,0,1,0,0,0,0,1,-0.433883739117558,-0.9009688679024191,0.9659258262890683,-0.25881904510252063
2253,21.4,0,1,0,0,0,0,1,-0.433883739117558,-0.9009688679024191,0.8660254037844387,-0.4999999999999998
1201,22.3,0,1,0,0,0,0,1,-0.433883739117558,-0.9009688679024191,0.7071067811865476,-0.7071067811865475
936,23.3,0,1,0,0,0,0,1,-0.433883739117558,-0.9009688679024191,0.49999999999999994,-0.8660254037844387
982,24.0,0,1,0,0,0,1,0,-0.433883739117558,-0.9009688679024191,0.258819045102521,-0.9659258262890682
1088,25.3,0,1,0,0,0,1,0,-0.433883739117558,-0.9009688679024191,1.2246467991473532e-16,-1.0
1155,26.4,0,1,0,0,0,1,0,-0.433883739117558,-0.9009688679024191,-0.2588190451025208,-0.9659258262890683
1199,26.3,0,1,0,0,0,1,0,-0.433883739117558,-0.9009688679024191,-0.4999999999999997,-0.8660254037844388
1347,26.6,0,1,0,0,0,1,0,-0.433883739117558,-0.9009688679024191,-0.7071067811865471,-0.7071067811865479
1503,26.3,0,1,0,0,0,0,1,-0.433883739117558,-0.9009688679024191,-0.8660254037844385,-0.5000000000000004
2059,25.9,0,1,0,0,0,0,1,-0.433883739117558,-0.9009688679024191,-0.9659258262890683,-0.25881904510252063
2826,25.7,0,1,0,0,0,0,1,-0.433883739117558,-0.9009688679024191,-1.0,-1.8369701987210297e-16
1996,25.3,0,1,0,0,0,0,1,-0.433883739117558,-0.9009688679024191,-0.9659258262890684,0.2588190451025203
1869,25.0,0,1,0,0,0,0,1,-0.433883739117558,-0.9009688679024191,-0.8660254037844386,0.5000000000000001
1259,24.7,0,1,0,0,0,0,1,-0.433883739117558,-0.9009688679024191,-0.7071067811865477,0.7071067811865474
567,24.0,0,1,0,0,0,0,1,-0.433883739117558,-0.9009688679024191,-0.5000000000000004,0.8660254037844384
810,22.3,0,1,0,0,1,0,0,-0.433883739117558,-0.9009688679024191,-0.25881904510252157,0.9659258262890681
906,21.8,0,1,0,0,0,0,1,-0.9749279121818236,-0.2225209339563146,0.0,1.0
881,21.8,0,1,0,0,0,0,1,-0.9749279121818236,-0.2225209339563146,0.25881904510252074,0.9659258262890683
580,21.7,0,1,0,0,0,0,1,-0.9749279121818236,-0.2225209339563146,0.49999999999999994,0.8660254037844387
302,21.6,0,1,0,0,0,0,1,-0.9749279121818236,-0.2225209339563146,0.7071067811865476,0.7071067811865476
234,21.2,0,1,0,0,1,0,0,-0.9749279121818236,-0.2225209339563146,0.8660254037844386,0.5000000000000001
169,21.1,0,1,0,0,0,0,1,-0.9749279121818236,-0.2225209339563146,0.9659258262890683,0.25881904510252074
272,21.0,0,1,0,0,1,0,0,-0.9749279121818236,-0.2225209339563146,1.0,6.123233995736766e-17
453,21.2,0,1,0,0,0,0,1,-0.9749279121818236,-0.2225209339563146,0.9659258262890683,-0.25881904510252063
829,21.7,0,1,0,0,0,0,1,-0.9749279121818236,-0.2225209339563146,0.8660254037844387,-0.4999999999999998
934,22.7,0,1,0,0,0,0,1,-0.9749279121818236,-0.2225209339563146,0.7071067811865476,-0.7071067811865475
1017,24.4,0,1,0,0,0,1,0,-0.9749279121818236,-0.2225209339563146,0.49999999999999994,-0.8660254037844387
1212,25.2,0,1,0,0,0,1,0,-0.9749279121818236,-0.2225209339563146,0.258819045102521,-0.9659258262890682
1284,25.4,0,1,0,0,0,1,0,-0.9749279121818236,-0.2225209339563146,1.2246467991473532e-16,-1.0
1465,25.8,0,1,0,0,0,1,0,-0.9749279121818236,-0.2225209339563146,-0.2588190451025208,-0.9659258262890683
1474,25.7,0,1,0,0,0,1,0,-0.9749279121818236,-0.2225209339563146,-0.4999999999999997,-0.8660254037844388
1077,25.2,0,1,0,0,0,0,1,-0.9749279121818236,-0.2225209339563146,-0.7071067811865471,-0.7071067811865479
1273,24.4,0,1,0,0,0,0,1,-0.9749279121818236,-0.2225209339563146,-0.8660254037844385,-0.5000000000000004
1474,24.4,0,1,0,0,0,0,1,-0.9749279121818236,-0.2225209339563146,-0.9659258262890683,-0.25881904510252063
1566,24.2,0,1,0,0,0,0,1,-0.9749279121818236,-0.2225209339563146,-1.0,-1.8369701987210297e-16
1578,23.8,0,1,0,0,0,0,1,-0.9749279121818236,-0.2225209339563146,-0.9659258262890684,0.2588190451025203
1613,23.5,0,1,0,0,0,0,1,-0.9749279121818236,-0.2225209339563146,-0.8660254037844386,0.5000000000000001
1710,23.3,0,1,0,0,0,0,1,-0.9749279121818236,-0.2225209339563146,-0.7071067811865477,0.7071067811865474
1566,23.1,0,1,0,0,0,0,1,-0.9749279121818236,-0.2225209339563146,-0.5000000000000004,0.8660254037844384
1210,22.9,0,1,0,0,0,0,1,-0.9749279121818236,-0.2225209339563146,-0.25881904510252157,0.9659258262890681
1014,22.8,0,1,0,0,0,0,1,-0.7818314824680299,0.6234898018587334,0.0,1.0
764,22.8,0,1,0,0,0,0,1,-0.7818314824680299,0.6234898018587334,0.25881904510252074,0.9659258262890683
432,22.8,0,1,0,0,0,0,1,-0.7818314824680299,0.6234898018587334,0.49999999999999994,0.8660254037844387
258,22.6,0,1,0,0,1,0,0,-0.7818314824680299,0.6234898018587334,0.7071067811865476,0.7071067811865476
188,22.5,0,1,0,0,1,0,0,-0.7818314824680299,0.6234898018587334,0.8660254037844386,0.5000000000000001
123,22.2,0,1,0,0,0,0,1,-0.7818314824680299,0.6234898018587334,0.9659258262890683,0.25881904510252074
137,22.0,0,1,0,0,1,0,0,-0.7818314824680299,0.6234898018587334,1.0,6.123233995736766e-17
258,21.9,0,1,0,0,1,0,0,-0.7818314824680299,0.6234898018587334,0.9659258262890683,-0.25881904510252063
464,21.9,0,1,0,0,0,0,1,-0.7818314824680299,0.6234898018587334,0.8660254037844387,-0.4999999999999998
725,22.3,0,1,0,0,0,0,1,-0.7818314824680299,0.6234898018587334,0.7071067811865476,-0.7071067811865475
813,22.9,0,1,0,0,0,0,1,-0.7818314824680299,0.6234898018587334,0.49999999999999994,-0.8660254037844387
1014,23.4,0,1,0,0,0,1,0,-0.7818314824680299,0.6234898018587334,0.258819045102521,-0.9659258262890682
989,23.7,0,1,0,0,0,0,1,-0.7818314824680299,0.6234898018587334,1.2246467991473532e-16,-1.0
754,23.6,0,1,0,0,0,1,0,-0.7818314824680299,0.6234898018587334,-0.2588190451025208,-0.9659258262890683
409,23.4,0,1,0,0,0,0,1,-0.7818314824680299,0.6234898018587334,-0.4999999999999997,-0.8660254037844388
222,23.2,0,1,0,0,1,0,0,-0.7818314824680299,0.6234898018587334,-0.7071067811865471,-0.7071067811865479
142,22.5,0,1,0,0,1,0,0,-0.7818314824680299,0.6234898018587334,-0.8660254037844385,-0.5000000000000004
322,22.0,0,1,0,0,1,0,0,-0.7818314824680299,0.6234898018587334,-0.9659258262890683,-0.25881904510252063
520,21.5,0,1,0,0,1,0,0,-0.7818314824680299,0.6234898018587334,-1.0,-1.8369701987210297e-16
852,21.2,0,1,0,0,1,0,0,-0.7818314824680299,0.6234898018587334,-0.9659258262890684,0.2588190451025203
1073,21.1,0,1,0,0,1,0,0,-0.7818314824680299,0.6234898018587334,-0.8660254037844386,0.5000000000000001
1146,21.2,0,1,0,0,1,0,0,-0.7818314824680299,0.6234898018587334,-0.7071067811865477,0.7071067811865474
988,21.4,0,1,0,0,0,0,1,-0.7818314824680299,0.6234898018587334,-0.5000000000000004,0.8660254037844384
571,21.3,0,1,0,0,0,0,1,-0.7818314824680299,0.6234898018587334,-0.25881904510252157,0.9659258262890681
531,21.0,0,1,0,0,0,0,1,0.0,1.0,0.0,1.0
337,20.5,0,1,0,0,0,0,1,0.0,1.0,0.25881904510252074,0.9659258262890683
227,20.3,0,1,0,0,1,0,0,0.0,1.0,0.49999999999999994,0.8660254037844387
186,20.2,0,1,0,0,0,0,1,0.0,1.0,0.7071067811865476,0.7071067811865476
160,20.0,0,1,0,0,0,0,1,0.0,1.0,0.8660254037844386,0.5000000000000001
246,19.4,0,1,0,0,0,0,1,0.0,1.0,0.9659258262890683,0.25881904510252074
625,18.8,0,1,0,0,0,0,1,0.0,1.0,1.0,6.123233995736766e-17
1487,18.5,0,1,0,0,0,0,1,0.0,1.0,0.9659258262890683,-0.25881904510252063
2276,18.9,0,1,0,0,0,0,1,0.0,1.0,0.8660254037844387,-0.4999999999999998
1185,20.5,0,1,0,0,0,1,0,0.0,1.0,0.7071067811865476,-0.7071067811865475
868,21.7,0,1,0,0,0,1,0,0.0,1.0,0.49999999999999994,-0.8660254037844387
954,23.8,0,1,0,0,0,1,0,0.0,1.0,0.258819045102521,-0.9659258262890682
1083,25.2,0,1,0,0,0,1,0,0.0,1.0,1.2246467991473532e-16,-1.0
1069,25.6,0,1,0,0,0,0,1,0.0,1.0,-0.2588190451025208,-0.9659258262890683
1092,26.7,0,1,0,0,0,0,1,0.0,1.0,-0.4999999999999997,-0.8660254037844388
1207,27.4,0,1,0,0,0,1,0,0.0,1.0,-0.7071067811865471,-0.7071067811865479
1445,27.6,0,1,0,0,0,1,0,0.0,1.0,-0.8660254037844385,-0.5000000000000004
2056,27.3,0,1,0,0,0,1,0,0.0,1.0,-0.9659258262890683,-0.25881904510252063
3277,25.3,0,1,0,0,0,0,1,0.0,1.0,-1.0,-1.8369701987210297e-16
2489,23.0,0,1,0,0,0,0,1,0.0,1.0,-0.9659258262890684,0.2588190451025203
2232,21.9,0,1,0,0,0,0,1,0.0,1.0,-0.8660254037844386,0.5000000000000001
2100,21.3,0,1,0,0,0,0,1,0.0,1.0,-0.7071067811865477,0.7071067811865474
1865,20.8,0,1,0,0,0,0,1,0.0,1.0,-0.5000000000000004,0.8660254037844384
1293,20.2,0,1,0,0,0,0,1,0.0,1.0,-0.25881904510252157,0.9659258262890681
886,20.1,0,1,0,0,0,0,1,0.43388373911755823,-0.900968867902419,0.0,1.0
761,20.0,0,1,0,0,0,0,1,0.43388373911755823,-0.900968867902419,0.25881904510252074,0.9659258262890683
524,19.9,0,1,0,0,0,0,1,0.43388373911755823,-0.900968867902419,0.49999999999999994,0.8660254037844387
294,19.6,0,1,0,0,0,0,1,0.43388373911755823,-0.900968867902419,0.7071067811865476,0.7071067811865476
241,19.6,0,1,0,0,0,0,1,0.43388373911755823,-0.900968867902419,0.8660254037844386,0.5000000000000001
137,19.5,0,1,0,0,0,0,1,0.43388373911755823,-0.900968867902419,0.9659258262890683,0.25881904510252074
47,18.8,0,1,0,0,1,0,0,0.43388373911755823,-0.900968867902419,1.0,6.123233995736766e-17
130,18.0,0,1,0,0,1,0,0,0.43388373911755823,-0.900968867902419,0.9659258262890683,-0.25881904510252063
299,18.0,0,1,0,0,1,0,0,0.43388373911755823,-0.900968867902419,0.8660254037844387,-0.4999999999999998
89,18.2,0,1,0,0,1,0,0,0.43388373911755823,-0.900968867902419,0.7071067811865476,-0.7071067811865475
87,18.4,0,1,0,0,1,0,0,0.43388373911755823,-0.900968867902419,0.49999999999999994,-0.8660254037844387
111,18.8,0,1,0,0,0,0,1,0.43388373911755823,-0.900968867902419,0.258819045102521,-0.9659258262890682
180,19.0,0,1,0,0,1,0,0,0.43388373911755823,-0.900968867902419,1.2246467991473532e-16,-1.0
301,18.9,0,1,0,0,0,0,1,0.43388373911755823,-0.900968867902419,-0.2588190451025208,-0.9659258262890683
573,19.3,0,1,0,0,1,0,0,0.43388373911755823,-0.900968867902419,-0.4999999999999997,-0.8660254037844388
696,19.4,0,1,0,0,0,0,1,0.43388373911755823,-0.900968867902419,-0.7071067811865471,-0.7071067811865479
912,19.5,0,1,0,0,0,0,1,0.43388373911755823,-0.900968867902419,-0.8660254037844385,-0.5000000000000004
1290,19.3,0,1,0,0,0,0,1,0.43388373911755823,-0.900968867902419,-0.9659258262890683,-0.25881904510252063
1786,19.1,0,1,0,0,0,0,1,0.43388373911755823,-0.900968867902419,-1.0,-1.8369701987210297e-16
1272,18.9,0,1,0,0,0,0,1,0.43388373911755823,-0.900968867902419,-0.9659258262890684,0.2588190451025203
898,19.1,0,1,0,0,0,0,1,0.43388373911755823,-0.900968867902419,-0.8660254037844386,0.5000000000000001
784,18.7,0,1,0,0,0,0,1,0.43388373911755823,-0.900968867902419,-0.7071067811865477,0.7071067811865474
1049,18.4,0,1,0,0,0,0,1,0.43388373911755823,-0.900968867902419,-0.5000000000000004,0.8660254037844384
935,18.7,0,1,0,0,0,0,1,0.43388373911755823,-0.900968867902419,-0.25881904510252157,0.9659258262890681
809,18.9,0,1,0,0,0,0,1,-0.433883739117558,-0.9009688679024191,0.0,1.0
674,19.0,0,1,0,0,0,0,1,-0.433883739117558,-0.9009688679024191,0.25881904510252074,0.9659258262890683
122,19.1,0,1,0,0,0,0,1,-0.433883739117558,-0.9009688679024191,0.49999999999999994,0.8660254037844387
28,18.5,0,1,0,0,1,0,0,-0.433883739117558,-0.9009688679024191,0.7071067811865476,0.7071067811865476
24,17.9,0,1,0,0,1,0,0,-0.433883739117558,-0.9009688679024191,0.8660254037844386,0.5000000000000001
24,17.8,0,1,0,0,1,0,0,-0.433883739117558,-0.9009688679024191,0.9659258262890683,0.25881904510252074
23,17.6,0,1,0,0,1,0,0,-0.433883739117558,-0.9009688679024191,1.0,6.123233995736766e-17
45,17.6,0,1,0,0,1,0,0,-0.433883739117558,-0.9009688679024191,0.9659258262890683,-0.25881904510252063
127,17.8,0,1,0,0,1,0,0,-0.433883739117558,-0.9009688679024191,0.8660254037844387,-0.4999999999999998
47,18.2,0,1,0,0,1,0,0,-0.433883739117558,-0.9009688679024191,0.7071067811865476,-0.7071067811865475
78,18.4,0,1,0,0,1,0,0,-0.433883739117558,-0.9009688679024191,0.49999999999999994,-0.8660254037844387
98,18.9,0,1,0,0,1,0,0,-0.433883739117558,-0.9009688679024191,0.258819045102521,-0.9659258262890682
143,19.1,0,1,0,0,0,0,1,-0.433883739117558,-0.9009688679024191,1.2246467991473532e-16,-1.0
600,19.8,0,1,0,0,0,0,1,-0.433883739117558,-0.9009688679024191,-0.2588190451025208,-0.9659258262890683
972,21.4,0,1,0,0,1,0,0,-0.433883739117558,-0.9009688679024191,-0.4999999999999997,-0.8660254037844388
1288,21.8,0,1,0,0,0,1,0,-0.433883739117558,-0.9009688679024191,-0.7071067811865471,-0.7071067811865479
1550,21.5,0,1,0,0,0,0,1,-0.433883739117558,-0.9009688679024191,-0.8660254037844385,-0.5000000000000004
1904,21.2,0,1,0,0,0,0,1,-0.433883739117558,-0.9009688679024191,-0.9659258262890683,-0.25881904510252063
2235,20.9,0,1,0,0,0,0,1,-0.433883739117558,-0.9009688679024191,-1.0,-1.8369701987210297e-16
1720,20.3,0,1,0,0,0,0,1,-0.433883739117558,-0.9009688679024191,-0.9659258262890684,0.2588190451025203
1551,20.0,0,1,0,0,0,0,1,-0.433883739117558,-0.9009688679024191,-0.8660254037844386,0.5000000000000001
1540,19.9,0,1,0,0,0,0,1,-0.433883739117558,-0.9009688679024191,-0.7071067811865477,0.7071067811865474
1493,19.7,0,1,0,0,0,0,1,-0.433883739117558,-0.9009688679024191,-0.5000000000000004,0.8660254037844384
1171,19.5,0,1,0,0,0,0,1,-0.433883739117558,-0.9009688679024191,-0.25881904510252157,0.9659258262890681
953,19.5,0,1,0,0,0,0,1,-0.9749279121818236,-0.2225209339563146,0.0,1.0
875,19.5,0,1,0,0,0,0,1,-0.9749279121818236,-0.2225209339563146,0.25881904510252074,0.9659258262890683
655,19.4,0,1,0,0,0,0,1,-0.9749279121818236,-0.2225209339563146,0.49999999999999994,0.8660254037844387
458,18.8,0,1,0,0,0,0,1,-0.9749279121818236,-0.2225209339563146,0.7071067811865476,0.7071067811865476
96,18.9,0,1,0,0,0,0,1,-0.9749279121818236,-0.2225209339563146,0.8660254037844386,0.5000000000000001
93,18.8,0,1,0,0,1,0,0,-0.9749279121818236,-0.2225209339563146,0.9659258262890683,0.25881904510252074
215,18.4,0,1,0,0,0,0,1,-0.9749279121818236,-0.2225209339563146,1.0,6.123233995736766e-17
363,18.1,0,1,0,0,0,0,1,-0.9749279121818236,-0.2225209339563146,0.9659258262890683,-0.25881904510252063
654,18.2,0,1,0,0,0,0,1,-0.9749279121818236,-0.2225209339563146,0.8660254037844387,-0.4999999999999998
810,19.7,0,1,0,0,0,0,1,-0.9749279121818236,-0.2225209339563146,0.7071067811865476,-0.7071067811865475
925,21.8,0,1,0,0,0,0,1,-0.9749279121818236,-0.2225209339563146,0.49999999999999994,-0.8660254037844387
1062,22.7,0,1,0,0,0,0,1,-0.9749279121818236,-0.2225209339563146,0.258819045102521,-0.9659258262890682
1273,24.2,0,1,0,0,0,1,0,-0.9749279121818236,-0.2225209339563146,1.2246467991473532e-16,-1.0
1409,24.9,0,1,0,0,0,0,1,-0.9749279121818236,-0.2225209339563146,-0.2588190451025208,-0.9659258262890683
1532,25.2,0,1,0,0,0,0,1,-0.9749279121818236,-0.2225209339563146,-0.4999999999999997,-0.8660254037844388
1814,25.4,0,1,0,0,0,0,1,-0.9749279121818236,-0.2225209339563146,-0.7071067811865471,-0.7071067811865479
1840,25.3,0,1,0,0,0,1,0,-0.9749279121818236,-0.2225209339563146,-0.8660254037844385,-0.5000000000000004
2045,24.6,0,1,0,0,0,0,1,-0.9749279121818236,-0.2225209339563146,-0.9659258262890683,-0.25881904510252063
1939,23.2,0,1,0,0,0,0,1,-0.9749279121818236,-0.2225209339563146,-1.0,-1.8369701987210297e-16
1743,21.3,0,1,0,0,0,0,1,-0.9749279121818236,-0.2225209339563146,-0.9659258262890684,0.2588190451025203
1604,20.4,0,1,0,0,0,0,1,-0.9749279121818236,-0.2225209339563146,-0.8660254037844386,0.5000000000000001
1502,19.4,0,1,0,0,0,0,1,-0.9749279121818236,-0.2225209339563146,-0.7071067811865477,0.7071067811865474
1430,18.6,0,1,0,0,0,0,1,-0.9749279121818236,-0.2225209339563146,-0.5000000000000004,0.8660254037844384
1108,17.9,0,1,0,0,0,0,1,-0.9749279121818236,-0.2225209339563146,-0.25881904510252157,0.9659258262890681
880,17.2,1,1,0,0,0,0,1,-0.7818314824680299,0.6234898018587334,0.0,1.0
644,16.4,1,1,0,0,0,0,1,-0.7818314824680299,0.6234898018587334,0.25881904510252074,0.9659258262890683
489,16.0,1,1,0,0,0,0,1,-0.7818314824680299,0.6234898018587334,0.49999999999999994,0.8660254037844387
334,15.8,1,1,0,0,0,0,1,-0.7818314824680299,0.6234898018587334,0.7071067811865476,0.7071067811865476
202,16.2,1,1,0,0,0,0,1,-0.7818314824680299,0.6234898018587334,0.8660254037844386,0.5000000000000001
106,16.3,1,1,0,0,0,0,1,-0.7818314824680299,0.6234898018587334,0.9659258262890683,0.25881904510252074
144,16.5,1,1,0,0,0,0,1,-0.7818314824680299,0.6234898018587334,1.0,6.123233995736766e-17
261,16.5,1,1,0,0,0,0,1,-0.7818314824680299,0.6234898018587334,0.9659258262890683,-0.25881904510252063
439,17.0,1,1,0,0,0,0,1,-0.7818314824680299,0.6234898018587334,0.8660254037844387,-0.4999999999999998
534,18.4,1,1,0,0,0,1,0,-0.7818314824680299,0.6234898018587334,0.7071067811865476,-0.7071067811865475
620,19.3,1,1,0,0,0,1,0,-0.7818314824680299,0.6234898018587334,0.49999999999999994,-0.8660254037844387
764,20.1,1,1,0,0,0,1,0,-0.7818314824680299,0.6234898018587334,0.258819045102521,-0.9659258262890682
915,20.8,1,1,0,0,0,1,0,-0.7818314824680299,0.6234898018587334,1.2246467991473532e-16,-1.0
1031,22.7,1,1,0,0,0,1,0,-0.7818314824680299,0.6234898018587334,-0.2588190451025208,-0.9659258262890683
1136,24.2,1,1,0,0,0,1,0,-0.7818314824680299,0.6234898018587334,-0.4999999999999997,-0.8660254037844388
1366,25.0,1,1,0,0,0,1,0,-0.7818314824680299,0.6234898018587334,-0.7071067811865471,-0.7071067811865479
1502,24.6,1,1,0,0,0,0,1,-0.7818314824680299,0.6234898018587334,-0.8660254037844385,-0.5000000000000004
1591,24.1,1,1,0,0,0,1,0,-0.7818314824680299,0.6234898018587334,-0.9659258262890683,-0.25881904510252063
1492,22.3,1,1,0,0,0,0,1,-0.7818314824680299,0.6234898018587334,-1.0,-1.8369701987210297e-16
1333,21.0,1,1,0,0,0,0,1,-0.7818314824680299,0.6234898018587334,-0.9659258262890684,0.2588190451025203
1287,20.2,1,1,0,0,0,0,1,-0.7818314824680299,0.6234898018587334,-0.8660254037844386,0.5000000000000001
1148,19.1,1,1,0,0,0,0,1,-0.7818314824680299,0.6234898018587334,-0.7071067811865477,0.7071067811865474
1074,18.5,1,1,0,0,0,0,1,-0.7818314824680299,0.6234898018587334,-0.5000000000000004,0.8660254037844384
768,17.7,1,1,0,0,0,0,1,-0.7818314824680299,0.6234898018587334,-0.25881904510252157,0.9659258262890681
620,17.2,1,1,0,0,0,0,1,0.0,1.0,0.0,1.0
426,16.8,1,1,0,0,0,0,1,0.0,1.0,0.25881904510252074,0.9659258262890683
302,16.1,1,1,0,0,0,0,1,0.0,1.0,0.49999999999999994,0.8660254037844387
216,15.5,1,1,0,0,0,0,1,0.0,1.0,0.7071067811865476,0.7071067811865476
141,14.9,1,1,0,0,0,0,1,0.0,1.0,0.8660254037844386,0.5000000000000001
105,14.4,1,1,0,0,0,0,1,0.0,1.0,0.9659258262890683,0.25881904510252074
141,14.3,1,1,0,0,0,0,1,0.0,1.0,1.0,6.123233995736766e-17
205,14.7,1,1,0,0,0,0,1,0.0,1.0,0.9659258262890683,-0.25881904510252063
296,15.4,1,1,0,0,0,0,1,0.0,1.0,0.8660254037844387,-0.4999999999999998
310,17.0,1,1,0,0,0,1,0,0.0,1.0,0.7071067811865476,-0.7071067811865475
426,18.5,1,1,0,0,0,0,1,0.0,1.0,0.49999999999999994,-0.8660254037844387
588,19.4,1,1,0,0,0,0,1,0.0,1.0,0.258819045102521,-0.9659258262890682
754,20.3,1,1,0,0,0,1,0,0.0,1.0,1.2246467991473532e-16,-1.0
885,20.9,1,1,0,0,0,0,1,0.0,1.0,-0.2588190451025208,-0.9659258262890683
1099,21.3,1,1,0,0,0,0,1,0.0,1.0,-0.4999999999999997,-0.8660254037844388
1273,21.8,1,1,0,0,0,0,1,0.0,1.0,-0.7071067811865471,-0.7071067811865479
1433,22.0,1,1,0,0,0,1,0,0.0,1.0,-0.8660254037844385,-0.5000000000000004
1442,21.6,1,1,0,0,0,0,1,0.0,1.0,-0.9659258262890683,-0.25881904510252063
1237,20.3,1,1,0,0,0,0,1,0.0,1.0,-1.0,-1.8369701987210297e-16
1280,18.6,1,1,0,0,0,0,1,0.0,1.0,-0.9659258262890684,0.2588190451025203
1227,17.6,1,1,0,0,0,0,1,0.0,1.0,-0.8660254037844386,0.5000000000000001
1145,16.8,1,1,0,0,0,0,1,0.0,1.0,-0.7071067811865477,0.7071067811865474
958,16.6,1,1,0,0,0,0,1,0.0,1.0,-0.5000000000000004,0.8660254037844384
750,15.7,1,1,0,0,0,0,1,0.0,1.0,-0.25881904510252157,0.9659258262890681
558,14.7,1,1,0,0,0,0,1,0.7818314824680298,0.6234898018587336,0.0,1.0
408,13.8,1,1,0,0,0,0,1,0.7818314824680298,0.6234898018587336,0.25881904510252074,0.9659258262890683
292,13.4,1,1,0,0,0,0,1,0.7818314824680298,0.6234898018587336,0.49999999999999994,0.8660254037844387
222,12.7,1,1,0,0,0,0,1,0.7818314824680298,0.6234898018587336,0.7071067811865476,0.7071067811865476
157,12.0,1,1,0,0,0,0,1,0.7818314824680298,0.6234898018587336,0.8660254037844386,0.5000000000000001
105,11.5,1,1,0,0,0,0,1,0.7818314824680298,0.6234898018587336,0.9659258262890683,0.25881904510252074
132,11.2,1,1,0,0,0,0,1,0.7818314824680298,0.6234898018587336,1.0,6.123233995736766e-17
262,10.8,1,1,0,0,0,0,1,0.7818314824680298,0.6234898018587336,0.9659258262890683,-0.25881904510252063
440,12.0,1,1,0,0,0,0,1,0.7818314824680298,0.6234898018587336,0.8660254037844387,-0.4999999999999998
542,15.3,1,1,0,0,0,1,0,0.7818314824680298,0.6234898018587336,0.7071067811865476,-0.7071067811865475
667,18.0,1,1,0,0,0,1,0,0.7818314824680298,0.6234898018587336,0.49999999999999994,-0.8660254037844387
853,20.1,1,1,0,0,0,1,0,0.7818314824680298,0.6234898018587336,0.258819045102521,-0.9659258262890682
1045,21.7,1,1,0,0,0,1,0,0.7818314824680298,0.6234898018587336,1.2246467991473532e-16,-1.0
1309,22.9,1,1,0,0,0,1,0,0.7818314824680298,0.6234898018587336,-0.2588190451025208,-0.9659258262890683
1522,23.7,1,1,0,0,0,1,0,0.7818314824680298,0.6234898018587336,-0.4999999999999997,-0.8660254037844388
1747,24.1,1,1,0,0,0,1,0,0.7818314824680298,0.6234898018587336,-0.7071067811865471,-0.7071067811865479
1955,24.2,1,1,0,0,0,1,0,0.7818314824680298,0.6234898018587336,-0.8660254037844385,-0.5000000000000004
2033,22.9,1,1,0,0,0,0,1,0.7818314824680298,0.6234898018587336,-0.9659258262890683,-0.25881904510252063
1885,21.6,1,1,0,0,0,0,1,0.7818314824680298,0.6234898018587336,-1.0,-1.8369701987210297e-16
1608,20.3,1,1,0,0,0,0,1,0.7818314824680298,0.6234898018587336,-0.9659258262890684,0.2588190451025203
1583,19.3,1,1,0,0,0,0,1,0.7818314824680298,0.6234898018587336,-0.8660254037844386,0.5000000000000001
1565,18.5,1,1,0,0,0,0,1,0.7818314824680298,0.6234898018587336,-0.7071067811865477,0.7071067811865474
1418,17.7,1,1,0,0,0,0,1,0.7818314824680298,0.6234898018587336,-0.5000000000000004,0.8660254037844384
1042,17.4,1,1,0,0,0,0,1,0.7818314824680298,0.6234898018587336,-0.25881904510252157,0.9659258262890681
880,17.0,0,1,0,0,0,0,1,0.9749279121818236,-0.22252093395631434,0.0,1.0
594,16.6,0,1,0,0,0,0,1,0.9749279121818236,-0.22252093395631434,0.25881904510252074,0.9659258262890683
453,16.6,0,1,0,0,0,0,1,0.9749279121818236,-0.22252093395631434,0.49999999999999994,0.8660254037844387
355,16.5,0,1,0,0,0,0,1,0.9749279121818236,-0.22252093395631434,0.7071067811865476,0.7071067811865476
222,16.4,0,1,0,0,0,0,1,0.9749279121818236,-0.22252093395631434,0.8660254037844386,0.5000000000000001
150,16.3,0,1,0,0,0,0,1,0.9749279121818236,-0.22252093395631434,0.9659258262890683,0.25881904510252074
230,16.3,0,1,0,0,0,0,1,0.9749279121818236,-0.22252093395631434,1.0,6.123233995736766e-17
335,16.3,0,1,0,0,0,0,1,0.9749279121818236,-0.22252093395631434,0.9659258262890683,-0.25881904510252063
598,16.7,0,1,0,0,0,0,1,0.9749279121818236,-0.22252093395631434,0.8660254037844387,-0.4999999999999998
680,17.7,0,1,0,0,0,0,1,0.9749279121818236,-0.22252093395631434,0.7071067811865476,-0.7071067811865475
923,19.4,0,1,0,0,0,1,0,0.9749279121818236,-0.22252093395631434,0.49999999999999994,-0.8660254037844387
1152,20.5,0,1,0,0,0,1,0,0.9749279121818236,-0.22252093395631434,0.258819045102521,-0.9659258262890682
1358,22.5,0,1,0,0,0,1,0,0.9749279121818236,-0.22252093395631434,1.2246467991473532e-16,-1.0
1686,23.4,0,1,0,0,0,1,0,0.9749279121818236,-0.22252093395631434,-0.2588190451025208,-0.9659258262890683
1972,24.1,0,1,0,0,0,1,0,0.9749279121818236,-0.22252093395631434,-0.4999999999999997,-0.8660254037844388
2170,24.7,0,1,0,0,0,1,0,0.9749279121818236,-0.22252093395631434,-0.7071067811865471,-0.7071067811865479
2270,24.4,0,1,0,0,0,1,0,0.9749279121818236,-0.22252093395631434,-0.8660254037844385,-0.5000000000000004
2349,23.6,0,1,0,0,0,1,0,0.9749279121818236,-0.22252093395631434,-0.9659258262890683,-0.25881904510252063
2339,22.1,0,1,0,0,0,0,1,0.9749279121818236,-0.22252093395631434,-1.0,-1.8369701987210297e-16
1937,20.7,0,1,0,0,0,0,1,0.9749279121818236,-0.22252093395631434,-0.9659258262890684,0.2588190451025203
1653,20.0,0,1,0,0,0,0,1,0.9749279121818236,-0.22252093395631434,-0.8660254037844386,0.5000000000000001
1529,18.9,0,1,0,0,0,0,1,0.9749279121818236,-0.22252093395631434,-0.7071067811865477,0.7071067811865474
1249,18.1,0,1,0,0,0,0,1,0.9749279121818236,-0.22252093395631434,-0.5000000000000004,0.8660254037844384
934,17.4,0,1,0,0,0,0,1,0.9749279121818236,-0.22252093395631434,-0.25881904510252157,0.9659258262890681
770,16.7,0,1,0,0,0,0,1,0.43388373911755823,-0.900968867902419,0.0,1.0
488,16.1,0,1,0,0,0,0,1,0.43388373911755823,-0.900968867902419,0.25881904510252074,0.9659258262890683
326,15.7,0,1,0,0,0,0,1,0.43388373911755823,-0.900968867902419,0.49999999999999994,0.8660254037844387
178,14.9,0,1,0,0,0,0,1,0.43388373911755823,-0.900968867902419,0.7071067811865476,0.7071067811865476
151,14.4,0,1,0,0,0,0,1,0.43388373911755823,-0.900968867902419,0.8660254037844386,0.5000000000000001
207,13.9,0,1,0,0,0,0,1,0.43388373911755823,-0.900968867902419,0.9659258262890683,0.25881904510252074
589,13.4,0,1,0,0,0,0,1,0.43388373911755823,-0.900968867902419,1.0,6.123233995736766e-17
1364,13.2,0,1,0,0,0,0,1,0.43388373911755823,-0.900968867902419,0.9659258262890683,-0.25881904510252063
2129,14.8,0,1,0,0,0,0,1,0.43388373911755823,-0.900968867902419,0.8660254037844387,-0.4999999999999998
1120,17.7,0,1,0,0,0,1,0,0.43388373911755823,-0.900968867902419,0.7071067811865476,-0.7071067811865475
907,19.9,0,1,0,0,0,1,0,0.43388373911755823,-0.900968867902419,0.49999999999999994,-0.8660254037844387
1019,21.3,0,1,0,0,0,1,0,0.43388373911755823,-0.900968867902419,0.258819045102521,-0.9659258262890682
1189,23.2,0,1,0,0,0,1,0,0.43388373911755823,-0.900968867902419,1.2246467991473532e-16,-1.0
1191,23.0,0,1,0,0,0,1,0,0.43388373911755823,-0.900968867902419,-0.2588190451025208,-0.9659258262890683
1305,24.6,0,1,0,0,0,1,0,0.43388373911755823,-0.900968867902419,-0.4999999999999997,-0.8660254037844388
1404,23.4,0,1,0,0,0,1,0,0.43388373911755823,-0.900968867902419,-0.7071067811865471,-0.7071067811865479
1636,23.6,0,1,0,0,0,1,0,0.43388373911755823,-0.900968867902419,-0.8660254037844385,-0.5000000000000004
2189,24.3,0,1,0,0,0,1,0,0.43388373911755823,-0.900968867902419,-0.9659258262890683,-0.25881904510252063
3154,22.5,0,1,0,0,0,0,1,0.43388373911755823,-0.900968867902419,-1.0,-1.8369701987210297e-16
2422,20.6,0,1,0,0,0,0,1,0.43388373911755823,-0.900968867902419,-0.9659258262890684,0.2588190451025203
2098,19.5,0,1,0,0,0,0,1,0.43388373911755823,-0.900968867902419,-0.8660254037844386,0.5000000000000001
1930,18.7,0,1,0,0,0,0,1,0.43388373911755823,-0.900968867902419,-0.7071067811865477,0.7071067811865474
1801,17.9,0,1,0,0,0,0,1,0.43388373911755823,-0.900968867902419,-0.5000000000000004,0.8660254037844384
1222,17.7,0,1,0,0,0,0,1,0.43388373911755823,-0.900968867902419,-0.25881904510252157,0.9659258262890681
1037,16.6,0,1,0,0,0,0,1,-0.9749279121818236,-0.2225209339563146,0.0,1.0
982,16.2,0,1,0,0,0,0,1,-0.9749279121818236,-0.2225209339563146,0.25881904510252074,0.9659258262890683
690,15.8,0,1,0,0,0,0,1,-0.9749279121818236,-0.2225209339563146,0.49999999999999994,0.8660254037844387
493,15.5,0,1,0,0,0,0,1,-0.9749279121818236,-0.2225209339563146,0.7071067811865476,0.7071067811865476
301,15.4,0,1,0,0,0,0,1,-0.9749279121818236,-0.2225209339563146,0.8660254037844386,0.5000000000000001
208,15.0,0,1,0,0,0,0,1,-0.9749279121818236,-0.2225209339563146,0.9659258262890683,0.25881904510252074
290,14.6,0,1,0,0,0,0,1,-0.9749279121818236,-0.2225209339563146,1.0,6.123233995736766e-17
513,14.7,0,1,0,0,0,0,1,-0.9749279121818236,-0.2225209339563146,0.9659258262890683,-0.25881904510252063
848,15.7,0,1,0,0,0,0,1,-0.9749279121818236,-0.2225209339563146,0.8660254037844387,-0.4999999999999998
1076,18.3,0,1,0,0,0,1,0,-0.9749279121818236,-0.2225209339563146,0.7071067811865476,-0.7071067811865475
1071,20.8,0,1,0,0,0,1,0,-0.9749279121818236,-0.2225209339563146,0.49999999999999994,-0.8660254037844387
1284,22.3,0,1,0,0,0,1,0,-0.9749279121818236,-0.2225209339563146,0.258819045102521,-0.9659258262890682
1495,23.8,0,1,0,0,0,1,0,-0.9749279121818236,-0.2225209339563146,1.2246467991473532e-16,-1.0
1752,24.9,0,1,0,0,0,1,0,-0.9749279121818236,-0.2225209339563146,-0.2588190451025208,-0.9659258262890683
1892,26.2,0,1,0,0,0,1,0,-0.9749279121818236,-0.2225209339563146,-0.4999999999999997,-0.8660254037844388
2065,26.5,0,1,0,0,0,1,0,-0.9749279121818236,-0.2225209339563146,-0.7071067811865471,-0.7071067811865479
2254,26.6,0,1,0,0,0,1,0,-0.9749279121818236,-0.2225209339563146,-0.8660254037844385,-0.5000000000000004
2432,26.3,0,1,0,0,0,1,0,-0.9749279121818236,-0.2225209339563146,-0.9659258262890683,-0.25881904510252063
2397,24.8,0,1,0,0,0,0,1,-0.9749279121818236,-0.2225209339563146,-1.0,-1.8369701987210297e-16
2021,22.5,0,1,0,0,0,0,1,-0.9749279121818236,-0.2225209339563146,-0.9659258262890684,0.2588190451025203
1835,21.3,0,1,0,0,0,0,1,-0.9749279121818236,-0.2225209339563146,-0.8660254037844386,0.5000000000000001
1781,20.1,0,1,0,0,0,0,1,-0.9749279121818236,-0.2225209339563146,-0.7071067811865477,0.7071067811865474
1501,19.3,0,1,0,0,0,0,1,-0.9749279121818236,-0.2225209339563146,-0.5000000000000004,0.8660254037844384
1229,18.6,0,1,0,0,0,0,1,-0.9749279121818236,-0.2225209339563146,-0.25881904510252157,0.9659258262890681
680,14.1,0,1,0,0,0,0,1,0.0,1.0,0.0,1.0
402,13.9,0,1,0,0,0,0,1,0.0,1.0,0.25881904510252074,0.9659258262890683
262,13.9,0,1,0,0,0,0,1,0.0,1.0,0.49999999999999994,0.8660254037844387
179,13.6,0,1,0,0,0,0,1,0.0,1.0,0.7071067811865476,0.7071067811865476
143,13.7,0,1,0,0,0,0,1,0.0,1.0,0.8660254037844386,0.5000000000000001
246,13.7,0,1,0,0,0,0,1,0.0,1.0,0.9659258262890683,0.25881904510252074
632,13.3,0,1,0,0,0,0,1,0.0,1.0,1.0,6.123233995736766e-17
1429,13.1,0,1,0,0,0,0,1,0.0,1.0,0.9659258262890683,-0.25881904510252063
2101,13.7,0,1,0,0,0,0,1,0.0,1.0,0.8660254037844387,-0.4999999999999998
1106,14.9,0,1,0,0,0,0,1,0.0,1.0,0.7071067811865476,-0.7071067811865475
856,16.3,0,1,0,0,0,0,1,0.0,1.0,0.49999999999999994,-0.8660254037844387
959,17.0,0,1,0,0,0,0,1,0.0,1.0,0.258819045102521,-0.9659258262890682
1138,18.4,0,1,0,0,0,0,1,0.0,1.0,1.2246467991473532e-16,-1.0
1087,17.6,0,1,0,0,0,0,1,0.0,1.0,-0.2588190451025208,-0.9659258262890683
1137,19.3,0,1,0,0,0,0,1,0.0,1.0,-0.4999999999999997,-0.8660254037844388
1258,19.0,0,1,0,0,0,0,1,0.0,1.0,-0.7071067811865471,-0.7071067811865479
1357,17.7,0,1,0,0,0,0,1,0.0,1.0,-0.8660254037844385,-0.5000000000000004
1799,17.2,0,1,0,0,0,0,1,0.0,1.0,-0.9659258262890683,-0.25881904510252063
2857,16.6,0,1,0,0,0,0,1,0.0,1.0,-1.0,-1.8369701987210297e-16
2122,16.2,0,1,0,0,0,0,1,0.0,1.0,-0.9659258262890684,0.2588190451025203
1824,15.4,0,1,0,0,0,0,1,0.0,1.0,-0.8660254037844386,0.5000000000000001
1777,14.6,0,1,0,0,0,0,1,0.0,1.0,-0.7071067811865477,0.7071067811865474
1501,13.9,0,1,0,0,0,0,1,0.0,1.0,-0.5000000000000004,0.8660254037844384
1057,13.4,0,1,0,0,0,0,1,0.0,1.0,-0.25881904510252157,0.9659258262890681
1040,14.5,1,1,0,0,0,0,1,0.9749279121818236,-0.22252093395631434,0.0,1.0
882,13.8,1,1,0,0,0,0,1,0.9749279121818236,-0.22252093395631434,0.25881904510252074,0.9659258262890683
685,13.2,1,1,0,0,0,0,1,0.9749279121818236,-0.22252093395631434,0.49999999999999994,0.8660254037844387
497,12.6,1,1,0,0,0,0,1,0.9749279121818236,-0.22252093395631434,0.7071067811865476,0.7071067811865476
284,12.1,1,1,0,0,0,0,1,0.9749279121818236,-0.22252093395631434,0.8660254037844386,0.5000000000000001
173,11.8,1,1,0,0,0,0,1,0.9749279121818236,-0.22252093395631434,0.9659258262890683,0.25881904510252074
278,11.4,1,1,0,0,0,0,1,0.9749279121818236,-0.22252093395631434,1.0,6.123233995736766e-17
440,11.2,1,1,0,0,0,0,1,0.9749279121818236,-0.22252093395631434,0.9659258262890683,-0.25881904510252063
762,11.8,1,1,0,0,0,0,1,0.9749279121818236,-0.22252093395631434,0.8660254037844387,-0.4999999999999998
966,14.4,1,1,0,0,0,0,1,0.9749279121818236,-0.22252093395631434,0.7071067811865476,-0.7071067811865475
1113,17.3,1,1,0,0,0,0,1,0.9749279121818236,-0.22252093395631434,0.49999999999999994,-0.8660254037844387
1248,20.3,1,1,0,0,0,0,1,0.9749279121818236,-0.22252093395631434,0.258819045102521,-0.9659258262890682
1634,21.4,1,1,0,0,0,1,0,0.9749279121818236,-0.22252093395631434,1.2246467991473532e-16,-1.0
1849,22.5,1,1,0,0,0,1,0,0.9749279121818236,-0.22252093395631434,-0.2588190451025208,-0.9659258262890683
1995,23.4,1,1,0,0,0,1,0,0.9749279121818236,-0.22252093395631434,-0.4999999999999997,-0.8660254037844388
2200,24.1,1,1,0,0,0,1,0,0.9749279121818236,-0.22252093395631434,-0.7071067811865471,-0.7071067811865479
2112,24.0,1,1,0,0,0,1,0,0.9749279121818236,-0.22252093395631434,-0.8660254037844385,-0.5000000000000004
2400,23.3,1,1,0,0,0,1,0,0.9749279121818236,-0.22252093395631434,-0.9659258262890683,-0.25881904510252063
2235,21.5,1,1,0,0,0,0,1,0.9749279121818236,-0.22252093395631434,-1.0,-1.8369701987210297e-16
1792,20.0,1,1,0,0,0,0,1,0.9749279121818236,-0.22252093395631434,-0.9659258262890684,0.2588190451025203
1744,18.6,1,1,0,0,0,0,1,0.9749279121818236,-0.22252093395631434,-0.8660254037844386,0.5000000000000001
1594,17.6,1,1,0,0,0,0,1,0.9749279121818236,-0.22252093395631434,-0.7071067811865477,0.7071067811865474
1393,16.9,1,1,0,0,0,0,1,0.9749279121818236,-0.22252093395631434,-0.5000000000000004,0.8660254037844384
1033,16.1,1,1,0,0,0,0,1,0.9749279121818236,-0.22252093395631434,-0.25881904510252157,0.9659258262890681
973,19.0,0,1,0,0,0,0,1,-0.433883739117558,-0.9009688679024191,0.0,1.0
735,18.6,0,1,0,0,0,0,1,-0.433883739117558,-0.9009688679024191,0.25881904510252074,0.9659258262890683
515,18.2,0,1,0,0,0,0,1,-0.433883739117558,-0.9009688679024191,0.49999999999999994,0.8660254037844387
329,18.0,0,1,0,0,0,0,1,-0.433883739117558,-0.9009688679024191,0.7071067811865476,0.7071067811865476
221,17.7,0,1,0,0,0,0,1,-0.433883739117558,-0.9009688679024191,0.8660254037844386,0.5000000000000001
223,17.6,0,1,0,0,0,0,1,-0.433883739117558,-0.9009688679024191,0.9659258262890683,0.25881904510252074
531,17.7,0,1,0,0,0,0,1,-0.433883739117558,-0.9009688679024191,1.0,6.123233995736766e-17
282,17.7,0,1,0,0,0,0,1,-0.433883739117558,-0.9009688679024191,0.9659258262890683,-0.25881904510252063
208,16.9,0,1,0,0,1,0,0,-0.433883739117558,-0.9009688679024191,0.8660254037844387,-0.4999999999999998
47,16.3,0,1,0,0,1,0,0,-0.433883739117558,-0.9009688679024191,0.7071067811865476,-0.7071067811865475
33,15.8,0,1,0,0,1,0,0,-0.433883739117558,-0.9009688679024191,0.49999999999999994,-0.8660254037844387
29,16.1,0,1,0,0,1,0,0,-0.433883739117558,-0.9009688679024191,0.258819045102521,-0.9659258262890682
23,16.6,0,1,0,0,1,0,0,-0.433883739117558,-0.9009688679024191,1.2246467991473532e-16,-1.0
22,16.9,0,1,0,0,1,0,0,-0.433883739117558,-0.9009688679024191,-0.2588190451025208,-0.9659258262890683
17,17.2,0,1,0,0,1,0,0,-0.433883739117558,-0.9009688679024191,-0.4999999999999997,-0.8660254037844388
8,17.2,0,1,0,0,1,0,0,-0.433883739117558,-0.9009688679024191,-0.7071067811865471,-0.7071067811865479
28,17.1,0,1,0,0,1,0,0,-0.433883739117558,-0.9009688679024191,-0.8660254037844385,-0.5000000000000004
66,16.9,0,1,0,0,1,0,0,-0.433883739117558,-0.9009688679024191,-0.9659258262890683,-0.25881904510252063
74,16.7,0,1,0,0,1,0,0,-0.433883739117558,-0.9009688679024191,-1.0,-1.8369701987210297e-16
55,16.6,0,1,0,0,1,0,0,-0.433883739117558,-0.9009688679024191,-0.9659258262890684,0.2588190451025203
44,16.5,0,1,0,0,1,0,0,-0.433883739117558,-0.9009688679024191,-0.8660254037844386,0.5000000000000001
32,16.5,0,1,0,0,1,0,0,-0.433883739117558,-0.9009688679024191,-0.7071067811865477,0.7071067811865474
23,16.2,0,1,0,0,1,0,0,-0.433883739117558,-0.9009688679024191,-0.5000000000000004,0.8660254037844384
4,16.3,0,1,0,0,1,0,0,-0.433883739117558,-0.9009688679024191,-0.25881904510252157,0.9659258262890681
5,16.5,0,1,0,0,1,0,0,-0.9749279121818236,-0.2225209339563146,0.9659258262890683,-0.25881904510252063
6,16.6,0,1,0,0,1,0,0,-0.9749279121818236,-0.2225209339563146,0.8660254037844387,-0.4999999999999998
5,16.7,0,1,0,0,1,0,0,-0.9749279121818236,-0.2225209339563146,0.7071067811865476,-0.7071067811865475
2,17.0,0,1,0,0,1,0,0,-0.9749279121818236,-0.2225209339563146,0.49999999999999994,-0.8660254037844387
20,17.5,0,1,0,0,1,0,0,-0.9749279121818236,-0.2225209339563146,0.258819045102521,-0.9659258262890682
130,18.0,0,1,0,0,1,0,0,-0.9749279121818236,-0.2225209339563146,1.2246467991473532e-16,-1.0
529,17.7,0,1,0,0,1,0,0,-0.9749279121818236,-0.2225209339563146,-0.2588190451025208,-0.9659258262890683
941,19.3,0,1,0,0,0,0,1,-0.9749279121818236,-0.2225209339563146,-0.4999999999999997,-0.8660254037844388
1236,21.0,0,1,0,0,0,0,1,-0.9749279121818236,-0.2225209339563146,-0.7071067811865471,-0.7071067811865479
1601,21.5,0,1,0,0,0,0,1,-0.9749279121818236,-0.2225209339563146,-0.8660254037844385,-0.5000000000000004
1870,21.1,0,1,0,0,0,0,1,-0.9749279121818236,-0.2225209339563146,-0.9659258262890683,-0.25881904510252063
2012,20.5,0,1,0,0,0,0,1,-0.9749279121818236,-0.2225209339563146,-1.0,-1.8369701987210297e-16
1761,19.7,0,1,0,0,0,0,1,-0.9749279121818236,-0.2225209339563146,-0.9659258262890684,0.2588190451025203
1567,19.4,0,1,0,0,0,0,1,-0.9749279121818236,-0.2225209339563146,-0.8660254037844386,0.5000000000000001
1731,18.5,0,1,0,0,0,0,1,-0.9749279121818236,-0.2225209339563146,-0.7071067811865477,0.7071067811865474
1459,17.7,0,1,0,0,0,0,1,-0.9749279121818236,-0.2225209339563146,-0.5000000000000004,0.8660254037844384
1162,16.9,0,1,0,0,0,0,1,-0.9749279121818236,-0.2225209339563146,-0.25881904510252157,0.9659258262890681
1049,16.3,0,1,0,0,0,0,1,-0.7818314824680299,0.6234898018587334,0.0,1.0
768,16.0,0,1,0,0,0,0,1,-0.7818314824680299,0.6234898018587334,0.25881904510252074,0.9659258262890683
538,15.7,0,1,0,0,0,0,1,-0.7818314824680299,0.6234898018587334,0.49999999999999994,0.8660254037844387
372,15.5,0,1,0,0,0,0,1,-0.7818314824680299,0.6234898018587334,0.7071067811865476,0.7071067811865476
255,15.1,0,1,0,0,0,0,1,-0.7818314824680299,0.6234898018587334,0.8660254037844386,0.5000000000000001
146,15.1,0,1,0,0,0,0,1,-0.7818314824680299,0.6234898018587334,0.9659258262890683,0.25881904510252074
189,14.8,0,1,0,0,0,0,1,-0.7818314824680299,0.6234898018587334,1.0,6.123233995736766e-17
345,14.3,0,1,0,0,0,0,1,-0.7818314824680299,0.6234898018587334,0.9659258262890683,-0.25881904510252063
589,14.6,0,1,0,0,0,0,1,-0.7818314824680299,0.6234898018587334,0.8660254037844387,-0.4999999999999998
753,16.2,0,1,0,0,0,1,0,-0.7818314824680299,0.6234898018587334,0.7071067811865476,-0.7071067811865475
932,18.1,0,1,0,0,0,1,0,-0.7818314824680299,0.6234898018587334,0.49999999999999994,-0.8660254037844387
1188,19.1,0,1,0,0,0,1,0,-0.7818314824680299,0.6234898018587334,0.258819045102521,-0.9659258262890682
1516,19.8,0,1,0,0,0,1,0,-0.7818314824680299,0.6234898018587334,1.2246467991473532e-16,-1.0
1714,20.1,0,1,0,0,0,1,0,-0.7818314824680299,0.6234898018587334,-0.2588190451025208,-0.9659258262890683
1987,20.2,0,1,0,0,0,1,0,-0.7818314824680299,0.6234898018587334,-0.4999999999999997,-0.8660254037844388
2167,20.4,0,1,0,0,0,1,0,-0.7818314824680299,0.6234898018587334,-0.7071067811865471,-0.7071067811865479
2270,20.7,0,1,0,0,0,1,0,-0.7818314824680299,0.6234898018587334,-0.8660254037844385,-0.5000000000000004
2255,19.4,0,1,0,0,0,0,1,-0.7818314824680299,0.6234898018587334,-0.9659258262890683,-0.25881904510252063
2069,17.9,0,1,0,0,0,0,1,-0.7818314824680299,0.6234898018587334,-1.0,-1.8369701987210297e-16
1608,16.6,0,1,0,0,0,0,1,-0.7818314824680299,0.6234898018587334,-0.9659258262890684,0.2588190451025203
1519,15.5,0,1,0,0,0,0,1,-0.7818314824680299,0.6234898018587334,-0.8660254037844386,0.5000000000000001
1385,14.4,0,1,0,0,0,0,1,-0.7818314824680299,0.6234898018587334,-0.7071067811865477,0.7071067811865474
1160,13.6,0,1,0,0,0,0,1,-0.7818314824680299,0.6234898018587334,-0.5000000000000004,0.8660254037844384
840,12.9,0,1,0,0,0,0,1,-0.7818314824680299,0.6234898018587334,-0.25881904510252157,0.9659258262890681
711,12.3,0,1,0,0,0,0,1,0.0,1.0,0.0,1.0
390,11.7,0,1,0,0,0,0,1,0.0,1.0,0.25881904510252074,0.9659258262890683
265,11.1,0,1,0,0,0,0,1,0.0,1.0,0.49999999999999994,0.8660254037844387
192,10.8,0,1,0,0,0,0,1,0.0,1.0,0.7071067811865476,0.7071067811865476
123,10.4,0,1,0,0,0,0,1,0.0,1.0,0.8660254037844386,0.5000000000000001
215,9.8,0,1,0,0,0,0,1,0.0,1.0,0.9659258262890683,0.25881904510252074
503,9.5,0,1,0,0,0,0,1,0.0,1.0,1.0,6.123233995736766e-17
1206,9.2,0,1,0,0,0,0,1,0.0,1.0,0.9659258262890683,-0.25881904510252063
2005,9.9,0,1,0,0,0,0,1,0.0,1.0,0.8660254037844387,-0.4999999999999998
1166,12.2,0,1,0,0,0,1,0,0.0,1.0,0.7071067811865476,-0.7071067811865475
943,15.0,0,1,0,0,0,1,0,0.0,1.0,0.49999999999999994,-0.8660254037844387
1117,17.9,0,1,0,0,0,1,0,0.0,1.0,0.258819045102521,-0.9659258262890682
1238,19.2,0,1,0,0,0,1,0,0.0,1.0,1.2246467991473532e-16,-1.0
1303,20.2,0,1,0,0,0,1,0,0.0,1.0,-0.2588190451025208,-0.9659258262890683
1358,20.2,0,1,0,0,0,1,0,0.0,1.0,-0.4999999999999997,-0.8660254037844388
1502,20.6,0,1,0,0,0,1,0,0.0,1.0,-0.7071067811865471,-0.7071067811865479
1603,20.3,0,1,0,0,0,1,0,0.0,1.0,-0.8660254037844385,-0.5000000000000004
2127,20.0,0,1,0,0,0,0,1,0.0,1.0,-0.9659258262890683,-0.25881904510252063
2787,18.1,0,1,0,0,0,0,1,0.0,1.0,-1.0,-1.8369701987210297e-16
2150,16.4,0,1,0,0,0,0,1,0.0,1.0,-0.9659258262890684,0.2588190451025203
1838,15.5,0,1,0,0,0,0,1,0.0,1.0,-0.8660254037844386,0.5000000000000001
1788,15.1,0,1,0,0,0,0,1,0.0,1.0,-0.7071067811865477,0.7071067811865474
1636,14.4,0,1,0,0,0,0,1,0.0,1.0,-0.5000000000000004,0.8660254037844384
1196,13.5,0,1,0,0,0,0,1,0.0,1.0,-0.25881904510252157,0.9659258262890681
643,16.6,0,1,0,0,0,0,1,0.9749279121818236,-0.22252093395631434,0.0,1.0
144,16.6,0,1,0,0,0,0,1,0.9749279121818236,-0.22252093395631434,0.25881904510252074,0.9659258262890683
55,14.4,0,1,0,0,1,0,0,0.9749279121818236,-0.22252093395631434,0.49999999999999994,0.8660254037844387
90,14.3,0,1,0,0,1,0,0,0.9749279121818236,-0.22252093395631434,0.7071067811865476,0.7071067811865476
82,14.3,0,1,0,0,0,0,1,0.9749279121818236,-0.22252093395631434,0.8660254037844386,0.5000000000000001
152,13.6,0,1,0,0,0,0,1,0.9749279121818236,-0.22252093395631434,0.9659258262890683,0.25881904510252074
441,12.6,0,1,0,0,0,0,1,0.9749279121818236,-0.22252093395631434,1.0,6.123233995736766e-17
1220,12.3,0,1,0,0,0,0,1,0.9749279121818236,-0.22252093395631434,0.9659258262890683,-0.25881904510252063
2082,11.8,0,1,0,0,0,0,1,0.9749279121818236,-0.22252093395631434,0.8660254037844387,-0.4999999999999998
1097,12.0,0,1,0,0,0,0,1,0.9749279121818236,-0.22252093395631434,0.7071067811865476,-0.7071067811865475
792,12.0,0,1,0,0,0,0,1,0.9749279121818236,-0.22252093395631434,0.49999999999999994,-0.8660254037844387
914,12.7,0,1,0,0,0,0,1,0.9749279121818236,-0.22252093395631434,0.258819045102521,-0.9659258262890682
1006,13.7,0,1,0,0,0,0,1,0.9749279121818236,-0.22252093395631434,1.2246467991473532e-16,-1.0
1015,14.3,0,1,0,0,0,0,1,0.9749279121818236,-0.22252093395631434,-0.2588190451025208,-0.9659258262890683
1041,14.0,0,1,0,0,0,1,0,0.9749279121818236,-0.22252093395631434,-0.4999999999999997,-0.8660254037844388
1171,13.7,0,1,0,0,0,0,1,0.9749279121818236,-0.22252093395631434,-0.7071067811865471,-0.7071067811865479
1363,13.8,0,1,0,0,0,0,1,0.9749279121818236,-0.22252093395631434,-0.8660254037844385,-0.5000000000000004
1775,13.1,0,1,0,0,0,0,1,0.9749279121818236,-0.22252093395631434,-0.9659258262890683,-0.25881904510252063
2514,12.2,0,1,0,0,0,0,1,0.9749279121818236,-0.22252093395631434,-1.0,-1.8369701987210297e-16
1723,11.3,0,1,0,0,0,0,1,0.9749279121818236,-0.22252093395631434,-0.9659258262890684,0.2588190451025203
1489,10.6,0,1,0,0,0,0,1,0.9749279121818236,-0.22252093395631434,-0.8660254037844386,0.5000000000000001
1445,9.9,0,1,0,0,0,0,1,0.9749279121818236,-0.22252093395631434,-0.7071067811865477,0.7071067811865474
1255,9.2,0,1,0,0,0,0,1,0.9749279121818236,-0.22252093395631434,-0.5000000000000004,0.8660254037844384
901,8.5,0,1,0,0,0,0,1,0.9749279121818236,-0.22252093395631434,-0.25881904510252157,0.9659258262890681
707,7.9,0,1,0,0,0,0,1,0.43388373911755823,-0.900968867902419,0.0,1.0
541,7.3,0,1,0,0,0,0,1,0.43388373911755823,-0.900968867902419,0.25881904510252074,0.9659258262890683
341,7.1,0,1,0,0,0,0,1,0.43388373911755823,-0.900968867902419,0.49999999999999994,0.8660254037844387
218,6.7,0,1,0,0,0,0,1,0.43388373911755823,-0.900968867902419,0.7071067811865476,0.7071067811865476
145,6.6,0,1,0,0,0,0,1,0.43388373911755823,-0.900968867902419,0.8660254037844386,0.5000000000000001
197,6.6,0,1,0,0,0,0,1,0.43388373911755823,-0.900968867902419,0.9659258262890683,0.25881904510252074
518,6.6,0,1,0,0,0,0,1,0.43388373911755823,-0.900968867902419,1.0,6.123233995736766e-17
1233,6.3,0,1,0,0,0,0,1,0.43388373911755823,-0.900968867902419,0.9659258262890683,-0.25881904510252063
2000,7.0,0,1,0,0,0,0,1,0.43388373911755823,-0.900968867902419,0.8660254037844387,-0.4999999999999998
1070,8.4,0,1,0,0,0,1,0,0.43388373911755823,-0.900968867902419,0.7071067811865476,-0.7071067811865475
792,10.2,0,1,0,0,0,1,0,0.43388373911755823,-0.900968867902419,0.49999999999999994,-0.8660254037844387
926,11.7,0,1,0,0,0,0,1,0.43388373911755823,-0.900968867902419,0.258819045102521,-0.9659258262890682
967,13.2,0,1,0,0,0,0,1,0.43388373911755823,-0.900968867902419,1.2246467991473532e-16,-1.0
1000,13.5,0,1,0,0,0,0,1,0.43388373911755823,-0.900968867902419,-0.2588190451025208,-0.9659258262890683
991,13.4,0,1,0,0,0,0,1,0.43388373911755823,-0.900968867902419,-0.4999999999999997,-0.8660254037844388
1054,13.0,0,1,0,0,0,0,1,0.43388373911755823,-0.900968867902419,-0.7071067811865471,-0.7071067811865479
1284,13.8,0,1,0,0,0,1,0,0.43388373911755823,-0.900968867902419,-0.8660254037844385,-0.5000000000000004
1685,13.2,0,1,0,0,0,0,1,0.43388373911755823,-0.900968867902419,-0.9659258262890683,-0.25881904510252063
2378,12.1,0,1,0,0,0,0,1,0.43388373911755823,-0.900968867902419,-1.0,-1.8369701987210297e-16
1614,11.1,0,1,0,0,0,0,1,0.43388373911755823,-0.900968867902419,-0.9659258262890684,0.2588190451025203
1389,10.2,0,1,0,0,0,0,1,0.43388373911755823,-0.900968867902419,-0.8660254037844386,0.5000000000000001
1398,9.3,0,1,0,0,0,0,1,0.43388373911755823,-0.900968867902419,-0.7071067811865477,0.7071067811865474
1221,8.8,0,1,0,0,0,0,1,0.43388373911755823,-0.900968867902419,-0.5000000000000004,0.8660254037844384
857,8.4,0,1,0,0,0,0,1,0.43388373911755823,-0.900968867902419,-0.25881904510252157,0.9659258262890681
706,8.2,0,1,0,0,0,0,1,-0.433883739117558,-0.9009688679024191,0.0,1.0
531,7.6,0,1,0,0,0,0,1,-0.433883739117558,-0.9009688679024191,0.25881904510252074,0.9659258262890683
409,7.1,0,1,0,0,0,0,1,-0.433883739117558,-0.9009688679024191,0.49999999999999994,0.8660254037844387
225,6.5,0,1,0,0,0,0,1,-0.433883739117558,-0.9009688679024191,0.7071067811865476,0.7071067811865476
168,6.2,0,1,0,0,0,0,1,-0.433883739117558,-0.9009688679024191,0.8660254037844386,0.5000000000000001
183,6.0,0,1,0,0,0,0,1,-0.433883739117558,-0.9009688679024191,0.9659258262890683,0.25881904510252074
412,5.8,0,1,0,0,0,0,1,-0.433883739117558,-0.9009688679024191,1.0,6.123233995736766e-17
1142,5.3,0,1,0,0,0,0,1,-0.433883739117558,-0.9009688679024191,0.9659258262890683,-0.25881904510252063
1996,6.0,0,1,0,0,0,0,1,-0.433883739117558,-0.9009688679024191,0.8660254037844387,-0.4999999999999998
1106,8.6,0,1,0,0,0,1,0,-0.433883739117558,-0.9009688679024191,0.7071067811865476,-0.7071067811865475
877,11.6,0,1,0,0,0,1,0,-0.433883739117558,-0.9009688679024191,0.49999999999999994,-0.8660254037844387
959,13.0,0,1,0,0,0,1,0,-0.433883739117558,-0.9009688679024191,0.258819045102521,-0.9659258262890682
1073,14.7,0,1,0,0,0,1,0,-0.433883739117558,-0.9009688679024191,1.2246467991473532e-16,-1.0
1110,15.8,0,1,0,0,0,1,0,-0.433883739117558,-0.9009688679024191,-0.2588190451025208,-0.9659258262890683
1187,16.5,0,1,0,0,0,1,0,-0.433883739117558,-0.9009688679024191,-0.4999999999999997,-0.8660254037844388
1322,17.1,0,1,0,0,0,1,0,-0.433883739117558,-0.9009688679024191,-0.7071067811865471,-0.7071067811865479
1488,16.9,0,1,0,0,0,1,0,-0.433883739117558,-0.9009688679024191,-0.8660254037844385,-0.5000000000000004
1902,16.3,0,1,0,0,0,0,1,-0.433883739117558,-0.9009688679024191,-0.9659258262890683,-0.25881904510252063
2618,14.3,0,1,0,0,0,0,1,-0.433883739117558,-0.9009688679024191,-1.0,-1.8369701987210297e-16
1804,12.9,0,1,0,0,0,0,1,-0.433883739117558,-0.9009688679024191,-0.9659258262890684,0.2588190451025203
1440,11.8,0,1,0,0,0,0,1,-0.433883739117558,-0.9009688679024191,-0.8660254037844386,0.5000000000000001
1292,11.0,0,1,0,0,0,0,1,-0.433883739117558,-0.9009688679024191,-0.7071067811865477,0.7071067811865474
1347,10.5,0,1,0,0,0,0,1,-0.433883739117558,-0.9009688679024191,-0.5000000000000004,0.8660254037844384
940,9.8,0,1,0,0,0,0,1,-0.433883739117558,-0.9009688679024191,-0.25881904510252157,0.9659258262890681
835,9.1,0,1,0,0,0,0,1,-0.9749279121818236,-0.2225209339563146,0.0,1.0
739,8.5,0,1,0,0,0,0,1,-0.9749279121818236,-0.2225209339563146,0.25881904510252074,0.9659258262890683
512,8.0,0,1,0,0,0,0,1,-0.9749279121818236,-0.2225209339563146,0.49999999999999994,0.8660254037844387
374,7.6,0,1,0,0,0,0,1,-0.9749279121818236,-0.2225209339563146,0.7071067811865476,0.7071067811865476
226,7.1,0,1,0,0,0,0,1,-0.9749279121818236,-0.2225209339563146,0.8660254037844386,0.5000000000000001
148,6.7,0,1,0,0,0,0,1,-0.9749279121818236,-0.2225209339563146,0.9659258262890683,0.25881904510252074
209,6.6,0,1,0,0,0,0,1,-0.9749279121818236,-0.2225209339563146,1.0,6.123233995736766e-17
412,6.2,0,1,0,0,0,0,1,-0.9749279121818236,-0.2225209339563146,0.9659258262890683,-0.25881904510252063
728,7.4,0,1,0,0,0,0,1,-0.9749279121818236,-0.2225209339563146,0.8660254037844387,-0.4999999999999998
853,10.0,0,1,0,0,0,1,0,-0.9749279121818236,-0.2225209339563146,0.7071067811865476,-0.7071067811865475
1037,12.6,0,1,0,0,0,1,0,-0.9749279121818236,-0.2225209339563146,0.49999999999999994,-0.8660254037844387
1179,15.2,0,1,0,0,0,0,1,-0.9749279121818236,-0.2225209339563146,0.258819045102521,-0.9659258262890682
1402,16.6,0,1,0,0,0,0,1,-0.9749279121818236,-0.2225209339563146,1.2246467991473532e-16,-1.0
1652,18.3,0,1,0,0,0,0,1,-0.9749279121818236,-0.2225209339563146,-0.2588190451025208,-0.9659258262890683
1712,19.3,0,1,0,0,0,0,1,-0.9749279121818236,-0.2225209339563146,-0.4999999999999997,-0.8660254037844388
1846,19.8,0,1,0,0,0,0,1,-0.9749279121818236,-0.2225209339563146,-0.7071067811865471,-0.7071067811865479
1916,19.4,0,1,0,0,0,0,1,-0.9749279121818236,-0.2225209339563146,-0.8660254037844385,-0.5000000000000004
1995,18.7,0,1,0,0,0,0,1,-0.9749279121818236,-0.2225209339563146,-0.9659258262890683,-0.25881904510252063
1695,16.5,0,1,0,0,0,0,1,-0.9749279121818236,-0.2225209339563146,-1.0,-1.8369701987210297e-16
1381,14.8,0,1,0,0,0,0,1,-0.9749279121818236,-0.2225209339563146,-0.9659258262890684,0.2588190451025203
1261,13.8,0,1,0,0,0,0,1,-0.9749279121818236,-0.2225209339563146,-0.8660254037844386,0.5000000000000001
1312,12.6,0,1,0,0,0,0,1,-0.9749279121818236,-0.2225209339563146,-0.7071067811865477,0.7071067811865474
1147,11.7,0,1,0,0,0,0,1,-0.9749279121818236,-0.2225209339563146,-0.5000000000000004,0.8660254037844384
971,11.0,0,1,0,0,0,0,1,-0.9749279121818236,-0.2225209339563146,-0.25881904510252157,0.9659258262890681
811,10.4,0,1,0,0,0,0,1,-0.7818314824680299,0.6234898018587334,0.0,1.0
584,9.5,0,1,0,0,0,0,1,-0.7818314824680299,0.6234898018587334,0.25881904510252074,0.9659258262890683
429,9.1,0,1,0,0,0,0,1,-0.7818314824680299,0.6234898018587334,0.49999999999999994,0.8660254037844387
308,8.4,0,1,0,0,0,0,1,-0.7818314824680299,0.6234898018587334,0.7071067811865476,0.7071067811865476
185,7.9,0,1,0,0,0,0,1,-0.7818314824680299,0.6234898018587334,0.8660254037844386,0.5000000000000001
110,7.6,0,1,0,0,0,0,1,-0.7818314824680299,0.6234898018587334,0.9659258262890683,0.25881904510252074
150,7.2,0,1,0,0,0,0,1,-0.7818314824680299,0.6234898018587334,1.0,6.123233995736766e-17
304,6.9,0,1,0,0,0,0,1,-0.7818314824680299,0.6234898018587334,0.9659258262890683,-0.25881904510252063
556,7.5,0,1,0,0,0,0,1,-0.7818314824680299,0.6234898018587334,0.8660254037844387,-0.4999999999999998
775,10.1,0,1,0,0,0,0,1,-0.7818314824680299,0.6234898018587334,0.7071067811865476,-0.7071067811865475
847,13.3,0,1,0,0,0,0,1,-0.7818314824680299,0.6234898018587334,0.49999999999999994,-0.8660254037844387
1056,16.2,0,1,0,0,0,0,1,-0.7818314824680299,0.6234898018587334,0.258819045102521,-0.9659258262890682
1394,17.2,0,1,0,0,0,0,1,-0.7818314824680299,0.6234898018587334,1.2246467991473532e-16,-1.0
1593,18.1,0,1,0,0,0,1,0,-0.7818314824680299,0.6234898018587334,-0.2588190451025208,-0.9659258262890683
1767,18.9,0,1,0,0,0,1,0,-0.7818314824680299,0.6234898018587334,-0.4999999999999997,-0.8660254037844388
1948,20.1,0,1,0,0,0,1,0,-0.7818314824680299,0.6234898018587334,-0.7071067811865471,-0.7071067811865479
2097,19.1,0,1,0,0,0,1,0,-0.7818314824680299,0.6234898018587334,-0.8660254037844385,-0.5000000000000004
1990,18.2,0,1,0,0,0,0,1,-0.7818314824680299,0.6234898018587334,-0.9659258262890683,-0.25881904510252063
1662,16.2,0,1,0,0,0,0,1,-0.7818314824680299,0.6234898018587334,-1.0,-1.8369701987210297e-16
1377,15.1,0,1,0,0,0,0,1,-0.7818314824680299,0.6234898018587334,-0.9659258262890684,0.2588190451025203
1306,14.4,0,1,0,0,0,0,1,-0.7818314824680299,0.6234898018587334,-0.8660254037844386,0.5000000000000001
1261,13.8,0,1,0,0,0,0,1,-0.7818314824680299,0.6234898018587334,-0.7071067811865477,0.7071067811865474
1029,13.5,0,1,0,0,0,0,1,-0.7818314824680299,0.6234898018587334,-0.5000000000000004,0.8660254037844384
810,13.2,0,1,0,0,0,0,1,-0.7818314824680299,0.6234898018587334,-0.25881904510252157,0.9659258262890681
638,12.6,0,1,0,0,0,0,1,0.0,1.0,0.0,1.0
393,12.2,0,1,0,0,0,0,1,0.0,1.0,0.25881904510252074,0.9659258262890683
272,11.8,0,1,0,0,0,0,1,0.0,1.0,0.49999999999999994,0.8660254037844387
171,11.3,0,1,0,0,0,0,1,0.0,1.0,0.7071067811865476,0.7071067811865476
152,11.0,0,1,0,0,0,0,1,0.0,1.0,0.8660254037844386,0.5000000000000001
209,11.1,0,1,0,0,0,0,1,0.0,1.0,0.9659258262890683,0.25881904510252074
504,11.2,0,1,0,0,0,0,1,0.0,1.0,1.0,6.123233995736766e-17
1271,11.5,0,1,0,0,0,0,1,0.0,1.0,0.9659258262890683,-0.25881904510252063
2070,12.0,0,1,0,0,0,0,1,0.0,1.0,0.8660254037844387,-0.4999999999999998
1119,12.8,0,1,0,0,0,0,1,0.0,1.0,0.7071067811865476,-0.7071067811865475
837,14.1,0,1,0,0,0,0,1,0.0,1.0,0.49999999999999994,-0.8660254037844387
910,16.7,0,1,0,0,0,0,1,0.0,1.0,0.258819045102521,-0.9659258262890682
1052,19.0,0,1,0,0,0,0,1,0.0,1.0,1.2246467991473532e-16,-1.0
1058,19.7,0,1,0,0,0,0,1,0.0,1.0,-0.2588190451025208,-0.9659258262890683
1121,20.0,0,1,0,0,0,0,1,0.0,1.0,-0.4999999999999997,-0.8660254037844388
1183,20.4,0,1,0,0,0,0,1,0.0,1.0,-0.7071067811865471,-0.7071067811865479
1413,20.3,0,1,0,0,0,0,1,0.0,1.0,-0.8660254037844385,-0.5000000000000004
1773,19.3,0,1,0,0,0,0,1,0.0,1.0,-0.9659258262890683,-0.25881904510252063
2635,18.0,0,1,0,0,0,0,1,0.0,1.0,-1.0,-1.8369701987210297e-16
1911,16.9,0,1,0,0,1,0,0,0.0,1.0,-0.9659258262890684,0.2588190451025203
1659,15.9,0,1,0,0,1,0,0,0.0,1.0,-0.8660254037844386,0.5000000000000001
1556,15.5,0,1,0,0,1,0,0,0.0,1.0,-0.7071067811865477,0.7071067811865474
1377,14.8,0,1,0,0,1,0,0,0.0,1.0,-0.5000000000000004,0.8660254037844384
914,14.1,0,1,0,0,1,0,0,0.0,1.0,-0.25881904510252157,0.9659258262890681
726,13.3,0,1,0,0,0,0,1,0.7818314824680298,0.6234898018587336,0.0,1.0
568,12.4,0,1,0,0,0,0,1,0.7818314824680298,0.6234898018587336,0.25881904510252074,0.9659258262890683
427,11.7,0,1,0,0,0,0,1,0.7818314824680298,0.6234898018587336,0.49999999999999994,0.8660254037844387
253,11.5,0,1,0,0,0,0,1,0.7818314824680298,0.6234898018587336,0.7071067811865476,0.7071067811865476
145,11.0,0,1,0,0,0,0,1,0.7818314824680298,0.6234898018587336,0.8660254037844386,0.5000000000000001
202,10.2,0,1,0,0,0,0,1,0.7818314824680298,0.6234898018587336,0.9659258262890683,0.25881904510252074
491,10.1,0,1,0,0,0,0,1,0.7818314824680298,0.6234898018587336,1.0,6.123233995736766e-17
1216,10.2,0,1,0,0,0,0,1,0.7818314824680298,0.6234898018587336,0.9659258262890683,-0.25881904510252063
2134,10.4,0,1,0,0,0,0,1,0.7818314824680298,0.6234898018587336,0.8660254037844387,-0.4999999999999998
1177,11.8,0,1,0,0,0,0,1,0.7818314824680298,0.6234898018587336,0.7071067811865476,-0.7071067811865475
854,14.4,0,1,0,0,0,0,1,0.7818314824680298,0.6234898018587336,0.49999999999999994,-0.8660254037844387
914,16.5,0,1,0,0,0,0,1,0.7818314824680298,0.6234898018587336,0.258819045102521,-0.9659258262890682
1063,18.8,0,1,0,0,0,0,1,0.7818314824680298,0.6234898018587336,1.2246467991473532e-16,-1.0
1108,19.4,0,1,0,0,0,1,0,0.7818314824680298,0.6234898018587336,-0.2588190451025208,-0.9659258262890683
1113,19.9,0,1,0,0,0,1,0,0.7818314824680298,0.6234898018587336,-0.4999999999999997,-0.8660254037844388
1203,19.9,0,1,0,0,0,1,0,0.7818314824680298,0.6234898018587336,-0.7071067811865471,-0.7071067811865479
1407,19.5,0,1,0,0,0,0,1,0.7818314824680298,0.6234898018587336,-0.8660254037844385,-0.5000000000000004
1811,18.4,0,1,0,0,0,0,1,0.7818314824680298,0.6234898018587336,-0.9659258262890683,-0.25881904510252063
2716,16.9,0,1,0,0,0,0,1,0.7818314824680298,0.6234898018587336,-1.0,-1.8369701987210297e-16
1867,15.5,0,1,0,0,0,0,1,0.7818314824680298,0.6234898018587336,-0.9659258262890684,0.2588190451025203
1568,14.8,0,1,0,0,0,0,1,0.7818314824680298,0.6234898018587336,-0.8660254037844386,0.5000000000000001
1618,14.3,0,1,0,0,0,0,1,0.7818314824680298,0.6234898018587336,-0.7071067811865477,0.7071067811865474
1425,13.6,0,1,0,0,0,0,1,0.7818314824680298,0.6234898018587336,-0.5000000000000004,0.8660254037844384
950,12.9,0,1,0,0,0,0,1,0.7818314824680298,0.6234898018587336,-0.25881904510252157,0.9659258262890681
739,12.3,0,1,0,0,0,0,1,0.9749279121818236,-0.22252093395631434,0.0,1.0
600,11.5,0,1,0,0,0,0,1,0.9749279121818236,-0.22252093395631434,0.25881904510252074,0.9659258262890683
381,10.8,0,1,0,0,0,0,1,0.9749279121818236,-0.22252093395631434,0.49999999999999994,0.8660254037844387
239,10.2,0,1,0,0,0,0,1,0.9749279121818236,-0.22252093395631434,0.7071067811865476,0.7071067811865476
157,9.7,0,1,0,0,0,0,1,0.9749279121818236,-0.22252093395631434,0.8660254037844386,0.5000000000000001
210,9.2,0,1,0,0,0,0,1,0.9749279121818236,-0.22252093395631434,0.9659258262890683,0.25881904510252074
503,8.8,0,1,0,0,0,0,1,0.9749279121818236,-0.22252093395631434,1.0,6.123233995736766e-17
1213,8.6,0,1,0,0,0,0,1,0.9749279121818236,-0.22252093395631434,0.9659258262890683,-0.25881904510252063
2202,9.2,0,1,0,0,0,0,1,0.9749279121818236,-0.22252093395631434,0.8660254037844387,-0.4999999999999998
1200,11.2,0,1,0,0,0,0,1,0.9749279121818236,-0.22252093395631434,0.7071067811865476,-0.7071067811865475
842,14.0,0,1,0,0,0,0,1,0.9749279121818236,-0.22252093395631434,0.49999999999999994,-0.8660254037844387
961,15.5,0,1,0,0,0,1,0,0.9749279121818236,-0.22252093395631434,0.258819045102521,-0.9659258262890682
1088,16.2,0,1,0,0,0,1,0,0.9749279121818236,-0.22252093395631434,1.2246467991473532e-16,-1.0
1115,17.7,0,1,0,0,0,1,0,0.9749279121818236,-0.22252093395631434,-0.2588190451025208,-0.9659258262890683
1083,18.3,0,1,0,0,0,1,0,0.9749279121818236,-0.22252093395631434,-0.4999999999999997,-0.8660254037844388
1175,18.3,0,1,0,0,0,1,0,0.9749279121818236,-0.22252093395631434,-0.7071067811865471,-0.7071067811865479
1409,18.0,0,1,0,0,0,1,0,0.9749279121818236,-0.22252093395631434,-0.8660254037844385,-0.5000000000000004
1896,16.9,0,1,0,0,0,0,1,0.9749279121818236,-0.22252093395631434,-0.9659258262890683,-0.25881904510252063
2445,14.6,0,1,0,0,0,0,1,0.9749279121818236,-0.22252093395631434,-1.0,-1.8369701987210297e-16
1819,13.2,0,1,0,0,0,0,1,0.9749279121818236,-0.22252093395631434,-0.9659258262890684,0.2588190451025203
1558,12.2,0,1,0,0,0,0,1,0.9749279121818236,-0.22252093395631434,-0.8660254037844386,0.5000000000000001
1493,10.8,0,1,0,0,0,0,1,0.9749279121818236,-0.22252093395631434,-0.7071067811865477,0.7071067811865474
1278,9.9,0,1,0,0,0,0,1,0.9749279121818236,-0.22252093395631434,-0.5000000000000004,0.8660254037844384
896,9.7,0,1,0,0,0,0,1,0.9749279121818236,-0.22252093395631434,-0.25881904510252157,0.9659258262890681
694,9.2,0,1,0,0,0,0,1,0.43388373911755823,-0.900968867902419,0.0,1.0
579,9.0,0,1,0,0,0,0,1,0.43388373911755823,-0.900968867902419,0.25881904510252074,0.9659258262890683
385,8.7,0,1,0,0,0,0,1,0.43388373911755823,-0.900968867902419,0.49999999999999994,0.8660254037844387
244,8.6,0,1,0,0,0,0,1,0.43388373911755823,-0.900968867902419,0.7071067811865476,0.7071067811865476
165,8.1,0,1,0,0,0,0,1,0.43388373911755823,-0.900968867902419,0.8660254037844386,0.5000000000000001
185,7.8,0,1,0,0,0,0,1,0.43388373911755823,-0.900968867902419,0.9659258262890683,0.25881904510252074
458,7.6,0,1,0,0,0,0,1,0.43388373911755823,-0.900968867902419,1.0,6.123233995736766e-17
1191,7.7,0,1,0,0,0,0,1,0.43388373911755823,-0.900968867902419,0.9659258262890683,-0.25881904510252063
2154,8.5,0,1,0,0,0,0,1,0.43388373911755823,-0.900968867902419,0.8660254037844387,-0.4999999999999998
1165,10.9,0,1,0,0,0,1,0,0.43388373911755823,-0.900968867902419,0.7071067811865476,-0.7071067811865475
864,13.7,0,1,0,0,0,1,0,0.43388373911755823,-0.900968867902419,0.49999999999999994,-0.8660254037844387
917,15.0,0,1,0,0,0,1,0,0.43388373911755823,-0.900968867902419,0.258819045102521,-0.9659258262890682
1132,16.8,0,1,0,0,0,1,0,0.43388373911755823,-0.900968867902419,1.2246467991473532e-16,-1.0
1152,18.1,0,1,0,0,0,1,0,0.43388373911755823,-0.900968867902419,-0.2588190451025208,-0.9659258262890683
1122,18.7,0,1,0,0,0,1,0,0.43388373911755823,-0.900968867902419,-0.4999999999999997,-0.8660254037844388
1203,19.0,0,1,0,0,0,1,0,0.43388373911755823,-0.900968867902419,-0.7071067811865471,-0.7071067811865479
1473,18.5,0,1,0,0,0,1,0,0.43388373911755823,-0.900968867902419,-0.8660254037844385,-0.5000000000000004
1804,16.9,0,1,0,0,0,0,1,0.43388373911755823,-0.900968867902419,-0.9659258262890683,-0.25881904510252063
2499,15.7,0,1,0,0,0,0,1,0.43388373911755823,-0.900968867902419,-1.0,-1.8369701987210297e-16
1878,14.9,0,1,0,0,0,0,1,0.43388373911755823,-0.900968867902419,-0.9659258262890684,0.2588190451025203
1528,13.8,0,1,0,0,0,0,1,0.43388373911755823,-0.900968867902419,-0.8660254037844386,0.5000000000000001
1466,12.6,0,1,0,0,0,0,1,0.43388373911755823,-0.900968867902419,-0.7071067811865477,0.7071067811865474
1302,11.6,0,1,0,0,0,0,1,0.43388373911755823,-0.900968867902419,-0.5000000000000004,0.8660254037844384
944,10.9,0,1,0,0,0,0,1,0.43388373911755823,-0.900968867902419,-0.25881904510252157,0.9659258262890681
783,10.3,0,1,0,0,0,0,1,-0.433883739117558,-0.9009688679024191,0.0,1.0
653,9.8,0,1,0,0,0,0,1,-0.433883739117558,-0.9009688679024191,0.25881904510252074,0.9659258262890683
433,9.2,0,1,0,0,0,0,1,-0.433883739117558,-0.9009688679024191,0.49999999999999994,0.8660254037844387
262,8.5,0,1,0,0,0,0,1,-0.433883739117558,-0.9009688679024191,0.7071067811865476,0.7071067811865476
184,8.1,0,1,0,0,0,0,1,-0.433883739117558,-0.9009688679024191,0.8660254037844386,0.5000000000000001
162,7.7,0,1,0,0,0,0,1,-0.433883739117558,-0.9009688679024191,0.9659258262890683,0.25881904510252074
491,7.2,0,1,0,0,0,0,1,-0.433883739117558,-0.9009688679024191,1.0,6.123233995736766e-17
1188,7.3,0,1,0,0,0,0,1,-0.433883739117558,-0.9009688679024191,0.9659258262890683,-0.25881904510252063
2113,7.9,0,1,0,0,0,0,1,-0.433883739117558,-0.9009688679024191,0.8660254037844387,-0.4999999999999998
1191,11.1,0,1,0,0,0,1,0,-0.433883739117558,-0.9009688679024191,0.7071067811865476,-0.7071067811865475
850,13.8,0,1,0,0,0,1,0,-0.433883739117558,-0.9009688679024191,0.49999999999999994,-0.8660254037844387
981,16.4,0,1,0,0,0,1,0,-0.433883739117558,-0.9009688679024191,0.258819045102521,-0.9659258262890682
1161,17.4,0,1,0,0,0,1,0,-0.433883739117558,-0.9009688679024191,1.2246467991473532e-16,-1.0
1190,18.9,0,1,0,0,0,1,0,-0.433883739117558,-0.9009688679024191,-0.2588190451025208,-0.9659258262890683
1221,19.8,0,1,0,0,0,1,0,-0.433883739117558,-0.9009688679024191,-0.4999999999999997,-0.8660254037844388
1390,19.7,0,1,0,0,0,1,0,-0.433883739117558,-0.9009688679024191,-0.7071067811865471,-0.7071067811865479
1527,19.3,0,1,0,0,0,1,0,-0.433883739117558,-0.9009688679024191,-0.8660254037844385,-0.5000000000000004
1939,18.5,0,1,0,0,0,0,1,-0.433883739117558,-0.9009688679024191,-0.9659258262890683,-0.25881904510252063
2631,16.6,0,1,0,0,0,0,1,-0.433883739117558,-0.9009688679024191,-1.0,-1.8369701987210297e-16
1769,15.3,0,1,0,0,0,0,1,-0.433883739117558,-0.9009688679024191,-0.9659258262890684,0.2588190451025203
1512,14.2,0,1,0,0,0,0,1,-0.433883739117558,-0.9009688679024191,-0.8660254037844386,0.5000000000000001
1457,13.3,0,1,0,0,0,0,1,-0.433883739117558,-0.9009688679024191,-0.7071067811865477,0.7071067811865474
1331,12.3,0,1,0,0,0,0,1,-0.433883739117558,-0.9009688679024191,-0.5000000000000004,0.8660254037844384
1018,11.7,0,1,0,0,0,0,1,-0.433883739117558,-0.9009688679024191,-0.25881904510252157,0.9659258262890681
891,11.3,0,1,0,0,0,0,1,-0.9749279121818236,-0.2225209339563146,0.0,1.0
774,10.9,0,1,0,0,0,0,1,-0.9749279121818236,-0.2225209339563146,0.25881904510252074,0.9659258262890683
522,10.1,0,1,0,0,0,0,1,-0.9749279121818236,-0.2225209339563146,0.49999999999999994,0.8660254037844387
386,9.5,0,1,0,0,0,0,1,-0.9749279121818236,-0.2225209339563146,0.7071067811865476,0.7071067811865476
246,8.9,0,1,0,0,0,0,1,-0.9749279121818236,-0.2225209339563146,0.8660254037844386,0.5000000000000001
154,8.1,0,1,0,0,0,0,1,-0.9749279121818236,-0.2225209339563146,0.9659258262890683,0.25881904510252074
219,7.5,0,1,0,0,0,0,1,-0.9749279121818236,-0.2225209339563146,1.0,6.123233995736766e-17
427,7.0,0,1,0,0,0,0,1,-0.9749279121818236,-0.2225209339563146,0.9659258262890683,-0.25881904510252063
784,7.8,0,1,0,0,0,0,1,-0.9749279121818236,-0.2225209339563146,0.8660254037844387,-0.4999999999999998
921,10.4,0,1,0,0,0,0,1,-0.9749279121818236,-0.2225209339563146,0.7071067811865476,-0.7071067811865475
997,13.0,0,1,0,0,0,1,0,-0.9749279121818236,-0.2225209339563146,0.49999999999999994,-0.8660254037844387
1175,16.2,0,1,0,0,0,1,0,-0.9749279121818236,-0.2225209339563146,0.258819045102521,-0.9659258262890682
1407,17.7,0,1,0,0,0,1,0,-0.9749279121818236,-0.2225209339563146,1.2246467991473532e-16,-1.0
1585,19.4,0,1,0,0,0,1,0,-0.9749279121818236,-0.2225209339563146,-0.2588190451025208,-0.9659258262890683
1649,20.0,0,1,0,0,0,1,0,-0.9749279121818236,-0.2225209339563146,-0.4999999999999997,-0.8660254037844388
1760,21.3,0,1,0,0,0,1,0,-0.9749279121818236,-0.2225209339563146,-0.7071067811865471,-0.7071067811865479
1813,20.9,0,1,0,0,0,1,0,-0.9749279121818236,-0.2225209339563146,-0.8660254037844385,-0.5000000000000004
1949,19.2,0,1,0,0,0,0,1,-0.9749279121818236,-0.2225209339563146,-0.9659258262890683,-0.25881904510252063
1707,16.6,0,1,0,0,0,0,1,-0.9749279121818236,-0.2225209339563146,-1.0,-1.8369701987210297e-16
1407,14.6,0,1,0,0,0,0,1,-0.9749279121818236,-0.2225209339563146,-0.9659258262890684,0.2588190451025203
1270,13.7,0,1,0,0,0,0,1,-0.9749279121818236,-0.2225209339563146,-0.8660254037844386,0.5000000000000001
1249,13.3,0,1,0,0,0,0,1,-0.9749279121818236,-0.2225209339563146,-0.7071067811865477,0.7071067811865474
1141,12.7,0,1,0,0,0,0,1,-0.9749279121818236,-0.2225209339563146,-0.5000000000000004,0.8660254037844384
922,11.7,0,1,0,0,0,0,1,-0.9749279121818236,-0.2225209339563146,-0.25881904510252157,0.9659258262890681
848,11.2,0,1,0,0,0,0,1,-0.7818314824680299,0.6234898018587334,0.0,1.0
622,10.6,0,1,0,0,0,0,1,-0.7818314824680299,0.6234898018587334,0.25881904510252074,0.9659258262890683
428,9.8,0,1,0,0,0,0,1,-0.7818314824680299,0.6234898018587334,0.49999999999999994,0.8660254037844387
342,9.2,0,1,0,0,0,0,1,-0.7818314824680299,0.6234898018587334,0.7071067811865476,0.7071067811865476
206,8.8,0,1,0,0,0,0,1,-0.7818314824680299,0.6234898018587334,0.8660254037844386,0.5000000000000001
146,8.2,0,1,0,0,0,0,1,-0.7818314824680299,0.6234898018587334,0.9659258262890683,0.25881904510252074
172,7.6,0,1,0,0,0,0,1,-0.7818314824680299,0.6234898018587334,1.0,6.123233995736766e-17
315,7.2,0,1,0,0,0,0,1,-0.7818314824680299,0.6234898018587334,0.9659258262890683,-0.25881904510252063
534,7.9,0,1,0,0,0,0,1,-0.7818314824680299,0.6234898018587334,0.8660254037844387,-0.4999999999999998
679,10.5,0,1,0,0,0,1,0,-0.7818314824680299,0.6234898018587334,0.7071067811865476,-0.7071067811865475
936,13.4,0,1,0,0,0,1,0,-0.7818314824680299,0.6234898018587334,0.49999999999999994,-0.8660254037844387
1055,16.8,0,1,0,0,0,0,1,-0.7818314824680299,0.6234898018587334,0.258819045102521,-0.9659258262890682
1417,18.4,0,1,0,0,0,1,0,-0.7818314824680299,0.6234898018587334,1.2246467991473532e-16,-1.0
1519,19.3,0,1,0,0,0,1,0,-0.7818314824680299,0.6234898018587334,-0.2588190451025208,-0.9659258262890683
1642,20.1,0,1,0,0,0,1,0,-0.7818314824680299,0.6234898018587334,-0.4999999999999997,-0.8660254037844388
1891,20.9,0,1,0,0,0,1,0,-0.7818314824680299,0.6234898018587334,-0.7071067811865471,-0.7071067811865479
1976,20.2,0,1,0,0,0,1,0,-0.7818314824680299,0.6234898018587334,-0.8660254037844385,-0.5000000000000004
1883,18.8,0,1,0,0,0,0,1,-0.7818314824680299,0.6234898018587334,-0.9659258262890683,-0.25881904510252063
1618,16.2,0,1,0,0,0,0,1,-0.7818314824680299,0.6234898018587334,-1.0,-1.8369701987210297e-16
1464,14.9,0,1,0,0,0,0,1,-0.7818314824680299,0.6234898018587334,-0.9659258262890684,0.2588190451025203
1306,13.8,0,1,0,0,0,0,1,-0.7818314824680299,0.6234898018587334,-0.8660254037844386,0.5000000000000001
1158,13.0,0,1,0,0,0,0,1,-0.7818314824680299,0.6234898018587334,-0.7071067811865477,0.7071067811865474
1025,12.2,0,1,0,0,0,0,1,-0.7818314824680299,0.6234898018587334,-0.5000000000000004,0.8660254037844384
724,11.8,0,1,0,0,0,0,1,-0.7818314824680299,0.6234898018587334,-0.25881904510252157,0.9659258262890681
623,11.4,0,1,0,0,0,0,1,0.0,1.0,0.0,1.0
372,10.7,0,1,0,0,0,0,1,0.0,1.0,0.25881904510252074,0.9659258262890683
253,10.5,0,1,0,0,0,0,1,0.0,1.0,0.49999999999999994,0.8660254037844387
175,10.2,0,1,0,0,0,0,1,0.0,1.0,0.7071067811865476,0.7071067811865476
110,10.0,0,1,0,0,0,0,1,0.0,1.0,0.8660254037844386,0.5000000000000001
202,9.4,0,1,0,0,0,0,1,0.0,1.0,0.9659258262890683,0.25881904510252074
513,9.2,0,1,0,0,0,0,1,0.0,1.0,1.0,6.123233995736766e-17
1244,8.9,0,1,0,0,0,0,1,0.0,1.0,0.9659258262890683,-0.25881904510252063
2111,9.7,0,1,0,0,0,0,1,0.0,1.0,0.8660254037844387,-0.4999999999999998
1104,11.9,0,1,0,0,0,0,1,0.0,1.0,0.7071067811865476,-0.7071067811865475
817,14.6,0,1,0,0,0,0,1,0.0,1.0,0.49999999999999994,-0.8660254037844387
941,16.7,0,1,0,0,0,0,1,0.0,1.0,0.258819045102521,-0.9659258262890682
1034,18.2,0,1,0,0,0,0,1,0.0,1.0,1.2246467991473532e-16,-1.0
1064,19.4,0,1,0,0,0,0,1,0.0,1.0,-0.2588190451025208,-0.9659258262890683
1122,20.6,0,1,0,0,0,0,1,0.0,1.0,-0.4999999999999997,-0.8660254037844388
1167,20.2,0,1,0,0,0,0,1,0.0,1.0,-0.7071067811865471,-0.7071067811865479
1464,19.7,0,1,0,0,0,0,1,0.0,1.0,-0.8660254037844385,-0.5000000000000004
1904,18.9,0,1,0,0,0,0,1,0.0,1.0,-0.9659258262890683,-0.25881904510252063
2613,17.3,0,1,0,0,0,0,1,0.0,1.0,-1.0,-1.8369701987210297e-16
1860,15.6,0,1,0,0,0,0,1,0.0,1.0,-0.9659258262890684,0.2588190451025203
1593,14.5,0,1,0,0,0,0,1,0.0,1.0,-0.8660254037844386,0.5000000000000001
1513,13.4,0,1,0,0,0,0,1,0.0,1.0,-0.7071067811865477,0.7071067811865474
1360,12.7,0,1,0,0,0,0,1,0.0,1.0,-0.5000000000000004,0.8660254037844384
916,12.0,0,1,0,0,0,0,1,0.0,1.0,-0.25881904510252157,0.9659258262890681
726,11.6,0,1,0,0,0,0,1,0.7818314824680298,0.6234898018587336,0.0,1.0
547,11.1,0,1,0,0,0,0,1,0.7818314824680298,0.6234898018587336,0.25881904510252074,0.9659258262890683
356,10.6,0,1,0,0,0,0,1,0.7818314824680298,0.6234898018587336,0.49999999999999994,0.8660254037844387
243,10.1,0,1,0,0,0,0,1,0.7818314824680298,0.6234898018587336,0.7071067811865476,0.7071067811865476
170,10.0,0,1,0,0,0,0,1,0.7818314824680298,0.6234898018587336,0.8660254037844386,0.5000000000000001
193,10.0,0,1,0,0,0,0,1,0.7818314824680298,0.6234898018587336,0.9659258262890683,0.25881904510252074
456,9.9,0,1,0,0,0,0,1,0.7818314824680298,0.6234898018587336,1.0,6.123233995736766e-17
839,10.4,0,1,0,0,0,0,1,0.7818314824680298,0.6234898018587336,0.9659258262890683,-0.25881904510252063
1423,11.0,0,1,0,0,1,0,0,0.7818314824680298,0.6234898018587336,0.8660254037844387,-0.4999999999999998
1026,11.7,0,1,0,0,1,0,0,0.7818314824680298,0.6234898018587336,0.7071067811865476,-0.7071067811865475
735,13.8,0,1,0,0,1,0,0,0.7818314824680298,0.6234898018587336,0.49999999999999994,-0.8660254037844387
81,13.0,0,1,0,0,0,0,1,0.7818314824680298,0.6234898018587336,0.258819045102521,-0.9659258262890682
363,11.5,0,1,0,0,1,0,0,0.7818314824680298,0.6234898018587336,1.2246467991473532e-16,-1.0
652,13.5,0,1,0,0,0,0,1,0.7818314824680298,0.6234898018587336,-0.2588190451025208,-0.9659258262890683
837,15.1,0,1,0,0,0,0,1,0.7818314824680298,0.6234898018587336,-0.4999999999999997,-0.8660254037844388
1010,16.6,0,1,0,0,0,0,1,0.7818314824680298,0.6234898018587336,-0.7071067811865471,-0.7071067811865479
1294,16.1,0,1,0,0,0,0,1,0.7818314824680298,0.6234898018587336,-0.8660254037844385,-0.5000000000000004
1604,15.7,0,1,0,0,0,0,1,0.7818314824680298,0.6234898018587336,-0.9659258262890683,-0.25881904510252063
2415,14.5,0,1,0,0,0,0,1,0.7818314824680298,0.6234898018587336,-1.0,-1.8369701987210297e-16
1685,14.0,0,1,0,0,0,0,1,0.7818314824680298,0.6234898018587336,-0.9659258262890684,0.2588190451025203
1433,13.6,0,1,0,0,0,0,1,0.7818314824680298,0.6234898018587336,-0.8660254037844386,0.5000000000000001
1380,12.6,0,1,0,0,0,0,1,0.7818314824680298,0.6234898018587336,-0.7071067811865477,0.7071067811865474
1257,12.3,0,1,0,0,0,0,1,0.7818314824680298,0.6234898018587336,-0.5000000000000004,0.8660254037844384
876,11.2,0,1,0,0,0,0,1,0.7818314824680298,0.6234898018587336,-0.25881904510252157,0.9659258262890681
708,10.8,0,1,0,0,0,0,1,0.9749279121818236,-0.22252093395631434,0.0,1.0
573,10.2,0,1,0,0,0,0,1,0.9749279121818236,-0.22252093395631434,0.25881904510252074,0.9659258262890683
371,9.5,0,1,0,0,0,0,1,0.9749279121818236,-0.22252093395631434,0.49999999999999994,0.8660254037844387
249,9.4,0,1,0,0,0,0,1,0.9749279121818236,-0.22252093395631434,0.7071067811865476,0.7071067811865476
162,9.0,0,1,0,0,0,0,1,0.9749279121818236,-0.22252093395631434,0.8660254037844386,0.5000000000000001
164,8.5,0,1,0,0,0,0,1,0.9749279121818236,-0.22252093395631434,0.9659258262890683,0.25881904510252074
453,8.1,0,1,0,0,0,0,1,0.9749279121818236,-0.22252093395631434,1.0,6.123233995736766e-17
1165,7.8,0,1,0,0,0,0,1,0.9749279121818236,-0.22252093395631434,0.9659258262890683,-0.25881904510252063
2108,8.1,0,1,0,0,0,0,1,0.9749279121818236,-0.22252093395631434,0.8660254037844387,-0.4999999999999998
1151,10.1,0,1,0,0,0,0,1,0.9749279121818236,-0.22252093395631434,0.7071067811865476,-0.7071067811865475
811,13.0,0,1,0,0,0,0,1,0.9749279121818236,-0.22252093395631434,0.49999999999999994,-0.8660254037844387
940,15.7,0,1,0,0,0,0,1,0.9749279121818236,-0.22252093395631434,0.258819045102521,-0.9659258262890682
1126,16.8,0,1,0,0,0,1,0,0.9749279121818236,-0.22252093395631434,1.2246467991473532e-16,-1.0
1106,17.2,0,1,0,0,0,1,0,0.9749279121818236,-0.22252093395631434,-0.2588190451025208,-0.9659258262890683
1150,17.6,0,1,0,0,0,1,0,0.9749279121818236,-0.22252093395631434,-0.4999999999999997,-0.8660254037844388
1161,18.0,0,1,0,0,0,1,0,0.9749279121818236,-0.22252093395631434,-0.7071067811865471,-0.7071067811865479
1492,18.2,0,1,0,0,0,1,0,0.9749279121818236,-0.22252093395631434,-0.8660254037844385,-0.5000000000000004
1904,17.0,0,1,0,0,0,0,1,0.9749279121818236,-0.22252093395631434,-0.9659258262890683,-0.25881904510252063
2612,15.1,0,1,0,0,0,0,1,0.9749279121818236,-0.22252093395631434,-1.0,-1.8369701987210297e-16
1827,13.9,0,1,0,0,0,0,1,0.9749279121818236,-0.22252093395631434,-0.9659258262890684,0.2588190451025203
1556,13.1,0,1,0,0,0,0,1,0.9749279121818236,-0.22252093395631434,-0.8660254037844386,0.5000000000000001
1464,12.1,0,1,0,0,0,0,1,0.9749279121818236,-0.22252093395631434,-0.7071067811865477,0.7071067811865474
1281,11.6,0,1,0,0,0,0,1,0.9749279121818236,-0.22252093395631434,-0.5000000000000004,0.8660254037844384
884,11.0,0,1,0,0,0,0,1,0.9749279121818236,-0.22252093395631434,-0.25881904510252157,0.9659258262890681
729,10.5,0,1,0,0,0,0,1,0.43388373911755823,-0.900968867902419,0.0,1.0
572,10.0,0,1,0,0,0,0,1,0.43388373911755823,-0.900968867902419,0.25881904510252074,0.9659258262890683
421,9.1,0,1,0,0,0,0,1,0.43388373911755823,-0.900968867902419,0.49999999999999994,0.8660254037844387
266,9.1,0,1,0,0,0,0,1,0.43388373911755823,-0.900968867902419,0.7071067811865476,0.7071067811865476
161,8.5,0,1,0,0,0,0,1,0.43388373911755823,-0.900968867902419,0.8660254037844386,0.5000000000000001
193,7.8,0,1,0,0,0,0,1,0.43388373911755823,-0.900968867902419,0.9659258262890683,0.25881904510252074
450,7.5,0,1,0,0,0,0,1,0.43388373911755823,-0.900968867902419,1.0,6.123233995736766e-17
1251,7.3,0,1,0,0,0,0,1,0.43388373911755823,-0.900968867902419,0.9659258262890683,-0.25881904510252063
2070,7.9,0,1,0,0,0,0,1,0.43388373911755823,-0.900968867902419,0.8660254037844387,-0.4999999999999998
1168,10.3,0,1,0,0,0,1,0,0.43388373911755823,-0.900968867902419,0.7071067811865476,-0.7071067811865475
779,13.4,0,1,0,0,0,1,0,0.43388373911755823,-0.900968867902419,0.49999999999999994,-0.8660254037844387
956,16.4,0,1,0,0,0,1,0,0.43388373911755823,-0.900968867902419,0.258819045102521,-0.9659258262890682
1188,18.2,0,1,0,0,0,1,0,0.43388373911755823,-0.900968867902419,1.2246467991473532e-16,-1.0
1154,19.4,0,1,0,0,0,1,0,0.43388373911755823,-0.900968867902419,-0.2588190451025208,-0.9659258262890683
1192,20.6,0,1,0,0,0,1,0,0.43388373911755823,-0.900968867902419,-0.4999999999999997,-0.8660254037844388
1275,20.6,0,1,0,0,0,1,0,0.43388373911755823,-0.900968867902419,-0.7071067811865471,-0.7071067811865479
1528,20.4,0,1,0,0,0,0,1,0.43388373911755823,-0.900968867902419,-0.8660254037844385,-0.5000000000000004
1961,19.2,0,1,0,0,0,0,1,0.43388373911755823,-0.900968867902419,-0.9659258262890683,-0.25881904510252063
2632,17.3,0,1,0,0,0,0,1,0.43388373911755823,-0.900968867902419,-1.0,-1.8369701987210297e-16
1968,16.4,0,1,0,0,0,0,1,0.43388373911755823,-0.900968867902419,-0.9659258262890684,0.2588190451025203
1596,15.3,0,1,0,0,0,0,1,0.43388373911755823,-0.900968867902419,-0.8660254037844386,0.5000000000000001
1513,14.5,0,1,0,0,0,0,1,0.43388373911755823,-0.900968867902419,-0.7071067811865477,0.7071067811865474
1316,13.6,0,1,0,0,0,0,1,0.43388373911755823,-0.900968867902419,-0.5000000000000004,0.8660254037844384
919,12.5,0,1,0,0,0,0,1,0.43388373911755823,-0.900968867902419,-0.25881904510252157,0.9659258262890681
753,12.5,0,1,0,0,0,0,1,-0.433883739117558,-0.9009688679024191,0.0,1.0
629,12.7,0,1,0,0,0,0,1,-0.433883739117558,-0.9009688679024191,0.25881904510252074,0.9659258262890683
434,12.8,0,1,0,0,0,0,1,-0.433883739117558,-0.9009688679024191,0.49999999999999994,0.8660254037844387
327,12.8,0,1,0,0,0,0,1,-0.433883739117558,-0.9009688679024191,0.7071067811865476,0.7071067811865476
185,12.6,0,1,0,0,0,0,1,-0.433883739117558,-0.9009688679024191,0.8660254037844386,0.5000000000000001
178,12.4,0,1,0,0,0,0,1,-0.433883739117558,-0.9009688679024191,0.9659258262890683,0.25881904510252074
376,12.6,0,1,0,0,0,0,1,-0.433883739117558,-0.9009688679024191,1.0,6.123233995736766e-17
556,12.6,0,1,0,0,0,0,1,-0.433883739117558,-0.9009688679024191,0.9659258262890683,-0.25881904510252063
556,12.1,0,1,0,0,1,0,0,-0.433883739117558,-0.9009688679024191,0.8660254037844387,-0.4999999999999998
144,12.0,0,1,0,0,1,0,0,-0.433883739117558,-0.9009688679024191,0.7071067811865476,-0.7071067811865475
191,12.9,0,1,0,0,0,0,1,-0.433883739117558,-0.9009688679024191,0.49999999999999994,-0.8660254037844387
54,12.4,0,1,0,0,1,0,0,-0.433883739117558,-0.9009688679024191,0.258819045102521,-0.9659258262890682
29,12.4,0,1,0,0,1,0,0,-0.433883739117558,-0.9009688679024191,1.2246467991473532e-16,-1.0
18,12.6,0,1,0,0,1,0,0,-0.433883739117558,-0.9009688679024191,-0.2588190451025208,-0.9659258262890683
147,12.7,0,1,0,0,1,0,0,-0.433883739117558,-0.9009688679024191,-0.4999999999999997,-0.8660254037844388
576,14.0,0,1,0,0,1,0,0,-0.433883739117558,-0.9009688679024191,-0.7071067811865471,-0.7071067811865479
900,14.5,0,1,0,0,0,0,1,-0.433883739117558,-0.9009688679024191,-0.8660254037844385,-0.5000000000000004
1386,14.3,0,1,0,0,0,0,1,-0.433883739117558,-0.9009688679024191,-0.9659258262890683,-0.25881904510252063
1882,13.1,0,1,0,0,0,0,1,-0.433883739117558,-0.9009688679024191,-1.0,-1.8369701987210297e-16
1228,12.9,0,1,0,0,0,0,1,-0.433883739117558,-0.9009688679024191,-0.9659258262890684,0.2588190451025203
1003,12.2,0,1,0,0,1,0,0,-0.433883739117558,-0.9009688679024191,-0.8660254037844386,0.5000000000000001
542,10.6,0,1,0,0,0,0,1,-0.433883739117558,-0.9009688679024191,-0.7071067811865477,0.7071067811865474
680,10.5,0,1,0,0,0,0,1,-0.433883739117558,-0.9009688679024191,-0.5000000000000004,0.8660254037844384
603,10.2,0,1,0,0,0,0,1,-0.433883739117558,-0.9009688679024191,-0.25881904510252157,0.9659258262890681
640,9.9,0,1,0,0,0,0,1,-0.9749279121818236,-0.2225209339563146,0.0,1.0
585,9.9,0,1,0,0,0,0,1,-0.9749279121818236,-0.2225209339563146,0.25881904510252074,0.9659258262890683
478,9.5,0,1,0,0,0,0,1,-0.9749279121818236,-0.2225209339563146,0.49999999999999994,0.8660254037844387
346,9.1,0,1,0,0,0,0,1,-0.9749279121818236,-0.2225209339563146,0.7071067811865476,0.7071067811865476
233,8.8,0,1,0,0,0,0,1,-0.9749279121818236,-0.2225209339563146,0.8660254037844386,0.5000000000000001
146,8.0,0,1,0,0,0,0,1,-0.9749279121818236,-0.2225209339563146,0.9659258262890683,0.25881904510252074
197,7.4,0,1,0,0,0,0,1,-0.9749279121818236,-0.2225209339563146,1.0,6.123233995736766e-17
388,7.3,0,1,0,0,0,0,1,-0.9749279121818236,-0.2225209339563146,0.9659258262890683,-0.25881904510252063
713,7.7,0,1,0,0,0,0,1,-0.9749279121818236,-0.2225209339563146,0.8660254037844387,-0.4999999999999998
785,8.3,0,1,0,0,0,0,1,-0.9749279121818236,-0.2225209339563146,0.7071067811865476,-0.7071067811865475
898,9.5,0,1,0,0,0,0,1,-0.9749279121818236,-0.2225209339563146,0.49999999999999994,-0.8660254037844387
996,10.4,0,1,0,0,0,0,1,-0.9749279121818236,-0.2225209339563146,0.258819045102521,-0.9659258262890682
1076,10.4,0,1,0,0,0,0,1,-0.9749279121818236,-0.2225209339563146,1.2246467991473532e-16,-1.0
1118,10.6,0,1,0,0,0,0,1,-0.9749279121818236,-0.2225209339563146,-0.2588190451025208,-0.9659258262890683
1183,10.8,0,1,0,0,0,0,1,-0.9749279121818236,-0.2225209339563146,-0.4999999999999997,-0.8660254037844388
1254,11.4,0,1,0,0,0,0,1,-0.9749279121818236,-0.2225209339563146,-0.7071067811865471,-0.7071067811865479
1308,10.6,0,1,0,0,0,0,1,-0.9749279121818236,-0.2225209339563146,-0.8660254037844385,-0.5000000000000004
1176,9.5,0,1,0,0,1,0,0,-0.9749279121818236,-0.2225209339563146,-0.9659258262890683,-0.25881904510252063
1054,8.9,0,1,0,0,0,0,1,-0.9749279121818236,-0.2225209339563146,-1.0,-1.8369701987210297e-16
864,8.0,0,1,0,0,0,0,1,-0.9749279121818236,-0.2225209339563146,-0.9659258262890684,0.2588190451025203
775,7.6,0,1,0,0,0,0,1,-0.9749279121818236,-0.2225209339563146,-0.8660254037844386,0.5000000000000001
775,7.3,0,1,0,0,0,0,1,-0.9749279121818236,-0.2225209339563146,-0.7071067811865477,0.7071067811865474
752,6.6,0,1,0,0,0,0,1,-0.9749279121818236,-0.2225209339563146,-0.5000000000000004,0.8660254037844384
658,6.3,0,1,0,0,0,0,1,-0.9749279121818236,-0.2225209339563146,-0.25881904510252157,0.9659258262890681
699,6.7,0,1,0,0,0,0,1,-0.7818314824680299,0.6234898018587334,0.0,1.0
531,6.9,0,1,0,0,0,0,1,-0.7818314824680299,0.6234898018587334,0.25881904510252074,0.9659258262890683
450,6.6,0,1,0,0,0,0,1,-0.7818314824680299,0.6234898018587334,0.49999999999999994,0.8660254037844387
299,6.2,0,1,0,0,0,0,1,-0.7818314824680299,0.6234898018587334,0.7071067811865476,0.7071067811865476
148,6.8,0,1,0,0,0,0,1,-0.7818314824680299,0.6234898018587334,0.8660254037844386,0.5000000000000001
27,7.2,0,1,0,0,0,0,1,-0.7818314824680299,0.6234898018587334,0.9659258262890683,0.25881904510252074
55,6.9,0,1,0,0,1,0,0,-0.7818314824680299,0.6234898018587334,1.0,6.123233995736766e-17
134,6.9,0,1,0,0,0,0,1,-0.7818314824680299,0.6234898018587334,0.9659258262890683,-0.25881904510252063
74,6.8,0,1,0,0,0,0,1,-0.7818314824680299,0.6234898018587334,0.8660254037844387,-0.4999999999999998
195,7.3,0,1,0,0,1,0,0,-0.7818314824680299,0.6234898018587334,0.7071067811865476,-0.7071067811865475
330,8.2,0,1,0,0,0,0,1,-0.7818314824680299,0.6234898018587334,0.49999999999999994,-0.8660254037844387
544,9.4,0,1,0,0,0,0,1,-0.7818314824680299,0.6234898018587334,0.258819045102521,-0.9659258262890682
630,11.9,0,1,0,0,0,1,0,-0.7818314824680299,0.6234898018587334,1.2246467991473532e-16,-1.0
916,12.1,0,1,0,0,0,1,0,-0.7818314824680299,0.6234898018587334,-0.2588190451025208,-0.9659258262890683
962,12.4,0,1,0,0,0,1,0,-0.7818314824680299,0.6234898018587334,-0.4999999999999997,-0.8660254037844388
948,12.2,0,1,0,0,0,0,1,-0.7818314824680299,0.6234898018587334,-0.7071067811865471,-0.7071067811865479
385,12.2,0,1,0,0,0,0,1,-0.7818314824680299,0.6234898018587334,-0.8660254037844385,-0.5000000000000004
535,9.4,0,1,0,0,1,0,0,-0.7818314824680299,0.6234898018587334,-0.9659258262890683,-0.25881904510252063
651,8.9,0,1,0,0,0,0,1,-0.7818314824680299,0.6234898018587334,-1.0,-1.8369701987210297e-16
645,8.4,0,1,0,0,0,0,1,-0.7818314824680299,0.6234898018587334,-0.9659258262890684,0.2588190451025203
624,8.2,0,1,0,0,0,0,1,-0.7818314824680299,0.6234898018587334,-0.8660254037844386,0.5000000000000001
670,7.6,0,1,0,0,0,0,1,-0.7818314824680299,0.6234898018587334,-0.7071067811865477,0.7071067811865474
625,6.7,0,1,0,0,0,0,1,-0.7818314824680299,0.6234898018587334,-0.5000000000000004,0.8660254037844384
512,6.0,0,1,0,0,0,0,1,-0.7818314824680299,0.6234898018587334,-0.25881904510252157,0.9659258262890681
434,5.3,0,1,0,0,0,0,1,0.0,1.0,0.0,1.0
326,5.1,0,1,0,0,0,0,1,0.0,1.0,0.25881904510252074,0.9659258262890683
184,4.7,0,1,0,0,0,0,1,0.0,1.0,0.49999999999999994,0.8660254037844387
123,5.0,0,1,0,0,0,0,1,0.0,1.0,0.7071067811865476,0.7071067811865476
117,5.6,0,1,0,0,0,0,1,0.0,1.0,0.8660254037844386,0.5000000000000001
161,5.1,0,1,0,0,0,0,1,0.0,1.0,0.9659258262890683,0.25881904510252074
436,4.7,0,1,0,0,0,0,1,0.0,1.0,1.0,6.123233995736766e-17
1070,4.6,0,1,0,0,0,0,1,0.0,1.0,0.9659258262890683,-0.25881904510252063
1888,5.1,0,1,0,0,0,0,1,0.0,1.0,0.8660254037844387,-0.4999999999999998
1021,7.5,0,1,0,0,0,1,0,0.0,1.0,0.7071067811865476,-0.7071067811865475
771,9.6,0,1,0,0,0,1,0,0.0,1.0,0.49999999999999994,-0.8660254037844387
796,11.0,0,1,0,0,0,1,0,0.0,1.0,0.258819045102521,-0.9659258262890682
737,10.8,0,1,0,0,0,1,0,0.0,1.0,1.2246467991473532e-16,-1.0
815,10.4,0,1,0,0,0,0,1,0.0,1.0,-0.2588190451025208,-0.9659258262890683
838,11.3,0,1,0,0,0,0,1,0.0,1.0,-0.4999999999999997,-0.8660254037844388
884,11.0,0,1,0,0,0,0,1,0.0,1.0,-0.7071067811865471,-0.7071067811865479
1069,11.3,0,1,0,0,0,0,1,0.0,1.0,-0.8660254037844385,-0.5000000000000004
1274,10.0,0,1,0,0,0,0,1,0.0,1.0,-0.9659258262890683,-0.25881904510252063
1987,9.4,0,1,0,0,0,0,1,0.0,1.0,-1.0,-1.8369701987210297e-16
1377,8.1,0,1,0,0,0,0,1,0.0,1.0,-0.9659258262890684,0.2588190451025203
1026,6.8,0,1,0,0,0,0,1,0.0,1.0,-0.8660254037844386,0.5000000000000001
979,5.7,0,1,0,0,0,0,1,0.0,1.0,-0.7071067811865477,0.7071067811865474
906,5.1,0,1,0,0,0,0,1,0.0,1.0,-0.5000000000000004,0.8660254037844384
658,4.3,0,1,0,0,0,0,1,0.0,1.0,-0.25881904510252157,0.9659258262890681
488,3.4,0,1,0,0,0,0,1,0.7818314824680298,0.6234898018587336,0.0,1.0
440,3.0,0,1,0,0,0,0,1,0.7818314824680298,0.6234898018587336,0.25881904510252074,0.9659258262890683
283,2.1,0,1,0,0,0,0,1,0.7818314824680298,0.6234898018587336,0.49999999999999994,0.8660254037844387
182,1.7,0,1,0,0,0,0,1,0.7818314824680298,0.6234898018587336,0.7071067811865476,0.7071067811865476
150,1.6,0,1,0,0,0,0,1,0.7818314824680298,0.6234898018587336,0.8660254037844386,0.5000000000000001
162,1.1,0,1,0,0,0,0,1,0.7818314824680298,0.6234898018587336,0.9659258262890683,0.25881904510252074
394,0.8,0,1,0,0,0,0,1,0.7818314824680298,0.6234898018587336,1.0,6.123233995736766e-17
1005,1.3,0,1,0,0,0,0,1,0.7818314824680298,0.6234898018587336,0.9659258262890683,-0.25881904510252063
1883,1.4,0,1,0,0,0,0,1,0.7818314824680298,0.6234898018587336,0.8660254037844387,-0.4999999999999998
982,3.7,0,1,0,0,0,1,0,0.7818314824680298,0.6234898018587336,0.7071067811865476,-0.7071067811865475
684,6.1,0,1,0,0,0,1,0,0.7818314824680298,0.6234898018587336,0.49999999999999994,-0.8660254037844387
782,7.5,0,1,0,0,0,1,0,0.7818314824680298,0.6234898018587336,0.258819045102521,-0.9659258262890682
881,8.5,0,1,0,0,0,1,0,0.7818314824680298,0.6234898018587336,1.2246467991473532e-16,-1.0
847,9.8,0,1,0,0,0,1,0,0.7818314824680298,0.6234898018587336,-0.2588190451025208,-0.9659258262890683
903,10.7,0,1,0,0,0,1,0,0.7818314824680298,0.6234898018587336,-0.4999999999999997,-0.8660254037844388
965,10.9,0,1,0,0,0,1,0,0.7818314824680298,0.6234898018587336,-0.7071067811865471,-0.7071067811865479
1110,11.0,0,1,0,0,0,1,0,0.7818314824680298,0.6234898018587336,-0.8660254037844385,-0.5000000000000004
1357,9.9,0,1,0,0,0,0,1,0.7818314824680298,0.6234898018587336,-0.9659258262890683,-0.25881904510252063
2074,8.4,0,1,0,0,0,0,1,0.7818314824680298,0.6234898018587336,-1.0,-1.8369701987210297e-16
1442,8.0,0,1,0,0,0,0,1,0.7818314824680298,0.6234898018587336,-0.9659258262890684,0.2588190451025203
1186,7.6,0,1,0,0,0,0,1,0.7818314824680298,0.6234898018587336,-0.8660254037844386,0.5000000000000001
1147,7.6,0,1,0,0,0,0,1,0.7818314824680298,0.6234898018587336,-0.7071067811865477,0.7071067811865474
948,7.6,0,1,0,0,0,0,1,0.7818314824680298,0.6234898018587336,-0.5000000000000004,0.8660254037844384
527,7.7,0,1,0,0,0,0,1,0.7818314824680298,0.6234898018587336,-0.25881904510252157,0.9659258262890681
294,7.1,0,1,0,0,0,0,1,0.9749279121818236,-0.22252093395631434,0.0,1.0
324,6.6,0,1,0,0,0,0,1,0.9749279121818236,-0.22252093395631434,0.25881904510252074,0.9659258262890683
287,6.4,0,1,0,0,0,0,1,0.9749279121818236,-0.22252093395631434,0.49999999999999994,0.8660254037844387
227,5.6,0,1,0,0,0,0,1,0.9749279121818236,-0.22252093395631434,0.7071067811865476,0.7071067811865476
146,5.0,0,1,0,0,0,0,1,0.9749279121818236,-0.22252093395631434,0.8660254037844386,0.5000000000000001
141,4.1,0,1,0,0,0,0,1,0.9749279121818236,-0.22252093395631434,0.9659258262890683,0.25881904510252074
402,3.6,0,1,0,0,0,0,1,0.9749279121818236,-0.22252093395631434,1.0,6.123233995736766e-17
1060,3.2,0,1,0,0,0,0,1,0.9749279121818236,-0.22252093395631434,0.9659258262890683,-0.25881904510252063
1907,3.7,0,1,0,0,0,0,1,0.9749279121818236,-0.22252093395631434,0.8660254037844387,-0.4999999999999998
996,5.1,0,1,0,0,0,1,0,0.9749279121818236,-0.22252093395631434,0.7071067811865476,-0.7071067811865475
717,7.2,0,1,0,0,0,1,0,0.9749279121818236,-0.22252093395631434,0.49999999999999994,-0.8660254037844387
818,8.7,0,1,0,0,0,1,0,0.9749279121818236,-0.22252093395631434,0.258819045102521,-0.9659258262890682
907,10.0,0,1,0,0,0,1,0,0.9749279121818236,-0.22252093395631434,1.2246467991473532e-16,-1.0
983,11.2,0,1,0,0,0,1,0,0.9749279121818236,-0.22252093395631434,-0.2588190451025208,-0.9659258262890683
963,11.9,0,1,0,0,0,1,0,0.9749279121818236,-0.22252093395631434,-0.4999999999999997,-0.8660254037844388
994,12.0,0,1,0,0,0,1,0,0.9749279121818236,-0.22252093395631434,-0.7071067811865471,-0.7071067811865479
1185,11.8,0,1,0,0,0,1,0,0.9749279121818236,-0.22252093395631434,-0.8660254037844385,-0.5000000000000004
1462,11.3,0,1,0,0,0,0,1,0.9749279121818236,-0.22252093395631434,-0.9659258262890683,-0.25881904510252063
2094,9.4,0,1,0,0,0,0,1,0.9749279121818236,-0.22252093395631434,-1.0,-1.8369701987210297e-16
1507,8.4,0,1,0,0,0,0,1,0.9749279121818236,-0.22252093395631434,-0.9659258262890684,0.2588190451025203
1176,7.6,0,1,0,0,0,0,1,0.9749279121818236,-0.22252093395631434,-0.8660254037844386,0.5000000000000001
1069,7.6,0,1,0,0,0,0,1,0.9749279121818236,-0.22252093395631434,-0.7071067811865477,0.7071067811865474
1088,6.8,0,1,0,0,0,0,1,0.9749279121818236,-0.22252093395631434,-0.5000000000000004,0.8660254037844384
798,6.4,0,1,0,0,0,0,1,0.9749279121818236,-0.22252093395631434,-0.25881904510252157,0.9659258262890681
584,5.7,0,1,0,0,0,0,1,0.43388373911755823,-0.900968867902419,0.0,1.0
524,5.1,0,1,0,0,0,0,1,0.43388373911755823,-0.900968867902419,0.25881904510252074,0.9659258262890683
362,4.4,0,1,0,0,0,0,1,0.43388373911755823,-0.900968867902419,0.49999999999999994,0.8660254037844387
242,4.2,0,1,0,0,0,0,1,0.43388373911755823,-0.900968867902419,0.7071067811865476,0.7071067811865476
147,3.6,0,1,0,0,0,0,1,0.43388373911755823,-0.900968867902419,0.8660254037844386,0.5000000000000001
154,3.3,0,1,0,0,0,0,1,0.43388373911755823,-0.900968867902419,0.9659258262890683,0.25881904510252074
433,2.9,0,1,0,0,0,0,1,0.43388373911755823,-0.900968867902419,1.0,6.123233995736766e-17
1055,2.5,0,1,0,0,0,0,1,0.43388373911755823,-0.900968867902419,0.9659258262890683,-0.25881904510252063
1899,2.8,0,1,0,0,0,0,1,0.43388373911755823,-0.900968867902419,0.8660254037844387,-0.4999999999999998
1011,4.7,0,1,0,0,0,0,1,0.43388373911755823,-0.900968867902419,0.7071067811865476,-0.7071067811865475
696,8.1,0,1,0,0,0,0,1,0.43388373911755823,-0.900968867902419,0.49999999999999994,-0.8660254037844387
852,11.1,0,1,0,0,0,1,0,0.43388373911755823,-0.900968867902419,0.258819045102521,-0.9659258262890682
926,12.6,0,1,0,0,0,1,0,0.43388373911755823,-0.900968867902419,1.2246467991473532e-16,-1.0
968,13.6,0,1,0,0,0,1,0,0.43388373911755823,-0.900968867902419,-0.2588190451025208,-0.9659258262890683
1040,14.9,0,1,0,0,0,1,0,0.43388373911755823,-0.900968867902419,-0.4999999999999997,-0.8660254037844388
1094,14.8,0,1,0,0,0,1,0,0.43388373911755823,-0.900968867902419,-0.7071067811865471,-0.7071067811865479
1206,14.7,0,1,0,0,0,1,0,0.43388373911755823,-0.900968867902419,-0.8660254037844385,-0.5000000000000004
1569,13.7,0,1,0,0,0,0,1,0.43388373911755823,-0.900968867902419,-0.9659258262890683,-0.25881904510252063
2254,11.8,0,1,0,0,0,0,1,0.43388373911755823,-0.900968867902419,-1.0,-1.8369701987210297e-16
1561,10.5,0,1,0,0,0,0,1,0.43388373911755823,-0.900968867902419,-0.9659258262890684,0.2588190451025203
1269,9.9,0,1,0,0,0,0,1,0.43388373911755823,-0.900968867902419,-0.8660254037844386,0.5000000000000001
1197,9.3,0,1,0,0,0,0,1,0.43388373911755823,-0.900968867902419,-0.7071067811865477,0.7071067811865474
1115,8.3,0,1,0,0,0,0,1,0.43388373911755823,-0.900968867902419,-0.5000000000000004,0.8660254037844384
806,7.8,0,1,0,0,0,0,1,0.43388373911755823,-0.900968867902419,-0.25881904510252157,0.9659258262890681
642,7.2,0,1,0,0,0,0,1,-0.433883739117558,-0.9009688679024191,0.0,1.0
560,6.6,0,1,0,0,0,0,1,-0.433883739117558,-0.9009688679024191,0.25881904510252074,0.9659258262890683
369,6.1,0,1,0,0,0,0,1,-0.433883739117558,-0.9009688679024191,0.49999999999999994,0.8660254037844387
251,5.7,0,1,0,0,0,0,1,-0.433883739117558,-0.9009688679024191,0.7071067811865476,0.7071067811865476
166,5.2,0,1,0,0,0,0,1,-0.433883739117558,-0.9009688679024191,0.8660254037844386,0.5000000000000001
153,4.8,0,1,0,0,0,0,1,-0.433883739117558,-0.9009688679024191,0.9659258262890683,0.25881904510252074
403,4.5,0,1,0,0,0,0,1,-0.433883739117558,-0.9009688679024191,1.0,6.123233995736766e-17
1024,4.1,0,1,0,0,0,0,1,-0.433883739117558,-0.9009688679024191,0.9659258262890683,-0.25881904510252063
1906,4.7,0,1,0,0,0,0,1,-0.433883739117558,-0.9009688679024191,0.8660254037844387,-0.4999999999999998
1027,7.0,0,1,0,0,0,0,1,-0.433883739117558,-0.9009688679024191,0.7071067811865476,-0.7071067811865475
751,10.0,0,1,0,0,0,0,1,-0.433883739117558,-0.9009688679024191,0.49999999999999994,-0.8660254037844387
880,12.8,0,1,0,0,0,0,1,-0.433883739117558,-0.9009688679024191,0.258819045102521,-0.9659258262890682
1023,14.9,0,1,0,0,0,0,1,-0.433883739117558,-0.9009688679024191,1.2246467991473532e-16,-1.0
1130,16.5,0,1,0,0,0,0,1,-0.433883739117558,-0.9009688679024191,-0.2588190451025208,-0.9659258262890683
1160,18.0,0,1,0,0,0,1,0,-0.433883739117558,-0.9009688679024191,-0.4999999999999997,-0.8660254037844388
1251,18.6,0,1,0,0,0,1,0,-0.433883739117558,-0.9009688679024191,-0.7071067811865471,-0.7071067811865479
1424,18.8,0,1,0,0,0,1,0,-0.433883739117558,-0.9009688679024191,-0.8660254037844385,-0.5000000000000004
1730,17.0,0,1,0,0,0,0,1,-0.433883739117558,-0.9009688679024191,-0.9659258262890683,-0.25881904510252063
2314,14.6,0,1,0,0,0,0,1,-0.433883739117558,-0.9009688679024191,-1.0,-1.8369701987210297e-16
1568,12.8,0,1,0,0,0,0,1,-0.433883739117558,-0.9009688679024191,-0.9659258262890684,0.2588190451025203
1242,11.7,0,1,0,0,0,0,1,-0.433883739117558,-0.9009688679024191,-0.8660254037844386,0.5000000000000001
1146,10.8,0,1,0,0,0,0,1,-0.433883739117558,-0.9009688679024191,-0.7071067811865477,0.7071067811865474
1106,10.0,0,1,0,0,0,0,1,-0.433883739117558,-0.9009688679024191,-0.5000000000000004,0.8660254037844384
851,9.7,0,1,0,0,0,0,1,-0.433883739117558,-0.9009688679024191,-0.25881904510252157,0.9659258262890681
720,9.1,0,1,0,0,0,0,1,-0.7818314824680299,0.6234898018587334,0.0,1.0
517,8.6,0,1,0,0,0,0,1,-0.7818314824680299,0.6234898018587334,0.25881904510252074,0.9659258262890683
378,8.2,0,1,0,0,0,0,1,-0.7818314824680299,0.6234898018587334,0.49999999999999994,0.8660254037844387
296,7.6,0,1,0,0,0,0,1,-0.7818314824680299,0.6234898018587334,0.7071067811865476,0.7071067811865476
188,6.9,0,1,0,0,0,0,1,-0.7818314824680299,0.6234898018587334,0.8660254037844386,0.5000000000000001
112,6.6,0,1,0,0,0,0,1,-0.7818314824680299,0.6234898018587334,0.9659258262890683,0.25881904510252074
141,6.2,0,1,0,0,0,0,1,-0.7818314824680299,0.6234898018587334,1.0,6.123233995736766e-17
259,5.8,0,1,0,0,0,0,1,-0.7818314824680299,0.6234898018587334,0.9659258262890683,-0.25881904510252063
481,5.7,0,1,0,0,0,0,1,-0.7818314824680299,0.6234898018587334,0.8660254037844387,-0.4999999999999998
632,7.5,0,1,0,0,0,0,1,-0.7818314824680299,0.6234898018587334,0.7071067811865476,-0.7071067811865475
747,11.1,0,1,0,0,0,0,1,-0.7818314824680299,0.6234898018587334,0.49999999999999994,-0.8660254037844387
963,14.8,0,1,0,0,0,0,1,-0.7818314824680299,0.6234898018587334,0.258819045102521,-0.9659258262890682
1145,16.3,0,1,0,0,0,1,0,-0.7818314824680299,0.6234898018587334,1.2246467991473532e-16,-1.0
1355,18.3,0,1,0,0,0,1,0,-0.7818314824680299,0.6234898018587334,-0.2588190451025208,-0.9659258262890683
1511,19.3,0,1,0,0,0,0,1,-0.7818314824680299,0.6234898018587334,-0.4999999999999997,-0.8660254037844388
1579,19.0,0,1,0,0,0,1,0,-0.7818314824680299,0.6234898018587334,-0.7071067811865471,-0.7071067811865479
1690,18.4,0,1,0,0,0,0,1,-0.7818314824680299,0.6234898018587334,-0.8660254037844385,-0.5000000000000004
1596,16.9,0,1,0,0,0,0,1,-0.7818314824680299,0.6234898018587334,-0.9659258262890683,-0.25881904510252063
1335,14.5,0,1,0,0,0,0,1,-0.7818314824680299,0.6234898018587334,-1.0,-1.8369701987210297e-16
1180,12.9,0,1,0,0,0,0,1,-0.7818314824680299,0.6234898018587334,-0.9659258262890684,0.2588190451025203
1077,12.7,0,1,0,0,0,0,1,-0.7818314824680299,0.6234898018587334,-0.8660254037844386,0.5000000000000001
1001,11.8,0,1,0,0,0,0,1,-0.7818314824680299,0.6234898018587334,-0.7071067811865477,0.7071067811865474
912,11.2,0,1,0,0,0,0,1,-0.7818314824680299,0.6234898018587334,-0.5000000000000004,0.8660254037844384
656,10.6,0,1,0,0,0,0,1,-0.7818314824680299,0.6234898018587334,-0.25881904510252157,0.9659258262890681
520,10.1,0,1,0,0,0,0,1,0.0,1.0,0.0,1.0
346,9.3,0,1,0,0,0,0,1,0.0,1.0,0.25881904510252074,0.9659258262890683
206,8.8,0,1,0,0,0,0,1,0.0,1.0,0.49999999999999994,0.8660254037844387
161,8.3,0,1,0,0,0,0,1,0.0,1.0,0.7071067811865476,0.7071067811865476
107,8.0,0,1,0,0,0,0,1,0.0,1.0,0.8660254037844386,0.5000000000000001
166,8.0,0,1,0,0,0,0,1,0.0,1.0,0.9659258262890683,0.25881904510252074
448,7.2,0,1,0,0,0,0,1,0.0,1.0,1.0,6.123233995736766e-17
1115,7.0,0,1,0,0,1,0,0,0.0,1.0,0.9659258262890683,-0.25881904510252063
1975,7.2,0,1,0,0,0,0,1,0.0,1.0,0.8660254037844387,-0.4999999999999998
1005,8.9,0,1,0,0,0,0,1,0.0,1.0,0.7071067811865476,-0.7071067811865475
790,11.8,0,1,0,0,0,0,1,0.0,1.0,0.49999999999999994,-0.8660254037844387
829,13.8,0,1,0,0,0,0,1,0.0,1.0,0.258819045102521,-0.9659258262890682
971,16.4,0,1,0,0,0,0,1,0.0,1.0,1.2246467991473532e-16,-1.0
986,16.8,0,1,0,0,0,0,1,0.0,1.0,-0.2588190451025208,-0.9659258262890683
993,17.5,0,1,0,0,0,0,1,0.0,1.0,-0.4999999999999997,-0.8660254037844388
1100,18.0,0,1,0,0,0,0,1,0.0,1.0,-0.7071067811865471,-0.7071067811865479
1318,16.8,0,1,0,0,0,0,1,0.0,1.0,-0.8660254037844385,-0.5000000000000004
1664,15.7,0,1,0,0,0,0,1,0.0,1.0,-0.9659258262890683,-0.25881904510252063
2357,14.5,0,1,0,0,0,0,1,0.0,1.0,-1.0,-1.8369701987210297e-16
1618,13.2,0,1,0,0,0,0,1,0.0,1.0,-0.9659258262890684,0.2588190451025203
1464,12.7,0,1,0,0,1,0,0,0.0,1.0,-0.8660254037844386,0.5000000000000001
1289,12.2,0,1,0,0,1,0,0,0.0,1.0,-0.7071067811865477,0.7071067811865474
1215,11.6,0,1,0,0,1,0,0,0.0,1.0,-0.5000000000000004,0.8660254037844384
829,10.9,0,1,0,0,1,0,0,0.0,1.0,-0.25881904510252157,0.9659258262890681
639,11.9,0,1,0,0,1,0,0,0.9749279121818236,-0.22252093395631434,0.0,1.0
410,11.9,0,1,0,0,1,0,0,0.9749279121818236,-0.22252093395631434,0.25881904510252074,0.9659258262890683
136,12.0,0,1,0,0,1,0,0,0.9749279121818236,-0.22252093395631434,0.49999999999999994,0.8660254037844387
40,10.8,0,1,0,0,1,0,0,0.9749279121818236,-0.22252093395631434,0.7071067811865476,0.7071067811865476
47,10.6,0,1,0,0,1,0,0,0.9749279121818236,-0.22252093395631434,0.8660254037844386,0.5000000000000001
71,11.1,0,1,0,0,1,0,0,0.9749279121818236,-0.22252093395631434,0.9659258262890683,0.25881904510252074
194,11.0,0,1,0,0,1,0,0,0.9749279121818236,-0.22252093395631434,1.0,6.123233995736766e-17
526,10.8,0,1,0,0,1,0,0,0.9749279121818236,-0.22252093395631434,0.9659258262890683,-0.25881904510252063
1171,11.3,0,1,0,0,1,0,0,0.9749279121818236,-0.22252093395631434,0.8660254037844387,-0.4999999999999998
740,11.2,0,1,0,0,1,0,0,0.9749279121818236,-0.22252093395631434,0.7071067811865476,-0.7071067811865475
555,11.9,0,1,0,0,1,0,0,0.9749279121818236,-0.22252093395631434,0.49999999999999994,-0.8660254037844387
608,12.4,0,1,0,0,0,0,1,0.9749279121818236,-0.22252093395631434,0.258819045102521,-0.9659258262890682
697,13.2,0,1,0,0,0,0,1,0.9749279121818236,-0.22252093395631434,1.2246467991473532e-16,-1.0
798,14.5,0,1,0,0,0,0,1,0.9749279121818236,-0.22252093395631434,-0.2588190451025208,-0.9659258262890683
767,15.5,0,1,0,0,0,0,1,0.9749279121818236,-0.22252093395631434,-0.4999999999999997,-0.8660254037844388
848,15.4,0,1,0,0,0,0,1,0.9749279121818236,-0.22252093395631434,-0.7071067811865471,-0.7071067811865479
834,15.2,0,1,0,0,0,0,1,0.9749279121818236,-0.22252093395631434,-0.8660254037844385,-0.5000000000000004
1115,14.9,0,1,0,0,0,0,1,0.9749279121818236,-0.22252093395631434,-0.9659258262890683,-0.25881904510252063
1347,14.4,0,1,0,0,0,0,1,0.9749279121818236,-0.22252093395631434,-1.0,-1.8369701987210297e-16
1176,13.8,0,1,0,0,0,0,1,0.9749279121818236,-0.22252093395631434,-0.9659258262890684,0.2588190451025203
1062,13.3,0,1,0,0,0,0,1,0.9749279121818236,-0.22252093395631434,-0.8660254037844386,0.5000000000000001
1062,13.5,0,1,0,0,0,0,1,0.9749279121818236,-0.22252093395631434,-0.7071067811865477,0.7071067811865474
1003,13.2,0,1,0,0,0,0,1,0.9749279121818236,-0.22252093395631434,-0.5000000000000004,0.8660254037844384
679,12.9,0,1,0,0,0,0,1,0.9749279121818236,-0.22252093395631434,-0.25881904510252157,0.9659258262890681
395,12.9,0,1,0,0,0,0,1,0.43388373911755823,-0.900968867902419,0.0,1.0
158,11.9,0,1,0,0,0,0,1,0.43388373911755823,-0.900968867902419,0.25881904510252074,0.9659258262890683
122,11.8,0,1,0,0,0,0,1,0.43388373911755823,-0.900968867902419,0.49999999999999994,0.8660254037844387
78,11.8,0,1,0,0,1,0,0,0.43388373911755823,-0.900968867902419,0.7071067811865476,0.7071067811865476
50,10.8,0,1,0,0,0,0,1,0.43388373911755823,-0.900968867902419,0.8660254037844386,0.5000000000000001
49,10.8,0,1,0,0,0,0,1,0.43388373911755823,-0.900968867902419,0.9659258262890683,0.25881904510252074
136,10.6,0,1,0,0,1,0,0,0.43388373911755823,-0.900968867902419,1.0,6.123233995736766e-17
174,10.9,0,1,0,0,0,0,1,0.43388373911755823,-0.900968867902419,0.9659258262890683,-0.25881904510252063
148,10.6,0,1,0,0,0,0,1,0.43388373911755823,-0.900968867902419,0.8660254037844387,-0.4999999999999998
56,10.6,0,1,0,0,1,0,0,0.43388373911755823,-0.900968867902419,0.7071067811865476,-0.7071067811865475
17,10.8,0,1,0,0,0,0,1,0.43388373911755823,-0.900968867902419,0.49999999999999994,-0.8660254037844387
25,10.9,0,1,0,0,0,0,1,0.43388373911755823,-0.900968867902419,0.258819045102521,-0.9659258262890682
17,11.4,0,1,0,0,1,0,0,0.43388373911755823,-0.900968867902419,1.2246467991473532e-16,-1.0
18,11.5,0,1,0,0,1,0,0,0.43388373911755823,-0.900968867902419,-0.2588190451025208,-0.9659258262890683
46,11.3,0,1,0,0,1,0,0,0.43388373911755823,-0.900968867902419,-0.4999999999999997,-0.8660254037844388
56,11.4,0,1,0,0,1,0,0,0.43388373911755823,-0.900968867902419,-0.7071067811865471,-0.7071067811865479
14,11.7,0,1,0,0,0,0,1,0.43388373911755823,-0.900968867902419,-0.8660254037844385,-0.5000000000000004
30,11.9,0,1,0,0,1,0,0,0.43388373911755823,-0.900968867902419,-0.9659258262890683,-0.25881904510252063
40,12.9,0,1,0,0,1,0,0,0.43388373911755823,-0.900968867902419,-1.0,-1.8369701987210297e-16
19,12.8,0,1,0,0,1,0,0,0.43388373911755823,-0.900968867902419,-0.9659258262890684,0.2588190451025203
12,13.9,0,1,0,0,0,0,1,0.43388373911755823,-0.900968867902419,-0.8660254037844386,0.5000000000000001
21,14.0,0,1,0,0,1,0,0,0.43388373911755823,-0.900968867902419,-0.7071067811865477,0.7071067811865474
14,12.4,0,1,0,0,0,0,1,0.43388373911755823,-0.900968867902419,-0.5000000000000004,0.8660254037844384
26,11.5,0,1,0,0,0,0,1,0.43388373911755823,-0.900968867902419,-0.25881904510252157,0.9659258262890681
754,11.3,0,1,0,0,1,0,0,-0.9749279121818236,-0.2225209339563146,0.0,1.0
679,11.2,0,1,0,0,1,0,0,-0.9749279121818236,-0.2225209339563146,0.25881904510252074,0.9659258262890683
568,10.7,0,1,0,0,1,0,0,-0.9749279121818236,-0.2225209339563146,0.49999999999999994,0.8660254037844387
372,10.3,0,1,0,0,1,0,0,-0.9749279121818236,-0.2225209339563146,0.7071067811865476,0.7071067811865476
223,9.5,0,1,0,0,1,0,0,-0.9749279121818236,-0.2225209339563146,0.8660254037844386,0.5000000000000001
137,9.4,0,1,0,0,1,0,0,-0.9749279121818236,-0.2225209339563146,0.9659258262890683,0.25881904510252074
167,9.5,0,1,0,0,1,0,0,-0.9749279121818236,-0.2225209339563146,1.0,6.123233995736766e-17
309,9.5,0,1,0,0,1,0,0,-0.9749279121818236,-0.2225209339563146,0.9659258262890683,-0.25881904510252063
589,9.3,0,1,0,0,1,0,0,-0.9749279121818236,-0.2225209339563146,0.8660254037844387,-0.4999999999999998
628,10.1,0,1,0,0,1,0,0,-0.9749279121818236,-0.2225209339563146,0.7071067811865476,-0.7071067811865475
699,12.2,0,1,0,0,1,0,0,-0.9749279121818236,-0.2225209339563146,0.49999999999999994,-0.8660254037844387
768,13.8,0,1,0,0,1,0,0,-0.9749279121818236,-0.2225209339563146,0.258819045102521,-0.9659258262890682
1034,15.1,0,1,0,0,1,0,0,-0.9749279121818236,-0.2225209339563146,1.2246467991473532e-16,-1.0
1094,15.9,0,1,0,0,0,0,1,-0.9749279121818236,-0.2225209339563146,-0.2588190451025208,-0.9659258262890683
1113,17.1,0,1,0,0,0,0,1,-0.9749279121818236,-0.2225209339563146,-0.4999999999999997,-0.8660254037844388
1229,16.6,0,1,0,0,0,0,1,-0.9749279121818236,-0.2225209339563146,-0.7071067811865471,-0.7071067811865479
1263,16.0,0,1,0,0,0,0,1,-0.9749279121818236,-0.2225209339563146,-0.8660254037844385,-0.5000000000000004
1379,14.8,0,1,0,0,0,0,1,-0.9749279121818236,-0.2225209339563146,-0.9659258262890683,-0.25881904510252063
1226,13.2,0,1,0,0,0,0,1,-0.9749279121818236,-0.2225209339563146,-1.0,-1.8369701987210297e-16
957,12.1,0,1,0,0,1,0,0,-0.9749279121818236,-0.2225209339563146,-0.9659258262890684,0.2588190451025203
877,11.3,0,1,0,0,1,0,0,-0.9749279121818236,-0.2225209339563146,-0.8660254037844386,0.5000000000000001
847,10.8,0,1,0,0,1,0,0,-0.9749279121818236,-0.2225209339563146,-0.7071067811865477,0.7071067811865474
885,10.6,0,1,0,0,1,0,0,-0.9749279121818236,-0.2225209339563146,-0.5000000000000004,0.8660254037844384
676,10.3,0,1,0,0,1,0,0,-0.9749279121818236,-0.2225209339563146,-0.25881904510252157,0.9659258262890681
655,9.4,0,1,0,0,1,0,0,-0.7818314824680299,0.6234898018587334,0.0,1.0
518,8.8,0,1,0,0,1,0,0,-0.7818314824680299,0.6234898018587334,0.25881904510252074,0.9659258262890683
370,7.9,0,1,0,0,1,0,0,-0.7818314824680299,0.6234898018587334,0.49999999999999994,0.8660254037844387
314,7.1,0,1,0,0,1,0,0,-0.7818314824680299,0.6234898018587334,0.7071067811865476,0.7071067811865476
189,6.9,0,1,0,0,1,0,0,-0.7818314824680299,0.6234898018587334,0.8660254037844386,0.5000000000000001
111,6.8,0,1,0,0,1,0,0,-0.7818314824680299,0.6234898018587334,0.9659258262890683,0.25881904510252074
117,6.6,0,1,0,0,1,0,0,-0.7818314824680299,0.6234898018587334,1.0,6.123233995736766e-17
228,6.4,0,1,0,0,1,0,0,-0.7818314824680299,0.6234898018587334,0.9659258262890683,-0.25881904510252063
395,6.3,0,1,0,0,1,0,0,-0.7818314824680299,0.6234898018587334,0.8660254037844387,-0.4999999999999998
574,7.8,0,1,0,0,1,0,0,-0.7818314824680299,0.6234898018587334,0.7071067811865476,-0.7071067811865475
563,10.2,0,1,0,0,1,0,0,-0.7818314824680299,0.6234898018587334,0.49999999999999994,-0.8660254037844387
578,10.7,0,1,0,0,1,0,0,-0.7818314824680299,0.6234898018587334,0.258819045102521,-0.9659258262890682
769,10.6,0,1,0,0,1,0,0,-0.7818314824680299,0.6234898018587334,1.2246467991473532e-16,-1.0
758,9.8,0,1,0,0,1,0,0,-0.7818314824680299,0.6234898018587334,-0.2588190451025208,-0.9659258262890683
810,10.1,0,1,0,0,0,0,1,-0.7818314824680299,0.6234898018587334,-0.4999999999999997,-0.8660254037844388
832,10.2,0,1,0,0,0,0,1,-0.7818314824680299,0.6234898018587334,-0.7071067811865471,-0.7071067811865479
616,9.9,0,1,0,0,0,0,1,-0.7818314824680299,0.6234898018587334,-0.8660254037844385,-0.5000000000000004
660,8.9,0,1,0,0,0,0,1,-0.7818314824680299,0.6234898018587334,-0.9659258262890683,-0.25881904510252063
752,8.9,0,1,0,0,0,0,1,-0.7818314824680299,0.6234898018587334,-1.0,-1.8369701987210297e-16
685,8.7,0,1,0,0,0,0,1,-0.7818314824680299,0.6234898018587334,-0.9659258262890684,0.2588190451025203
711,8.2,0,1,0,0,0,0,1,-0.7818314824680299,0.6234898018587334,-0.8660254037844386,0.5000000000000001
689,8.0,0,1,0,0,0,0,1,-0.7818314824680299,0.6234898018587334,-0.7071067811865477,0.7071067811865474
690,7.0,0,1,0,0,0,0,1,-0.7818314824680299,0.6234898018587334,-0.5000000000000004,0.8660254037844384
554,6.3,0,1,0,0,0,0,1,-0.7818314824680299,0.6234898018587334,-0.25881904510252157,0.9659258262890681
456,5.4,0,1,0,0,0,0,1,0.0,1.0,0.0,1.0
344,5.0,0,1,0,0,0,0,1,0.0,1.0,0.25881904510252074,0.9659258262890683
187,4.8,0,1,0,0,0,0,1,0.0,1.0,0.49999999999999994,0.8660254037844387
122,4.6,0,1,0,0,0,0,1,0.0,1.0,0.7071067811865476,0.7071067811865476
109,4.0,0,1,0,0,0,0,1,0.0,1.0,0.8660254037844386,0.5000000000000001
158,4.0,0,1,0,0,0,0,1,0.0,1.0,0.9659258262890683,0.25881904510252074
419,3.8,0,1,0,0,0,0,1,0.0,1.0,1.0,6.123233995736766e-17
1004,3.4,0,1,0,0,0,0,1,0.0,1.0,0.9659258262890683,-0.25881904510252063
1699,3.3,0,1,0,0,0,0,1,0.0,1.0,0.8660254037844387,-0.4999999999999998
931,5.2,0,1,0,0,0,0,1,0.0,1.0,0.7071067811865476,-0.7071067811865475
683,8.3,0,1,0,0,0,0,1,0.0,1.0,0.49999999999999994,-0.8660254037844387
785,10.3,0,1,0,0,0,1,0,0.0,1.0,0.258819045102521,-0.9659258262890682
888,12.3,0,1,0,0,0,1,0,0.0,1.0,1.2246467991473532e-16,-1.0
889,13.3,0,1,0,0,0,0,1,0.0,1.0,-0.2588190451025208,-0.9659258262890683
886,14.2,0,1,0,0,0,0,1,0.0,1.0,-0.4999999999999997,-0.8660254037844388
1084,13.8,0,1,0,0,0,0,1,0.0,1.0,-0.7071067811865471,-0.7071067811865479
1193,12.9,0,1,0,0,0,0,1,0.0,1.0,-0.8660254037844385,-0.5000000000000004
1472,11.8,0,1,0,0,0,0,1,0.0,1.0,-0.9659258262890683,-0.25881904510252063
2022,10.6,0,1,0,0,0,0,1,0.0,1.0,-1.0,-1.8369701987210297e-16
1466,9.8,0,1,0,0,0,0,1,0.0,1.0,-0.9659258262890684,0.2588190451025203
1292,9.0,0,1,0,0,0,0,1,0.0,1.0,-0.8660254037844386,0.5000000000000001
1189,8.5,0,1,0,0,0,0,1,0.0,1.0,-0.7071067811865477,0.7071067811865474
1023,7.6,0,1,0,0,0,0,1,0.0,1.0,-0.5000000000000004,0.8660254037844384
702,6.9,0,1,0,0,0,0,1,0.0,1.0,-0.25881904510252157,0.9659258262890681
587,6.2,0,1,0,0,0,0,1,0.7818314824680298,0.6234898018587336,0.0,1.0
487,5.6,0,1,0,0,0,0,1,0.7818314824680298,0.6234898018587336,0.25881904510252074,0.9659258262890683
330,5.6,0,1,0,0,0,0,1,0.7818314824680298,0.6234898018587336,0.49999999999999994,0.8660254037844387
205,5.3,0,1,0,0,0,0,1,0.7818314824680298,0.6234898018587336,0.7071067811865476,0.7071067811865476
133,4.9,0,1,0,0,0,0,1,0.7818314824680298,0.6234898018587336,0.8660254037844386,0.5000000000000001
162,4.7,0,1,0,0,0,0,1,0.7818314824680298,0.6234898018587336,0.9659258262890683,0.25881904510252074
402,4.2,0,1,0,0,0,0,1,0.7818314824680298,0.6234898018587336,1.0,6.123233995736766e-17
1066,4.4,0,1,0,0,0,0,1,0.7818314824680298,0.6234898018587336,0.9659258262890683,-0.25881904510252063
1910,4.7,0,1,0,0,0,0,1,0.7818314824680298,0.6234898018587336,0.8660254037844387,-0.4999999999999998
990,6.0,0,1,0,0,0,0,1,0.7818314824680298,0.6234898018587336,0.7071067811865476,-0.7071067811865475
710,9.0,0,1,0,0,0,0,1,0.7818314824680298,0.6234898018587336,0.49999999999999994,-0.8660254037844387
789,11.4,0,1,0,0,0,0,1,0.7818314824680298,0.6234898018587336,0.258819045102521,-0.9659258262890682
890,12.8,0,1,0,0,0,0,1,0.7818314824680298,0.6234898018587336,1.2246467991473532e-16,-1.0
912,13.5,0,1,0,0,0,1,0,0.7818314824680298,0.6234898018587336,-0.2588190451025208,-0.9659258262890683
928,15.0,0,1,0,0,0,1,0,0.7818314824680298,0.6234898018587336,-0.4999999999999997,-0.8660254037844388
980,15.3,0,1,0,0,0,1,0,0.7818314824680298,0.6234898018587336,-0.7071067811865471,-0.7071067811865479
1188,14.2,0,1,0,0,0,1,0,0.7818314824680298,0.6234898018587336,-0.8660254037844385,-0.5000000000000004
1420,12.7,0,1,0,0,0,0,1,0.7818314824680298,0.6234898018587336,-0.9659258262890683,-0.25881904510252063
2159,11.3,0,1,0,0,0,0,1,0.7818314824680298,0.6234898018587336,-1.0,-1.8369701987210297e-16
1529,9.8,0,1,0,0,0,0,1,0.7818314824680298,0.6234898018587336,-0.9659258262890684,0.2588190451025203
1208,9.5,0,1,0,0,0,0,1,0.7818314824680298,0.6234898018587336,-0.8660254037844386,0.5000000000000001
1163,8.5,0,1,0,0,0,0,1,0.7818314824680298,0.6234898018587336,-0.7071067811865477,0.7071067811865474
1126,8.1,0,1,0,0,0,0,1,0.7818314824680298,0.6234898018587336,-0.5000000000000004,0.8660254037844384
718,7.6,0,1,0,0,0,0,1,0.7818314824680298,0.6234898018587336,-0.25881904510252157,0.9659258262890681
612,7.0,0,1,0,0,0,0,1,0.9749279121818236,-0.22252093395631434,0.0,1.0
517,6.5,0,1,0,0,0,0,1,0.9749279121818236,-0.22252093395631434,0.25881904510252074,0.9659258262890683
327,6.2,0,1,0,0,0,0,1,0.9749279121818236,-0.22252093395631434,0.49999999999999994,0.8660254037844387
210,6.1,0,1,0,0,0,0,1,0.9749279121818236,-0.22252093395631434,0.7071067811865476,0.7071067811865476
164,5.6,0,1,0,0,0,0,1,0.9749279121818236,-0.22252093395631434,0.8660254037844386,0.5000000000000001
135,5.3,0,1,0,0,0,0,1,0.9749279121818236,-0.22252093395631434,0.9659258262890683,0.25881904510252074
362,5.1,0,1,0,0,0,0,1,0.9749279121818236,-0.22252093395631434,1.0,6.123233995736766e-17
1047,5.2,0,1,0,0,0,0,1,0.9749279121818236,-0.22252093395631434,0.9659258262890683,-0.25881904510252063
1916,5.0,0,1,0,0,0,0,1,0.9749279121818236,-0.22252093395631434,0.8660254037844387,-0.4999999999999998
1019,7.1,0,1,0,0,0,0,1,0.9749279121818236,-0.22252093395631434,0.7071067811865476,-0.7071067811865475
779,9.6,0,1,0,0,0,1,0,0.9749279121818236,-0.22252093395631434,0.49999999999999994,-0.8660254037844387
892,12.1,0,1,0,0,0,1,0,0.9749279121818236,-0.22252093395631434,0.258819045102521,-0.9659258262890682
963,14.2,0,1,0,0,0,1,0,0.9749279121818236,-0.22252093395631434,1.2246467991473532e-16,-1.0
1028,15.7,0,1,0,0,0,0,1,0.9749279121818236,-0.22252093395631434,-0.2588190451025208,-0.9659258262890683
1001,16.1,0,1,0,0,0,1,0,0.9749279121818236,-0.22252093395631434,-0.4999999999999997,-0.8660254037844388
1063,15.9,0,1,0,0,0,1,0,0.9749279121818236,-0.22252093395631434,-0.7071067811865471,-0.7071067811865479
1137,15.2,0,1,0,0,0,0,1,0.9749279121818236,-0.22252093395631434,-0.8660254037844385,-0.5000000000000004
1532,13.6,0,1,0,0,0,0,1,0.9749279121818236,-0.22252093395631434,-0.9659258262890683,-0.25881904510252063
2200,12.2,0,1,0,0,0,0,1,0.9749279121818236,-0.22252093395631434,-1.0,-1.8369701987210297e-16
1464,11.5,0,1,0,0,0,0,1,0.9749279121818236,-0.22252093395631434,-0.9659258262890684,0.2588190451025203
1269,10.5,0,1,0,0,0,0,1,0.9749279121818236,-0.22252093395631434,-0.8660254037844386,0.5000000000000001
1239,9.8,0,1,0,0,0,0,1,0.9749279121818236,-0.22252093395631434,-0.7071067811865477,0.7071067811865474
1074,8.8,0,1,0,0,0,0,1,0.9749279121818236,-0.22252093395631434,-0.5000000000000004,0.8660254037844384
757,8.4,0,1,0,0,0,0,1,0.9749279121818236,-0.22252093395631434,-0.25881904510252157,0.9659258262890681
610,7.7,0,1,0,0,0,0,1,0.43388373911755823,-0.900968867902419,0.0,1.0
489,7.3,0,1,0,0,0,0,1,0.43388373911755823,-0.900968867902419,0.25881904510252074,0.9659258262890683
313,7.1,0,1,0,0,0,0,1,0.43388373911755823,-0.900968867902419,0.49999999999999994,0.8660254037844387
219,6.5,0,1,0,0,0,0,1,0.43388373911755823,-0.900968867902419,0.7071067811865476,0.7071067811865476
154,6.1,0,1,0,0,0,0,1,0.43388373911755823,-0.900968867902419,0.8660254037844386,0.5000000000000001
172,5.3,0,1,0,0,0,0,1,0.43388373911755823,-0.900968867902419,0.9659258262890683,0.25881904510252074
357,4.9,0,1,0,0,0,0,1,0.43388373911755823,-0.900968867902419,1.0,6.123233995736766e-17
883,4.8,0,1,0,0,0,0,1,0.43388373911755823,-0.900968867902419,0.9659258262890683,-0.25881904510252063
1686,5.3,0,1,0,0,0,0,1,0.43388373911755823,-0.900968867902419,0.8660254037844387,-0.4999999999999998
1300,6.8,0,1,0,0,0,0,1,0.43388373911755823,-0.900968867902419,0.7071067811865476,-0.7071067811865475
782,8.6,0,1,0,0,0,0,1,0.43388373911755823,-0.900968867902419,0.49999999999999994,-0.8660254037844387
770,11.1,0,1,0,0,0,0,1,0.43388373911755823,-0.900968867902419,0.258819045102521,-0.9659258262890682
942,13.8,0,1,0,0,0,0,1,0.43388373911755823,-0.900968867902419,1.2246467991473532e-16,-1.0
883,15.1,0,1,0,0,0,0,1,0.43388373911755823,-0.900968867902419,-0.2588190451025208,-0.9659258262890683
899,15.1,0,1,0,0,0,0,1,0.43388373911755823,-0.900968867902419,-0.4999999999999997,-0.8660254037844388
971,16.1,0,1,0,0,0,0,1,0.43388373911755823,-0.900968867902419,-0.7071067811865471,-0.7071067811865479
1123,15.4,0,1,0,0,0,0,1,0.43388373911755823,-0.900968867902419,-0.8660254037844385,-0.5000000000000004
1416,13.7,0,1,0,0,0,0,1,0.43388373911755823,-0.900968867902419,-0.9659258262890683,-0.25881904510252063
2034,12.1,0,1,0,0,0,0,1,0.43388373911755823,-0.900968867902419,-1.0,-1.8369701987210297e-16
1448,11.2,0,1,0,0,0,0,1,0.43388373911755823,-0.900968867902419,-0.9659258262890684,0.2588190451025203
1146,9.5,0,1,0,0,0,0,1,0.43388373911755823,-0.900968867902419,-0.8660254037844386,0.5000000000000001
1123,9.6,0,1,0,0,0,0,1,0.43388373911755823,-0.900968867902419,-0.7071067811865477,0.7071067811865474
1061,8.7,0,1,0,0,0,0,1,0.43388373911755823,-0.900968867902419,-0.5000000000000004,0.8660254037844384
721,8.1,0,1,0,0,0,0,1,0.43388373911755823,-0.900968867902419,-0.25881904510252157,0.9659258262890681
683,7.8,0,1,0,0,0,0,1,-0.433883739117558,-0.9009688679024191,0.0,1.0
520,7.8,0,1,0,0,0,0,1,-0.433883739117558,-0.9009688679024191,0.25881904510252074,0.9659258262890683
376,7.7,0,1,0,0,0,0,1,-0.433883739117558,-0.9009688679024191,0.49999999999999994,0.8660254037844387
262,7.4,0,1,0,0,0,0,1,-0.433883739117558,-0.9009688679024191,0.7071067811865476,0.7071067811865476
171,7.1,0,1,0,0,0,0,1,-0.433883739117558,-0.9009688679024191,0.8660254037844386,0.5000000000000001
151,6.9,0,1,0,0,0,0,1,-0.433883739117558,-0.9009688679024191,0.9659258262890683,0.25881904510252074
412,7.1,0,1,0,0,0,0,1,-0.433883739117558,-0.9009688679024191,1.0,6.123233995736766e-17
939,6.6,0,1,0,0,0,0,1,-0.433883739117558,-0.9009688679024191,0.9659258262890683,-0.25881904510252063
1692,7.0,0,1,0,0,0,0,1,-0.433883739117558,-0.9009688679024191,0.8660254037844387,-0.4999999999999998
991,8.2,0,1,0,0,0,0,1,-0.433883739117558,-0.9009688679024191,0.7071067811865476,-0.7071067811865475
699,9.4,0,1,0,0,0,0,1,-0.433883739117558,-0.9009688679024191,0.49999999999999994,-0.8660254037844387
834,11.9,0,1,0,0,0,0,1,-0.433883739117558,-0.9009688679024191,0.258819045102521,-0.9659258262890682
886,13.4,0,1,0,0,0,0,1,-0.433883739117558,-0.9009688679024191,1.2246467991473532e-16,-1.0
920,14.4,0,1,0,0,0,0,1,-0.433883739117558,-0.9009688679024191,-0.2588190451025208,-0.9659258262890683
915,13.3,0,1,0,0,0,0,1,-0.433883739117558,-0.9009688679024191,-0.4999999999999997,-0.8660254037844388
995,13.2,0,1,0,0,0,0,1,-0.433883739117558,-0.9009688679024191,-0.7071067811865471,-0.7071067811865479
1126,11.8,0,1,0,0,0,0,1,-0.433883739117558,-0.9009688679024191,-0.8660254037844385,-0.5000000000000004
1346,11.0,0,1,0,0,0,0,1,-0.433883739117558,-0.9009688679024191,-0.9659258262890683,-0.25881904510252063
1956,9.9,0,1,0,0,1,0,0,-0.433883739117558,-0.9009688679024191,-1.0,-1.8369701987210297e-16
1303,8.7,0,1,0,0,1,0,0,-0.433883739117558,-0.9009688679024191,-0.9659258262890684,0.2588190451025203
995,7.6,0,1,0,0,0,0,1,-0.433883739117558,-0.9009688679024191,-0.8660254037844386,0.5000000000000001
907,6.8,0,1,0,0,0,0,1,-0.433883739117558,-0.9009688679024191,-0.7071067811865477,0.7071067811865474
894,6.2,0,1,0,0,0,0,1,-0.433883739117558,-0.9009688679024191,-0.5000000000000004,0.8660254037844384
687,5.0,0,1,0,0,0,0,1,-0.433883739117558,-0.9009688679024191,-0.25881904510252157,0.9659258262890681
626,4.2,0,1,0,0,0,0,1,-0.9749279121818236,-0.2225209339563146,0.0,1.0
597,3.4,0,1,0,0,0,0,1,-0.9749279121818236,-0.2225209339563146,0.25881904510252074,0.9659258262890683
456,2.9,0,1,0,0,0,0,1,-0.9749279121818236,-0.2225209339563146,0.49999999999999994,0.8660254037844387
288,2.5,0,1,0,0,0,0,1,-0.9749279121818236,-0.2225209339563146,0.7071067811865476,0.7071067811865476
195,1.7,0,1,0,0,0,0,1,-0.9749279121818236,-0.2225209339563146,0.8660254037844386,0.5000000000000001
129,1.1,0,1,0,0,0,0,1,-0.9749279121818236,-0.2225209339563146,0.9659258262890683,0.25881904510252074
151,1.0,0,1,0,0,0,0,1,-0.9749279121818236,-0.2225209339563146,1.0,6.123233995736766e-17
315,0.8,0,1,0,0,0,0,1,-0.9749279121818236,-0.2225209339563146,0.9659258262890683,-0.25881904510252063
530,0.7,0,1,0,0,0,0,1,-0.9749279121818236,-0.2225209339563146,0.8660254037844387,-0.4999999999999998
644,2.2,0,1,0,0,0,0,1,-0.9749279121818236,-0.2225209339563146,0.7071067811865476,-0.7071067811865475
733,4.7,0,1,0,0,0,1,0,-0.9749279121818236,-0.2225209339563146,0.49999999999999994,-0.8660254037844387
830,7.8,0,1,0,0,0,0,1,-0.9749279121818236,-0.2225209339563146,0.258819045102521,-0.9659258262890682
994,9.1,0,1,0,0,0,1,0,-0.9749279121818236,-0.2225209339563146,1.2246467991473532e-16,-1.0
1037,10.9,0,1,0,0,0,1,0,-0.9749279121818236,-0.2225209339563146,-0.2588190451025208,-0.9659258262890683
969,9.7,0,1,0,0,0,0,1,-0.9749279121818236,-0.2225209339563146,-0.4999999999999997,-0.8660254037844388
1018,8.9,0,1,0,0,0,0,1,-0.9749279121818236,-0.2225209339563146,-0.7071067811865471,-0.7071067811865479
974,8.3,0,1,0,0,0,0,1,-0.9749279121818236,-0.2225209339563146,-0.8660254037844385,-0.5000000000000004
1031,7.7,0,1,0,0,0,0,1,-0.9749279121818236,-0.2225209339563146,-0.9659258262890683,-0.25881904510252063
877,7.1,0,1,0,0,0,0,1,-0.9749279121818236,-0.2225209339563146,-1.0,-1.8369701987210297e-16
735,6.0,0,1,0,0,0,0,1,-0.9749279121818236,-0.2225209339563146,-0.9659258262890684,0.2588190451025203
644,5.4,0,1,0,0,0,0,1,-0.9749279121818236,-0.2225209339563146,-0.8660254037844386,0.5000000000000001
685,5.0,0,1,0,0,0,0,1,-0.9749279121818236,-0.2225209339563146,-0.7071067811865477,0.7071067811865474
655,4.4,0,1,0,0,0,0,1,-0.9749279121818236,-0.2225209339563146,-0.5000000000000004,0.8660254037844384
576,4.1,0,1,0,0,0,0,1,-0.9749279121818236,-0.2225209339563146,-0.25881904510252157,0.9659258262890681
592,3.6,0,1,0,0,0,0,1,-0.7818314824680299,0.6234898018587334,0.0,1.0
443,3.2,0,1,0,0,0,0,1,-0.7818314824680299,0.6234898018587334,0.25881904510252074,0.9659258262890683
335,2.9,0,1,0,0,0,0,1,-0.7818314824680299,0.6234898018587334,0.49999999999999994,0.8660254037844387
258,2.5,0,1,0,0,0,0,1,-0.7818314824680299,0.6234898018587334,0.7071067811865476,0.7071067811865476
165,2.5,0,1,0,0,0,0,1,-0.7818314824680299,0.6234898018587334,0.8660254037844386,0.5000000000000001
92,2.3,0,1,0,0,0,0,1,-0.7818314824680299,0.6234898018587334,0.9659258262890683,0.25881904510252074
114,1.9,0,1,0,0,0,0,1,-0.7818314824680299,0.6234898018587334,1.0,6.123233995736766e-17
191,2.1,0,1,0,0,0,0,1,-0.7818314824680299,0.6234898018587334,0.9659258262890683,-0.25881904510252063
371,2.6,0,1,0,0,0,0,1,-0.7818314824680299,0.6234898018587334,0.8660254037844387,-0.4999999999999998
457,3.5,0,1,0,0,0,0,1,-0.7818314824680299,0.6234898018587334,0.7071067811865476,-0.7071067811865475
583,4.8,0,1,0,0,0,0,1,-0.7818314824680299,0.6234898018587334,0.49999999999999994,-0.8660254037844387
645,7.6,0,1,0,0,0,1,0,-0.7818314824680299,0.6234898018587334,0.258819045102521,-0.9659258262890682
776,9.2,0,1,0,0,0,1,0,-0.7818314824680299,0.6234898018587334,1.2246467991473532e-16,-1.0
905,9.9,0,1,0,0,0,1,0,-0.7818314824680299,0.6234898018587334,-0.2588190451025208,-0.9659258262890683
1054,10.1,0,1,0,0,0,1,0,-0.7818314824680299,0.6234898018587334,-0.4999999999999997,-0.8660254037844388
1047,9.6,0,1,0,0,0,0,1,-0.7818314824680299,0.6234898018587334,-0.7071067811865471,-0.7071067811865479
1026,9.4,0,1,0,0,0,0,1,-0.7818314824680299,0.6234898018587334,-0.8660254037844385,-0.5000000000000004
1039,8.7,0,1,0,0,0,0,1,-0.7818314824680299,0.6234898018587334,-0.9659258262890683,-0.25881904510252063
902,8.4,0,1,0,0,0,0,1,-0.7818314824680299,0.6234898018587334,-1.0,-1.8369701987210297e-16
759,7.9,0,1,0,0,0,0,1,-0.7818314824680299,0.6234898018587334,-0.9659258262890684,0.2588190451025203
719,7.4,0,1,0,0,0,0,1,-0.7818314824680299,0.6234898018587334,-0.8660254037844386,0.5000000000000001
682,7.1,0,1,0,0,0,0,1,-0.7818314824680299,0.6234898018587334,-0.7071067811865477,0.7071067811865474
632,6.8,0,1,0,0,0,0,1,-0.7818314824680299,0.6234898018587334,-0.5000000000000004,0.8660254037844384
532,7.0,0,1,0,0,0,0,1,-0.7818314824680299,0.6234898018587334,-0.25881904510252157,0.9659258262890681
457,6.8,0,1,0,0,0,0,1,0.0,1.0,0.0,1.0
277,5.9,0,1,0,0,0,0,1,0.0,1.0,0.25881904510252074,0.9659258262890683
190,5.4,0,1,0,0,0,0,1,0.0,1.0,0.49999999999999994,0.8660254037844387
133,4.8,0,1,0,0,0,0,1,0.0,1.0,0.7071067811865476,0.7071067811865476
88,4.5,0,1,0,0,0,0,1,0.0,1.0,0.8660254037844386,0.5000000000000001
167,4.1,0,1,0,0,0,0,1,0.0,1.0,0.9659258262890683,0.25881904510252074
418,3.8,0,1,0,0,0,0,1,0.0,1.0,1.0,6.123233995736766e-17
991,3.4,0,1,0,0,0,0,1,0.0,1.0,0.9659258262890683,-0.25881904510252063
1751,3.5,0,1,0,0,0,0,1,0.0,1.0,0.8660254037844387,-0.4999999999999998
889,4.6,0,1,0,0,0,0,1,0.0,1.0,0.7071067811865476,-0.7071067811865475
651,7.5,0,1,0,0,0,0,1,0.0,1.0,0.49999999999999994,-0.8660254037844387
745,9.8,0,1,0,0,0,0,1,0.0,1.0,0.258819045102521,-0.9659258262890682
785,10.3,0,1,0,0,0,0,1,0.0,1.0,1.2246467991473532e-16,-1.0
785,10.8,0,1,0,0,0,0,1,0.0,1.0,-0.2588190451025208,-0.9659258262890683
793,10.6,0,1,0,0,0,0,1,0.0,1.0,-0.4999999999999997,-0.8660254037844388
839,11.1,0,1,0,0,0,0,1,0.0,1.0,-0.7071067811865471,-0.7071067811865479
968,9.7,0,1,0,0,0,0,1,0.0,1.0,-0.8660254037844385,-0.5000000000000004
1233,8.7,0,1,0,0,0,0,1,0.0,1.0,-0.9659258262890683,-0.25881904510252063
1904,7.5,0,1,0,0,0,0,1,0.0,1.0,-1.0,-1.8369701987210297e-16
1304,6.8,0,1,0,0,0,0,1,0.0,1.0,-0.9659258262890684,0.2588190451025203
1030,6.0,0,1,0,0,0,0,1,0.0,1.0,-0.8660254037844386,0.5000000000000001
1019,5.8,0,1,0,0,0,0,1,0.0,1.0,-0.7071067811865477,0.7071067811865474
910,5.3,0,1,0,0,0,0,1,0.0,1.0,-0.5000000000000004,0.8660254037844384
629,4.2,0,1,0,0,0,0,1,0.0,1.0,-0.25881904510252157,0.9659258262890681
478,3.8,0,1,0,0,0,0,1,0.7818314824680298,0.6234898018587336,0.0,1.0
422,2.9,0,1,0,0,0,0,1,0.7818314824680298,0.6234898018587336,0.25881904510252074,0.9659258262890683
286,2.6,0,1,0,0,0,0,1,0.7818314824680298,0.6234898018587336,0.49999999999999994,0.8660254037844387
202,1.6,0,1,0,0,0,0,1,0.7818314824680298,0.6234898018587336,0.7071067811865476,0.7071067811865476
119,1.3,0,1,0,0,0,0,1,0.7818314824680298,0.6234898018587336,0.8660254037844386,0.5000000000000001
141,0.7,0,1,0,0,0,0,1,0.7818314824680298,0.6234898018587336,0.9659258262890683,0.25881904510252074
369,0.7,0,1,0,0,0,0,1,0.7818314824680298,0.6234898018587336,1.0,6.123233995736766e-17
934,0.5,0,1,0,0,0,0,1,0.7818314824680298,0.6234898018587336,0.9659258262890683,-0.25881904510252063
1818,0.3,0,1,0,0,0,0,1,0.7818314824680298,0.6234898018587336,0.8660254037844387,-0.4999999999999998
955,2.3,0,1,0,0,0,0,1,0.7818314824680298,0.6234898018587336,0.7071067811865476,-0.7071067811865475
659,5.1,0,1,0,0,0,1,0,0.7818314824680298,0.6234898018587336,0.49999999999999994,-0.8660254037844387
699,7.5,0,1,0,0,0,1,0,0.7818314824680298,0.6234898018587336,0.258819045102521,-0.9659258262890682
788,10.1,0,1,0,0,0,1,0,0.7818314824680298,0.6234898018587336,1.2246467991473532e-16,-1.0
798,11.6,0,1,0,0,0,1,0,0.7818314824680298,0.6234898018587336,-0.2588190451025208,-0.9659258262890683
790,12.3,0,1,0,0,0,1,0,0.7818314824680298,0.6234898018587336,-0.4999999999999997,-0.8660254037844388
861,11.9,0,1,0,0,0,0,1,0.7818314824680298,0.6234898018587336,-0.7071067811865471,-0.7071067811865479
967,11.3,0,1,0,0,0,0,1,0.7818314824680298,0.6234898018587336,-0.8660254037844385,-0.5000000000000004
1269,9.8,0,1,0,0,0,0,1,0.7818314824680298,0.6234898018587336,-0.9659258262890683,-0.25881904510252063
1857,9.1,0,1,0,0,0,0,1,0.7818314824680298,0.6234898018587336,-1.0,-1.8369701987210297e-16
1317,8.7,0,1,0,0,0,0,1,0.7818314824680298,0.6234898018587336,-0.9659258262890684,0.2588190451025203
1078,8.5,0,1,0,0,0,0,1,0.7818314824680298,0.6234898018587336,-0.8660254037844386,0.5000000000000001
1020,8.8,0,1,0,0,0,0,1,0.7818314824680298,0.6234898018587336,-0.7071067811865477,0.7071067811865474
922,8.9,0,1,0,0,0,0,1,0.7818314824680298,0.6234898018587336,-0.5000000000000004,0.8660254037844384
378,9.3,0,1,0,0,0,0,1,0.7818314824680298,0.6234898018587336,-0.25881904510252157,0.9659258262890681
119,7.2,0,1,0,0,1,0,0,0.9749279121818236,-0.22252093395631434,0.0,1.0
159,6.9,0,1,0,0,0,0,1,0.9749279121818236,-0.22252093395631434,0.25881904510252074,0.9659258262890683
129,6.9,0,1,0,0,0,0,1,0.9749279121818236,-0.22252093395631434,0.49999999999999994,0.8660254037844387
112,6.5,0,1,0,0,1,0,0,0.9749279121818236,-0.22252093395631434,0.7071067811865476,0.7071067811865476
97,6.7,0,1,0,0,0,0,1,0.9749279121818236,-0.22252093395631434,0.8660254037844386,0.5000000000000001
118,6.8,0,1,0,0,0,0,1,0.9749279121818236,-0.22252093395631434,0.9659258262890683,0.25881904510252074
299,6.7,0,1,0,0,0,0,1,0.9749279121818236,-0.22252093395631434,1.0,6.123233995736766e-17
788,6.5,0,1,0,0,0,0,1,0.9749279121818236,-0.22252093395631434,0.9659258262890683,-0.25881904510252063
1622,6.4,0,1,0,0,1,0,0,0.9749279121818236,-0.22252093395631434,0.8660254037844387,-0.4999999999999998
867,6.4,0,1,0,0,0,0,1,0.9749279121818236,-0.22252093395631434,0.7071067811865476,-0.7071067811865475
611,6.9,0,1,0,0,0,0,1,0.9749279121818236,-0.22252093395631434,0.49999999999999994,-0.8660254037844387
649,7.4,0,1,0,0,0,0,1,0.9749279121818236,-0.22252093395631434,0.258819045102521,-0.9659258262890682
697,7.7,0,1,0,0,0,0,1,0.9749279121818236,-0.22252093395631434,1.2246467991473532e-16,-1.0
623,8.0,0,1,0,0,0,0,1,0.9749279121818236,-0.22252093395631434,-0.2588190451025208,-0.9659258262890683
474,6.7,0,1,0,0,0,0,1,0.9749279121818236,-0.22252093395631434,-0.4999999999999997,-0.8660254037844388
550,5.7,0,1,0,0,0,0,1,0.9749279121818236,-0.22252093395631434,-0.7071067811865471,-0.7071067811865479
755,6.1,0,1,0,0,0,0,1,0.9749279121818236,-0.22252093395631434,-0.8660254037844385,-0.5000000000000004
1101,5.7,0,1,0,0,0,0,1,0.9749279121818236,-0.22252093395631434,-0.9659258262890683,-0.25881904510252063
1679,5.4,0,1,0,0,0,0,1,0.9749279121818236,-0.22252093395631434,-1.0,-1.8369701987210297e-16
1113,5.1,0,1,0,0,0,0,1,0.9749279121818236,-0.22252093395631434,-0.9659258262890684,0.2588190451025203
936,5.1,0,1,0,0,0,0,1,0.9749279121818236,-0.22252093395631434,-0.8660254037844386,0.5000000000000001
838,4.6,0,1,0,0,0,0,1,0.9749279121818236,-0.22252093395631434,-0.7071067811865477,0.7071067811865474
825,4.6,0,1,0,0,0,0,1,0.9749279121818236,-0.22252093395631434,-0.5000000000000004,0.8660254037844384
571,3.9,0,1,0,0,0,0,1,0.9749279121818236,-0.22252093395631434,-0.25881904510252157,0.9659258262890681
443,3.1,0,1,0,0,0,0,1,0.43388373911755823,-0.900968867902419,0.0,1.0
382,2.1,0,1,0,0,0,0,1,0.43388373911755823,-0.900968867902419,0.25881904510252074,0.9659258262890683
271,1.3,0,1,0,0,0,0,1,0.43388373911755823,-0.900968867902419,0.49999999999999994,0.8660254037844387
164,0.6,0,1,0,0,0,0,1,0.43388373911755823,-0.900968867902419,0.7071067811865476,0.7071067811865476
121,0.5,0,1,0,0,0,0,1,0.43388373911755823,-0.900968867902419,0.8660254037844386,0.5000000000000001
133,-0.4,0,1,0,0,0,0,1,0.43388373911755823,-0.900968867902419,0.9659258262890683,0.25881904510252074
332,-1.0,0,1,0,0,0,0,1,0.43388373911755823,-0.900968867902419,1.0,6.123233995736766e-17
848,-1.0,0,1,0,0,0,0,1,0.43388373911755823,-0.900968867902419,0.9659258262890683,-0.25881904510252063
1671,-1.2,0,1,0,0,0,0,1,0.43388373911755823,-0.900968867902419,0.8660254037844387,-0.4999999999999998
883,0.2,0,1,0,0,0,0,1,0.43388373911755823,-0.900968867902419,0.7071067811865476,-0.7071067811865475
603,2.9,0,1,0,0,0,1,0,0.43388373911755823,-0.900968867902419,0.49999999999999994,-0.8660254037844387
644,5.1,0,1,0,0,0,0,1,0.43388373911755823,-0.900968867902419,0.258819045102521,-0.9659258262890682
717,5.9,0,1,0,0,0,1,0,0.43388373911755823,-0.900968867902419,1.2246467991473532e-16,-1.0
678,6.5,0,1,0,0,0,1,0,0.43388373911755823,-0.900968867902419,-0.2588190451025208,-0.9659258262890683
692,6.7,0,1,0,0,0,0,1,0.43388373911755823,-0.900968867902419,-0.4999999999999997,-0.8660254037844388
716,6.9,0,1,0,0,0,1,0,0.43388373911755823,-0.900968867902419,-0.7071067811865471,-0.7071067811865479
759,5.9,0,1,0,0,0,0,1,0.43388373911755823,-0.900968867902419,-0.8660254037844385,-0.5000000000000004
1101,4.9,0,1,0,0,0,0,1,0.43388373911755823,-0.900968867902419,-0.9659258262890683,-0.25881904510252063
1591,4.1,0,1,0,0,0,0,1,0.43388373911755823,-0.900968867902419,-1.0,-1.8369701987210297e-16
1032,3.6,0,1,0,0,0,0,1,0.43388373911755823,-0.900968867902419,-0.9659258262890684,0.2588190451025203
777,3.1,0,1,0,0,0,0,1,0.43388373911755823,-0.900968867902419,-0.8660254037844386,0.5000000000000001
759,2.2,0,1,0,0,0,0,1,0.43388373911755823,-0.900968867902419,-0.7071067811865477,0.7071067811865474
691,1.1,0,1,0,0,0,0,1,0.43388373911755823,-0.900968867902419,-0.5000000000000004,0.8660254037844384
488,0.4,0,1,0,0,0,0,1,0.43388373911755823,-0.900968867902419,-0.25881904510252157,0.9659258262890681
470,-0.3,0,1,0,0,0,0,1,-0.433883739117558,-0.9009688679024191,0.0,1.0
401,-0.6,0,1,0,0,0,0,1,-0.433883739117558,-0.9009688679024191,0.25881904510252074,0.9659258262890683
279,-1.0,0,1,0,0,0,0,1,-0.433883739117558,-0.9009688679024191,0.49999999999999994,0.8660254037844387
191,-1.2,0,1,0,0,0,0,1,-0.433883739117558,-0.9009688679024191,0.7071067811865476,0.7071067811865476
109,-2.0,0,1,0,0,0,0,1,-0.433883739117558,-0.9009688679024191,0.8660254037844386,0.5000000000000001
129,-2.4,0,1,0,0,0,0,1,-0.433883739117558,-0.9009688679024191,0.9659258262890683,0.25881904510252074
339,-2.6,0,1,0,0,0,0,1,-0.433883739117558,-0.9009688679024191,1.0,6.123233995736766e-17
727,-2.8,0,1,0,0,0,0,1,-0.433883739117558,-0.9009688679024191,0.9659258262890683,-0.25881904510252063
1516,-3.0,0,1,0,0,0,0,1,-0.433883739117558,-0.9009688679024191,0.8660254037844387,-0.4999999999999998
800,-1.5,0,1,0,0,0,0,1,-0.433883739117558,-0.9009688679024191,0.7071067811865476,-0.7071067811865475
582,1.3,0,1,0,0,0,1,0,-0.433883739117558,-0.9009688679024191,0.49999999999999994,-0.8660254037844387
635,4.3,0,1,0,0,0,1,0,-0.433883739117558,-0.9009688679024191,0.258819045102521,-0.9659258262890682
664,5.5,0,1,0,0,0,1,0,-0.433883739117558,-0.9009688679024191,1.2246467991473532e-16,-1.0
731,6.5,0,1,0,0,0,1,0,-0.433883739117558,-0.9009688679024191,-0.2588190451025208,-0.9659258262890683
719,6.3,0,1,0,0,0,1,0,-0.433883739117558,-0.9009688679024191,-0.4999999999999997,-0.8660254037844388
752,6.4,0,1,0,0,0,1,0,-0.433883739117558,-0.9009688679024191,-0.7071067811865471,-0.7071067811865479
891,6.3,0,1,0,0,0,0,1,-0.433883739117558,-0.9009688679024191,-0.8660254037844385,-0.5000000000000004
1101,5.4,0,1,0,0,0,0,1,-0.433883739117558,-0.9009688679024191,-0.9659258262890683,-0.25881904510252063
1548,3.9,0,1,0,0,0,0,1,-0.433883739117558,-0.9009688679024191,-1.0,-1.8369701987210297e-16
1007,2.9,0,1,0,0,0,0,1,-0.433883739117558,-0.9009688679024191,-0.9659258262890684,0.2588190451025203
767,2.7,0,1,0,0,0,0,1,-0.433883739117558,-0.9009688679024191,-0.8660254037844386,0.5000000000000001
679,2.2,0,1,0,0,0,0,1,-0.433883739117558,-0.9009688679024191,-0.7071067811865477,0.7071067811865474
729,2.0,0,1,0,0,0,0,1,-0.433883739117558,-0.9009688679024191,-0.5000000000000004,0.8660254037844384
548,2.1,0,1,0,0,0,0,1,-0.433883739117558,-0.9009688679024191,-0.25881904510252157,0.9659258262890681
499,2.4,0,1,0,0,0,0,1,-0.9749279121818236,-0.2225209339563146,0.0,1.0
507,2.4,0,1,0,0,0,0,1,-0.9749279121818236,-0.2225209339563146,0.25881904510252074,0.9659258262890683
335,2.5,0,1,0,0,0,0,1,-0.9749279121818236,-0.2225209339563146,0.49999999999999994,0.8660254037844387
272,2.8,0,1,0,0,0,0,1,-0.9749279121818236,-0.2225209339563146,0.7071067811865476,0.7071067811865476
151,3.0,0,1,0,0,0,0,1,-0.9749279121818236,-0.2225209339563146,0.8660254037844386,0.5000000000000001
95,3.2,0,1,0,0,0,0,1,-0.9749279121818236,-0.2225209339563146,0.9659258262890683,0.25881904510252074
79,3.7,0,1,0,0,0,0,1,-0.9749279121818236,-0.2225209339563146,1.0,6.123233995736766e-17
30,1.2,0,1,0,0,1,0,0,-0.9749279121818236,-0.2225209339563146,0.9659258262890683,-0.25881904510252063
33,0.4,0,1,0,0,1,0,0,-0.9749279121818236,-0.2225209339563146,0.8660254037844387,-0.4999999999999998
24,0.3,0,1,0,0,1,0,0,-0.9749279121818236,-0.2225209339563146,0.7071067811865476,-0.7071067811865475
62,0.4,0,1,0,0,1,0,0,-0.9749279121818236,-0.2225209339563146,0.49999999999999994,-0.8660254037844387
114,1.2,0,1,0,0,1,0,0,-0.9749279121818236,-0.2225209339563146,0.258819045102521,-0.9659258262890682
167,2.5,0,1,0,0,1,0,0,-0.9749279121818236,-0.2225209339563146,1.2246467991473532e-16,-1.0
241,2.6,0,1,0,0,1,0,0,-0.9749279121818236,-0.2225209339563146,-0.2588190451025208,-0.9659258262890683
298,3.0,0,1,0,0,1,0,0,-0.9749279121818236,-0.2225209339563146,-0.4999999999999997,-0.8660254037844388
330,3.7,0,1,0,0,1,0,0,-0.9749279121818236,-0.2225209339563146,-0.7071067811865471,-0.7071067811865479
436,3.5,0,1,0,0,1,0,0,-0.9749279121818236,-0.2225209339563146,-0.8660254037844385,-0.5000000000000004
435,2.9,0,1,0,0,1,0,0,-0.9749279121818236,-0.2225209339563146,-0.9659258262890683,-0.25881904510252063
426,2.6,0,1,0,0,1,0,0,-0.9749279121818236,-0.2225209339563146,-1.0,-1.8369701987210297e-16
420,2.6,0,1,0,0,1,0,0,-0.9749279121818236,-0.2225209339563146,-0.9659258262890684,0.2588190451025203
349,2.6,0,1,0,0,1,0,0,-0.9749279121818236,-0.2225209339563146,-0.8660254037844386,0.5000000000000001
392,2.6,0,1,0,0,1,0,0,-0.9749279121818236,-0.2225209339563146,-0.7071067811865477,0.7071067811865474
396,2.7,0,1,0,0,1,0,0,-0.9749279121818236,-0.2225209339563146,-0.5000000000000004,0.8660254037844384
386,2.8,0,1,0,0,1,0,0,-0.9749279121818236,-0.2225209339563146,-0.25881904510252157,0.9659258262890681
420,2.7,0,1,0,0,1,0,0,-0.7818314824680299,0.6234898018587334,0.0,1.0
370,2.7,0,1,0,0,1,0,0,-0.7818314824680299,0.6234898018587334,0.25881904510252074,0.9659258262890683
285,2.8,0,1,0,0,1,0,0,-0.7818314824680299,0.6234898018587334,0.49999999999999994,0.8660254037844387
184,2.6,0,1,0,0,1,0,0,-0.7818314824680299,0.6234898018587334,0.7071067811865476,0.7071067811865476
138,2.4,0,1,0,0,1,0,0,-0.7818314824680299,0.6234898018587334,0.8660254037844386,0.5000000000000001
88,2.1,0,1,0,0,1,0,0,-0.7818314824680299,0.6234898018587334,0.9659258262890683,0.25881904510252074
75,1.7,0,1,0,0,1,0,0,-0.7818314824680299,0.6234898018587334,1.0,6.123233995736766e-17
142,1.3,0,1,0,0,1,0,0,-0.7818314824680299,0.6234898018587334,0.9659258262890683,-0.25881904510252063
250,1.4,0,1,0,0,1,0,0,-0.7818314824680299,0.6234898018587334,0.8660254037844387,-0.4999999999999998
355,2.3,0,1,0,0,1,0,0,-0.7818314824680299,0.6234898018587334,0.7071067811865476,-0.7071067811865475
430,4.0,0,1,0,0,1,0,0,-0.7818314824680299,0.6234898018587334,0.49999999999999994,-0.8660254037844387
522,6.0,0,1,0,0,1,0,0,-0.7818314824680299,0.6234898018587334,0.258819045102521,-0.9659258262890682
700,6.9,0,1,0,0,1,0,0,-0.7818314824680299,0.6234898018587334,1.2246467991473532e-16,-1.0
675,8.8,0,1,0,0,1,0,0,-0.7818314824680299,0.6234898018587334,-0.2588190451025208,-0.9659258262890683
777,9.2,0,1,0,0,1,0,0,-0.7818314824680299,0.6234898018587334,-0.4999999999999997,-0.8660254037844388
846,9.5,0,1,0,0,1,0,0,-0.7818314824680299,0.6234898018587334,-0.7071067811865471,-0.7071067811865479
872,9.5,0,1,0,0,1,0,0,-0.7818314824680299,0.6234898018587334,-0.8660254037844385,-0.5000000000000004
813,9.0,0,1,0,0,1,0,0,-0.7818314824680299,0.6234898018587334,-0.9659258262890683,-0.25881904510252063
663,7.3,0,1,0,0,1,0,0,-0.7818314824680299,0.6234898018587334,-1.0,-1.8369701987210297e-16
616,6.3,0,1,0,0,1,0,0,-0.7818314824680299,0.6234898018587334,-0.9659258262890684,0.2588190451025203
570,5.5,0,1,0,0,1,0,0,-0.7818314824680299,0.6234898018587334,-0.8660254037844386,0.5000000000000001
546,4.7,0,1,0,0,1,0,0,-0.7818314824680299,0.6234898018587334,-0.7071067811865477,0.7071067811865474
496,4.2,0,1,0,0,1,0,0,-0.7818314824680299,0.6234898018587334,-0.5000000000000004,0.8660254037844384
379,3.8,0,1,0,0,1,0,0,-0.7818314824680299,0.6234898018587334,-0.25881904510252157,0.9659258262890681
387,3.3,0,1,0,0,1,0,0,0.0,1.0,0.0,1.0
214,3.1,0,1,0,0,1,0,0,0.0,1.0,0.25881904510252074,0.9659258262890683
175,2.8,0,1,0,0,1,0,0,0.0,1.0,0.49999999999999994,0.8660254037844387
119,2.4,0,1,0,0,1,0,0,0.0,1.0,0.7071067811865476,0.7071067811865476
99,2.2,0,1,0,0,1,0,0,0.0,1.0,0.8660254037844386,0.5000000000000001
115,2.1,0,1,0,0,1,0,0,0.0,1.0,0.9659258262890683,0.25881904510252074
339,1.8,0,1,0,0,1,0,0,0.0,1.0,1.0,6.123233995736766e-17
819,1.7,0,1,0,0,1,0,0,0.0,1.0,0.9659258262890683,-0.25881904510252063
1524,2.0,0,1,0,0,1,0,0,0.0,1.0,0.8660254037844387,-0.4999999999999998
795,3.1,0,1,0,0,1,0,0,0.0,1.0,0.7071067811865476,-0.7071067811865475
586,5.1,0,1,0,0,1,0,0,0.0,1.0,0.49999999999999994,-0.8660254037844387
643,7.2,0,1,0,0,0,0,1,0.0,1.0,0.258819045102521,-0.9659258262890682
752,9.1,0,1,0,0,0,0,1,0.0,1.0,1.2246467991473532e-16,-1.0
718,11.7,0,1,0,0,0,0,1,0.0,1.0,-0.2588190451025208,-0.9659258262890683
796,12.8,0,1,0,0,0,0,1,0.0,1.0,-0.4999999999999997,-0.8660254037844388
794,13.2,0,1,0,0,0,0,1,0.0,1.0,-0.7071067811865471,-0.7071067811865479
935,13.2,0,1,0,0,0,0,1,0.0,1.0,-0.8660254037844385,-0.5000000000000004
1156,11.4,0,1,0,0,0,0,1,0.0,1.0,-0.9659258262890683,-0.25881904510252063
1708,9.5,0,1,0,0,0,0,1,0.0,1.0,-1.0,-1.8369701987210297e-16
1181,8.4,0,1,0,0,0,0,1,0.0,1.0,-0.9659258262890684,0.2588190451025203
943,7.3,0,1,0,0,0,0,1,0.0,1.0,-0.8660254037844386,0.5000000000000001
955,6.7,0,1,0,0,1,0,0,0.0,1.0,-0.7071067811865477,0.7071067811865474
846,6.2,0,1,0,0,1,0,0,0.0,1.0,-0.5000000000000004,0.8660254037844384
563,5.4,0,1,0,0,1,0,0,0.0,1.0,-0.25881904510252157,0.9659258262890681
496,4.9,0,1,0,0,1,0,0,0.7818314824680298,0.6234898018587336,0.0,1.0
408,4.5,0,1,0,0,1,0,0,0.7818314824680298,0.6234898018587336,0.25881904510252074,0.9659258262890683
299,3.9,0,1,0,0,1,0,0,0.7818314824680298,0.6234898018587336,0.49999999999999994,0.8660254037844387
183,3.5,0,1,0,0,1,0,0,0.7818314824680298,0.6234898018587336,0.7071067811865476,0.7071067811865476
95,3.1,0,1,0,0,1,0,0,0.7818314824680298,0.6234898018587336,0.8660254037844386,0.5000000000000001
140,3.6,0,1,0,0,1,0,0,0.7818314824680298,0.6234898018587336,0.9659258262890683,0.25881904510252074
317,3.8,0,1,0,0,1,0,0,0.7818314824680298,0.6234898018587336,1.0,6.123233995736766e-17
815,3.6,0,1,0,0,1,0,0,0.7818314824680298,0.6234898018587336,0.9659258262890683,-0.25881904510252063
1577,4.2,0,1,0,0,1,0,0,0.7818314824680298,0.6234898018587336,0.8660254037844387,-0.4999999999999998
800,5.0,0,1,0,0,1,0,0,0.7818314824680298,0.6234898018587336,0.7071067811865476,-0.7071067811865475
616,6.4,0,1,0,0,1,0,0,0.7818314824680298,0.6234898018587336,0.49999999999999994,-0.8660254037844387
623,7.9,0,1,0,0,1,0,0,0.7818314824680298,0.6234898018587336,0.258819045102521,-0.9659258262890682
672,9.3,0,1,0,0,1,0,0,0.7818314824680298,0.6234898018587336,1.2246467991473532e-16,-1.0
671,11.0,0,1,0,0,1,0,0,0.7818314824680298,0.6234898018587336,-0.2588190451025208,-0.9659258262890683
600,11.6,0,1,0,0,1,0,0,0.7818314824680298,0.6234898018587336,-0.4999999999999997,-0.8660254037844388
666,12.5,0,1,0,0,1,0,0,0.7818314824680298,0.6234898018587336,-0.7071067811865471,-0.7071067811865479
775,12.0,0,1,0,0,1,0,0,0.7818314824680298,0.6234898018587336,-0.8660254037844385,-0.5000000000000004
1033,11.1,0,1,0,0,1,0,0,0.7818314824680298,0.6234898018587336,-0.9659258262890683,-0.25881904510252063
1538,10.2,0,1,0,0,1,0,0,0.7818314824680298,0.6234898018587336,-1.0,-1.8369701987210297e-16
1023,9.3,0,1,0,0,1,0,0,0.7818314824680298,0.6234898018587336,-0.9659258262890684,0.2588190451025203
825,8.3,0,1,0,0,0,0,1,0.7818314824680298,0.6234898018587336,-0.8660254037844386,0.5000000000000001
777,7.5,0,1,0,0,0,0,1,0.7818314824680298,0.6234898018587336,-0.7071067811865477,0.7071067811865474
740,6.6,0,1,0,0,0,0,1,0.7818314824680298,0.6234898018587336,-0.5000000000000004,0.8660254037844384
593,5.8,0,1,0,0,0,0,1,0.7818314824680298,0.6234898018587336,-0.25881904510252157,0.9659258262890681
450,5.1,0,1,0,0,0,0,1,0.9749279121818236,-0.22252093395631434,0.0,1.0
434,4.9,0,1,0,0,0,0,1,0.9749279121818236,-0.22252093395631434,0.25881904510252074,0.9659258262890683
275,4.1,0,1,0,0,0,0,1,0.9749279121818236,-0.22252093395631434,0.49999999999999994,0.8660254037844387
167,3.5,0,1,0,0,0,0,1,0.9749279121818236,-0.22252093395631434,0.7071067811865476,0.7071067811865476
128,3.9,0,1,0,0,0,0,1,0.9749279121818236,-0.22252093395631434,0.8660254037844386,0.5000000000000001
140,3.0,0,1,0,0,0,0,1,0.9749279121818236,-0.22252093395631434,0.9659258262890683,0.25881904510252074
287,2.6,0,1,0,0,0,0,1,0.9749279121818236,-0.22252093395631434,1.0,6.123233995736766e-17
796,2.5,0,1,0,0,0,0,1,0.9749279121818236,-0.22252093395631434,0.9659258262890683,-0.25881904510252063
1540,2.1,0,1,0,0,0,0,1,0.9749279121818236,-0.22252093395631434,0.8660254037844387,-0.4999999999999998
798,3.0,0,1,0,0,0,0,1,0.9749279121818236,-0.22252093395631434,0.7071067811865476,-0.7071067811865475
583,4.4,0,1,0,0,0,0,1,0.9749279121818236,-0.22252093395631434,0.49999999999999994,-0.8660254037844387
608,5.7,0,1,0,0,0,0,1,0.9749279121818236,-0.22252093395631434,0.258819045102521,-0.9659258262890682
635,7.9,0,1,0,0,0,1,0,0.9749279121818236,-0.22252093395631434,1.2246467991473532e-16,-1.0
681,9.2,0,1,0,0,0,1,0,0.9749279121818236,-0.22252093395631434,-0.2588190451025208,-0.9659258262890683
675,10.3,0,1,0,0,0,1,0,0.9749279121818236,-0.22252093395631434,-0.4999999999999997,-0.8660254037844388
798,10.5,0,1,0,0,0,1,0,0.9749279121818236,-0.22252093395631434,-0.7071067811865471,-0.7071067811865479
808,9.6,0,1,0,0,0,0,1,0.9749279121818236,-0.22252093395631434,-0.8660254037844385,-0.5000000000000004
1099,7.6,0,1,0,0,0,0,1,0.9749279121818236,-0.22252093395631434,-0.9659258262890683,-0.25881904510252063
1536,6.3,0,1,0,0,0,0,1,0.9749279121818236,-0.22252093395631434,-1.0,-1.8369701987210297e-16
1039,6.0,0,1,0,0,0,0,1,0.9749279121818236,-0.22252093395631434,-0.9659258262890684,0.2588190451025203
842,4.8,0,1,0,0,0,0,1,0.9749279121818236,-0.22252093395631434,-0.8660254037844386,0.5000000000000001
846,4.2,0,1,0,0,0,0,1,0.9749279121818236,-0.22252093395631434,-0.7071067811865477,0.7071067811865474
804,3.2,0,1,0,0,0,0,1,0.9749279121818236,-0.22252093395631434,-0.5000000000000004,0.8660254037844384
555,2.9,0,1,0,0,0,0,1,0.9749279121818236,-0.22252093395631434,-0.25881904510252157,0.9659258262890681
517,2.2,0,1,0,0,0,0,1,0.43388373911755823,-0.900968867902419,0.0,1.0
485,1.9,0,1,0,0,0,0,1,0.43388373911755823,-0.900968867902419,0.25881904510252074,0.9659258262890683
319,2.1,0,1,0,0,0,0,1,0.43388373911755823,-0.900968867902419,0.49999999999999994,0.8660254037844387
195,1.9,0,1,0,0,0,0,1,0.43388373911755823,-0.900968867902419,0.7071067811865476,0.7071067811865476
107,2.1,0,1,0,0,0,0,1,0.43388373911755823,-0.900968867902419,0.8660254037844386,0.5000000000000001
126,1.8,0,1,0,0,0,0,1,0.43388373911755823,-0.900968867902419,0.9659258262890683,0.25881904510252074
328,1.1,0,1,0,0,0,0,1,0.43388373911755823,-0.900968867902419,1.0,6.123233995736766e-17
800,0.8,0,1,0,0,0,0,1,0.43388373911755823,-0.900968867902419,0.9659258262890683,-0.25881904510252063
1635,0.8,0,1,0,0,0,0,1,0.43388373911755823,-0.900968867902419,0.8660254037844387,-0.4999999999999998
825,1.8,0,1,0,0,0,0,1,0.43388373911755823,-0.900968867902419,0.7071067811865476,-0.7071067811865475
595,3.9,0,1,0,0,0,0,1,0.43388373911755823,-0.900968867902419,0.49999999999999994,-0.8660254037844387
623,5.2,0,1,0,0,0,0,1,0.43388373911755823,-0.900968867902419,0.258819045102521,-0.9659258262890682
661,5.6,0,1,0,0,0,0,1,0.43388373911755823,-0.900968867902419,1.2246467991473532e-16,-1.0
645,5.3,0,1,0,0,0,0,1,0.43388373911755823,-0.900968867902419,-0.2588190451025208,-0.9659258262890683
668,6.0,0,1,0,0,0,0,1,0.43388373911755823,-0.900968867902419,-0.4999999999999997,-0.8660254037844388
652,6.5,0,1,0,0,0,0,1,0.43388373911755823,-0.900968867902419,-0.7071067811865471,-0.7071067811865479
748,5.8,0,1,0,0,0,0,1,0.43388373911755823,-0.900968867902419,-0.8660254037844385,-0.5000000000000004
996,5.8,0,1,0,0,0,0,1,0.43388373911755823,-0.900968867902419,-0.9659258262890683,-0.25881904510252063
1577,0.0,0,1,0,0,0,0,1,0.43388373911755823,-0.900968867902419,-1.0,-1.8369701987210297e-16
1026,5.2,0,1,0,0,0,0,1,0.43388373911755823,-0.900968867902419,-0.9659258262890684,0.2588190451025203
818,4.1,0,1,0,0,0,0,1,0.43388373911755823,-0.900968867902419,-0.8660254037844386,0.5000000000000001
792,3.8,0,1,0,0,0,0,1,0.43388373911755823,-0.900968867902419,-0.7071067811865477,0.7071067811865474
726,3.0,0,1,0,0,0,0,1,0.43388373911755823,-0.900968867902419,-0.5000000000000004,0.8660254037844384
559,2.6,0,1,0,0,0,0,1,0.43388373911755823,-0.900968867902419,-0.25881904510252157,0.9659258262890681
474,1.8,0,1,0,0,0,0,1,-0.433883739117558,-0.9009688679024191,0.0,1.0
456,1.3,0,1,0,0,0,0,1,-0.433883739117558,-0.9009688679024191,0.25881904510252074,0.9659258262890683
300,0.6,0,1,0,0,0,0,1,-0.433883739117558,-0.9009688679024191,0.49999999999999994,0.8660254037844387
213,-0.1,0,1,0,0,0,0,1,-0.433883739117558,-0.9009688679024191,0.7071067811865476,0.7071067811865476
116,-0.5,0,1,0,0,0,0,1,-0.433883739117558,-0.9009688679024191,0.8660254037844386,0.5000000000000001
149,-0.7,0,1,0,0,0,0,1,-0.433883739117558,-0.9009688679024191,0.9659258262890683,0.25881904510252074
293,-0.8,0,1,0,0,0,0,1,-0.433883739117558,-0.9009688679024191,1.0,6.123233995736766e-17
750,-1.2,0,1,0,0,0,0,1,-0.433883739117558,-0.9009688679024191,0.9659258262890683,-0.25881904510252063
1527,-1.5,0,1,0,0,0,0,1,-0.433883739117558,-0.9009688679024191,0.8660254037844387,-0.4999999999999998
809,-0.4,0,1,0,0,0,0,1,-0.433883739117558,-0.9009688679024191,0.7071067811865476,-0.7071067811865475
554,1.9,0,1,0,0,0,0,1,-0.433883739117558,-0.9009688679024191,0.49999999999999994,-0.8660254037844387
642,5.3,0,1,0,0,0,0,1,-0.433883739117558,-0.9009688679024191,0.258819045102521,-0.9659258262890682
720,6.6,0,1,0,0,0,0,1,-0.433883739117558,-0.9009688679024191,1.2246467991473532e-16,-1.0
740,7.1,0,1,0,0,0,1,0,-0.433883739117558,-0.9009688679024191,-0.2588190451025208,-0.9659258262890683
761,7.8,0,1,0,0,0,1,0,-0.433883739117558,-0.9009688679024191,-0.4999999999999997,-0.8660254037844388
768,7.0,0,1,0,0,0,0,1,-0.433883739117558,-0.9009688679024191,-0.7071067811865471,-0.7071067811865479
837,7.2,0,1,0,0,0,0,1,-0.433883739117558,-0.9009688679024191,-0.8660254037844385,-0.5000000000000004
1047,6.0,0,1,0,0,0,0,1,-0.433883739117558,-0.9009688679024191,-0.9659258262890683,-0.25881904510252063
1384,4.7,0,1,0,0,0,0,1,-0.433883739117558,-0.9009688679024191,-1.0,-1.8369701987210297e-16
1003,4.2,0,1,0,0,0,0,1,-0.433883739117558,-0.9009688679024191,-0.9659258262890684,0.2588190451025203
764,3.4,0,1,0,0,0,0,1,-0.433883739117558,-0.9009688679024191,-0.8660254037844386,0.5000000000000001
694,2.6,0,1,0,0,0,0,1,-0.433883739117558,-0.9009688679024191,-0.7071067811865477,0.7071067811865474
712,2.1,0,1,0,0,0,0,1,-0.433883739117558,-0.9009688679024191,-0.5000000000000004,0.8660254037844384
584,1.9,0,1,0,0,0,0,1,-0.433883739117558,-0.9009688679024191,-0.25881904510252157,0.9659258262890681
