Rented Bike Count,Temperature(°C),Humidity(%),Wind speed (m/s),Rainfall(mm),Snowfall (cm),Holiday_Yes,Autumn,Spring,Summer,weekday_sin,weekday_cos,Hour_sin,Hour_cos
254,-5.2,37,2.2,0.0,0.0,0,0,0,0,-0.433883739117558,-0.9009688679024191,0.0,1.0
204,-5.5,38,0.8,0.0,0.0,0,0,0,0,-0.433883739117558,-0.9009688679024191,0.20129852008866006,0.9795299412524945
173,-6.0,39,1.0,0.0,0.0,0,0,0,0,-0.433883739117558,-0.9009688679024191,0.39435585511331855,0.9189578116202306
107,-6.2,40,0.9,0.0,0.0,0,0,0,0,-0.433883739117558,-0.9009688679024191,0.5712682150947923,0.8207634412072763
78,-6.0,36,2.3,0.0,0.0,0,0,0,0,-0.433883739117558,-0.9009688679024191,0.72479278722912,0.6889669190756866
100,-6.4,37,1.5,0.0,0.0,0,0,0,0,-0.433883739117558,-0.9009688679024191,0.8486442574947509,0.5289640103269624
181,-6.6,35,1.3,0.0,0.0,0,0,0,0,-0.433883739117558,-0.9009688679024191,0.9377521321470804,0.3473052528448203
460,-7.4,38,0.9,0.0,0.0,0,0,0,0,-0.433883739117558,-0.9009688679024191,0.9884683243281114,0.1514277775045767
930,-7.6,37,1.1,0.0,0.0,0,0,0,0,-0.433883739117558,-0.9009688679024191,0.9987165071710528,-0.05064916883871264
490,-6.5,27,0.5,0.0,0.0,0,0,0,0,-0.433883739117558,-0.9009688679024191,0.9680771188662043,-0.2506525322587204
339,-3.5,24,1.2,0.0,0.0,0,0,0,0,-0.433883739117558,-0.9009688679024191,0.8978045395707416,-0.4403941515576344
360,-0.5,21,1.3,0.0,0.0,0,0,0,0,-0.433883739117558,-0.9009688679024191,0.7907757369376989,-0.6121059825476626
449,1.7,23,1.4,0.0,0.0,0,0,0,0,-0.433883739117558,-0.9009688679024191,0.6513724827222223,-0.758758122692791
451,2.4,25,1.6,0.0,0.0,0,0,0,0,-0.433883739117558,-0.9009688679024191,0.48530196253108104,-0.8743466161445821
447,3.0,26,2.0,0.0,0.0,0,0,0,0,-0.433883739117558,-0.9009688679024191,0.29936312297335804,-0.9541392564000488
463,2.1,36,3.2,0.0,0.0,0,0,0,0,-0.433883739117558,-0.9009688679024191,0.10116832198743272,-0.994869323391895
484,1.2,54,4.2,0.0,0.0,0,0,0,0,-0.433883739117558,-0.9009688679024191,-0.10116832198743204,-0.9948693233918952
555,0.8,58,1.6,0.0,0.0,0,0,0,0,-0.433883739117558,-0.9009688679024191,-0.2993631229733582,-0.9541392564000488
862,0.6,66,1.4,0.0,0.0,0,0,0,0,-0.433883739117558,-0.9009688679024191,-0.4853019625310808,-0.8743466161445822
600,0.0,77,1.7,0.0,0.0,0,0,0,0,-0.433883739117558,-0.9009688679024191,-0.651372482722222,-0.7587581226927911
426,-0.3,79,1.5,0.0,0.0,0,0,0,0,-0.433883739117558,-0.9009688679024191,-0.7907757369376986,-0.6121059825476627
405,-0.8,81,0.8,0.0,0.0,0,0,0,0,-0.433883739117558,-0.9009688679024191,-0.8978045395707417,-0.44039415155763423
398,-0.9,83,1.5,0.0,0.0,0,0,0,0,-0.433883739117558,-0.9009688679024191,-0.9680771188662041,-0.2506525322587213
323,-1.3,84,1.0,0.0,0.0,0,0,0,0,-0.433883739117558,-0.9009688679024191,-0.9987165071710528,-0.05064916883871355
328,-1.8,87,1.1,0.0,0.0,0,0,0,0,-0.9749279121818236,-0.2225209339563146,0.0,1.0
308,-2.2,86,0.6,0.0,0.0,0,0,0,0,-0.9749279121818236,-0.2225209339563146,0.20129852008866006,0.9795299412524945
262,-2.9,86,1.5,0.0,0.0,0,0,0,0,-0.9749279121818236,-0.2225209339563146,0.39435585511331855,0.9189578116202306
167,-3.5,81,2.2,0.0,0.0,0,0,0,0,-0.9749279121818236,-0.2225209339563146,0.5712682150947923,0.8207634412072763
89,-3.8,79,2.0,0.0,0.0,0,0,0,0,-0.9749279121818236,-0.2225209339563146,0.72479278722912,0.6889669190756866
79,-4.0,79,1.5,0.0,0.0,0,0,0,0,-0.9749279121818236,-0.2225209339563146,0.8486442574947509,0.5289640103269624
70,-4.3,82,2.1,0.0,0.0,0,0,0,0,-0.9749279121818236,-0.2225209339563146,0.9377521321470804,0.3473052528448203
146,-4.4,81,2.5,0.0,0.0,0,0,0,0,-0.9749279121818236,-0.2225209339563146,0.9884683243281114,0.1514277775045767
219,-4.2,79,2.1,0.0,0.0,0,0,0,0,-0.9749279121818236,-0.2225209339563146,0.9987165071710528,-0.05064916883871264
328,-2.9,68,1.6,0.0,0.0,0,0,0,0,-0.9749279121818236,-0.2225209339563146,0.9680771188662043,-0.2506525322587204
334,-0.4,57,1.6,0.0,0.0,0,0,0,0,-0.9749279121818236,-0.2225209339563146,0.8978045395707416,-0.4403941515576344
388,1.9,49,1.8,0.0,0.0,0,0,0,0,-0.9749279121818236,-0.2225209339563146,0.7907757369376989,-0.6121059825476626
479,4.3,41,1.3,0.0,0.0,0,0,0,0,-0.9749279121818236,-0.2225209339563146,0.6513724827222223,-0.758758122692791
606,6.0,36,1.8,0.0,0.0,0,0,0,0,-0.9749279121818236,-0.2225209339563146,0.48530196253108104,-0.8743466161445821
611,7.3,35,1.3,0.0,0.0,0,0,0,0,-0.9749279121818236,-0.2225209339563146,0.29936312297335804,-0.9541392564000488
589,7.6,41,2.3,0.0,0.0,0,0,0,0,-0.9749279121818236,-0.2225209339563146,0.10116832198743272,-0.994869323391895
618,6.4,48,2.6,0.0,0.0,0,0,0,0,-0.9749279121818236,-0.2225209339563146,-0.10116832198743204,-0.9948693233918952
572,6.0,51,2.5,0.0,0.0,0,0,0,0,-0.9749279121818236,-0.2225209339563146,-0.2993631229733582,-0.9541392564000488
489,5.5,53,1.5,0.0,0.0,0,0,0,0,-0.9749279121818236,-0.2225209339563146,-0.4853019625310808,-0.8743466161445822
385,5.0,52,2.3,0.0,0.0,0,0,0,0,-0.9749279121818236,-0.2225209339563146,-0.651372482722222,-0.7587581226927911
359,4.6,51,1.2,0.0,0.0,0,0,0,0,-0.9749279121818236,-0.2225209339563146,-0.7907757369376986,-0.6121059825476627
377,4.1,55,1.2,0.0,0.0,0,0,0,0,-0.9749279121818236,-0.2225209339563146,-0.8978045395707417,-0.44039415155763423
354,3.5,54,1.5,0.0,0.0,0,0,0,0,-0.9749279121818236,-0.2225209339563146,-0.9680771188662041,-0.2506525322587213
366,4.0,56,1.0,0.0,0.0,0,0,0,0,-0.9749279121818236,-0.2225209339563146,-0.9987165071710528,-0.05064916883871355
342,4.0,58,1.4,0.0,0.0,0,0,0,0,-0.7818314824680299,0.6234898018587334,0.0,1.0
227,3.9,69,1.7,0.0,0.0,0,0,0,0,-0.7818314824680299,0.6234898018587334,0.20129852008866006,0.9795299412524945
228,3.3,79,1.4,0.0,0.0,0,0,0,0,-0.7818314824680299,0.6234898018587334,0.39435585511331855,0.9189578116202306
117,3.4,71,1.6,0.5,0.0,0,0,0,0,-0.7818314824680299,0.6234898018587334,0.5712682150947923,0.8207634412072763
76,3.5,73,1.0,0.0,0.0,0,0,0,0,-0.7818314824680299,0.6234898018587334,0.72479278722912,0.6889669190756866
32,3.9,75,1.9,0.0,0.0,0,0,0,0,-0.7818314824680299,0.6234898018587334,0.8486442574947509,0.5289640103269624
13,3.4,86,2.5,1.0,0.0,0,0,0,0,-0.7818314824680299,0.6234898018587334,0.9377521321470804,0.3473052528448203
22,3.1,91,1.2,0.0,0.0,0,0,0,0,-0.7818314824680299,0.6234898018587334,0.9884683243281114,0.1514277775045767
85,3.2,92,1.8,0.0,0.0,0,0,0,0,-0.7818314824680299,0.6234898018587334,0.9987165071710528,-0.05064916883871264
152,3.5,91,1.8,2.5,0.0,0,0,0,0,-0.7818314824680299,0.6234898018587334,0.9680771188662043,-0.2506525322587204
200,4.4,89,2.2,0.0,0.0,0,0,0,0,-0.7818314824680299,0.6234898018587334,0.8978045395707416,-0.4403941515576344
273,5.1,87,1.4,0.0,0.0,0,0,0,0,-0.7818314824680299,0.6234898018587334,0.7907757369376989,-0.6121059825476626
333,5.8,85,1.7,0.0,0.0,0,0,0,0,-0.7818314824680299,0.6234898018587334,0.6513724827222223,-0.758758122692791
495,6.8,81,1.9,0.0,0.0,0,0,0,0,-0.7818314824680299,0.6234898018587334,0.48530196253108104,-0.8743466161445821
563,7.6,76,1.2,0.0,0.0,0,0,0,0,-0.7818314824680299,0.6234898018587334,0.29936312297335804,-0.9541392564000488
621,8.0,73,1.6,0.0,0.0,0,0,0,0,-0.7818314824680299,0.6234898018587334,0.10116832198743272,-0.994869323391895
598,7.6,77,1.6,0.0,0.0,0,0,0,0,-0.7818314824680299,0.6234898018587334,-0.10116832198743204,-0.9948693233918952
545,6.7,82,1.5,0.0,0.0,0,0,0,0,-0.7818314824680299,0.6234898018587334,-0.2993631229733582,-0.9541392564000488
443,6.0,84,1.9,0.0,0.0,0,0,0,0,-0.7818314824680299,0.6234898018587334,-0.4853019625310808,-0.8743466161445822
422,5.7,85,1.7,0.0,0.0,0,0,0,0,-0.7818314824680299,0.6234898018587334,-0.651372482722222,-0.7587581226927911
397,5.2,87,1.4,0.0,0.0,0,0,0,0,-0.7818314824680299,0.6234898018587334,-0.7907757369376986,-0.6121059825476627
385,4.7,87,1.2,0.0,0.0,0,0,0,0,-0.7818314824680299,0.6234898018587334,-0.8978045395707417,-0.44039415155763423
350,4.3,89,1.8,0.0,0.0,0,0,0,0,-0.7818314824680299,0.6234898018587334,-0.9680771188662041,-0.2506525322587213
303,3.9,90,1.3,0.0,0.0,0,0,0,0,-0.7818314824680299,0.6234898018587334,-0.9987165071710528,-0.05064916883871355
285,4.2,88,0.6,0.0,0.0,0,0,0,0,0.0,1.0,0.0,1.0
186,4.3,87,0.5,0.0,0.0,0,0,0,0,0.0,1.0,0.20129852008866006,0.9795299412524945
112,4.4,87,1.8,0.0,0.0,0,0,0,0,0.0,1.0,0.39435585511331855,0.9189578116202306
65,3.6,85,2.3,0.0,0.0,0,0,0,0,0.0,1.0,0.5712682150947923,0.8207634412072763
41,2.8,89,1.5,0.0,0.0,0,0,0,0,0.0,1.0,0.72479278722912,0.6889669190756866
82,2.0,83,2.7,0.0,0.0,0,0,0,0,0.0,1.0,0.8486442574947509,0.5289640103269624
200,1.2,76,3.7,0.1,0.0,0,0,0,0,0.0,1.0,0.9377521321470804,0.3473052528448203
498,0.2,68,3.4,0.0,0.0,0,0,0,0,0.0,1.0,0.9884683243281114,0.1514277775045767
937,-0.8,69,3.5,0.0,0.0,0,0,0,0,0.0,1.0,0.9987165071710528,-0.05064916883871264
509,-1.5,47,4.2,0.0,0.0,0,0,0,0,0.0,1.0,0.9680771188662043,-0.2506525322587204
311,-1.1,40,4.5,0.0,0.0,0,0,0,0,0.0,1.0,0.8978045395707416,-0.4403941515576344
379,-0.5,41,4.1,0.0,0.0,0,0,0,0,0.0,1.0,0.7907757369376989,-0.6121059825476626
393,-0.3,38,4.8,0.0,0.0,0,0,0,0,0.0,1.0,0.6513724827222223,-0.758758122692791
391,0.0,30,5.4,0.0,0.0,0,0,0,0,0.0,1.0,0.48530196253108104,-0.8743466161445821
338,0.1,27,4.5,0.0,0.0,0,0,0,0,0.0,1.0,0.29936312297335804,-0.9541392564000488
341,-0.1,25,5.8,0.0,0.0,0,0,0,0,0.0,1.0,0.10116832198743272,-0.994869323391895
375,-0.2,23,4.7,0.0,0.0,0,0,0,0,0.0,1.0,-0.10116832198743204,-0.9948693233918952
515,-1.3,26,5.3,0.0,0.0,0,0,0,0,0.0,1.0,-0.2993631229733582,-0.9541392564000488
807,-2.1,29,3.9,0.0,0.0,0,0,0,0,0.0,1.0,-0.4853019625310808,-0.8743466161445822
568,-2.9,32,3.2,0.0,0.0,0,0,0,0,0.0,1.0,-0.651372482722222,-0.7587581226927911
398,-3.6,38,3.0,0.0,0.0,0,0,0,0,0.0,1.0,-0.7907757369376986,-0.6121059825476627
397,-4.6,43,4.5,0.0,0.0,0,0,0,0,0.0,1.0,-0.8978045395707417,-0.44039415155763423
353,-5.3,45,2.5,0.0,0.0,0,0,0,0,0.0,1.0,-0.9680771188662041,-0.2506525322587213
248,-5.8,44,2.4,0.0,0.0,0,0,0,0,0.0,1.0,-0.9987165071710528,-0.05064916883871355
216,-6.1,42,2.6,0.0,0.0,0,0,0,0,0.7818314824680298,0.6234898018587336,0.0,1.0
198,-6.5,41,2.8,0.0,0.0,0,0,0,0,0.7818314824680298,0.6234898018587336,0.20129852008866006,0.9795299412524945
124,-6.8,41,2.5,0.0,0.0,0,0,0,0,0.7818314824680298,0.6234898018587336,0.39435585511331855,0.9189578116202306
62,-6.9,39,2.0,0.0,0.0,0,0,0,0,0.7818314824680298,0.6234898018587336,0.5712682150947923,0.8207634412072763
42,-7.2,34,3.0,0.0,0.0,0,0,0,0,0.7818314824680298,0.6234898018587336,0.72479278722912,0.6889669190756866
82,-7.4,33,2.6,0.0,0.0,0,0,0,0,0.7818314824680298,0.6234898018587336,0.8486442574947509,0.5289640103269624
172,-7.4,34,3.2,0.0,0.0,0,0,0,0,0.7818314824680298,0.6234898018587336,0.9377521321470804,0.3473052528448203
381,-7.5,33,2.2,0.0,0.0,0,0,0,0,0.7818314824680298,0.6234898018587336,0.9884683243281114,0.1514277775045767
812,-8.1,36,1.6,0.0,0.0,0,0,0,0,0.7818314824680298,0.6234898018587336,0.9987165071710528,-0.05064916883871264
462,-7.6,31,1.3,0.0,0.0,0,0,0,0,0.7818314824680298,0.6234898018587336,0.9680771188662043,-0.2506525322587204
269,-5.5,26,2.8,0.0,0.0,0,0,0,0,0.7818314824680298,0.6234898018587336,0.8978045395707416,-0.4403941515576344
334,-3.9,25,0.0,0.0,0.0,0,0,0,0,0.7818314824680298,0.6234898018587336,0.7907757369376989,-0.6121059825476626
321,-2.3,25,0.0,0.0,0.0,0,0,0,0,0.7818314824680298,0.6234898018587336,0.6513724827222223,-0.758758122692791
325,-1.6,27,0.0,0.0,0.0,0,0,0,0,0.7818314824680298,0.6234898018587336,0.48530196253108104,-0.8743466161445821
334,-1.1,28,0.0,0.0,0.0,0,0,0,0,0.7818314824680298,0.6234898018587336,0.29936312297335804,-0.9541392564000488
353,-0.7,28,0.0,0.0,0.0,0,0,0,0,0.7818314824680298,0.6234898018587336,0.10116832198743272,-0.994869323391895
435,-0.5,30,0.0,0.0,0.0,0,0,0,0,0.7818314824680298,0.6234898018587336,-0.10116832198743204,-0.9948693233918952
529,-1.6,35,0.0,0.0,0.0,0,0,0,0,0.7818314824680298,0.6234898018587336,-0.2993631229733582,-0.9541392564000488
789,-2.6,40,0.0,0.0,0.0,0,0,0,0,0.7818314824680298,0.6234898018587336,-0.4853019625310808,-0.8743466161445822
597,-3.2,45,0.0,0.0,0.0,0,0,0,0,0.7818314824680298,0.6234898018587336,-0.651372482722222,-0.7587581226927911
418,-3.5,46,0.0,0.0,0.0,0,0,0,0,0.7818314824680298,0.6234898018587336,-0.7907757369376986,-0.6121059825476627
415,-3.7,47,0.0,0.0,0.0,0,0,0,0,0.7818314824680298,0.6234898018587336,-0.8978045395707417,-0.44039415155763423
393,-2.8,49,0.0,0.0,0.0,0,0,0,0,0.7818314824680298,0.6234898018587336,-0.9680771188662041,-0.2506525322587213
244,-2.5,59,0.0,0.0,0.0,0,0,0,0,0.7818314824680298,0.6234898018587336,-0.9987165071710528,-0.05064916883871355
145,-2.8,77,0.0,0.1,0.1,0,0,0,0,0.9749279121818236,-0.22252093395631434,0.0,1.0
144,-3.0,79,0.0,0.0,0.3,0,0,0,0,0.9749279121818236,-0.22252093395631434,0.20129852008866006,0.9795299412524945
117,-3.0,79,0.0,0.0,0.4,0,0,0,0,0.9749279121818236,-0.22252093395631434,0.39435585511331855,0.9189578116202306
78,-3.2,78,0.0,0.2,0.4,0,0,0,0,0.9749279121818236,-0.22252093395631434,0.5712682150947923,0.8207634412072763
58,-3.4,75,0.0,0.0,0.4,0,0,0,0,0.9749279121818236,-0.22252093395631434,0.72479278722912,0.6889669190756866
87,-3.6,76,0.0,0.0,0.4,0,0,0,0,0.9749279121818236,-0.22252093395631434,0.8486442574947509,0.5289640103269624
142,-3.7,76,0.0,0.0,0.4,0,0,0,0,0.9749279121818236,-0.22252093395631434,0.9377521321470804,0.3473052528448203
379,-4.2,77,0.0,0.0,0.3,0,0,0,0,0.9749279121818236,-0.22252093395631434,0.9884683243281114,0.1514277775045767
802,-4.2,78,0.0,0.0,0.2,0,0,0,0,0.9749279121818236,-0.22252093395631434,0.9987165071710528,-0.05064916883871264
440,-3.3,70,0.0,0.0,0.2,0,0,0,0,0.9749279121818236,-0.22252093395631434,0.9680771188662043,-0.2506525322587204
307,-0.9,64,0.0,0.0,0.2,0,0,0,0,0.9749279121818236,-0.22252093395631434,0.8978045395707416,-0.4403941515576344
381,1.6,57,1.2,0.0,0.0,0,0,0,0,0.9749279121818236,-0.22252093395631434,0.7907757369376989,-0.6121059825476626
405,2.4,52,0.9,0.0,0.0,0,0,0,0,0.9749279121818236,-0.22252093395631434,0.6513724827222223,-0.758758122692791
442,4.2,47,1.1,0.0,0.0,0,0,0,0,0.9749279121818236,-0.22252093395631434,0.48530196253108104,-0.8743466161445821
416,5.5,34,1.0,0.0,0.0,0,0,0,0,0.9749279121818236,-0.22252093395631434,0.29936312297335804,-0.9541392564000488
412,5.5,31,3.1,0.0,0.0,0,0,0,0,0.9749279121818236,-0.22252093395631434,0.10116832198743272,-0.994869323391895
496,5.3,37,2.9,0.0,0.0,0,0,0,0,0.9749279121818236,-0.22252093395631434,-0.10116832198743204,-0.9948693233918952
239,4.1,60,2.5,0.0,0.0,0,0,0,0,0.9749279121818236,-0.22252093395631434,-0.2993631229733582,-0.9541392564000488
204,1.7,90,1.0,0.3,0.3,0,0,0,0,0.9749279121818236,-0.22252093395631434,-0.4853019625310808,-0.8743466161445822
205,1.2,92,0.7,0.0,1.0,0,0,0,0,0.9749279121818236,-0.22252093395631434,-0.651372482722222,-0.7587581226927911
190,1.2,94,0.6,0.0,1.0,0,0,0,0,0.9749279121818236,-0.22252093395631434,-0.7907757369376986,-0.6121059825476627
165,1.1,92,0.5,0.7,1.0,0,0,0,0,0.9749279121818236,-0.22252093395631434,-0.8978045395707417,-0.44039415155763423
222,1.3,92,0.6,0.0,1.0,0,0,0,0,0.9749279121818236,-0.22252093395631434,-0.9680771188662041,-0.2506525322587213
193,1.3,92,0.6,0.0,1.0,0,0,0,0,0.9749279121818236,-0.22252093395631434,-0.9987165071710528,-0.05064916883871355
198,1.4,92,0.5,0.0,0.9,0,0,0,0,0.43388373911755823,-0.900968867902419,0.0,1.0
218,1.5,92,0.4,0.0,0.9,0,0,0,0,0.43388373911755823,-0.900968867902419,0.20129852008866006,0.9795299412524945
149,1.4,92,0.7,0.0,0.9,0,0,0,0,0.43388373911755823,-0.900968867902419,0.39435585511331855,0.9189578116202306
102,1.9,91,1.4,0.0,0.9,0,0,0,0,0.43388373911755823,-0.900968867902419,0.5712682150947923,0.8207634412072763
62,1.6,92,0.7,0.0,0.9,0,0,0,0,0.43388373911755823,-0.900968867902419,0.72479278722912,0.6889669190756866
83,1.5,92,1.1,0.0,0.9,0,0,0,0,0.43388373911755823,-0.900968867902419,0.8486442574947509,0.5289640103269624
137,1.0,93,0.5,0.0,0.9,0,0,0,0,0.43388373911755823,-0.900968867902419,0.9377521321470804,0.3473052528448203
367,0.3,93,0.5,0.0,0.9,0,0,0,0,0.43388373911755823,-0.900968867902419,0.9884683243281114,0.1514277775045767
754,-0.2,96,0.8,0.0,0.8,0,0,0,0,0.43388373911755823,-0.900968867902419,0.9987165071710528,-0.05064916883871264
415,0.1,91,0.8,0.0,0.8,0,0,0,0,0.43388373911755823,-0.900968867902419,0.9680771188662043,-0.2506525322587204
321,1.1,83,0.7,0.0,0.7,0,0,0,0,0.43388373911755823,-0.900968867902419,0.8978045395707416,-0.4403941515576344
333,2.3,69,1.7,0.0,0.6,0,0,0,0,0.43388373911755823,-0.900968867902419,0.7907757369376989,-0.6121059825476626
431,3.7,65,2.4,0.0,0.3,0,0,0,0,0.43388373911755823,-0.900968867902419,0.6513724827222223,-0.758758122692791
394,4.1,37,3.1,0.0,0.0,0,0,0,0,0.43388373911755823,-0.900968867902419,0.48530196253108104,-0.8743466161445821
390,4.4,36,2.7,0.0,0.0,0,0,0,0,0.43388373911755823,-0.900968867902419,0.29936312297335804,-0.9541392564000488
430,4.0,35,3.1,0.0,0.0,0,0,0,0,0.43388373911755823,-0.900968867902419,0.10116832198743272,-0.994869323391895
471,3.2,38,2.9,0.0,0.0,0,0,0,0,0.43388373911755823,-0.900968867902419,-0.10116832198743204,-0.9948693233918952
552,2.1,50,2.0,0.0,0.0,0,0,0,0,0.43388373911755823,-0.900968867902419,-0.2993631229733582,-0.9541392564000488
795,0.7,46,2.7,0.0,0.0,0,0,0,0,0.43388373911755823,-0.900968867902419,-0.4853019625310808,-0.8743466161445822
507,-0.4,47,2.5,0.0,0.0,0,0,0,0,0.43388373911755823,-0.900968867902419,-0.651372482722222,-0.7587581226927911
390,-1.4,47,2.5,0.0,0.0,0,0,0,0,0.43388373911755823,-0.900968867902419,-0.7907757369376986,-0.6121059825476627
402,-2.2,46,2.2,0.0,0.0,0,0,0,0,0.43388373911755823,-0.900968867902419,-0.8978045395707417,-0.44039415155763423
389,-2.7,48,2.6,0.0,0.0,0,0,0,0,0.43388373911755823,-0.900968867902419,-0.9680771188662041,-0.2506525322587213
259,-3.2,50,2.1,0.0,0.0,0,0,0,0,0.43388373911755823,-0.900968867902419,-0.9987165071710528,-0.05064916883871355
233,-3.5,49,2.6,0.0,0.0,0,0,0,0,-0.433883739117558,-0.9009688679024191,0.0,1.0
230,-3.7,50,2.5,0.0,0.0,0,0,0,0,-0.433883739117558,-0.9009688679024191,0.20129852008866006,0.9795299412524945
131,-4.3,53,1.0,0.0,0.0,0,0,0,0,-0.433883739117558,-0.9009688679024191,0.39435585511331855,0.9189578116202306
99,-4.8,52,1.6,0.0,0.0,0,0,0,0,-0.433883739117558,-0.9009688679024191,0.5712682150947923,0.8207634412072763
71,-5.3,53,2.4,0.0,0.0,0,0,0,0,-0.433883739117558,-0.9009688679024191,0.72479278722912,0.6889669190756866
84,-5.8,56,2.0,0.0,0.0,0,0,0,0,-0.433883739117558,-0.9009688679024191,0.8486442574947509,0.5289640103269624
158,-6.0,56,3.5,0.0,0.0,0,0,0,0,-0.433883739117558,-0.9009688679024191,0.9377521321470804,0.3473052528448203
387,-6.5,57,0.8,0.0,0.0,0,0,0,0,-0.433883739117558,-0.9009688679024191,0.9884683243281114,0.1514277775045767
780,-7.0,59,0.8,0.0,0.0,0,0,0,0,-0.433883739117558,-0.9009688679024191,0.9987165071710528,-0.05064916883871264
395,-6.7,50,0.9,0.0,0.0,0,0,0,0,-0.433883739117558,-0.9009688679024191,0.9680771188662043,-0.2506525322587204
261,-5.3,44,2.8,0.0,0.0,0,0,0,0,-0.433883739117558,-0.9009688679024191,0.8978045395707416,-0.4403941515576344
310,-3.7,39,1.4,0.0,0.0,0,0,0,0,-0.433883739117558,-0.9009688679024191,0.7907757369376989,-0.6121059825476626
355,-2.0,30,1.4,0.0,0.0,0,0,0,0,-0.433883739117558,-0.9009688679024191,0.6513724827222223,-0.758758122692791
354,-1.7,28,1.8,0.0,0.0,0,0,0,0,-0.433883739117558,-0.9009688679024191,0.48530196253108104,-0.8743466161445821
350,-1.3,27,3.1,0.0,0.0,0,0,0,0,-0.433883739117558,-0.9009688679024191,0.29936312297335804,-0.9541392564000488
362,-0.8,26,3.3,0.0,0.0,0,0,0,0,-0.433883739117558,-0.9009688679024191,0.10116832198743272,-0.994869323391895
401,-1.1,24,3.4,0.0,0.0,0,0,0,0,-0.433883739117558,-0.9009688679024191,-0.10116832198743204,-0.9948693233918952
500,-2.4,30,2.7,0.0,0.0,0,0,0,0,-0.433883739117558,-0.9009688679024191,-0.2993631229733582,-0.9541392564000488
752,-3.1,33,1.2,0.0,0.0,0,0,0,0,-0.433883739117558,-0.9009688679024191,-0.4853019625310808,-0.8743466161445822
477,-3.3,35,1.1,0.0,0.0,0,0,0,0,-0.433883739117558,-0.9009688679024191,-0.651372482722222,-0.7587581226927911
384,-3.3,34,1.5,0.0,0.0,0,0,0,0,-0.433883739117558,-0.9009688679024191,-0.7907757369376986,-0.6121059825476627
336,-3.3,35,0.5,0.0,0.0,0,0,0,0,-0.433883739117558,-0.9009688679024191,-0.8978045395707417,-0.44039415155763423
347,-3.4,39,1.2,0.0,0.0,0,0,0,0,-0.433883739117558,-0.9009688679024191,-0.9680771188662041,-0.2506525322587213
275,-3.5,43,0.9,0.0,0.0,0,0,0,0,-0.433883739117558,-0.9009688679024191,-0.9987165071710528,-0.05064916883871355
267,-3.5,48,0.9,0.0,0.0,0,0,0,0,-0.9749279121818236,-0.2225209339563146,0.0,1.0
296,-4.1,49,0.6,0.0,0.0,0,0,0,0,-0.9749279121818236,-0.2225209339563146,0.20129852008866006,0.9795299412524945
237,-4.7,50,0.7,0.0,0.0,0,0,0,0,-0.9749279121818236,-0.2225209339563146,0.39435585511331855,0.9189578116202306
169,-4.3,47,0.6,0.0,0.0,0,0,0,0,-0.9749279121818236,-0.2225209339563146,0.5712682150947923,0.8207634412072763
96,-4.3,49,0.7,0.0,0.0,0,0,0,0,-0.9749279121818236,-0.2225209339563146,0.72479278722912,0.6889669190756866
56,-4.7,49,0.8,0.0,0.0,0,0,0,0,-0.9749279121818236,-0.2225209339563146,0.8486442574947509,0.5289640103269624
76,-5.1,53,0.9,0.0,0.0,0,0,0,0,-0.9749279121818236,-0.2225209339563146,0.9377521321470804,0.3473052528448203
127,-5.5,56,0.8,0.0,0.0,0,0,0,0,-0.9749279121818236,-0.2225209339563146,0.9884683243281114,0.1514277775045767
222,-5.4,56,0.7,0.0,0.0,0,0,0,0,-0.9749279121818236,-0.2225209339563146,0.9987165071710528,-0.05064916883871264
291,-4.7,48,1.0,0.0,0.0,0,0,0,0,-0.9749279121818236,-0.2225209339563146,0.9680771188662043,-0.2506525322587204
273,-2.2,42,1.3,0.0,0.0,0,0,0,0,-0.9749279121818236,-0.2225209339563146,0.8978045395707416,-0.4403941515576344
351,0.0,45,1.1,0.0,0.0,0,0,0,0,-0.9749279121818236,-0.2225209339563146,0.7907757369376989,-0.6121059825476626
427,2.4,40,0.8,0.0,0.0,0,0,0,0,-0.9749279121818236,-0.2225209339563146,0.6513724827222223,-0.758758122692791
431,3.9,36,2.0,0.0,0.0,0,0,0,0,-0.9749279121818236,-0.2225209339563146,0.48530196253108104,-0.8743466161445821
486,4.7,32,2.2,0.0,0.0,0,0,0,0,-0.9749279121818236,-0.2225209339563146,0.29936312297335804,-0.9541392564000488
569,5.2,30,2.0,0.0,0.0,0,0,0,0,-0.9749279121818236,-0.2225209339563146,0.10116832198743272,-0.994869323391895
546,4.4,33,1.6,0.0,0.0,0,0,0,0,-0.9749279121818236,-0.2225209339563146,-0.10116832198743204,-0.9948693233918952
481,3.5,37,1.8,0.0,0.0,0,0,0,0,-0.9749279121818236,-0.2225209339563146,-0.2993631229733582,-0.9541392564000488
384,2.5,41,1.0,0.0,0.0,0,0,0,0,-0.9749279121818236,-0.2225209339563146,-0.4853019625310808,-0.8743466161445822
275,1.5,48,0.4,0.0,0.0,0,0,0,0,-0.9749279121818236,-0.2225209339563146,-0.651372482722222,-0.7587581226927911
298,0.8,51,1.4,0.0,0.0,0,0,0,0,-0.9749279121818236,-0.2225209339563146,-0.7907757369376986,-0.6121059825476627
321,-0.1,55,0.7,0.0,0.0,0,0,0,0,-0.9749279121818236,-0.2225209339563146,-0.8978045395707417,-0.44039415155763423
289,-0.5,55,0.6,0.0,0.0,0,0,0,0,-0.9749279121818236,-0.2225209339563146,-0.9680771188662041,-0.2506525322587213
265,-0.1,54,1.3,0.0,0.0,0,0,0,0,-0.9749279121818236,-0.2225209339563146,-0.9987165071710528,-0.05064916883871355
326,-0.2,55,1.0,0.0,0.0,0,0,0,0,-0.7818314824680299,0.6234898018587334,0.0,1.0
280,-0.2,54,0.5,0.0,0.0,0,0,0,0,-0.7818314824680299,0.6234898018587334,0.20129852008866006,0.9795299412524945
243,0.2,52,0.7,0.0,0.0,0,0,0,0,-0.7818314824680299,0.6234898018587334,0.39435585511331855,0.9189578116202306
169,0.3,53,0.5,0.0,0.0,0,0,0,0,-0.7818314824680299,0.6234898018587334,0.5712682150947923,0.8207634412072763
71,0.4,52,1.6,0.0,0.0,0,0,0,0,-0.7818314824680299,0.6234898018587334,0.72479278722912,0.6889669190756866
13,0.3,74,1.0,0.0,0.7,0,0,0,0,-0.7818314824680299,0.6234898018587334,0.8486442574947509,0.5289640103269624
9,-0.5,90,0.9,2.5,2.7,0,0,0,0,-0.7818314824680299,0.6234898018587334,0.9377521321470804,0.3473052528448203
20,-0.4,92,1.1,0.0,4.0,0,0,0,0,-0.7818314824680299,0.6234898018587334,0.9884683243281114,0.1514277775045767
35,-0.2,90,1.2,0.0,4.1,0,0,0,0,-0.7818314824680299,0.6234898018587334,0.9987165071710528,-0.05064916883871264
31,0.2,90,1.0,1.6,4.3,0,0,0,0,-0.7818314824680299,0.6234898018587334,0.9680771188662043,-0.2506525322587204
19,0.5,91,0.4,0.0,4.3,0,0,0,0,-0.7818314824680299,0.6234898018587334,0.8978045395707416,-0.4403941515576344
58,0.9,92,0.9,0.0,3.9,0,0,0,0,-0.7818314824680299,0.6234898018587334,0.7907757369376989,-0.6121059825476626
119,2.3,88,0.3,0.0,3.1,0,0,0,0,-0.7818314824680299,0.6234898018587334,0.6513724827222223,-0.758758122692791
182,3.3,87,1.1,0.0,2.1,0,0,0,0,-0.7818314824680299,0.6234898018587334,0.48530196253108104,-0.8743466161445821
235,4.2,85,0.7,0.0,1.4,0,0,0,0,-0.7818314824680299,0.6234898018587334,0.29936312297335804,-0.9541392564000488
180,6.7,63,4.5,0.0,1.0,0,0,0,0,-0.7818314824680299,0.6234898018587334,0.10116832198743272,-0.994869323391895
214,5.4,71,3.5,0.0,0.5,0,0,0,0,-0.7818314824680299,0.6234898018587334,-0.10116832198743204,-0.9948693233918952
226,3.6,65,4.3,0.0,0.4,0,0,0,0,-0.7818314824680299,0.6234898018587334,-0.2993631229733582,-0.9541392564000488
210,2.0,61,3.0,0.0,0.0,0,0,0,0,-0.7818314824680299,0.6234898018587334,-0.4853019625310808,-0.8743466161445822
181,1.6,53,4.0,0.0,0.0,0,0,0,0,-0.7818314824680299,0.6234898018587334,-0.651372482722222,-0.7587581226927911
165,0.6,57,3.9,0.0,0.0,0,0,0,0,-0.7818314824680299,0.6234898018587334,-0.7907757369376986,-0.6121059825476627
167,0.0,59,3.0,0.0,0.0,0,0,0,0,-0.7818314824680299,0.6234898018587334,-0.8978045395707417,-0.44039415155763423
152,-1.0,56,4.7,0.0,0.0,0,0,0,0,-0.7818314824680299,0.6234898018587334,-0.9680771188662041,-0.2506525322587213
148,-1.4,43,4.3,0.0,0.0,0,0,0,0,-0.7818314824680299,0.6234898018587334,-0.9987165071710528,-0.05064916883871355
125,-2.5,39,3.4,0.0,0.0,0,0,0,0,0.0,1.0,0.0,1.0
111,-3.4,36,3.8,0.0,0.0,0,0,0,0,0.0,1.0,0.20129852008866006,0.9795299412524945
67,-4.2,35,3.4,0.0,0.0,0,0,0,0,0.0,1.0,0.39435585511331855,0.9189578116202306
45,-4.7,38,2.4,0.0,0.0,0,0,0,0,0.0,1.0,0.5712682150947923,0.8207634412072763
44,-5.2,35,3.2,0.0,0.0,0,0,0,0,0.0,1.0,0.72479278722912,0.6889669190756866
86,-5.6,38,3.2,0.0,0.0,0,0,0,0,0.0,1.0,0.8486442574947509,0.5289640103269624
136,-5.9,39,2.9,0.0,0.0,0,0,0,0,0.0,1.0,0.9377521321470804,0.3473052528448203
325,-6.0,39,3.1,0.0,0.0,0,0,0,0,0.0,1.0,0.9884683243281114,0.1514277775045767
653,-6.0,38,3.6,0.0,0.0,0,0,0,0,0.0,1.0,0.9987165071710528,-0.05064916883871264
326,-5.9,36,5.1,0.0,0.0,0,0,0,0,0.0,1.0,0.9680771188662043,-0.2506525322587204
212,-5.3,32,4.5,0.0,0.0,0,0,0,0,0.0,1.0,0.8978045395707416,-0.4403941515576344
226,-4.7,36,3.8,0.0,0.0,0,0,0,0,0.0,1.0,0.7907757369376989,-0.6121059825476626
247,-5.2,33,4.6,0.0,0.0,0,0,0,0,0.0,1.0,0.6513724827222223,-0.758758122692791
241,-5.4,32,5.1,0.0,0.0,0,0,0,0,0.0,1.0,0.48530196253108104,-0.8743466161445821
253,-5.4,31,4.1,0.0,0.0,0,0,0,0,0.0,1.0,0.29936312297335804,-0.9541392564000488
269,-5.5,33,4.5,0.0,0.0,0,0,0,0,0.0,1.0,0.10116832198743272,-0.994869323391895
277,-6.0,40,4.0,0.0,0.0,0,0,0,0,0.0,1.0,-0.10116832198743204,-0.9948693233918952
361,-7.1,44,4.2,0.0,0.0,0,0,0,0,0.0,1.0,-0.2993631229733582,-0.9541392564000488
557,-7.9,43,3.3,0.0,0.0,0,0,0,0,0.0,1.0,-0.4853019625310808,-0.8743466161445822
371,-8.6,45,3.9,0.0,0.0,0,0,0,0,0.0,1.0,-0.651372482722222,-0.7587581226927911
254,-9.3,49,3.8,0.0,0.0,0,0,0,0,0.0,1.0,-0.7907757369376986,-0.6121059825476627
266,-9.7,51,2.5,0.0,0.0,0,0,0,0,0.0,1.0,-0.8978045395707417,-0.44039415155763423
222,-10.2,50,3.0,0.0,0.0,0,0,0,0,0.0,1.0,-0.9680771188662041,-0.2506525322587213
174,-10.7,53,1.2,0.0,0.0,0,0,0,0,0.0,1.0,-0.9987165071710528,-0.05064916883871355
133,-11.0,51,1.1,0.0,0.0,0,0,0,0,0.7818314824680298,0.6234898018587336,0.0,1.0
127,-11.2,51,1.1,0.0,0.0,0,0,0,0,0.7818314824680298,0.6234898018587336,0.20129852008866006,0.9795299412524945
95,-11.5,50,0.7,0.0,0.0,0,0,0,0,0.7818314824680298,0.6234898018587336,0.39435585511331855,0.9189578116202306
54,-11.6,50,2.2,0.0,0.0,0,0,0,0,0.7818314824680298,0.6234898018587336,0.5712682150947923,0.8207634412072763
46,-11.6,47,2.1,0.0,0.0,0,0,0,0,0.7818314824680298,0.6234898018587336,0.72479278722912,0.6889669190756866
65,-11.6,45,2.8,0.0,0.0,0,0,0,0,0.7818314824680298,0.6234898018587336,0.8486442574947509,0.5289640103269624
104,-11.8,47,2.5,0.0,0.0,0,0,0,0,0.7818314824680298,0.6234898018587336,0.9377521321470804,0.3473052528448203
280,-12.1,50,2.3,0.0,0.0,0,0,0,0,0.7818314824680298,0.6234898018587336,0.9884683243281114,0.1514277775045767
580,-12.3,52,1.3,0.0,0.0,0,0,0,0,0.7818314824680298,0.6234898018587336,0.9987165071710528,-0.05064916883871264
275,-11.8,46,2.9,0.0,0.0,0,0,0,0,0.7818314824680298,0.6234898018587336,0.9680771188662043,-0.2506525322587204
184,-10.5,45,3.3,0.0,0.0,0,0,0,0,0.7818314824680298,0.6234898018587336,0.8978045395707416,-0.4403941515576344
201,-9.4,42,3.1,0.0,0.0,0,0,0,0,0.7818314824680298,0.6234898018587336,0.7907757369376989,-0.6121059825476626
228,-8.3,35,2.9,0.0,0.0,0,0,0,0,0.7818314824680298,0.6234898018587336,0.6513724827222223,-0.758758122692791
225,-6.9,37,2.4,0.0,0.0,0,0,0,0,0.7818314824680298,0.6234898018587336,0.48530196253108104,-0.8743466161445821
258,-5.4,32,2.0,0.0,0.0,0,0,0,0,0.7818314824680298,0.6234898018587336,0.29936312297335804,-0.9541392564000488
250,-5.8,30,2.8,0.0,0.0,0,0,0,0,0.7818314824680298,0.6234898018587336,0.10116832198743272,-0.994869323391895
248,-6.0,29,2.8,0.0,0.0,0,0,0,0,0.7818314824680298,0.6234898018587336,-0.10116832198743204,-0.9948693233918952
305,-7.0,32,2.6,0.0,0.0,0,0,0,0,0.7818314824680298,0.6234898018587336,-0.2993631229733582,-0.9541392564000488
529,-7.7,36,1.0,0.0,0.0,0,0,0,0,0.7818314824680298,0.6234898018587336,-0.4853019625310808,-0.8743466161445822
350,-8.2,43,1.1,0.0,0.0,0,0,0,0,0.7818314824680298,0.6234898018587336,-0.651372482722222,-0.7587581226927911
260,-8.4,42,1.0,0.0,0.0,0,0,0,0,0.7818314824680298,0.6234898018587336,-0.7907757369376986,-0.6121059825476627
270,-8.8,43,1.4,0.0,0.0,0,0,0,0,0.7818314824680298,0.6234898018587336,-0.8978045395707417,-0.44039415155763423
256,-9.0,45,1.3,0.0,0.0,0,0,0,0,0.7818314824680298,0.6234898018587336,-0.9680771188662041,-0.2506525322587213
173,-9.3,47,2.1,0.0,0.0,0,0,0,0,0.7818314824680298,0.6234898018587336,-0.9987165071710528,-0.05064916883871355
168,-9.5,48,1.3,0.0,0.0,0,0,0,0,0.9749279121818236,-0.22252093395631434,0.0,1.0
183,-10.2,52,1.6,0.0,0.0,0,0,0,0,0.9749279121818236,-0.22252093395631434,0.20129852008866006,0.9795299412524945
120,-10.4,53,1.8,0.0,0.0,0,0,0,0,0.9749279121818236,-0.22252093395631434,0.39435585511331855,0.9189578116202306
79,-10.9,55,1.8,0.0,0.0,0,0,0,0,0.9749279121818236,-0.22252093395631434,0.5712682150947923,0.8207634412072763
41,-11.4,58,1.3,0.0,0.0,0,0,0,0,0.9749279121818236,-0.22252093395631434,0.72479278722912,0.6889669190756866
68,-11.5,58,1.1,0.0,0.0,0,0,0,0,0.9749279121818236,-0.22252093395631434,0.8486442574947509,0.5289640103269624
109,-11.9,57,1.1,0.0,0.0,0,0,0,0,0.9749279121818236,-0.22252093395631434,0.9377521321470804,0.3473052528448203
310,-11.7,53,1.6,0.0,0.0,0,0,0,0,0.9749279121818236,-0.22252093395631434,0.9884683243281114,0.1514277775045767
591,-11.4,47,3.3,0.0,0.0,0,0,0,0,0.9749279121818236,-0.22252093395631434,0.9987165071710528,-0.05064916883871264
340,-11.1,46,3.4,0.0,0.0,0,0,0,0,0.9749279121818236,-0.22252093395631434,0.9680771188662043,-0.2506525322587204
202,-9.5,39,2.1,0.0,0.0,0,0,0,0,0.9749279121818236,-0.22252093395631434,0.8978045395707416,-0.4403941515576344
251,-8.1,35,1.8,0.0,0.0,0,0,0,0,0.9749279121818236,-0.22252093395631434,0.7907757369376989,-0.6121059825476626
267,-6.5,30,2.9,0.0,0.0,0,0,0,0,0.9749279121818236,-0.22252093395631434,0.6513724827222223,-0.758758122692791
251,-5.8,28,2.9,0.0,0.0,0,0,0,0,0.9749279121818236,-0.22252093395631434,0.48530196253108104,-0.8743466161445821
240,-4.7,27,2.9,0.0,0.0,0,0,0,0,0.9749279121818236,-0.22252093395631434,0.29936312297335804,-0.9541392564000488
240,-4.9,26,3.1,0.0,0.0,0,0,0,0,0.9749279121818236,-0.22252093395631434,0.10116832198743272,-0.994869323391895
278,-4.5,26,2.2,0.0,0.0,0,0,0,0,0.9749279121818236,-0.22252093395631434,-0.10116832198743204,-0.9948693233918952
392,-5.6,29,1.7,0.0,0.0,0,0,0,0,0.9749279121818236,-0.22252093395631434,-0.2993631229733582,-0.9541392564000488
537,-6.6,33,1.1,0.0,0.0,0,0,0,0,0.9749279121818236,-0.22252093395631434,-0.4853019625310808,-0.8743466161445822
373,-6.6,31,1.6,0.0,0.0,0,0,0,0,0.9749279121818236,-0.22252093395631434,-0.651372482722222,-0.7587581226927911
263,-7.6,35,0.8,0.0,0.0,0,0,0,0,0.9749279121818236,-0.22252093395631434,-0.7907757369376986,-0.6121059825476627
271,-8.3,39,1.0,0.0,0.0,0,0,0,0,0.9749279121818236,-0.22252093395631434,-0.8978045395707417,-0.44039415155763423
271,-8.9,39,0.1,0.0,0.0,0,0,0,0,0.9749279121818236,-0.22252093395631434,-0.9680771188662041,-0.2506525322587213
174,-9.2,44,0.4,0.0,0.0,0,0,0,0,0.9749279121818236,-0.22252093395631434,-0.9987165071710528,-0.05064916883871355
171,-9.5,50,0.6,0.0,0.0,0,0,0,0,0.43388373911755823,-0.900968867902419,0.0,1.0
170,-9.8,48,0.8,0.0,0.0,0,0,0,0,0.43388373911755823,-0.900968867902419,0.20129852008866006,0.9795299412524945
107,-10.6,44,0.8,0.0,0.0,0,0,0,0,0.43388373911755823,-0.900968867902419,0.39435585511331855,0.9189578116202306
80,-10.7,48,0.4,0.0,0.0,0,0,0,0,0.43388373911755823,-0.900968867902419,0.5712682150947923,0.8207634412072763
52,-11.0,50,0.8,0.0,0.0,0,0,0,0,0.43388373911755823,-0.900968867902419,0.72479278722912,0.6889669190756866
62,-10.8,48,0.8,0.0,0.0,0,0,0,0,0.43388373911755823,-0.900968867902419,0.8486442574947509,0.5289640103269624
108,-11.0,55,0.8,0.0,0.0,0,0,0,0,0.43388373911755823,-0.900968867902419,0.9377521321470804,0.3473052528448203
279,-10.9,57,1.1,0.0,0.0,0,0,0,0,0.43388373911755823,-0.900968867902419,0.9884683243281114,0.1514277775045767
621,-10.4,54,1.1,0.0,0.0,0,0,0,0,0.43388373911755823,-0.900968867902419,0.9987165071710528,-0.05064916883871264
305,-9.4,44,0.5,0.0,0.0,0,0,0,0,0.43388373911755823,-0.900968867902419,0.9680771188662043,-0.2506525322587204
189,-7.7,43,0.9,0.0,0.0,0,0,0,0,0.43388373911755823,-0.900968867902419,0.8978045395707416,-0.4403941515576344
247,-6.1,38,1.0,0.0,0.0,0,0,0,0,0.43388373911755823,-0.900968867902419,0.7907757369376989,-0.6121059825476626
278,-4.9,34,1.3,0.0,0.0,0,0,0,0,0.43388373911755823,-0.900968867902419,0.6513724827222223,-0.758758122692791
282,-3.8,32,0.9,0.0,0.0,0,0,0,0,0.43388373911755823,-0.900968867902419,0.48530196253108104,-0.8743466161445821
294,-2.7,28,0.7,0.0,0.0,0,0,0,0,0.43388373911755823,-0.900968867902419,0.29936312297335804,-0.9541392564000488
301,-2.5,29,1.1,0.0,0.0,0,0,0,0,0.43388373911755823,-0.900968867902419,0.10116832198743272,-0.994869323391895
335,-2.4,28,0.9,0.0,0.0,0,0,0,0,0.43388373911755823,-0.900968867902419,-0.10116832198743204,-0.9948693233918952
382,-2.9,31,0.6,0.0,0.0,0,0,0,0,0.43388373911755823,-0.900968867902419,-0.2993631229733582,-0.9541392564000488
612,-3.5,35,1.1,0.0,0.0,0,0,0,0,0.43388373911755823,-0.900968867902419,-0.4853019625310808,-0.8743466161445822
410,-4.2,40,0.9,0.0,0.0,0,0,0,0,0.43388373911755823,-0.900968867902419,-0.651372482722222,-0.7587581226927911
277,-4.8,43,1.1,0.0,0.0,0,0,0,0,0.43388373911755823,-0.900968867902419,-0.7907757369376986,-0.6121059825476627
316,-4.8,45,0.8,0.0,0.0,0,0,0,0,0.43388373911755823,-0.900968867902419,-0.8978045395707417,-0.44039415155763423
309,-4.9,44,1.1,0.0,0.0,0,0,0,0,0.43388373911755823,-0.900968867902419,-0.9680771188662041,-0.2506525322587213
211,-5.6,53,1.2,0.0,0.0,0,0,0,0,0.43388373911755823,-0.900968867902419,-0.9987165071710528,-0.05064916883871355
227,-5.7,53,0.6,0.0,0.0,0,0,0,0,-0.433883739117558,-0.9009688679024191,0.0,1.0
241,-6.3,57,0.4,0.0,0.0,0,0,0,0,-0.433883739117558,-0.9009688679024191,0.20129852008866006,0.9795299412524945
162,-6.8,58,0.4,0.0,0.0,0,0,0,0,-0.433883739117558,-0.9009688679024191,0.39435585511331855,0.9189578116202306
110,-6.9,56,0.5,0.0,0.0,0,0,0,0,-0.433883739117558,-0.9009688679024191,0.5712682150947923,0.8207634412072763
69,-7.1,59,0.8,0.0,0.0,0,0,0,0,-0.433883739117558,-0.9009688679024191,0.72479278722912,0.6889669190756866
68,-7.5,64,0.9,0.0,0.0,0,0,0,0,-0.433883739117558,-0.9009688679024191,0.8486442574947509,0.5289640103269624
129,-7.4,64,0.7,0.0,0.0,0,0,0,0,-0.433883739117558,-0.9009688679024191,0.9377521321470804,0.3473052528448203
285,-7.0,63,0.6,0.0,0.0,0,0,0,0,-0.433883739117558,-0.9009688679024191,0.9884683243281114,0.1514277775045767
658,-6.6,64,1.1,0.0,0.0,0,0,0,0,-0.433883739117558,-0.9009688679024191,0.9987165071710528,-0.05064916883871264
330,-5.9,60,0.6,0.0,0.0,0,0,0,0,-0.433883739117558,-0.9009688679024191,0.9680771188662043,-0.2506525322587204
221,-4.6,52,0.8,0.0,0.0,0,0,0,0,-0.433883739117558,-0.9009688679024191,0.8978045395707416,-0.4403941515576344
279,-2.9,46,1.0,0.0,0.0,0,0,0,0,-0.433883739117558,-0.9009688679024191,0.7907757369376989,-0.6121059825476626
309,-2.5,43,0.7,0.0,0.0,0,0,0,0,-0.433883739117558,-0.9009688679024191,0.6513724827222223,-0.758758122692791
325,-1.6,40,0.3,0.0,0.0,0,0,0,0,-0.433883739117558,-0.9009688679024191,0.48530196253108104,-0.8743466161445821
329,-0.7,39,0.8,0.0,0.0,0,0,0,0,-0.433883739117558,-0.9009688679024191,0.29936312297335804,-0.9541392564000488
342,0.1,35,1.5,0.0,0.0,0,0,0,0,-0.433883739117558,-0.9009688679024191,0.10116832198743272,-0.994869323391895
354,0.0,37,0.6,0.0,0.0,0,0,0,0,-0.433883739117558,-0.9009688679024191,-0.10116832198743204,-0.9948693233918952
464,-0.2,39,0.8,0.0,0.0,0,0,0,0,-0.433883739117558,-0.9009688679024191,-0.2993631229733582,-0.9541392564000488
682,0.1,43,0.9,0.0,0.0,0,0,0,0,-0.433883739117558,-0.9009688679024191,-0.4853019625310808,-0.8743466161445822
451,0.6,41,1.2,0.0,0.0,0,0,0,0,-0.433883739117558,-0.9009688679024191,-0.651372482722222,-0.7587581226927911
320,0.9,42,1.2,0.0,0.0,0,0,0,0,-0.433883739117558,-0.9009688679024191,-0.7907757369376986,-0.6121059825476627
300,0.7,47,2.7,0.0,0.0,0,0,0,0,-0.433883739117558,-0.9009688679024191,-0.8978045395707417,-0.44039415155763423
296,-0.1,49,2.0,0.0,0.0,0,0,0,0,-0.433883739117558,-0.9009688679024191,-0.9680771188662041,-0.2506525322587213
247,-1.3,60,2.5,0.0,0.0,0,0,0,0,-0.433883739117558,-0.9009688679024191,-0.9987165071710528,-0.05064916883871355
217,-2.6,73,3.4,0.0,0.0,0,0,0,0,-0.9749279121818236,-0.2225209339563146,0.0,1.0
302,-3.4,76,2.9,0.0,0.0,0,0,0,0,-0.9749279121818236,-0.2225209339563146,0.20129852008866006,0.9795299412524945
228,-4.1,73,2.1,0.0,0.0,0,0,0,0,-0.9749279121818236,-0.2225209339563146,0.39435585511331855,0.9189578116202306
129,-4.5,71,1.6,0.0,0.0,0,0,0,0,-0.9749279121818236,-0.2225209339563146,0.5712682150947923,0.8207634412072763
80,-5.0,70,2.7,0.0,0.0,0,0,0,0,-0.9749279121818236,-0.2225209339563146,0.72479278722912,0.6889669190756866
45,-5.6,72,2.0,0.0,0.0,0,0,0,0,-0.9749279121818236,-0.2225209339563146,0.8486442574947509,0.5289640103269624
66,-6.1,69,2.9,0.0,0.0,0,0,0,0,-0.9749279121818236,-0.2225209339563146,0.9377521321470804,0.3473052528448203
90,-6.7,64,2.1,0.0,0.0,0,0,0,0,-0.9749279121818236,-0.2225209339563146,0.9884683243281114,0.1514277775045767
190,-7.3,62,2.6,0.0,0.0,0,0,0,0,-0.9749279121818236,-0.2225209339563146,0.9987165071710528,-0.05064916883871264
195,-7.2,47,2.8,0.0,0.0,0,0,0,0,-0.9749279121818236,-0.2225209339563146,0.9680771188662043,-0.2506525322587204
201,-6.2,42,2.3,0.0,0.0,0,0,0,0,-0.9749279121818236,-0.2225209339563146,0.8978045395707416,-0.4403941515576344
239,-5.2,30,4.0,0.0,0.0,0,0,0,0,-0.9749279121818236,-0.2225209339563146,0.7907757369376989,-0.6121059825476626
252,-4.1,28,3.8,0.0,0.0,0,0,0,0,-0.9749279121818236,-0.2225209339563146,0.6513724827222223,-0.758758122692791
296,-3.7,23,4.0,0.0,0.0,0,0,0,0,-0.9749279121818236,-0.2225209339563146,0.48530196253108104,-0.8743466161445821
292,-3.4,22,4.3,0.0,0.0,0,0,0,0,-0.9749279121818236,-0.2225209339563146,0.29936312297335804,-0.9541392564000488
291,-3.3,22,5.0,0.0,0.0,0,0,0,0,-0.9749279121818236,-0.2225209339563146,0.10116832198743272,-0.994869323391895
258,-3.3,24,3.5,0.0,0.0,0,0,0,0,-0.9749279121818236,-0.2225209339563146,-0.10116832198743204,-0.9948693233918952
277,-4.6,26,2.6,0.0,0.0,0,0,0,0,-0.9749279121818236,-0.2225209339563146,-0.2993631229733582,-0.9541392564000488
212,-5.3,28,3.5,0.0,0.0,0,0,0,0,-0.9749279121818236,-0.2225209339563146,-0.4853019625310808,-0.8743466161445822
173,-6.0,32,2.4,0.0,0.0,0,0,0,0,-0.9749279121818236,-0.2225209339563146,-0.651372482722222,-0.7587581226927911
143,-6.6,37,3.4,0.0,0.0,0,0,0,0,-0.9749279121818236,-0.2225209339563146,-0.7907757369376986,-0.6121059825476627
159,-7.1,39,3.2,0.0,0.0,0,0,0,0,-0.9749279121818236,-0.2225209339563146,-0.8978045395707417,-0.44039415155763423
155,-7.6,41,1.6,0.0,0.0,0,0,0,0,-0.9749279121818236,-0.2225209339563146,-0.9680771188662041,-0.2506525322587213
142,-8.0,41,2.2,0.0,0.0,0,0,0,0,-0.9749279121818236,-0.2225209339563146,-0.9987165071710528,-0.05064916883871355
175,-8.1,41,2.0,0.0,0.0,0,0,0,0,-0.7818314824680299,0.6234898018587334,0.0,1.0
146,-8.4,40,1.6,0.0,0.0,0,0,0,0,-0.7818314824680299,0.6234898018587334,0.20129852008866006,0.9795299412524945
132,-8.7,40,2.8,0.0,0.0,0,0,0,0,-0.7818314824680299,0.6234898018587334,0.39435585511331855,0.9189578116202306
100,-9.0,40,3.1,0.0,0.0,0,0,0,0,-0.7818314824680299,0.6234898018587334,0.5712682150947923,0.8207634412072763
41,-9.5,40,1.9,0.0,0.0,0,0,0,0,-0.7818314824680299,0.6234898018587334,0.72479278722912,0.6889669190756866
31,-9.7,41,3.1,0.0,0.0,0,0,0,0,-0.7818314824680299,0.6234898018587334,0.8486442574947509,0.5289640103269624
39,-9.9,42,2.3,0.0,0.0,0,0,0,0,-0.7818314824680299,0.6234898018587334,0.9377521321470804,0.3473052528448203
53,-10.2,42,2.3,0.0,0.0,0,0,0,0,-0.7818314824680299,0.6234898018587334,0.9884683243281114,0.1514277775045767
94,-10.7,43,0.9,0.0,0.0,0,0,0,0,-0.7818314824680299,0.6234898018587334,0.9987165071710528,-0.05064916883871264
122,-10.5,38,1.1,0.0,0.0,0,0,0,0,-0.7818314824680299,0.6234898018587334,0.9680771188662043,-0.2506525322587204
142,-8.5,31,1.5,0.0,0.0,0,0,0,0,-0.7818314824680299,0.6234898018587334,0.8978045395707416,-0.4403941515576344
189,-7.2,29,1.8,0.0,0.0,0,0,0,0,-0.7818314824680299,0.6234898018587334,0.7907757369376989,-0.6121059825476626
216,-4.9,25,2.6,0.0,0.0,0,0,0,0,-0.7818314824680299,0.6234898018587334,0.6513724827222223,-0.758758122692791
223,-4.5,25,3.2,0.0,0.0,0,0,0,0,-0.7818314824680299,0.6234898018587334,0.48530196253108104,-0.8743466161445821
268,-3.2,26,3.1,0.0,0.0,0,0,0,0,-0.7818314824680299,0.6234898018587334,0.29936312297335804,-0.9541392564000488
278,-2.5,28,2.0,0.0,0.0,0,0,0,0,-0.7818314824680299,0.6234898018587334,0.10116832198743272,-0.994869323391895
256,-2.7,31,2.3,0.0,0.0,0,0,0,0,-0.7818314824680299,0.6234898018587334,-0.10116832198743204,-0.9948693233918952
266,-3.8,35,2.4,0.0,0.0,0,0,0,0,-0.7818314824680299,0.6234898018587334,-0.2993631229733582,-0.9541392564000488
204,-4.7,37,1.8,0.0,0.0,0,0,0,0,-0.7818314824680299,0.6234898018587334,-0.4853019625310808,-0.8743466161445822
157,-5.6,39,1.1,0.0,0.0,0,0,0,0,-0.7818314824680299,0.6234898018587334,-0.651372482722222,-0.7587581226927911
166,-6.0,42,0.8,0.0,0.0,0,0,0,0,-0.7818314824680299,0.6234898018587334,-0.7907757369376986,-0.6121059825476627
168,-6.5,45,0.7,0.0,0.0,0,0,0,0,-0.7818314824680299,0.6234898018587334,-0.8978045395707417,-0.44039415155763423
172,-6.6,50,0.6,0.0,0.0,0,0,0,0,-0.7818314824680299,0.6234898018587334,-0.9680771188662041,-0.2506525322587213
138,-6.9,53,0.7,0.0,0.0,0,0,0,0,-0.7818314824680299,0.6234898018587334,-0.9987165071710528,-0.05064916883871355
151,-5.9,50,0.6,0.0,0.0,0,0,0,0,0.0,1.0,0.0,1.0
97,-5.3,48,0.4,0.0,0.0,0,0,0,0,0.0,1.0,0.20129852008866006,0.9795299412524945
38,-5.0,65,0.4,0.0,0.2,0,0,0,0,0.0,1.0,0.39435585511331855,0.9189578116202306
32,-5.3,76,1.0,0.3,0.5,0,0,0,0,0.0,1.0,0.5712682150947923,0.8207634412072763
29,-5.4,81,0.7,0.0,0.7,0,0,0,0,0.0,1.0,0.72479278722912,0.6889669190756866
27,-5.3,81,0.9,0.0,0.8,0,0,0,0,0.0,1.0,0.8486442574947509,0.5289640103269624
45,-5.2,85,0.9,0.4,1.3,0,0,0,0,0.0,1.0,0.9377521321470804,0.3473052528448203
96,-5.0,85,0.7,0.0,1.8,0,0,0,0,0.0,1.0,0.9884683243281114,0.1514277775045767
146,-4.6,86,1.2,0.0,2.0,0,0,0,0,0.0,1.0,0.9987165071710528,-0.05064916883871264
52,-4.3,89,1.0,1.6,4.0,0,0,0,0,0.0,1.0,0.9680771188662043,-0.2506525322587204
36,-3.7,87,1.0,0.0,4.8,0,0,0,0,0.0,1.0,0.8978045395707416,-0.4403941515576344
44,-2.9,85,1.2,0.0,4.8,0,0,0,0,0.0,1.0,0.7907757369376989,-0.6121059825476626
62,-1.8,83,1.2,1.1,5.1,0,0,0,0,0.0,1.0,0.6513724827222223,-0.758758122692791
76,-0.9,84,1.2,0.0,5.0,0,0,0,0,0.0,1.0,0.48530196253108104,-0.8743466161445821
116,0.5,76,0.9,0.0,4.2,0,0,0,0,0.0,1.0,0.29936312297335804,-0.9541392564000488
137,1.6,73,0.9,0.0,3.2,0,0,0,0,0.0,1.0,0.10116832198743272,-0.994869323391895
181,1.8,76,0.8,0.0,2.7,0,0,0,0,0.0,1.0,-0.10116832198743204,-0.9948693233918952
175,0.4,84,0.8,0.0,2.7,0,0,0,0,0.0,1.0,-0.2993631229733582,-0.9541392564000488
281,0.0,88,0.6,0.0,2.7,0,0,0,0,0.0,1.0,-0.4853019625310808,-0.8743466161445822
198,1.3,65,1.1,0.0,2.7,0,0,0,0,0.0,1.0,-0.651372482722222,-0.7587581226927911
165,3.3,65,3.2,0.0,2.7,0,0,0,0,0.0,1.0,-0.7907757369376986,-0.6121059825476627
148,2.8,73,2.4,0.0,2.6,0,0,0,0,0.0,1.0,-0.8978045395707417,-0.44039415155763423
160,1.5,82,2.4,0.0,2.6,0,0,0,0,0.0,1.0,-0.9680771188662041,-0.2506525322587213
128,0.1,81,2.9,0.0,2.6,0,0,0,0,0.0,1.0,-0.9987165071710528,-0.05064916883871355
122,-1.0,73,2.3,0.0,2.6,0,0,0,0,0.7818314824680298,0.6234898018587336,0.0,1.0
122,-2.0,72,0.8,0.0,2.6,0,0,0,0,0.7818314824680298,0.6234898018587336,0.20129852008866006,0.9795299412524945
93,-2.7,72,0.9,0.0,2.6,0,0,0,0,0.7818314824680298,0.6234898018587336,0.39435585511331855,0.9189578116202306
55,-2.8,58,1.6,0.0,2.6,0,0,0,0,0.7818314824680298,0.6234898018587336,0.5712682150947923,0.8207634412072763
39,-2.9,59,1.8,0.0,2.6,0,0,0,0,0.7818314824680298,0.6234898018587336,0.72479278722912,0.6889669190756866
55,-3.9,66,0.7,0.0,2.6,0,0,0,0,0.7818314824680298,0.6234898018587336,0.8486442574947509,0.5289640103269624
78,-4.3,70,1.6,0.0,2.6,0,0,0,0,0.7818314824680298,0.6234898018587336,0.9377521321470804,0.3473052528448203
165,-4.4,64,2.8,0.0,2.6,0,0,0,0,0.7818314824680298,0.6234898018587336,0.9884683243281114,0.1514277775045767
390,-5.2,58,2.2,0.0,2.5,0,0,0,0,0.7818314824680298,0.6234898018587336,0.9987165071710528,-0.05064916883871264
199,-5.3,48,2.6,0.0,2.5,0,0,0,0,0.7818314824680298,0.6234898018587336,0.9680771188662043,-0.2506525322587204
151,-4.6,41,2.8,0.0,2.5,0,0,0,0,0.7818314824680298,0.6234898018587336,0.8978045395707416,-0.4403941515576344
174,-3.5,35,2.2,0.0,2.5,0,0,0,0,0.7818314824680298,0.6234898018587336,0.7907757369376989,-0.6121059825476626
191,-2.5,31,2.6,0.0,2.3,0,0,0,0,0.7818314824680298,0.6234898018587336,0.6513724827222223,-0.758758122692791
189,-2.2,25,3.2,0.0,2.2,0,0,0,0,0.7818314824680298,0.6234898018587336,0.48530196253108104,-0.8743466161445821
178,-2.2,23,3.7,0.0,2.2,0,0,0,0,0.7818314824680298,0.6234898018587336,0.29936312297335804,-0.9541392564000488
195,-1.3,26,3.0,0.0,2.1,0,0,0,0,0.7818314824680298,0.6234898018587336,0.10116832198743272,-0.994869323391895
211,-1.8,31,3.1,0.0,2.0,0,0,0,0,0.7818314824680298,0.6234898018587336,-0.10116832198743204,-0.9948693233918952
256,-2.7,35,1.8,0.0,2.0,0,0,0,0,0.7818314824680298,0.6234898018587336,-0.2993631229733582,-0.9541392564000488
384,-3.8,42,3.3,0.0,2.0,0,0,0,0,0.7818314824680298,0.6234898018587336,-0.4853019625310808,-0.8743466161445822
276,-4.5,51,2.0,0.0,2.0,0,0,0,0,0.7818314824680298,0.6234898018587336,-0.651372482722222,-0.7587581226927911
225,-4.9,55,2.0,0.0,2.0,0,0,0,0,0.7818314824680298,0.6234898018587336,-0.7907757369376986,-0.6121059825476627
224,-5.0,57,1.9,0.0,2.0,0,0,0,0,0.7818314824680298,0.6234898018587336,-0.8978045395707417,-0.44039415155763423
213,-5.5,56,1.5,0.0,2.0,0,0,0,0,0.7818314824680298,0.6234898018587336,-0.9680771188662041,-0.2506525322587213
149,-5.8,57,1.7,0.0,2.0,0,0,0,0,0.7818314824680298,0.6234898018587336,-0.9987165071710528,-0.05064916883871355
142,-6.5,63,1.5,0.0,2.0,0,0,0,0,0.9749279121818236,-0.22252093395631434,0.0,1.0
172,-7.3,67,1.1,0.0,2.0,0,0,0,0,0.9749279121818236,-0.22252093395631434,0.20129852008866006,0.9795299412524945
108,-7.8,68,0.9,0.0,2.0,0,0,0,0,0.9749279121818236,-0.22252093395631434,0.39435585511331855,0.9189578116202306
71,-8.1,70,1.3,0.0,2.0,0,0,0,0,0.9749279121818236,-0.22252093395631434,0.5712682150947923,0.8207634412072763
38,-8.5,73,1.0,0.0,2.0,0,0,0,0,0.9749279121818236,-0.22252093395631434,0.72479278722912,0.6889669190756866
56,-8.3,67,0.9,0.0,2.0,0,0,0,0,0.9749279121818236,-0.22252093395631434,0.8486442574947509,0.5289640103269624
97,-8.2,66,0.9,0.0,2.0,0,0,0,0,0.9749279121818236,-0.22252093395631434,0.9377521321470804,0.3473052528448203
213,-8.1,67,0.9,0.0,2.0,0,0,0,0,0.9749279121818236,-0.22252093395631434,0.9884683243281114,0.1514277775045767
466,-7.8,65,1.1,0.0,2.0,0,0,0,0,0.9749279121818236,-0.22252093395631434,0.9987165071710528,-0.05064916883871264
239,-6.7,62,1.1,0.0,2.0,0,0,0,0,0.9749279121818236,-0.22252093395631434,0.9680771188662043,-0.2506525322587204
162,-5.4,56,1.1,0.0,2.0,0,0,0,0,0.9749279121818236,-0.22252093395631434,0.8978045395707416,-0.4403941515576344
204,-4.2,51,1.1,0.0,1.9,0,0,0,0,0.9749279121818236,-0.22252093395631434,0.7907757369376989,-0.6121059825476626
209,-3.2,49,1.3,0.0,1.9,0,0,0,0,0.9749279121818236,-0.22252093395631434,0.6513724827222223,-0.758758122692791
228,-1.3,43,1.0,0.0,1.7,0,0,0,0,0.9749279121818236,-0.22252093395631434,0.48530196253108104,-0.8743466161445821
243,-0.5,44,1.0,0.0,1.7,0,0,0,0,0.9749279121818236,-0.22252093395631434,0.29936312297335804,-0.9541392564000488
240,-0.2,45,1.0,0.0,1.6,0,0,0,0,0.9749279121818236,-0.22252093395631434,0.10116832198743272,-0.994869323391895
225,-0.5,48,1.1,0.0,1.6,0,0,0,0,0.9749279121818236,-0.22252093395631434,-0.10116832198743204,-0.9948693233918952
237,-0.9,70,1.1,0.0,2.2,0,0,0,0,0.9749279121818236,-0.22252093395631434,-0.2993631229733582,-0.9541392564000488
329,-1.4,79,1.6,0.1,2.2,0,0,0,0,0.9749279121818236,-0.22252093395631434,-0.4853019625310808,-0.8743466161445822
190,-1.5,81,1.8,0.0,2.2,0,0,0,0,0.9749279121818236,-0.22252093395631434,-0.651372482722222,-0.7587581226927911
165,-1.9,86,0.9,0.0,2.4,0,0,0,0,0.9749279121818236,-0.22252093395631434,-0.7907757369376986,-0.6121059825476627
197,-2.0,83,1.2,0.1,2.4,0,0,0,0,0.9749279121818236,-0.22252093395631434,-0.8978045395707417,-0.44039415155763423
184,-1.6,82,0.4,0.0,2.3,0,0,0,0,0.9749279121818236,-0.22252093395631434,-0.9680771188662041,-0.2506525322587213
153,-1.1,87,1.4,0.0,2.2,0,0,0,0,0.9749279121818236,-0.22252093395631434,-0.9987165071710528,-0.05064916883871355
166,-1.3,90,2.0,0.0,2.2,0,0,0,0,0.43388373911755823,-0.900968867902419,0.0,1.0
189,-1.8,90,1.6,0.0,2.2,0,0,0,0,0.43388373911755823,-0.900968867902419,0.20129852008866006,0.9795299412524945
132,-2.2,88,1.4,0.0,2.2,0,0,0,0,0.43388373911755823,-0.900968867902419,0.39435585511331855,0.9189578116202306
79,-2.9,89,1.3,0.0,2.2,0,0,0,0,0.43388373911755823,-0.900968867902419,0.5712682150947923,0.8207634412072763
58,-3.6,91,1.2,0.0,2.2,0,0,0,0,0.43388373911755823,-0.900968867902419,0.72479278722912,0.6889669190756866
49,-4.3,91,1.5,0.0,2.2,0,0,0,0,0.43388373911755823,-0.900968867902419,0.8486442574947509,0.5289640103269624
84,-4.8,91,1.1,0.0,2.2,0,0,0,0,0.43388373911755823,-0.900968867902419,0.9377521321470804,0.3473052528448203
178,-5.3,90,1.1,0.0,2.2,0,0,0,0,0.43388373911755823,-0.900968867902419,0.9884683243281114,0.1514277775045767
423,-5.6,89,0.9,0.0,2.2,0,0,0,0,0.43388373911755823,-0.900968867902419,0.9987165071710528,-0.05064916883871264
265,-5.3,88,0.4,0.0,2.2,0,0,0,0,0.43388373911755823,-0.900968867902419,0.9680771188662043,-0.2506525322587204
169,-3.0,71,0.7,0.0,2.1,0,0,0,0,0.43388373911755823,-0.900968867902419,0.8978045395707416,-0.4403941515576344
243,-0.7,62,0.7,0.0,2.0,0,0,0,0,0.43388373911755823,-0.900968867902419,0.7907757369376989,-0.6121059825476626
290,1.9,40,2.0,0.0,1.9,0,0,0,0,0.43388373911755823,-0.900968867902419,0.6513724827222223,-0.758758122692791
285,3.2,42,1.8,0.0,1.8,0,0,0,0,0.43388373911755823,-0.900968867902419,0.48530196253108104,-0.8743466161445821
255,4.3,47,2.3,0.0,1.6,0,0,0,0,0.43388373911755823,-0.900968867902419,0.29936312297335804,-0.9541392564000488
316,4.4,46,1.4,0.0,1.0,0,0,0,0,0.43388373911755823,-0.900968867902419,0.10116832198743272,-0.994869323391895
301,4.1,51,1.8,0.0,0.9,0,0,0,0,0.43388373911755823,-0.900968867902419,-0.10116832198743204,-0.9948693233918952
366,2.9,60,1.3,0.0,0.8,0,0,0,0,0.43388373911755823,-0.900968867902419,-0.2993631229733582,-0.9541392564000488
531,1.7,64,1.3,0.0,0.8,0,0,0,0,0.43388373911755823,-0.900968867902419,-0.4853019625310808,-0.8743466161445822
355,0.8,71,0.9,0.0,0.8,0,0,0,0,0.43388373911755823,-0.900968867902419,-0.651372482722222,-0.7587581226927911
288,0.2,72,0.7,0.0,0.8,0,0,0,0,0.43388373911755823,-0.900968867902419,-0.7907757369376986,-0.6121059825476627
248,-0.4,74,0.6,0.0,0.8,0,0,0,0,0.43388373911755823,-0.900968867902419,-0.8978045395707417,-0.44039415155763423
252,-1.1,78,0.6,0.0,0.8,0,0,0,0,0.43388373911755823,-0.900968867902419,-0.9680771188662041,-0.2506525322587213
212,-1.5,79,0.6,0.0,0.8,0,0,0,0,0.43388373911755823,-0.900968867902419,-0.9987165071710528,-0.05064916883871355
196,-1.7,79,0.5,0.0,0.8,1,0,0,0,-0.433883739117558,-0.9009688679024191,0.0,1.0
250,-1.6,79,0.6,0.0,0.8,1,0,0,0,-0.433883739117558,-0.9009688679024191,0.20129852008866006,0.9795299412524945
161,-1.1,79,0.7,0.0,0.8,1,0,0,0,-0.433883739117558,-0.9009688679024191,0.39435585511331855,0.9189578116202306
99,-0.6,76,0.5,0.0,0.7,1,0,0,0,-0.433883739117558,-0.9009688679024191,0.5712682150947923,0.8207634412072763
64,-0.3,76,0.9,0.0,0.7,1,0,0,0,-0.433883739117558,-0.9009688679024191,0.72479278722912,0.6889669190756866
76,-0.2,73,0.8,0.0,0.7,1,0,0,0,-0.433883739117558,-0.9009688679024191,0.8486442574947509,0.5289640103269624
114,-0.1,71,0.8,0.0,0.7,1,0,0,0,-0.433883739117558,-0.9009688679024191,0.9377521321470804,0.3473052528448203
283,-0.3,72,0.7,0.0,0.7,1,0,0,0,-0.433883739117558,-0.9009688679024191,0.9884683243281114,0.1514277775045767
544,-0.4,69,0.5,0.0,0.7,1,0,0,0,-0.433883739117558,-0.9009688679024191,0.9987165071710528,-0.05064916883871264
298,0.3,67,0.7,0.0,0.6,1,0,0,0,-0.433883739117558,-0.9009688679024191,0.9680771188662043,-0.2506525322587204
248,1.4,64,1.0,0.0,0.5,1,0,0,0,-0.433883739117558,-0.9009688679024191,0.8978045395707416,-0.4403941515576344
278,3.1,57,0.8,0.0,0.0,1,0,0,0,-0.433883739117558,-0.9009688679024191,0.7907757369376989,-0.6121059825476626
301,4.5,56,0.8,0.0,0.0,1,0,0,0,-0.433883739117558,-0.9009688679024191,0.6513724827222223,-0.758758122692791
320,5.4,55,1.2,0.0,0.0,1,0,0,0,-0.433883739117558,-0.9009688679024191,0.48530196253108104,-0.8743466161445821
326,5.9,55,0.6,0.0,0.0,1,0,0,0,-0.433883739117558,-0.9009688679024191,0.29936312297335804,-0.9541392564000488
386,6.5,55,0.9,0.0,0.0,1,0,0,0,-0.433883739117558,-0.9009688679024191,0.10116832198743272,-0.994869323391895
416,6.0,58,0.7,0.0,0.0,1,0,0,0,-0.433883739117558,-0.9009688679024191,-0.10116832198743204,-0.9948693233918952
477,5.4,61,1.3,0.0,0.0,1,0,0,0,-0.433883739117558,-0.9009688679024191,-0.2993631229733582,-0.9541392564000488
671,4.9,63,0.6,0.0,0.0,1,0,0,0,-0.433883739117558,-0.9009688679024191,-0.4853019625310808,-0.8743466161445822
481,5.2,64,0.7,0.0,0.0,1,0,0,0,-0.433883739117558,-0.9009688679024191,-0.651372482722222,-0.7587581226927911
323,5.9,67,1.3,0.0,0.0,1,0,0,0,-0.433883739117558,-0.9009688679024191,-0.7907757369376986,-0.6121059825476627
309,6.1,70,2.2,0.0,0.0,1,0,0,0,-0.433883739117558,-0.9009688679024191,-0.8978045395707417,-0.44039415155763423
314,6.1,70,2.7,0.0,0.0,1,0,0,0,-0.433883739117558,-0.9009688679024191,-0.9680771188662041,-0.2506525322587213
249,5.8,74,2.5,0.0,0.0,1,0,0,0,-0.433883739117558,-0.9009688679024191,-0.9987165071710528,-0.05064916883871355
282,5.8,75,1.9,0.0,0.0,0,0,0,0,-0.9749279121818236,-0.2225209339563146,0.0,1.0
337,5.7,75,1.7,0.0,0.0,0,0,0,0,-0.9749279121818236,-0.2225209339563146,0.20129852008866006,0.9795299412524945
312,5.6,76,1.6,0.0,0.0,0,0,0,0,-0.9749279121818236,-0.2225209339563146,0.39435585511331855,0.9189578116202306
230,5.4,77,1.6,0.0,0.0,0,0,0,0,-0.9749279121818236,-0.2225209339563146,0.5712682150947923,0.8207634412072763
120,5.3,79,0.9,0.0,0.0,0,0,0,0,-0.9749279121818236,-0.2225209339563146,0.72479278722912,0.6889669190756866
59,5.0,81,1.2,0.0,0.0,0,0,0,0,-0.9749279121818236,-0.2225209339563146,0.8486442574947509,0.5289640103269624
63,5.1,81,1.3,0.0,0.0,0,0,0,0,-0.9749279121818236,-0.2225209339563146,0.9377521321470804,0.3473052528448203
99,5.1,82,0.7,0.0,0.0,0,0,0,0,-0.9749279121818236,-0.2225209339563146,0.9884683243281114,0.1514277775045767
188,5.1,83,0.9,0.0,0.0,0,0,0,0,-0.9749279121818236,-0.2225209339563146,0.9987165071710528,-0.05064916883871264
239,5.2,84,0.7,0.0,0.0,0,0,0,0,-0.9749279121818236,-0.2225209339563146,0.9680771188662043,-0.2506525322587204
235,5.4,82,1.2,0.0,0.0,0,0,0,0,-0.9749279121818236,-0.2225209339563146,0.8978045395707416,-0.4403941515576344
282,5.7,81,1.1,0.0,0.0,0,0,0,0,-0.9749279121818236,-0.2225209339563146,0.7907757369376989,-0.6121059825476626
325,7.0,72,1.9,0.0,0.0,0,0,0,0,-0.9749279121818236,-0.2225209339563146,0.6513724827222223,-0.758758122692791
423,7.7,68,1.0,0.0,0.0,0,0,0,0,-0.9749279121818236,-0.2225209339563146,0.48530196253108104,-0.8743466161445821
405,8.6,63,1.6,0.0,0.0,0,0,0,0,-0.9749279121818236,-0.2225209339563146,0.29936312297335804,-0.9541392564000488
443,8.6,64,1.5,0.0,0.0,0,0,0,0,-0.9749279121818236,-0.2225209339563146,0.10116832198743272,-0.994869323391895
473,8.2,64,1.0,0.0,0.0,0,0,0,0,-0.9749279121818236,-0.2225209339563146,-0.10116832198743204,-0.9948693233918952
453,7.7,67,0.9,0.0,0.0,0,0,0,0,-0.9749279121818236,-0.2225209339563146,-0.2993631229733582,-0.9541392564000488
340,6.6,73,0.4,0.0,0.0,0,0,0,0,-0.9749279121818236,-0.2225209339563146,-0.4853019625310808,-0.8743466161445822
260,6.0,76,1.1,0.0,0.0,0,0,0,0,-0.9749279121818236,-0.2225209339563146,-0.651372482722222,-0.7587581226927911
258,5.9,75,1.5,0.0,0.0,0,0,0,0,-0.9749279121818236,-0.2225209339563146,-0.7907757369376986,-0.6121059825476627
279,5.6,77,0.9,0.0,0.0,0,0,0,0,-0.9749279121818236,-0.2225209339563146,-0.8978045395707417,-0.44039415155763423
282,5.3,79,0.6,0.0,0.0,0,0,0,0,-0.9749279121818236,-0.2225209339563146,-0.9680771188662041,-0.2506525322587213
237,5.5,80,0.6,0.0,0.0,0,0,0,0,-0.9749279121818236,-0.2225209339563146,-0.9987165071710528,-0.05064916883871355
266,5.6,78,0.6,0.0,0.0,1,0,0,0,-0.7818314824680299,0.6234898018587334,0.0,1.0
251,5.6,78,0.5,0.0,0.0,1,0,0,0,-0.7818314824680299,0.6234898018587334,0.20129852008866006,0.9795299412524945
196,5.4,80,0.9,0.0,0.0,1,0,0,0,-0.7818314824680299,0.6234898018587334,0.39435585511331855,0.9189578116202306
149,5.2,82,0.8,0.0,0.0,1,0,0,0,-0.7818314824680299,0.6234898018587334,0.5712682150947923,0.8207634412072763
79,5.2,82,0.7,0.0,0.0,1,0,0,0,-0.7818314824680299,0.6234898018587334,0.72479278722912,0.6889669190756866
44,5.1,82,0.6,0.0,0.0,1,0,0,0,-0.7818314824680299,0.6234898018587334,0.8486442574947509,0.5289640103269624
12,4.9,84,1.3,0.1,0.0,1,0,0,0,-0.7818314824680299,0.6234898018587334,0.9377521321470804,0.3473052528448203
3,4.7,89,1.1,0.0,0.0,1,0,0,0,-0.7818314824680299,0.6234898018587334,0.9884683243281114,0.1514277775045767
4,4.6,91,1.7,0.0,0.0,1,0,0,0,-0.7818314824680299,0.6234898018587334,0.9987165071710528,-0.05064916883871264
3,4.6,94,0.9,6.4,0.0,1,0,0,0,-0.7818314824680299,0.6234898018587334,0.9680771188662043,-0.2506525322587204
4,4.8,96,0.6,0.0,0.0,1,0,0,0,-0.7818314824680299,0.6234898018587334,0.8978045395707416,-0.4403941515576344
9,4.6,95,0.8,0.0,0.0,1,0,0,0,-0.7818314824680299,0.6234898018587334,0.7907757369376989,-0.6121059825476626
4,4.1,91,0.8,9.5,0.0,1,0,0,0,-0.7818314824680299,0.6234898018587334,0.6513724827222223,-0.758758122692791
7,3.7,90,0.7,0.0,0.0,1,0,0,0,-0.7818314824680299,0.6234898018587334,0.48530196253108104,-0.8743466161445821
28,3.3,90,2.5,0.0,0.0,1,0,0,0,-0.7818314824680299,0.6234898018587334,0.29936312297335804,-0.9541392564000488
38,2.9,90,2.0,3.5,0.0,1,0,0,0,-0.7818314824680299,0.6234898018587334,0.10116832198743272,-0.994869323391895
54,2.3,91,3.3,0.0,0.0,1,0,0,0,-0.7818314824680299,0.6234898018587334,-0.10116832198743204,-0.9948693233918952
104,2.2,86,2.6,0.0,0.0,1,0,0,0,-0.7818314824680299,0.6234898018587334,-0.2993631229733582,-0.9541392564000488
128,1.9,82,4.3,0.5,0.0,1,0,0,0,-0.7818314824680299,0.6234898018587334,-0.4853019625310808,-0.8743466161445822
132,1.1,68,4.4,0.0,0.0,1,0,0,0,-0.7818314824680299,0.6234898018587334,-0.651372482722222,-0.7587581226927911
116,0.6,67,3.3,0.0,0.0,1,0,0,0,-0.7818314824680299,0.6234898018587334,-0.7907757369376986,-0.6121059825476627
145,0.4,69,3.5,0.0,0.0,1,0,0,0,-0.7818314824680299,0.6234898018587334,-0.8978045395707417,-0.44039415155763423
110,0.2,69,2.7,0.0,0.0,1,0,0,0,-0.7818314824680299,0.6234898018587334,-0.9680771188662041,-0.2506525322587213
128,0.0,63,3.2,0.0,0.0,1,0,0,0,-0.7818314824680299,0.6234898018587334,-0.9987165071710528,-0.05064916883871355
160,-0.6,64,2.4,0.0,0.0,1,0,0,0,0.0,1.0,0.0,1.0
132,-1.2,57,4.3,0.0,0.0,1,0,0,0,0.0,1.0,0.20129852008866006,0.9795299412524945
115,-1.8,53,4.1,0.0,0.0,1,0,0,0,0.0,1.0,0.39435585511331855,0.9189578116202306
100,-2.3,52,3.4,0.0,0.0,1,0,0,0,0.0,1.0,0.5712682150947923,0.8207634412072763
72,-3.0,51,3.2,0.0,0.0,1,0,0,0,0.0,1.0,0.72479278722912,0.6889669190756866
32,-3.7,51,2.6,0.0,0.0,1,0,0,0,0.0,1.0,0.8486442574947509,0.5289640103269624
59,-4.1,50,3.0,0.0,0.0,1,0,0,0,0.0,1.0,0.9377521321470804,0.3473052528448203
61,-4.6,46,2.8,0.0,0.0,1,0,0,0,0.0,1.0,0.9884683243281114,0.1514277775045767
94,-4.9,44,3.0,0.0,0.0,1,0,0,0,0.0,1.0,0.9987165071710528,-0.05064916883871264
107,-4.6,40,3.5,0.0,0.0,1,0,0,0,0.0,1.0,0.9680771188662043,-0.2506525322587204
133,-3.7,35,3.7,0.0,0.0,1,0,0,0,0.0,1.0,0.8978045395707416,-0.4403941515576344
179,-2.8,35,2.9,0.0,0.0,1,0,0,0,0.0,1.0,0.7907757369376989,-0.6121059825476626
221,-1.6,33,2.5,0.0,0.0,1,0,0,0,0.0,1.0,0.6513724827222223,-0.758758122692791
244,-1.5,33,3.8,0.0,0.0,1,0,0,0,0.0,1.0,0.48530196253108104,-0.8743466161445821
274,-0.4,31,2.0,0.0,0.0,1,0,0,0,0.0,1.0,0.29936312297335804,-0.9541392564000488
319,0.4,28,2.5,0.0,0.0,1,0,0,0,0.0,1.0,0.10116832198743272,-0.994869323391895
272,0.4,27,2.0,0.0,0.0,1,0,0,0,0.0,1.0,-0.10116832198743204,-0.9948693233918952
260,-0.7,29,2.0,0.0,0.0,1,0,0,0,0.0,1.0,-0.2993631229733582,-0.9541392564000488
237,-1.6,33,2.0,0.0,0.0,1,0,0,0,0.0,1.0,-0.4853019625310808,-0.8743466161445822
184,-1.8,41,2.1,0.0,0.0,1,0,0,0,0.0,1.0,-0.651372482722222,-0.7587581226927911
181,-2.1,49,1.7,0.0,0.0,1,0,0,0,0.0,1.0,-0.7907757369376986,-0.6121059825476627
185,-1.7,51,1.7,0.0,0.0,1,0,0,0,0.0,1.0,-0.8978045395707417,-0.44039415155763423
176,-1.3,53,1.7,0.0,0.0,1,0,0,0,0.0,1.0,-0.9680771188662041,-0.2506525322587213
169,-1.0,55,1.9,0.0,0.0,1,0,0,0,0.0,1.0,-0.9987165071710528,-0.05064916883871355
178,-1.4,58,1.0,0.0,0.0,0,0,0,0,0.7818314824680298,0.6234898018587336,0.0,1.0
127,-1.5,62,1.3,0.0,0.0,0,0,0,0,0.7818314824680298,0.6234898018587336,0.20129852008866006,0.9795299412524945
85,-2.1,69,1.0,0.0,0.0,0,0,0,0,0.7818314824680298,0.6234898018587336,0.39435585511331855,0.9189578116202306
72,-2.6,70,1.0,0.0,0.0,0,0,0,0,0.7818314824680298,0.6234898018587336,0.5712682150947923,0.8207634412072763
49,-2.6,72,1.4,0.0,0.0,0,0,0,0,0.7818314824680298,0.6234898018587336,0.72479278722912,0.6889669190756866
65,-2.9,77,0.8,0.0,0.0,0,0,0,0,0.7818314824680298,0.6234898018587336,0.8486442574947509,0.5289640103269624
120,-2.8,73,0.7,0.0,0.0,0,0,0,0,0.7818314824680298,0.6234898018587336,0.9377521321470804,0.3473052528448203
296,-2.9,73,1.9,0.0,0.0,0,0,0,0,0.7818314824680298,0.6234898018587336,0.9884683243281114,0.1514277775045767
578,-2.7,68,2.2,0.0,0.0,0,0,0,0,0.7818314824680298,0.6234898018587336,0.9987165071710528,-0.05064916883871264
293,-2.8,52,2.9,0.0,0.0,0,0,0,0,0.7818314824680298,0.6234898018587336,0.9680771188662043,-0.2506525322587204
180,-2.2,36,4.1,0.0,0.0,0,0,0,0,0.7818314824680298,0.6234898018587336,0.8978045395707416,-0.4403941515576344
250,-2.1,28,4.9,0.0,0.0,0,0,0,0,0.7818314824680298,0.6234898018587336,0.7907757369376989,-0.6121059825476626
262,-1.3,23,4.0,0.0,0.0,0,0,0,0,0.7818314824680298,0.6234898018587336,0.6513724827222223,-0.758758122692791
262,-2.0,15,4.7,0.0,0.0,0,0,0,0,0.7818314824680298,0.6234898018587336,0.48530196253108104,-0.8743466161445821
271,-1.6,20,4.3,0.0,0.0,0,0,0,0,0.7818314824680298,0.6234898018587336,0.29936312297335804,-0.9541392564000488
246,-1.9,17,5.0,0.0,0.0,0,0,0,0,0.7818314824680298,0.6234898018587336,0.10116832198743272,-0.994869323391895
282,-1.9,17,3.3,0.0,0.0,0,0,0,0,0.7818314824680298,0.6234898018587336,-0.10116832198743204,-0.9948693233918952
350,-3.6,20,3.7,0.0,0.0,0,0,0,0,0.7818314824680298,0.6234898018587336,-0.2993631229733582,-0.9541392564000488
481,-4.7,23,3.4,0.0,0.0,0,0,0,0,0.7818314824680298,0.6234898018587336,-0.4853019625310808,-0.8743466161445822
317,-5.4,27,3.0,0.0,0.0,0,0,0,0,0.7818314824680298,0.6234898018587336,-0.651372482722222,-0.7587581226927911
252,-6.1,32,4.7,0.0,0.0,0,0,0,0,0.7818314824680298,0.6234898018587336,-0.7907757369376986,-0.6121059825476627
220,-6.6,39,3.2,0.0,0.0,0,0,0,0,0.7818314824680298,0.6234898018587336,-0.8978045395707417,-0.44039415155763423
213,-7.2,38,3.1,0.0,0.0,0,0,0,0,0.7818314824680298,0.6234898018587336,-0.9680771188662041,-0.2506525322587213
156,-7.5,37,3.1,0.0,0.0,0,0,0,0,0.7818314824680298,0.6234898018587336,-0.9987165071710528,-0.05064916883871355
133,-7.9,37,2.2,0.0,0.0,0,0,0,0,0.9749279121818236,-0.22252093395631434,0.0,1.0
142,-8.2,39,1.8,0.0,0.0,0,0,0,0,0.9749279121818236,-0.22252093395631434,0.20129852008866006,0.9795299412524945
93,-8.6,37,1.5,0.0,0.0,0,0,0,0,0.9749279121818236,-0.22252093395631434,0.39435585511331855,0.9189578116202306
81,-9.1,37,1.0,0.0,0.0,0,0,0,0,0.9749279121818236,-0.22252093395631434,0.5712682150947923,0.8207634412072763
55,-9.1,33,2.3,0.0,0.0,0,0,0,0,0.9749279121818236,-0.22252093395631434,0.72479278722912,0.6889669190756866
66,-9.4,36,1.9,0.0,0.0,0,0,0,0,0.9749279121818236,-0.22252093395631434,0.8486442574947509,0.5289640103269624
105,-9.8,37,1.7,0.0,0.0,0,0,0,0,0.9749279121818236,-0.22252093395631434,0.9377521321470804,0.3473052528448203
262,-10.1,38,2.3,0.0,0.0,0,0,0,0,0.9749279121818236,-0.22252093395631434,0.9884683243281114,0.1514277775045767
502,-10.2,35,1.8,0.0,0.0,0,0,0,0,0.9749279121818236,-0.22252093395631434,0.9987165071710528,-0.05064916883871264
279,-9.8,33,2.0,0.0,0.0,0,0,0,0,0.9749279121818236,-0.22252093395631434,0.9680771188662043,-0.2506525322587204
146,-8.5,29,2.4,0.0,0.0,0,0,0,0,0.9749279121818236,-0.22252093395631434,0.8978045395707416,-0.4403941515576344
213,-6.8,28,2.1,0.0,0.0,0,0,0,0,0.9749279121818236,-0.22252093395631434,0.7907757369376989,-0.6121059825476626
230,-5.5,21,2.1,0.0,0.0,0,0,0,0,0.9749279121818236,-0.22252093395631434,0.6513724827222223,-0.758758122692791
258,-4.7,18,3.7,0.0,0.0,0,0,0,0,0.9749279121818236,-0.22252093395631434,0.48530196253108104,-0.8743466161445821
231,-4.0,18,2.4,0.0,0.0,0,0,0,0,0.9749279121818236,-0.22252093395631434,0.29936312297335804,-0.9541392564000488
228,-3.1,16,2.2,0.0,0.0,0,0,0,0,0.9749279121818236,-0.22252093395631434,0.10116832198743272,-0.994869323391895
269,-3.2,23,2.7,0.0,0.0,0,0,0,0,0.9749279121818236,-0.22252093395631434,-0.10116832198743204,-0.9948693233918952
314,-4.2,26,2.2,0.0,0.0,0,0,0,0,0.9749279121818236,-0.22252093395631434,-0.2993631229733582,-0.9541392564000488
466,-5.2,32,2.2,0.0,0.0,0,0,0,0,0.9749279121818236,-0.22252093395631434,-0.4853019625310808,-0.8743466161445822
315,-5.5,31,2.1,0.0,0.0,0,0,0,0,0.9749279121818236,-0.22252093395631434,-0.651372482722222,-0.7587581226927911
262,-5.9,34,0.9,0.0,0.0,0,0,0,0,0.9749279121818236,-0.22252093395631434,-0.7907757369376986,-0.6121059825476627
242,-6.4,34,1.2,0.0,0.0,0,0,0,0,0.9749279121818236,-0.22252093395631434,-0.8978045395707417,-0.44039415155763423
243,-6.4,36,1.3,0.0,0.0,0,0,0,0,0.9749279121818236,-0.22252093395631434,-0.9680771188662041,-0.2506525322587213
216,-6.3,39,0.9,0.0,0.0,0,0,0,0,0.9749279121818236,-0.22252093395631434,-0.9987165071710528,-0.05064916883871355
164,-6.5,41,1.7,0.0,0.0,0,0,0,0,0.43388373911755823,-0.900968867902419,0.0,1.0
169,-6.6,39,1.4,0.0,0.0,0,0,0,0,0.43388373911755823,-0.900968867902419,0.20129852008866006,0.9795299412524945
163,-6.6,34,1.8,0.0,0.0,0,0,0,0,0.43388373911755823,-0.900968867902419,0.39435585511331855,0.9189578116202306
86,-6.0,32,2.5,0.0,0.0,0,0,0,0,0.43388373911755823,-0.900968867902419,0.5712682150947923,0.8207634412072763
50,-5.8,32,1.6,0.0,0.0,0,0,0,0,0.43388373911755823,-0.900968867902419,0.72479278722912,0.6889669190756866
61,-5.7,28,1.2,0.0,0.0,0,0,0,0,0.43388373911755823,-0.900968867902419,0.8486442574947509,0.5289640103269624
103,-5.5,24,0.5,0.0,0.0,0,0,0,0,0.43388373911755823,-0.900968867902419,0.9377521321470804,0.3473052528448203
257,-5.0,31,0.5,0.0,0.0,0,0,0,0,0.43388373911755823,-0.900968867902419,0.9884683243281114,0.1514277775045767
554,-4.7,30,0.6,0.0,0.0,0,0,0,0,0.43388373911755823,-0.900968867902419,0.9987165071710528,-0.05064916883871264
326,-4.3,38,0.7,0.0,0.0,0,0,0,0,0.43388373911755823,-0.900968867902419,0.9680771188662043,-0.2506525322587204
225,-3.4,33,1.3,0.0,0.0,0,0,0,0,0.43388373911755823,-0.900968867902419,0.8978045395707416,-0.4403941515576344
288,-2.1,34,1.0,0.0,0.0,0,0,0,0,0.43388373911755823,-0.900968867902419,0.7907757369376989,-0.6121059825476626
286,-0.8,38,1.0,0.0,0.0,0,0,0,0,0.43388373911755823,-0.900968867902419,0.6513724827222223,-0.758758122692791
301,0.8,46,1.4,0.0,0.0,0,0,0,0,0.43388373911755823,-0.900968867902419,0.48530196253108104,-0.8743466161445821
311,0.8,55,1.8,0.0,0.0,0,0,0,0,0.43388373911755823,-0.900968867902419,0.29936312297335804,-0.9541392564000488
303,0.4,57,2.4,0.0,0.0,0,0,0,0,0.43388373911755823,-0.900968867902419,0.10116832198743272,-0.994869323391895
390,0.3,57,2.3,0.0,0.0,0,0,0,0,0.43388373911755823,-0.900968867902419,-0.10116832198743204,-0.9948693233918952
407,0.2,58,2.0,0.0,0.0,0,0,0,0,0.43388373911755823,-0.900968867902419,-0.2993631229733582,-0.9541392564000488
552,-0.6,62,1.6,0.0,0.0,0,0,0,0,0.43388373911755823,-0.900968867902419,-0.4853019625310808,-0.8743466161445822
402,-0.4,62,0.9,0.0,0.0,0,0,0,0,0.43388373911755823,-0.900968867902419,-0.651372482722222,-0.7587581226927911
319,-0.3,62,1.3,0.0,0.0,0,0,0,0,0.43388373911755823,-0.900968867902419,-0.7907757369376986,-0.6121059825476627
332,-0.2,62,0.6,0.0,0.0,0,0,0,0,0.43388373911755823,-0.900968867902419,-0.8978045395707417,-0.44039415155763423
285,0.0,63,1.3,0.0,0.0,0,0,0,0,0.43388373911755823,-0.900968867902419,-0.9680771188662041,-0.2506525322587213
260,0.1,63,1.1,0.0,0.0,0,0,0,0,0.43388373911755823,-0.900968867902419,-0.9987165071710528,-0.05064916883871355
233,0.2,63,0.7,0.0,0.0,0,0,0,0,-0.433883739117558,-0.9009688679024191,0.0,1.0
269,0.3,63,0.7,0.0,0.0,0,0,0,0,-0.433883739117558,-0.9009688679024191,0.20129852008866006,0.9795299412524945
210,0.5,63,1.0,0.0,0.0,0,0,0,0,-0.433883739117558,-0.9009688679024191,0.39435585511331855,0.9189578116202306
135,0.6,64,0.4,0.0,0.0,0,0,0,0,-0.433883739117558,-0.9009688679024191,0.5712682150947923,0.8207634412072763
85,0.6,65,0.4,0.0,0.0,0,0,0,0,-0.433883739117558,-0.9009688679024191,0.72479278722912,0.6889669190756866
67,0.7,66,0.7,0.0,0.0,0,0,0,0,-0.433883739117558,-0.9009688679024191,0.8486442574947509,0.5289640103269624
128,0.8,68,0.6,0.0,0.0,0,0,0,0,-0.433883739117558,-0.9009688679024191,0.9377521321470804,0.3473052528448203
289,0.9,67,0.6,0.0,0.0,0,0,0,0,-0.433883739117558,-0.9009688679024191,0.9884683243281114,0.1514277775045767
636,1.0,68,0.6,0.0,0.0,0,0,0,0,-0.433883739117558,-0.9009688679024191,0.9987165071710528,-0.05064916883871264
353,1.2,67,0.2,0.0,0.0,0,0,0,0,-0.433883739117558,-0.9009688679024191,0.9680771188662043,-0.2506525322587204
252,1.9,65,0.3,0.0,0.0,0,0,0,0,-0.433883739117558,-0.9009688679024191,0.8978045395707416,-0.4403941515576344
317,3.1,62,1.1,0.0,0.0,0,0,0,0,-0.433883739117558,-0.9009688679024191,0.7907757369376989,-0.6121059825476626
363,4.3,62,1.6,0.0,0.0,0,0,0,0,-0.433883739117558,-0.9009688679024191,0.6513724827222223,-0.758758122692791
370,5.2,58,2.5,0.0,0.0,0,0,0,0,-0.433883739117558,-0.9009688679024191,0.48530196253108104,-0.8743466161445821
419,5.7,54,3.5,0.0,0.0,0,0,0,0,-0.433883739117558,-0.9009688679024191,0.29936312297335804,-0.9541392564000488
426,5.7,53,2.7,0.0,0.0,0,0,0,0,-0.433883739117558,-0.9009688679024191,0.10116832198743272,-0.994869323391895
504,5.4,56,2.2,0.0,0.0,0,0,0,0,-0.433883739117558,-0.9009688679024191,-0.10116832198743204,-0.9948693233918952
534,4.5,59,1.6,0.0,0.0,0,0,0,0,-0.433883739117558,-0.9009688679024191,-0.2993631229733582,-0.9541392564000488
574,3.6,62,1.4,0.0,0.0,0,0,0,0,-0.433883739117558,-0.9009688679024191,-0.4853019625310808,-0.8743466161445822
395,2.7,68,1.2,0.0,0.0,0,0,0,0,-0.433883739117558,-0.9009688679024191,-0.651372482722222,-0.7587581226927911
292,1.7,73,0.5,0.0,0.0,0,0,0,0,-0.433883739117558,-0.9009688679024191,-0.7907757369376986,-0.6121059825476627
282,1.0,77,1.5,0.0,0.0,0,0,0,0,-0.433883739117558,-0.9009688679024191,-0.8978045395707417,-0.44039415155763423
294,0.8,77,1.4,0.0,0.0,0,0,0,0,-0.433883739117558,-0.9009688679024191,-0.9680771188662041,-0.2506525322587213
236,0.3,80,0.8,0.0,0.0,0,0,0,0,-0.433883739117558,-0.9009688679024191,-0.9987165071710528,-0.05064916883871355
240,-0.4,83,1.2,0.0,0.0,0,0,0,0,-0.9749279121818236,-0.2225209339563146,0.0,1.0
234,-0.5,83,0.7,0.0,0.0,0,0,0,0,-0.9749279121818236,-0.2225209339563146,0.20129852008866006,0.9795299412524945
192,-0.9,84,0.6,0.0,0.0,0,0,0,0,-0.9749279121818236,-0.2225209339563146,0.39435585511331855,0.9189578116202306
127,-1.1,83,0.8,0.0,0.0,0,0,0,0,-0.9749279121818236,-0.2225209339563146,0.5712682150947923,0.8207634412072763
86,-1.1,83,0.7,0.0,0.0,0,0,0,0,-0.9749279121818236,-0.2225209339563146,0.72479278722912,0.6889669190756866
52,-1.2,81,0.8,0.0,0.0,0,0,0,0,-0.9749279121818236,-0.2225209339563146,0.8486442574947509,0.5289640103269624
62,-1.1,81,1.0,0.0,0.0,0,0,0,0,-0.9749279121818236,-0.2225209339563146,0.9377521321470804,0.3473052528448203
88,-0.7,79,0.7,0.0,0.0,0,0,0,0,-0.9749279121818236,-0.2225209339563146,0.9884683243281114,0.1514277775045767
162,-0.4,78,0.5,0.0,0.0,0,0,0,0,-0.9749279121818236,-0.2225209339563146,0.9987165071710528,-0.05064916883871264
224,0.2,76,1.3,0.0,0.0,0,0,0,0,-0.9749279121818236,-0.2225209339563146,0.9680771188662043,-0.2506525322587204
208,0.8,73,0.5,0.0,0.0,0,0,0,0,-0.9749279121818236,-0.2225209339563146,0.8978045395707416,-0.4403941515576344
237,2.0,69,1.0,0.0,0.0,0,0,0,0,-0.9749279121818236,-0.2225209339563146,0.7907757369376989,-0.6121059825476626
274,3.2,64,0.8,0.0,0.0,0,0,0,0,-0.9749279121818236,-0.2225209339563146,0.6513724827222223,-0.758758122692791
333,4.0,62,1.0,0.0,0.0,0,0,0,0,-0.9749279121818236,-0.2225209339563146,0.48530196253108104,-0.8743466161445821
356,4.3,60,1.2,0.0,0.0,0,0,0,0,-0.9749279121818236,-0.2225209339563146,0.29936312297335804,-0.9541392564000488
337,4.3,61,0.7,0.0,0.0,0,0,0,0,-0.9749279121818236,-0.2225209339563146,0.10116832198743272,-0.994869323391895
345,4.1,63,0.7,0.0,0.0,0,0,0,0,-0.9749279121818236,-0.2225209339563146,-0.10116832198743204,-0.9948693233918952
183,3.8,64,0.9,0.0,0.0,0,0,0,0,-0.9749279121818236,-0.2225209339563146,-0.2993631229733582,-0.9541392564000488
45,3.0,84,1.7,0.3,0.0,0,0,0,0,-0.9749279121818236,-0.2225209339563146,-0.4853019625310808,-0.8743466161445822
40,2.3,89,0.6,0.0,0.0,0,0,0,0,-0.9749279121818236,-0.2225209339563146,-0.651372482722222,-0.7587581226927911
66,1.9,90,0.9,0.0,0.0,0,0,0,0,-0.9749279121818236,-0.2225209339563146,-0.7907757369376986,-0.6121059825476627
64,1.8,92,1.1,0.2,0.0,0,0,0,0,-0.9749279121818236,-0.2225209339563146,-0.8978045395707417,-0.44039415155763423
30,1.8,92,1.2,0.0,0.0,0,0,0,0,-0.9749279121818236,-0.2225209339563146,-0.9680771188662041,-0.2506525322587213
42,1.4,92,1.9,0.0,0.0,0,0,0,0,-0.9749279121818236,-0.2225209339563146,-0.9987165071710528,-0.05064916883871355
43,0.9,95,1.8,0.2,0.2,1,0,0,0,-0.7818314824680299,0.6234898018587334,0.0,1.0
43,0.5,95,2.1,0.0,0.6,1,0,0,0,-0.7818314824680299,0.6234898018587334,0.20129852008866006,0.9795299412524945
65,0.4,95,1.7,0.0,1.2,1,0,0,0,-0.7818314824680299,0.6234898018587334,0.39435585511331855,0.9189578116202306
65,0.3,91,2.0,1.0,1.2,1,0,0,0,-0.7818314824680299,0.6234898018587334,0.5712682150947923,0.8207634412072763
32,-0.2,87,3.5,0.0,1.2,1,0,0,0,-0.7818314824680299,0.6234898018587334,0.72479278722912,0.6889669190756866
22,-0.8,85,2.8,0.0,1.2,1,0,0,0,-0.7818314824680299,0.6234898018587334,0.8486442574947509,0.5289640103269624
25,-1.3,84,2.4,0.0,1.2,1,0,0,0,-0.7818314824680299,0.6234898018587334,0.9377521321470804,0.3473052528448203
39,-1.8,86,1.7,0.0,1.2,1,0,0,0,-0.7818314824680299,0.6234898018587334,0.9884683243281114,0.1514277775045767
84,-2.1,86,1.4,0.0,1.2,1,0,0,0,-0.7818314824680299,0.6234898018587334,0.9987165071710528,-0.05064916883871264
103,-1.9,82,1.6,0.0,1.2,1,0,0,0,-0.7818314824680299,0.6234898018587334,0.9680771188662043,-0.2506525322587204
110,-0.5,73,1.7,0.0,1.1,1,0,0,0,-0.7818314824680299,0.6234898018587334,0.8978045395707416,-0.4403941515576344
142,0.8,62,2.8,0.0,1.1,1,0,0,0,-0.7818314824680299,0.6234898018587334,0.7907757369376989,-0.6121059825476626
209,1.4,47,4.5,0.0,1.0,1,0,0,0,-0.7818314824680299,0.6234898018587334,0.6513724827222223,-0.758758122692791
267,2.5,36,3.7,0.0,0.7,1,0,0,0,-0.7818314824680299,0.6234898018587334,0.48530196253108104,-0.8743466161445821
262,3.0,28,3.8,0.0,0.0,1,0,0,0,-0.7818314824680299,0.6234898018587334,0.29936312297335804,-0.9541392564000488
300,3.1,25,3.9,0.0,0.0,1,0,0,0,-0.7818314824680299,0.6234898018587334,0.10116832198743272,-0.994869323391895
272,2.7,26,2.7,0.0,0.0,1,0,0,0,-0.7818314824680299,0.6234898018587334,-0.10116832198743204,-0.9948693233918952
240,1.7,30,2.9,0.0,0.0,1,0,0,0,-0.7818314824680299,0.6234898018587334,-0.2993631229733582,-0.9541392564000488
215,0.7,31,2.3,0.0,0.0,1,0,0,0,-0.7818314824680299,0.6234898018587334,-0.4853019625310808,-0.8743466161445822
163,0.0,31,2.2,0.0,0.0,1,0,0,0,-0.7818314824680299,0.6234898018587334,-0.651372482722222,-0.7587581226927911
161,-1.0,32,0.9,0.0,0.0,1,0,0,0,-0.7818314824680299,0.6234898018587334,-0.7907757369376986,-0.6121059825476627
179,-1.6,35,1.0,0.0,0.0,1,0,0,0,-0.7818314824680299,0.6234898018587334,-0.8978045395707417,-0.44039415155763423
155,-2.1,36,1.7,0.0,0.0,1,0,0,0,-0.7818314824680299,0.6234898018587334,-0.9680771188662041,-0.2506525322587213
227,-2.6,40,0.6,0.0,0.0,1,0,0,0,-0.7818314824680299,0.6234898018587334,-0.9987165071710528,-0.05064916883871355
206,-3.2,40,0.5,0.0,0.0,1,0,0,0,0.0,1.0,0.0,1.0
230,-3.3,41,0.7,0.0,0.0,1,0,0,0,0.0,1.0,0.20129852008866006,0.9795299412524945
178,-3.7,42,0.9,0.0,0.0,1,0,0,0,0.0,1.0,0.39435585511331855,0.9189578116202306
119,-4.0,44,1.0,0.0,0.0,1,0,0,0,0.0,1.0,0.5712682150947923,0.8207634412072763
62,-4.2,53,1.1,0.0,0.0,1,0,0,0,0.0,1.0,0.72479278722912,0.6889669190756866
61,-4.4,54,0.8,0.0,0.0,1,0,0,0,0.0,1.0,0.8486442574947509,0.5289640103269624
65,-4.5,51,1.1,0.0,0.0,1,0,0,0,0.0,1.0,0.9377521321470804,0.3473052528448203
81,-4.7,56,1.1,0.0,0.0,1,0,0,0,0.0,1.0,0.9884683243281114,0.1514277775045767
89,-5.0,55,1.0,0.0,0.0,1,0,0,0,0.0,1.0,0.9987165071710528,-0.05064916883871264
121,-4.3,39,0.7,0.0,0.0,1,0,0,0,0.0,1.0,0.9680771188662043,-0.2506525322587204
139,-1.6,32,0.8,0.0,0.0,1,0,0,0,0.0,1.0,0.8978045395707416,-0.4403941515576344
169,0.1,27,2.2,0.0,0.0,1,0,0,0,0.0,1.0,0.7907757369376989,-0.6121059825476626
225,1.5,20,2.8,0.0,0.0,1,0,0,0,0.0,1.0,0.6513724827222223,-0.758758122692791
248,2.4,22,2.3,0.0,0.0,1,0,0,0,0.0,1.0,0.48530196253108104,-0.8743466161445821
298,3.7,24,2.1,0.0,0.0,1,0,0,0,0.0,1.0,0.29936312297335804,-0.9541392564000488
344,3.0,27,2.9,0.0,0.0,1,0,0,0,0.0,1.0,0.10116832198743272,-0.994869323391895
310,3.0,28,2.5,0.0,0.0,1,0,0,0,0.0,1.0,-0.10116832198743204,-0.9948693233918952
271,1.8,33,3.3,0.0,0.0,1,0,0,0,0.0,1.0,-0.2993631229733582,-0.9541392564000488
218,0.8,34,1.9,0.0,0.0,1,0,0,0,0.0,1.0,-0.4853019625310808,-0.8743466161445822
125,-0.1,39,1.3,0.0,0.0,1,0,0,0,0.0,1.0,-0.651372482722222,-0.7587581226927911
206,-0.3,40,1.2,0.0,0.0,1,0,0,0,0.0,1.0,-0.7907757369376986,-0.6121059825476627
203,-0.9,44,1.2,0.0,0.0,1,0,0,0,0.0,1.0,-0.8978045395707417,-0.44039415155763423
168,-1.3,48,0.8,0.0,0.0,1,0,0,0,0.0,1.0,-0.9680771188662041,-0.2506525322587213
154,-1.6,51,0.7,0.0,0.0,1,0,0,0,0.0,1.0,-0.9987165071710528,-0.05064916883871355
148,-1.8,54,1.1,0.0,0.0,0,0,0,0,0.7818314824680298,0.6234898018587336,0.0,1.0
108,-2.1,56,0.8,0.0,0.0,0,0,0,0,0.7818314824680298,0.6234898018587336,0.20129852008866006,0.9795299412524945
69,-2.3,62,0.9,0.0,0.0,0,0,0,0,0.7818314824680298,0.6234898018587336,0.39435585511331855,0.9189578116202306
41,-2.5,62,0.4,0.0,0.0,0,0,0,0,0.7818314824680298,0.6234898018587336,0.5712682150947923,0.8207634412072763
31,-2.7,67,0.5,0.0,0.0,0,0,0,0,0.7818314824680298,0.6234898018587336,0.72479278722912,0.6889669190756866
58,-3.1,67,0.6,0.0,0.0,0,0,0,0,0.7818314824680298,0.6234898018587336,0.8486442574947509,0.5289640103269624
139,-3.2,67,0.4,0.0,0.0,0,0,0,0,0.7818314824680298,0.6234898018587336,0.9377521321470804,0.3473052528448203
344,-3.2,69,0.5,0.0,0.0,0,0,0,0,0.7818314824680298,0.6234898018587336,0.9884683243281114,0.1514277775045767
655,-3.4,71,0.8,0.0,0.0,0,0,0,0,0.7818314824680298,0.6234898018587336,0.9987165071710528,-0.05064916883871264
315,-3.1,66,0.2,0.0,0.0,0,0,0,0,0.7818314824680298,0.6234898018587336,0.9680771188662043,-0.2506525322587204
208,-1.4,50,1.9,0.0,0.0,0,0,0,0,0.7818314824680298,0.6234898018587336,0.8978045395707416,-0.4403941515576344
269,-0.4,40,2.3,0.0,0.0,0,0,0,0,0.7818314824680298,0.6234898018587336,0.7907757369376989,-0.6121059825476626
293,0.9,29,1.9,0.0,0.0,0,0,0,0,0.7818314824680298,0.6234898018587336,0.6513724827222223,-0.758758122692791
273,1.5,23,3.6,0.0,0.0,0,0,0,0,0.7818314824680298,0.6234898018587336,0.48530196253108104,-0.8743466161445821
302,1.7,20,4.4,0.0,0.0,0,0,0,0,0.7818314824680298,0.6234898018587336,0.29936312297335804,-0.9541392564000488
295,1.5,22,3.0,0.0,0.0,0,0,0,0,0.7818314824680298,0.6234898018587336,0.10116832198743272,-0.994869323391895
320,1.3,23,2.9,0.0,0.0,0,0,0,0,0.7818314824680298,0.6234898018587336,-0.10116832198743204,-0.9948693233918952
373,0.3,27,2.6,0.0,0.0,0,0,0,0,0.7818314824680298,0.6234898018587336,-0.2993631229733582,-0.9541392564000488
675,-0.8,24,2.3,0.0,0.0,0,0,0,0,0.7818314824680298,0.6234898018587336,-0.4853019625310808,-0.8743466161445822
403,-1.3,28,2.4,0.0,0.0,0,0,0,0,0.7818314824680298,0.6234898018587336,-0.651372482722222,-0.7587581226927911
364,-1.9,26,2.2,0.0,0.0,0,0,0,0,0.7818314824680298,0.6234898018587336,-0.7907757369376986,-0.6121059825476627
304,-2.6,28,2.0,0.0,0.0,0,0,0,0,0.7818314824680298,0.6234898018587336,-0.8978045395707417,-0.44039415155763423
273,-3.4,33,2.4,0.0,0.0,0,0,0,0,0.7818314824680298,0.6234898018587336,-0.9680771188662041,-0.2506525322587213
186,-3.8,35,2.3,0.0,0.0,0,0,0,0,0.7818314824680298,0.6234898018587336,-0.9987165071710528,-0.05064916883871355
160,-4.3,38,1.4,0.0,0.0,0,0,0,0,0.9749279121818236,-0.22252093395631434,0.0,1.0
130,-5.0,42,1.2,0.0,0.0,0,0,0,0,0.9749279121818236,-0.22252093395631434,0.20129852008866006,0.9795299412524945
110,-5.5,43,2.0,0.0,0.0,0,0,0,0,0.9749279121818236,-0.22252093395631434,0.39435585511331855,0.9189578116202306
67,-6.1,45,1.3,0.0,0.0,0,0,0,0,0.9749279121818236,-0.22252093395631434,0.5712682150947923,0.8207634412072763
43,-6.1,45,2.3,0.0,0.0,0,0,0,0,0.9749279121818236,-0.22252093395631434,0.72479278722912,0.6889669190756866
67,-6.4,47,2.4,0.0,0.0,0,0,0,0,0.9749279121818236,-0.22252093395631434,0.8486442574947509,0.5289640103269624
137,-6.7,48,2.4,0.0,0.0,0,0,0,0,0.9749279121818236,-0.22252093395631434,0.9377521321470804,0.3473052528448203
308,-6.9,48,2.4,0.0,0.0,0,0,0,0,0.9749279121818236,-0.22252093395631434,0.9884683243281114,0.1514277775045767
670,-7.0,49,1.5,0.0,0.0,0,0,0,0,0.9749279121818236,-0.22252093395631434,0.9987165071710528,-0.05064916883871264
342,-6.8,44,1.7,0.0,0.0,0,0,0,0,0.9749279121818236,-0.22252093395631434,0.9680771188662043,-0.2506525322587204
213,-5.6,38,2.9,0.0,0.0,0,0,0,0,0.9749279121818236,-0.22252093395631434,0.8978045395707416,-0.4403941515576344
267,-4.5,36,3.2,0.0,0.0,0,0,0,0,0.9749279121818236,-0.22252093395631434,0.7907757369376989,-0.6121059825476626
297,-3.4,32,3.1,0.0,0.0,0,0,0,0,0.9749279121818236,-0.22252093395631434,0.6513724827222223,-0.758758122692791
279,-2.2,31,2.3,0.0,0.0,0,0,0,0,0.9749279121818236,-0.22252093395631434,0.48530196253108104,-0.8743466161445821
270,-1.5,30,2.8,0.0,0.0,0,0,0,0,0.9749279121818236,-0.22252093395631434,0.29936312297335804,-0.9541392564000488
286,-1.1,29,2.8,0.0,0.0,0,0,0,0,0.9749279121818236,-0.22252093395631434,0.10116832198743272,-0.994869323391895
299,-0.4,30,2.0,0.0,0.0,0,0,0,0,0.9749279121818236,-0.22252093395631434,-0.10116832198743204,-0.9948693233918952
382,-1.9,35,1.8,0.0,0.0,0,0,0,0,0.9749279121818236,-0.22252093395631434,-0.2993631229733582,-0.9541392564000488
637,-3.1,39,2.1,0.0,0.0,0,0,0,0,0.9749279121818236,-0.22252093395631434,-0.4853019625310808,-0.8743466161445822
431,-3.7,41,2.0,0.0,0.0,0,0,0,0,0.9749279121818236,-0.22252093395631434,-0.651372482722222,-0.7587581226927911
294,-3.9,44,2.5,0.0,0.0,0,0,0,0,0.9749279121818236,-0.22252093395631434,-0.7907757369376986,-0.6121059825476627
335,-4.3,47,2.8,0.0,0.0,0,0,0,0,0.9749279121818236,-0.22252093395631434,-0.8978045395707417,-0.44039415155763423
291,-5.2,53,1.3,0.0,0.0,0,0,0,0,0.9749279121818236,-0.22252093395631434,-0.9680771188662041,-0.2506525322587213
197,-5.9,54,0.8,0.0,0.0,0,0,0,0,0.9749279121818236,-0.22252093395631434,-0.9987165071710528,-0.05064916883871355
159,-6.3,54,1.4,0.0,0.0,0,0,0,0,0.43388373911755823,-0.900968867902419,0.0,1.0
150,-6.9,56,2.3,0.0,0.0,0,0,0,0,0.43388373911755823,-0.900968867902419,0.20129852008866006,0.9795299412524945
123,-7.3,57,2.0,0.0,0.0,0,0,0,0,0.43388373911755823,-0.900968867902419,0.39435585511331855,0.9189578116202306
57,-7.4,54,1.7,0.0,0.0,0,0,0,0,0.43388373911755823,-0.900968867902419,0.5712682150947923,0.8207634412072763
38,-7.5,55,1.3,0.0,0.0,0,0,0,0,0.43388373911755823,-0.900968867902419,0.72479278722912,0.6889669190756866
66,-7.6,49,1.3,0.0,0.0,0,0,0,0,0.43388373911755823,-0.900968867902419,0.8486442574947509,0.5289640103269624
120,-7.6,47,2.3,0.0,0.0,0,0,0,0,0.43388373911755823,-0.900968867902419,0.9377521321470804,0.3473052528448203
302,-8.1,51,0.5,0.0,0.0,0,0,0,0,0.43388373911755823,-0.900968867902419,0.9884683243281114,0.1514277775045767
646,-8.6,55,0.6,0.0,0.0,0,0,0,0,0.43388373911755823,-0.900968867902419,0.9987165071710528,-0.05064916883871264
340,-7.9,48,1.2,0.0,0.0,0,0,0,0,0.43388373911755823,-0.900968867902419,0.9680771188662043,-0.2506525322587204
197,-6.4,43,1.0,0.0,0.0,0,0,0,0,0.43388373911755823,-0.900968867902419,0.8978045395707416,-0.4403941515576344
264,-4.4,40,0.8,0.0,0.0,0,0,0,0,0.43388373911755823,-0.900968867902419,0.7907757369376989,-0.6121059825476626
290,-2.9,33,0.9,0.0,0.0,0,0,0,0,0.43388373911755823,-0.900968867902419,0.6513724827222223,-0.758758122692791
284,-2.0,32,1.0,0.0,0.0,0,0,0,0,0.43388373911755823,-0.900968867902419,0.48530196253108104,-0.8743466161445821
262,-0.8,32,1.4,0.0,0.0,0,0,0,0,0.43388373911755823,-0.900968867902419,0.29936312297335804,-0.9541392564000488
281,-1.2,31,0.8,0.0,0.0,0,0,0,0,0.43388373911755823,-0.900968867902419,0.10116832198743272,-0.994869323391895
309,-1.4,34,1.8,0.0,0.0,0,0,0,0,0.43388373911755823,-0.900968867902419,-0.10116832198743204,-0.9948693233918952
397,-2.1,37,1.4,0.0,0.0,0,0,0,0,0.43388373911755823,-0.900968867902419,-0.2993631229733582,-0.9541392564000488
603,-2.6,38,1.4,0.0,0.0,0,0,0,0,0.43388373911755823,-0.900968867902419,-0.4853019625310808,-0.8743466161445822
417,-2.7,39,1.4,0.0,0.0,0,0,0,0,0.43388373911755823,-0.900968867902419,-0.651372482722222,-0.7587581226927911
311,-2.8,39,1.7,0.0,0.0,0,0,0,0,0.43388373911755823,-0.900968867902419,-0.7907757369376986,-0.6121059825476627
310,-3.1,41,2.0,0.0,0.0,0,0,0,0,0.43388373911755823,-0.900968867902419,-0.8978045395707417,-0.44039415155763423
306,-3.6,46,1.3,0.0,0.0,0,0,0,0,0.43388373911755823,-0.900968867902419,-0.9680771188662041,-0.2506525322587213
221,-4.0,48,1.5,0.0,0.0,0,0,0,0,0.43388373911755823,-0.900968867902419,-0.9987165071710528,-0.05064916883871355
202,-4.7,52,1.8,0.0,0.0,0,0,0,0,-0.433883739117558,-0.9009688679024191,0.0,1.0
170,-5.1,51,1.5,0.0,0.0,0,0,0,0,-0.433883739117558,-0.9009688679024191,0.20129852008866006,0.9795299412524945
118,-5.3,52,1.6,0.0,0.0,0,0,0,0,-0.433883739117558,-0.9009688679024191,0.39435585511331855,0.9189578116202306
67,-5.5,56,1.1,0.0,0.0,0,0,0,0,-0.433883739117558,-0.9009688679024191,0.5712682150947923,0.8207634412072763
47,-5.1,55,1.7,0.0,0.0,0,0,0,0,-0.433883739117558,-0.9009688679024191,0.72479278722912,0.6889669190756866
75,-5.1,55,1.5,0.0,0.0,0,0,0,0,-0.433883739117558,-0.9009688679024191,0.8486442574947509,0.5289640103269624
123,-5.1,54,1.3,0.0,0.0,0,0,0,0,-0.433883739117558,-0.9009688679024191,0.9377521321470804,0.3473052528448203
327,-5.3,53,1.1,0.0,0.0,0,0,0,0,-0.433883739117558,-0.9009688679024191,0.9884683243281114,0.1514277775045767
665,-5.3,51,1.0,0.0,0.0,0,0,0,0,-0.433883739117558,-0.9009688679024191,0.9987165071710528,-0.05064916883871264
354,-4.7,49,1.2,0.0,0.0,0,0,0,0,-0.433883739117558,-0.9009688679024191,0.9680771188662043,-0.2506525322587204
232,-3.3,50,1.3,0.0,0.0,0,0,0,0,-0.433883739117558,-0.9009688679024191,0.8978045395707416,-0.4403941515576344
308,-0.7,45,1.5,0.0,0.0,0,0,0,0,-0.433883739117558,-0.9009688679024191,0.7907757369376989,-0.6121059825476626
362,-0.3,45,2.2,0.0,0.0,0,0,0,0,-0.433883739117558,-0.9009688679024191,0.6513724827222223,-0.758758122692791
312,0.9,43,2.0,0.0,0.0,0,0,0,0,-0.433883739117558,-0.9009688679024191,0.48530196253108104,-0.8743466161445821
343,1.4,41,2.0,0.0,0.0,0,0,0,0,-0.433883739117558,-0.9009688679024191,0.29936312297335804,-0.9541392564000488
333,1.5,34,2.8,0.0,0.0,0,0,0,0,-0.433883739117558,-0.9009688679024191,0.10116832198743272,-0.994869323391895
329,1.0,34,2.9,0.0,0.0,0,0,0,0,-0.433883739117558,-0.9009688679024191,-0.10116832198743204,-0.9948693233918952
446,-0.6,45,3.3,0.0,0.0,0,0,0,0,-0.433883739117558,-0.9009688679024191,-0.2993631229733582,-0.9541392564000488
635,-1.8,44,2.2,0.0,0.0,0,0,0,0,-0.433883739117558,-0.9009688679024191,-0.4853019625310808,-0.8743466161445822
443,-2.5,49,0.6,0.0,0.0,0,0,0,0,-0.433883739117558,-0.9009688679024191,-0.651372482722222,-0.7587581226927911
322,-3.4,51,1.1,0.0,0.0,0,0,0,0,-0.433883739117558,-0.9009688679024191,-0.7907757369376986,-0.6121059825476627
284,-3.5,53,0.9,0.0,0.0,0,0,0,0,-0.433883739117558,-0.9009688679024191,-0.8978045395707417,-0.44039415155763423
281,-3.8,53,1.3,0.0,0.0,0,0,0,0,-0.433883739117558,-0.9009688679024191,-0.9680771188662041,-0.2506525322587213
189,-3.6,50,1.9,0.0,0.0,0,0,0,0,-0.433883739117558,-0.9009688679024191,-0.9987165071710528,-0.05064916883871355
184,-4.3,52,1.6,0.0,0.0,0,0,0,0,-0.9749279121818236,-0.2225209339563146,0.0,1.0
222,-4.8,54,1.2,0.0,0.0,0,0,0,0,-0.9749279121818236,-0.2225209339563146,0.20129852008866006,0.9795299412524945
176,-5.5,56,1.4,0.0,0.0,0,0,0,0,-0.9749279121818236,-0.2225209339563146,0.39435585511331855,0.9189578116202306
103,-5.6,56,1.0,0.0,0.0,0,0,0,0,-0.9749279121818236,-0.2225209339563146,0.5712682150947923,0.8207634412072763
61,-5.9,61,1.1,0.0,0.0,0,0,0,0,-0.9749279121818236,-0.2225209339563146,0.72479278722912,0.6889669190756866
48,-6.1,64,1.0,0.0,0.0,0,0,0,0,-0.9749279121818236,-0.2225209339563146,0.8486442574947509,0.5289640103269624
69,-6.5,67,0.7,0.0,0.0,0,0,0,0,-0.9749279121818236,-0.2225209339563146,0.9377521321470804,0.3473052528448203
105,-6.6,65,1.0,0.0,0.0,0,0,0,0,-0.9749279121818236,-0.2225209339563146,0.9884683243281114,0.1514277775045767
186,-6.5,62,1.1,0.0,0.0,0,0,0,0,-0.9749279121818236,-0.2225209339563146,0.9987165071710528,-0.05064916883871264
221,-5.8,49,1.4,0.0,0.0,0,0,0,0,-0.9749279121818236,-0.2225209339563146,0.9680771188662043,-0.2506525322587204
204,-3.5,39,2.0,0.0,0.0,0,0,0,0,-0.9749279121818236,-0.2225209339563146,0.8978045395707416,-0.4403941515576344
245,-1.6,35,2.1,0.0,0.0,0,0,0,0,-0.9749279121818236,-0.2225209339563146,0.7907757369376989,-0.6121059825476626
283,0.0,35,2.3,0.0,0.0,0,0,0,0,-0.9749279121818236,-0.2225209339563146,0.6513724827222223,-0.758758122692791
356,0.9,28,2.4,0.0,0.0,0,0,0,0,-0.9749279121818236,-0.2225209339563146,0.48530196253108104,-0.8743466161445821
370,1.8,29,2.0,0.0,0.0,0,0,0,0,-0.9749279121818236,-0.2225209339563146,0.29936312297335804,-0.9541392564000488
373,2.3,27,2.2,0.0,0.0,0,0,0,0,-0.9749279121818236,-0.2225209339563146,0.10116832198743272,-0.994869323391895
352,2.7,27,2.2,0.0,0.0,0,0,0,0,-0.9749279121818236,-0.2225209339563146,-0.10116832198743204,-0.9948693233918952
354,1.1,31,1.7,0.0,0.0,0,0,0,0,-0.9749279121818236,-0.2225209339563146,-0.2993631229733582,-0.9541392564000488
271,-0.6,37,1.6,0.0,0.0,0,0,0,0,-0.9749279121818236,-0.2225209339563146,-0.4853019625310808,-0.8743466161445822
207,-1.2,37,1.2,0.0,0.0,0,0,0,0,-0.9749279121818236,-0.2225209339563146,-0.651372482722222,-0.7587581226927911
189,-2.1,41,1.1,0.0,0.0,0,0,0,0,-0.9749279121818236,-0.2225209339563146,-0.7907757369376986,-0.6121059825476627
214,-2.5,47,0.8,0.0,0.0,0,0,0,0,-0.9749279121818236,-0.2225209339563146,-0.8978045395707417,-0.44039415155763423
218,-2.6,47,1.6,0.0,0.0,0,0,0,0,-0.9749279121818236,-0.2225209339563146,-0.9680771188662041,-0.2506525322587213
169,-3.2,50,0.8,0.0,0.0,0,0,0,0,-0.9749279121818236,-0.2225209339563146,-0.9987165071710528,-0.05064916883871355
192,-3.8,48,0.7,0.0,0.0,0,0,0,0,-0.7818314824680299,0.6234898018587334,0.0,1.0
162,-3.9,51,0.2,0.0,0.0,0,0,0,0,-0.7818314824680299,0.6234898018587334,0.20129852008866006,0.9795299412524945
128,-4.4,53,0.3,0.0,0.0,0,0,0,0,-0.7818314824680299,0.6234898018587334,0.39435585511331855,0.9189578116202306
102,-4.8,56,0.6,0.0,0.0,0,0,0,0,-0.7818314824680299,0.6234898018587334,0.5712682150947923,0.8207634412072763
62,-5.1,60,0.7,0.0,0.0,0,0,0,0,-0.7818314824680299,0.6234898018587334,0.72479278722912,0.6889669190756866
40,-5.6,58,0.7,0.0,0.0,0,0,0,0,-0.7818314824680299,0.6234898018587334,0.8486442574947509,0.5289640103269624
38,-5.5,52,0.7,0.0,0.0,0,0,0,0,-0.7818314824680299,0.6234898018587334,0.9377521321470804,0.3473052528448203
60,-5.6,58,0.9,0.0,0.0,0,0,0,0,-0.7818314824680299,0.6234898018587334,0.9884683243281114,0.1514277775045767
122,-5.3,53,1.1,0.0,0.0,0,0,0,0,-0.7818314824680299,0.6234898018587334,0.9987165071710528,-0.05064916883871264
143,-3.8,49,1.6,0.0,0.0,0,0,0,0,-0.7818314824680299,0.6234898018587334,0.9680771188662043,-0.2506525322587204
179,-1.8,40,1.8,0.0,0.0,0,0,0,0,-0.7818314824680299,0.6234898018587334,0.8978045395707416,-0.4403941515576344
214,0.5,35,1.4,0.0,0.0,0,0,0,0,-0.7818314824680299,0.6234898018587334,0.7907757369376989,-0.6121059825476626
278,1.1,34,0.9,0.0,0.0,0,0,0,0,-0.7818314824680299,0.6234898018587334,0.6513724827222223,-0.758758122692791
265,1.4,34,0.8,0.0,0.0,0,0,0,0,-0.7818314824680299,0.6234898018587334,0.48530196253108104,-0.8743466161445821
331,1.9,32,0.7,0.0,0.0,0,0,0,0,-0.7818314824680299,0.6234898018587334,0.29936312297335804,-0.9541392564000488
368,2.7,31,0.9,0.0,0.0,0,0,0,0,-0.7818314824680299,0.6234898018587334,0.10116832198743272,-0.994869323391895
333,2.6,32,1.0,0.0,0.0,0,0,0,0,-0.7818314824680299,0.6234898018587334,-0.10116832198743204,-0.9948693233918952
349,2.3,33,0.2,0.0,0.0,0,0,0,0,-0.7818314824680299,0.6234898018587334,-0.2993631229733582,-0.9541392564000488
270,1.8,34,1.2,0.0,0.0,0,0,0,0,-0.7818314824680299,0.6234898018587334,-0.4853019625310808,-0.8743466161445822
246,1.6,35,1.0,0.0,0.0,0,0,0,0,-0.7818314824680299,0.6234898018587334,-0.651372482722222,-0.7587581226927911
233,1.3,38,0.4,0.0,0.0,0,0,0,0,-0.7818314824680299,0.6234898018587334,-0.7907757369376986,-0.6121059825476627
236,1.2,39,0.6,0.0,0.0,0,0,0,0,-0.7818314824680299,0.6234898018587334,-0.8978045395707417,-0.44039415155763423
214,1.1,40,0.5,0.0,0.0,0,0,0,0,-0.7818314824680299,0.6234898018587334,-0.9680771188662041,-0.2506525322587213
149,1.1,39,0.6,0.0,0.0,0,0,0,0,-0.7818314824680299,0.6234898018587334,-0.9987165071710528,-0.05064916883871355
149,0.9,42,1.1,0.0,0.0,0,0,0,0,0.0,1.0,0.0,1.0
109,0.9,42,0.2,0.0,0.0,0,0,0,0,0.0,1.0,0.20129852008866006,0.9795299412524945
77,0.8,42,0.5,0.0,0.0,0,0,0,0,0.0,1.0,0.39435585511331855,0.9189578116202306
53,0.9,43,0.4,0.0,0.0,0,0,0,0,0.0,1.0,0.5712682150947923,0.8207634412072763
46,1.0,43,0.8,0.0,0.0,0,0,0,0,0.0,1.0,0.72479278722912,0.6889669190756866
67,0.8,42,1.0,0.0,0.0,0,0,0,0,0.0,1.0,0.8486442574947509,0.5289640103269624
159,0.8,45,0.7,0.0,0.0,0,0,0,0,0.0,1.0,0.9377521321470804,0.3473052528448203
374,0.7,44,0.8,0.0,0.0,0,0,0,0,0.0,1.0,0.9884683243281114,0.1514277775045767
701,0.7,45,0.7,0.0,0.0,0,0,0,0,0.0,1.0,0.9987165071710528,-0.05064916883871264
387,0.8,47,0.9,0.0,0.0,0,0,0,0,0.0,1.0,0.9680771188662043,-0.2506525322587204
253,1.3,43,0.8,0.0,0.0,0,0,0,0,0.0,1.0,0.8978045395707416,-0.4403941515576344
278,1.7,37,0.6,0.0,0.0,0,0,0,0,0.0,1.0,0.7907757369376989,-0.6121059825476626
356,2.7,33,2.7,0.0,0.0,0,0,0,0,0.0,1.0,0.6513724827222223,-0.758758122692791
303,3.0,32,1.6,0.0,0.0,0,0,0,0,0.0,1.0,0.48530196253108104,-0.8743466161445821
349,3.4,31,1.4,0.0,0.0,0,0,0,0,0.0,1.0,0.29936312297335804,-0.9541392564000488
318,3.9,33,1.8,0.0,0.0,0,0,0,0,0.0,1.0,0.10116832198743272,-0.994869323391895
353,3.5,36,1.7,0.0,0.0,0,0,0,0,0.0,1.0,-0.10116832198743204,-0.9948693233918952
385,2.7,50,2.8,0.0,0.0,0,0,0,0,0.0,1.0,-0.2993631229733582,-0.9541392564000488
316,1.5,70,2.5,0.0,0.0,0,0,0,0,0.0,1.0,-0.4853019625310808,-0.8743466161445822
127,0.9,88,1.6,0.0,0.5,0,0,0,0,0.0,1.0,-0.651372482722222,-0.7587581226927911
144,1.0,89,1.9,0.0,1.0,0,0,0,0,0.0,1.0,-0.7907757369376986,-0.6121059825476627
146,0.7,77,6.7,0.9,1.0,0,0,0,0,0.0,1.0,-0.8978045395707417,-0.44039415155763423
149,0.1,68,4.6,0.0,1.0,0,0,0,0,0.0,1.0,-0.9680771188662041,-0.2506525322587213
112,-0.6,62,4.2,0.0,1.0,0,0,0,0,0.0,1.0,-0.9987165071710528,-0.05064916883871355
100,-1.2,67,4.6,0.0,1.0,0,0,0,0,0.7818314824680298,0.6234898018587336,0.0,1.0
107,-1.9,69,5.0,0.0,1.0,0,0,0,0,0.7818314824680298,0.6234898018587336,0.20129852008866006,0.9795299412524945
75,-2.9,66,3.3,0.0,1.0,0,0,0,0,0.7818314824680298,0.6234898018587336,0.39435585511331855,0.9189578116202306
52,-3.4,67,3.2,0.0,0.9,0,0,0,0,0.7818314824680298,0.6234898018587336,0.5712682150947923,0.8207634412072763
38,-4.3,59,4.4,0.0,0.9,0,0,0,0,0.7818314824680298,0.6234898018587336,0.72479278722912,0.6889669190756866
52,-5.1,48,3.2,0.0,0.9,0,0,0,0,0.7818314824680298,0.6234898018587336,0.8486442574947509,0.5289640103269624
126,-5.6,52,3.7,0.0,0.9,0,0,0,0,0.7818314824680298,0.6234898018587336,0.9377521321470804,0.3473052528448203
245,-5.9,57,3.1,0.0,0.8,0,0,0,0,0.7818314824680298,0.6234898018587336,0.9884683243281114,0.1514277775045767
554,-6.0,64,3.2,0.0,0.7,0,0,0,0,0.7818314824680298,0.6234898018587336,0.9987165071710528,-0.05064916883871264
320,-6.0,61,2.5,0.0,0.6,0,0,0,0,0.7818314824680298,0.6234898018587336,0.9680771188662043,-0.2506525322587204
190,-4.8,57,3.0,0.0,0.5,0,0,0,0,0.7818314824680298,0.6234898018587336,0.8978045395707416,-0.4403941515576344
247,-3.9,51,4.5,0.0,0.5,0,0,0,0,0.7818314824680298,0.6234898018587336,0.7907757369376989,-0.6121059825476626
262,-2.7,45,2.4,0.0,0.4,0,0,0,0,0.7818314824680298,0.6234898018587336,0.6513724827222223,-0.758758122692791
265,-2.6,45,4.0,0.0,0.3,0,0,0,0,0.7818314824680298,0.6234898018587336,0.48530196253108104,-0.8743466161445821
265,-1.8,45,3.7,0.0,0.2,0,0,0,0,0.7818314824680298,0.6234898018587336,0.29936312297335804,-0.9541392564000488
257,-2.4,51,4.6,0.0,0.0,0,0,0,0,0.7818314824680298,0.6234898018587336,0.10116832198743272,-0.994869323391895
262,-2.4,56,3.3,0.0,0.0,0,0,0,0,0.7818314824680298,0.6234898018587336,-0.10116832198743204,-0.9948693233918952
332,-2.9,66,3.6,0.0,0.0,0,0,0,0,0.7818314824680298,0.6234898018587336,-0.2993631229733582,-0.9541392564000488
558,-3.8,58,1.7,0.0,0.0,0,0,0,0,0.7818314824680298,0.6234898018587336,-0.4853019625310808,-0.8743466161445822
364,-4.5,57,0.6,0.0,0.0,0,0,0,0,0.7818314824680298,0.6234898018587336,-0.651372482722222,-0.7587581226927911
302,-4.9,59,0.6,0.0,0.0,0,0,0,0,0.7818314824680298,0.6234898018587336,-0.7907757369376986,-0.6121059825476627
281,-4.8,59,0.9,0.0,0.0,0,0,0,0,0.7818314824680298,0.6234898018587336,-0.8978045395707417,-0.44039415155763423
166,-4.2,67,1.6,0.0,0.0,0,0,0,0,0.7818314824680298,0.6234898018587336,-0.9680771188662041,-0.2506525322587213
80,-4.9,80,0.7,0.0,0.2,0,0,0,0,0.7818314824680298,0.6234898018587336,-0.9987165071710528,-0.05064916883871355
61,-5.2,82,0.8,0.5,0.5,0,0,0,0,0.9749279121818236,-0.22252093395631434,0.0,1.0
78,-5.6,75,1.7,0.0,0.8,0,0,0,0,0.9749279121818236,-0.22252093395631434,0.20129852008866006,0.9795299412524945
63,-5.7,72,1.2,0.0,0.8,0,0,0,0,0.9749279121818236,-0.22252093395631434,0.39435585511331855,0.9189578116202306
40,-6.1,70,1.1,0.3,0.8,0,0,0,0,0.9749279121818236,-0.22252093395631434,0.5712682150947923,0.8207634412072763
31,-6.6,72,2.2,0.0,0.8,0,0,0,0,0.9749279121818236,-0.22252093395631434,0.72479278722912,0.6889669190756866
39,-7.3,75,1.6,0.0,0.8,0,0,0,0,0.9749279121818236,-0.22252093395631434,0.8486442574947509,0.5289640103269624
84,-7.7,74,1.1,0.0,0.8,0,0,0,0,0.9749279121818236,-0.22252093395631434,0.9377521321470804,0.3473052528448203
158,-8.0,70,1.8,0.0,0.7,0,0,0,0,0.9749279121818236,-0.22252093395631434,0.9884683243281114,0.1514277775045767
387,-7.9,67,2.6,0.0,0.7,0,0,0,0,0.9749279121818236,-0.22252093395631434,0.9987165071710528,-0.05064916883871264
225,-7.7,62,3.6,0.0,0.7,0,0,0,0,0.9749279121818236,-0.22252093395631434,0.9680771188662043,-0.2506525322587204
150,-6.9,53,3.2,0.0,0.6,0,0,0,0,0.9749279121818236,-0.22252093395631434,0.8978045395707416,-0.4403941515576344
168,-6.4,49,4.5,0.0,0.5,0,0,0,0,0.9749279121818236,-0.22252093395631434,0.7907757369376989,-0.6121059825476626
217,-5.6,44,4.5,0.0,0.5,0,0,0,0,0.9749279121818236,-0.22252093395631434,0.6513724827222223,-0.758758122692791
207,-5.1,43,4.7,0.0,0.4,0,0,0,0,0.9749279121818236,-0.22252093395631434,0.48530196253108104,-0.8743466161445821
177,-5.3,37,5.3,0.0,0.3,0,0,0,0,0.9749279121818236,-0.22252093395631434,0.29936312297335804,-0.9541392564000488
193,-5.3,33,4.8,0.0,0.3,0,0,0,0,0.9749279121818236,-0.22252093395631434,0.10116832198743272,-0.994869323391895
196,-5.4,30,3.9,0.0,0.2,0,0,0,0,0.9749279121818236,-0.22252093395631434,-0.10116832198743204,-0.9948693233918952
266,-6.5,34,4.0,0.0,0.0,0,0,0,0,0.9749279121818236,-0.22252093395631434,-0.2993631229733582,-0.9541392564000488
437,-7.8,32,4.5,0.0,0.0,0,0,0,0,0.9749279121818236,-0.22252093395631434,-0.4853019625310808,-0.8743466161445822
259,-8.5,35,2.9,0.0,0.0,0,0,0,0,0.9749279121818236,-0.22252093395631434,-0.651372482722222,-0.7587581226927911
207,-8.9,41,2.3,0.0,0.0,0,0,0,0,0.9749279121818236,-0.22252093395631434,-0.7907757369376986,-0.6121059825476627
214,-9.4,47,2.0,0.0,0.0,0,0,0,0,0.9749279121818236,-0.22252093395631434,-0.8978045395707417,-0.44039415155763423
165,-9.7,51,2.8,0.0,0.0,0,0,0,0,0.9749279121818236,-0.22252093395631434,-0.9680771188662041,-0.2506525322587213
139,-10.2,53,3.3,0.0,0.0,0,0,0,0,0.9749279121818236,-0.22252093395631434,-0.9987165071710528,-0.05064916883871355
98,-10.3,54,2.4,0.0,0.0,0,0,0,0,0.43388373911755823,-0.900968867902419,0.0,1.0
100,-10.6,55,2.9,0.0,0.0,0,0,0,0,0.43388373911755823,-0.900968867902419,0.20129852008866006,0.9795299412524945
89,-10.9,57,2.7,0.0,0.0,0,0,0,0,0.43388373911755823,-0.900968867902419,0.39435585511331855,0.9189578116202306
38,-11.2,59,2.9,0.0,0.0,0,0,0,0,0.43388373911755823,-0.900968867902419,0.5712682150947923,0.8207634412072763
33,-11.5,57,2.3,0.0,0.0,0,0,0,0,0.43388373911755823,-0.900968867902419,0.72479278722912,0.6889669190756866
42,-11.9,61,1.8,0.0,0.0,0,0,0,0,0.43388373911755823,-0.900968867902419,0.8486442574947509,0.5289640103269624
82,-12.0,61,2.3,0.0,0.0,0,0,0,0,0.43388373911755823,-0.900968867902419,0.9377521321470804,0.3473052528448203
203,-12.3,59,2.3,0.0,0.0,0,0,0,0,0.43388373911755823,-0.900968867902419,0.9884683243281114,0.1514277775045767
443,-12.6,61,1.6,0.0,0.0,0,0,0,0,0.43388373911755823,-0.900968867902419,0.9987165071710528,-0.05064916883871264
227,-12.0,53,2.6,0.0,0.0,0,0,0,0,0.43388373911755823,-0.900968867902419,0.9680771188662043,-0.2506525322587204
152,-11.1,46,3.7,0.0,0.0,0,0,0,0,0.43388373911755823,-0.900968867902419,0.8978045395707416,-0.4403941515576344
146,-10.2,41,3.5,0.0,0.0,0,0,0,0,0.43388373911755823,-0.900968867902419,0.7907757369376989,-0.6121059825476626
187,-8.6,40,2.6,0.0,0.0,0,0,0,0,0.43388373911755823,-0.900968867902419,0.6513724827222223,-0.758758122692791
178,-8.6,41,3.4,0.0,0.0,0,0,0,0,0.43388373911755823,-0.900968867902419,0.48530196253108104,-0.8743466161445821
187,-7.4,38,3.3,0.0,0.0,0,0,0,0,0.43388373911755823,-0.900968867902419,0.29936312297335804,-0.9541392564000488
181,-8.3,42,3.8,0.0,0.0,0,0,0,0,0.43388373911755823,-0.900968867902419,0.10116832198743272,-0.994869323391895
179,-8.2,39,2.8,0.0,0.0,0,0,0,0,0.43388373911755823,-0.900968867902419,-0.10116832198743204,-0.9948693233918952
219,-9.3,43,2.8,0.0,0.0,0,0,0,0,0.43388373911755823,-0.900968867902419,-0.2993631229733582,-0.9541392564000488
352,-10.4,43,2.3,0.0,0.0,0,0,0,0,0.43388373911755823,-0.900968867902419,-0.4853019625310808,-0.8743466161445822
251,-10.9,44,3.0,0.0,0.0,0,0,0,0,0.43388373911755823,-0.900968867902419,-0.651372482722222,-0.7587581226927911
177,-11.6,49,1.8,0.0,0.0,0,0,0,0,0.43388373911755823,-0.900968867902419,-0.7907757369376986,-0.6121059825476627
162,-12.4,51,2.2,0.0,0.0,0,0,0,0,0.43388373911755823,-0.900968867902419,-0.8978045395707417,-0.44039415155763423
172,-12.9,52,2.8,0.0,0.0,0,0,0,0,0.43388373911755823,-0.900968867902419,-0.9680771188662041,-0.2506525322587213
119,-13.2,51,1.5,0.0,0.0,0,0,0,0,0.43388373911755823,-0.900968867902419,-0.9987165071710528,-0.05064916883871355
105,-13.6,49,1.6,0.0,0.0,0,0,0,0,-0.433883739117558,-0.9009688679024191,0.0,1.0
99,-13.7,47,3.0,0.0,0.0,0,0,0,0,-0.433883739117558,-0.9009688679024191,0.20129852008866006,0.9795299412524945
83,-13.8,43,2.6,0.0,0.0,0,0,0,0,-0.433883739117558,-0.9009688679024191,0.39435585511331855,0.9189578116202306
42,-14.1,45,1.8,0.0,0.0,0,0,0,0,-0.433883739117558,-0.9009688679024191,0.5712682150947923,0.8207634412072763
30,-14.3,45,2.0,0.0,0.0,0,0,0,0,-0.433883739117558,-0.9009688679024191,0.72479278722912,0.6889669190756866
35,-14.6,45,1.1,0.0,0.0,0,0,0,0,-0.433883739117558,-0.9009688679024191,0.8486442574947509,0.5289640103269624
92,-14.9,45,2.3,0.0,0.0,0,0,0,0,-0.433883739117558,-0.9009688679024191,0.9377521321470804,0.3473052528448203
189,-15.1,45,0.9,0.0,0.0,0,0,0,0,-0.433883739117558,-0.9009688679024191,0.9884683243281114,0.1514277775045767
419,-15.1,44,1.2,0.0,0.0,0,0,0,0,-0.433883739117558,-0.9009688679024191,0.9987165071710528,-0.05064916883871264
196,-14.9,40,1.2,0.0,0.0,0,0,0,0,-0.433883739117558,-0.9009688679024191,0.9680771188662043,-0.2506525322587204
119,-13.0,37,2.2,0.0,0.0,0,0,0,0,-0.433883739117558,-0.9009688679024191,0.8978045395707416,-0.4403941515576344
140,-11.2,31,2.4,0.0,0.0,0,0,0,0,-0.433883739117558,-0.9009688679024191,0.7907757369376989,-0.6121059825476626
178,-9.6,27,2.0,0.0,0.0,0,0,0,0,-0.433883739117558,-0.9009688679024191,0.6513724827222223,-0.758758122692791
177,-8.2,29,2.0,0.0,0.0,0,0,0,0,-0.433883739117558,-0.9009688679024191,0.48530196253108104,-0.8743466161445821
173,-7.2,28,2.3,0.0,0.0,0,0,0,0,-0.433883739117558,-0.9009688679024191,0.29936312297335804,-0.9541392564000488
177,-6.5,26,2.4,0.0,0.0,0,0,0,0,-0.433883739117558,-0.9009688679024191,0.10116832198743272,-0.994869323391895
196,-5.8,21,1.1,0.0,0.0,0,0,0,0,-0.433883739117558,-0.9009688679024191,-0.10116832198743204,-0.9948693233918952
259,-6.5,22,1.5,0.0,0.0,0,0,0,0,-0.433883739117558,-0.9009688679024191,-0.2993631229733582,-0.9541392564000488
405,-7.5,28,2.0,0.0,0.0,0,0,0,0,-0.433883739117558,-0.9009688679024191,-0.4853019625310808,-0.8743466161445822
273,-8.2,32,1.1,0.0,0.0,0,0,0,0,-0.433883739117558,-0.9009688679024191,-0.651372482722222,-0.7587581226927911
210,-7.9,31,1.4,0.0,0.0,0,0,0,0,-0.433883739117558,-0.9009688679024191,-0.7907757369376986,-0.6121059825476627
184,-7.4,33,1.4,0.0,0.0,0,0,0,0,-0.433883739117558,-0.9009688679024191,-0.8978045395707417,-0.44039415155763423
186,-6.9,39,1.6,0.0,0.0,0,0,0,0,-0.433883739117558,-0.9009688679024191,-0.9680771188662041,-0.2506525322587213
144,-6.7,36,1.3,0.0,0.0,0,0,0,0,-0.433883739117558,-0.9009688679024191,-0.9987165071710528,-0.05064916883871355
152,-6.6,39,1.6,0.0,0.0,0,0,0,0,-0.9749279121818236,-0.2225209339563146,0.0,1.0
168,-6.5,45,0.5,0.0,0.0,0,0,0,0,-0.9749279121818236,-0.2225209339563146,0.20129852008866006,0.9795299412524945
145,-6.4,40,0.9,0.0,0.0,0,0,0,0,-0.9749279121818236,-0.2225209339563146,0.39435585511331855,0.9189578116202306
77,-6.5,42,0.7,0.0,0.0,0,0,0,0,-0.9749279121818236,-0.2225209339563146,0.5712682150947923,0.8207634412072763
47,-6.4,46,0.8,0.0,0.0,0,0,0,0,-0.9749279121818236,-0.2225209339563146,0.72479278722912,0.6889669190756866
40,-6.3,51,0.8,0.0,0.0,0,0,0,0,-0.9749279121818236,-0.2225209339563146,0.8486442574947509,0.5289640103269624
42,-6.4,59,0.6,0.0,0.0,0,0,0,0,-0.9749279121818236,-0.2225209339563146,0.9377521321470804,0.3473052528448203
43,-6.5,68,0.6,0.0,0.0,0,0,0,0,-0.9749279121818236,-0.2225209339563146,0.9884683243281114,0.1514277775045767
67,-6.5,72,0.8,0.0,0.2,0,0,0,0,-0.9749279121818236,-0.2225209339563146,0.9987165071710528,-0.05064916883871264
102,-6.3,76,0.6,0.2,0.4,0,0,0,0,-0.9749279121818236,-0.2225209339563146,0.9680771188662043,-0.2506525322587204
106,-5.5,72,0.7,0.0,0.6,0,0,0,0,-0.9749279121818236,-0.2225209339563146,0.8978045395707416,-0.4403941515576344
133,-4.8,70,1.0,0.0,0.6,0,0,0,0,-0.9749279121818236,-0.2225209339563146,0.7907757369376989,-0.6121059825476626
174,-3.7,66,1.1,0.2,0.4,0,0,0,0,-0.9749279121818236,-0.2225209339563146,0.6513724827222223,-0.758758122692791
212,-2.5,62,1.4,0.0,0.0,0,0,0,0,-0.9749279121818236,-0.2225209339563146,0.48530196253108104,-0.8743466161445821
215,-1.8,62,0.7,0.0,0.0,0,0,0,0,-0.9749279121818236,-0.2225209339563146,0.29936312297335804,-0.9541392564000488
251,-1.5,62,0.9,0.0,0.0,0,0,0,0,-0.9749279121818236,-0.2225209339563146,0.10116832198743272,-0.994869323391895
249,-1.2,63,0.9,0.0,0.0,0,0,0,0,-0.9749279121818236,-0.2225209339563146,-0.10116832198743204,-0.9948693233918952
277,-1.4,68,1.0,0.0,0.0,0,0,0,0,-0.9749279121818236,-0.2225209339563146,-0.2993631229733582,-0.9541392564000488
223,-2.6,73,1.0,0.0,0.0,0,0,0,0,-0.9749279121818236,-0.2225209339563146,-0.4853019625310808,-0.8743466161445822
167,-3.3,76,0.8,0.0,0.0,0,0,0,0,-0.9749279121818236,-0.2225209339563146,-0.651372482722222,-0.7587581226927911
158,-3.9,78,1.1,0.0,0.0,0,0,0,0,-0.9749279121818236,-0.2225209339563146,-0.7907757369376986,-0.6121059825476627
156,-4.1,79,0.7,0.0,0.0,0,0,0,0,-0.9749279121818236,-0.2225209339563146,-0.8978045395707417,-0.44039415155763423
168,-4.3,81,0.4,0.0,0.0,0,0,0,0,-0.9749279121818236,-0.2225209339563146,-0.9680771188662041,-0.2506525322587213
131,-4.4,81,0.7,0.0,0.0,0,0,0,0,-0.9749279121818236,-0.2225209339563146,-0.9987165071710528,-0.05064916883871355
149,-4.4,81,0.7,0.0,0.0,0,0,0,0,-0.7818314824680299,0.6234898018587334,0.0,1.0
150,-3.7,79,0.9,0.0,0.0,0,0,0,0,-0.7818314824680299,0.6234898018587334,0.20129852008866006,0.9795299412524945
111,-3.5,78,1.0,0.0,0.0,0,0,0,0,-0.7818314824680299,0.6234898018587334,0.39435585511331855,0.9189578116202306
79,-3.6,78,1.6,0.0,0.0,0,0,0,0,-0.7818314824680299,0.6234898018587334,0.5712682150947923,0.8207634412072763
48,-4.0,79,1.2,0.0,0.0,0,0,0,0,-0.7818314824680299,0.6234898018587334,0.72479278722912,0.6889669190756866
29,-4.2,79,1.2,0.0,0.0,0,0,0,0,-0.7818314824680299,0.6234898018587334,0.8486442574947509,0.5289640103269624
49,-4.3,79,1.1,0.0,0.0,0,0,0,0,-0.7818314824680299,0.6234898018587334,0.9377521321470804,0.3473052528448203
59,-4.4,80,1.4,0.0,0.0,0,0,0,0,-0.7818314824680299,0.6234898018587334,0.9884683243281114,0.1514277775045767
81,-3.8,79,0.8,0.0,0.0,0,0,0,0,-0.7818314824680299,0.6234898018587334,0.9987165071710528,-0.05064916883871264
118,-3.4,77,1.6,0.0,0.0,0,0,0,0,-0.7818314824680299,0.6234898018587334,0.9680771188662043,-0.2506525322587204
134,-2.1,72,1.7,0.0,0.0,0,0,0,0,-0.7818314824680299,0.6234898018587334,0.8978045395707416,-0.4403941515576344
174,-0.5,64,0.7,0.0,0.0,0,0,0,0,-0.7818314824680299,0.6234898018587334,0.7907757369376989,-0.6121059825476626
226,1.2,58,0.8,0.0,0.0,0,0,0,0,-0.7818314824680299,0.6234898018587334,0.6513724827222223,-0.758758122692791
272,3.0,52,1.4,0.0,0.0,0,0,0,0,-0.7818314824680299,0.6234898018587334,0.48530196253108104,-0.8743466161445821
304,3.7,53,0.6,0.0,0.0,0,0,0,0,-0.7818314824680299,0.6234898018587334,0.29936312297335804,-0.9541392564000488
353,4.6,50,0.9,0.0,0.0,0,0,0,0,-0.7818314824680299,0.6234898018587334,0.10116832198743272,-0.994869323391895
366,5.3,49,1.8,0.0,0.0,0,0,0,0,-0.7818314824680299,0.6234898018587334,-0.10116832198743204,-0.9948693233918952
302,4.5,51,1.1,0.0,0.0,0,0,0,0,-0.7818314824680299,0.6234898018587334,-0.2993631229733582,-0.9541392564000488
250,4.1,53,1.3,0.0,0.0,0,0,0,0,-0.7818314824680299,0.6234898018587334,-0.4853019625310808,-0.8743466161445822
208,3.9,54,1.1,0.0,0.0,0,0,0,0,-0.7818314824680299,0.6234898018587334,-0.651372482722222,-0.7587581226927911
210,3.5,55,1.0,0.0,0.0,0,0,0,0,-0.7818314824680299,0.6234898018587334,-0.7907757369376986,-0.6121059825476627
213,3.1,58,0.4,0.0,0.0,0,0,0,0,-0.7818314824680299,0.6234898018587334,-0.8978045395707417,-0.44039415155763423
196,2.8,60,0.6,0.0,0.0,0,0,0,0,-0.7818314824680299,0.6234898018587334,-0.9680771188662041,-0.2506525322587213
144,2.7,60,0.6,0.0,0.0,0,0,0,0,-0.7818314824680299,0.6234898018587334,-0.9987165071710528,-0.05064916883871355
171,3.0,60,0.5,0.0,0.0,0,0,0,0,0.0,1.0,0.0,1.0
122,3.0,62,0.9,0.0,0.0,0,0,0,0,0.0,1.0,0.20129852008866006,0.9795299412524945
74,3.6,65,0.9,0.0,0.0,0,0,0,0,0.0,1.0,0.39435585511331855,0.9189578116202306
58,4.4,70,1.7,0.0,0.0,0,0,0,0,0.0,1.0,0.5712682150947923,0.8207634412072763
38,4.9,73,1.8,0.0,0.0,0,0,0,0,0.0,1.0,0.72479278722912,0.6889669190756866
55,5.0,76,1.9,0.0,0.0,0,0,0,0,0.0,1.0,0.8486442574947509,0.5289640103269624
82,4.9,83,3.0,0.0,0.0,0,0,0,0,0.0,1.0,0.9377521321470804,0.3473052528448203
209,4.4,87,1.0,0.0,0.0,0,0,0,0,0.0,1.0,0.9884683243281114,0.1514277775045767
444,4.1,85,1.1,0.0,0.0,0,0,0,0,0.0,1.0,0.9987165071710528,-0.05064916883871264
303,3.9,86,1.7,0.2,0.0,0,0,0,0,0.0,1.0,0.9680771188662043,-0.2506525322587204
212,4.2,82,2.2,0.0,0.0,0,0,0,0,0.0,1.0,0.8978045395707416,-0.4403941515576344
254,4.7,75,2.3,0.0,0.0,0,0,0,0,0.0,1.0,0.7907757369376989,-0.6121059825476626
311,6.2,64,1.9,0.0,0.0,0,0,0,0,0.0,1.0,0.6513724827222223,-0.758758122692791
309,6.1,61,2.3,0.0,0.0,0,0,0,0,0.0,1.0,0.48530196253108104,-0.8743466161445821
306,7.1,52,2.1,0.0,0.0,0,0,0,0,0.0,1.0,0.29936312297335804,-0.9541392564000488
349,7.4,38,1.7,0.0,0.0,0,0,0,0,0.0,1.0,0.10116832198743272,-0.994869323391895
365,7.5,37,0.9,0.0,0.0,0,0,0,0,0.0,1.0,-0.10116832198743204,-0.9948693233918952
455,6.5,40,0.8,0.0,0.0,0,0,0,0,0.0,1.0,-0.2993631229733582,-0.9541392564000488
555,5.2,44,1.3,0.0,0.0,0,0,0,0,0.0,1.0,-0.4853019625310808,-0.8743466161445822
444,4.4,53,1.2,0.0,0.0,0,0,0,0,0.0,1.0,-0.651372482722222,-0.7587581226927911
321,3.7,58,1.3,0.0,0.0,0,0,0,0,0.0,1.0,-0.7907757369376986,-0.6121059825476627
334,3.4,59,0.8,0.0,0.0,0,0,0,0,0.0,1.0,-0.8978045395707417,-0.44039415155763423
333,3.0,61,1.6,0.0,0.0,0,0,0,0,0.0,1.0,-0.9680771188662041,-0.2506525322587213
230,2.4,63,0.6,0.0,0.0,0,0,0,0,0.0,1.0,-0.9987165071710528,-0.05064916883871355
212,1.8,67,1.2,0.0,0.0,0,0,0,0,0.7818314824680298,0.6234898018587336,0.0,1.0
207,1.2,64,0.7,0.0,0.0,0,0,0,0,0.7818314824680298,0.6234898018587336,0.20129852008866006,0.9795299412524945
141,0.5,72,0.7,0.0,0.0,0,0,0,0,0.7818314824680298,0.6234898018587336,0.39435585511331855,0.9189578116202306
81,0.3,70,0.6,0.0,0.0,0,0,0,0,0.7818314824680298,0.6234898018587336,0.5712682150947923,0.8207634412072763
51,0.8,65,0.7,0.0,0.0,0,0,0,0,0.7818314824680298,0.6234898018587336,0.72479278722912,0.6889669190756866
58,1.1,64,0.5,0.0,0.0,0,0,0,0,0.7818314824680298,0.6234898018587336,0.8486442574947509,0.5289640103269624
140,1.2,69,0.6,0.0,0.0,0,0,0,0,0.7818314824680298,0.6234898018587336,0.9377521321470804,0.3473052528448203
318,1.1,69,0.6,0.0,0.0,0,0,0,0,0.7818314824680298,0.6234898018587336,0.9884683243281114,0.1514277775045767
650,1.2,68,0.6,0.0,0.0,0,0,0,0,0.7818314824680298,0.6234898018587336,0.9987165071710528,-0.05064916883871264
376,1.9,65,0.8,0.0,0.0,0,0,0,0,0.7818314824680298,0.6234898018587336,0.9680771188662043,-0.2506525322587204
221,2.7,60,0.5,0.0,0.0,0,0,0,0,0.7818314824680298,0.6234898018587336,0.8978045395707416,-0.4403941515576344
256,3.9,57,0.8,0.0,0.0,0,0,0,0,0.7818314824680298,0.6234898018587336,0.7907757369376989,-0.6121059825476626
276,5.2,52,1.2,0.0,0.0,0,0,0,0,0.7818314824680298,0.6234898018587336,0.6513724827222223,-0.758758122692791
296,5.8,47,0.8,0.0,0.0,0,0,0,0,0.7818314824680298,0.6234898018587336,0.48530196253108104,-0.8743466161445821
276,6.5,43,0.8,0.0,0.0,0,0,0,0,0.7818314824680298,0.6234898018587336,0.29936312297335804,-0.9541392564000488
250,6.3,40,0.3,0.0,0.0,0,0,0,0,0.7818314824680298,0.6234898018587336,0.10116832198743272,-0.994869323391895
277,5.8,50,0.9,0.0,0.0,0,0,0,0,0.7818314824680298,0.6234898018587336,-0.10116832198743204,-0.9948693233918952
381,5.2,58,0.8,0.0,0.0,0,0,0,0,0.7818314824680298,0.6234898018587336,-0.2993631229733582,-0.9541392564000488
592,4.9,59,1.4,0.0,0.0,0,0,0,0,0.7818314824680298,0.6234898018587336,-0.4853019625310808,-0.8743466161445822
409,4.6,57,1.0,0.0,0.0,0,0,0,0,0.7818314824680298,0.6234898018587336,-0.651372482722222,-0.7587581226927911
332,4.5,58,0.8,0.0,0.0,0,0,0,0,0.7818314824680298,0.6234898018587336,-0.7907757369376986,-0.6121059825476627
342,4.3,56,0.7,0.0,0.0,0,0,0,0,0.7818314824680298,0.6234898018587336,-0.8978045395707417,-0.44039415155763423
321,4.0,57,0.3,0.0,0.0,0,0,0,0,0.7818314824680298,0.6234898018587336,-0.9680771188662041,-0.2506525322587213
242,3.9,60,0.9,0.0,0.0,0,0,0,0,0.7818314824680298,0.6234898018587336,-0.9987165071710528,-0.05064916883871355
204,3.5,62,0.4,0.0,0.0,0,0,0,0,0.9749279121818236,-0.22252093395631434,0.0,1.0
183,3.3,64,0.4,0.0,0.0,0,0,0,0,0.9749279121818236,-0.22252093395631434,0.20129852008866006,0.9795299412524945
140,3.1,65,0.8,0.0,0.0,0,0,0,0,0.9749279121818236,-0.22252093395631434,0.39435585511331855,0.9189578116202306
75,3.0,67,0.8,0.0,0.0,0,0,0,0,0.9749279121818236,-0.22252093395631434,0.5712682150947923,0.8207634412072763
55,3.0,68,0.5,0.0,0.0,0,0,0,0,0.9749279121818236,-0.22252093395631434,0.72479278722912,0.6889669190756866
72,2.9,66,0.8,0.0,0.0,0,0,0,0,0.9749279121818236,-0.22252093395631434,0.8486442574947509,0.5289640103269624
115,2.7,71,1.1,0.0,0.0,0,0,0,0,0.9749279121818236,-0.22252093395631434,0.9377521321470804,0.3473052528448203
272,2.5,71,0.9,0.0,0.0,0,0,0,0,0.9749279121818236,-0.22252093395631434,0.9884683243281114,0.1514277775045767
537,2.6,70,0.6,0.0,0.0,0,0,0,0,0.9749279121818236,-0.22252093395631434,0.9987165071710528,-0.05064916883871264
337,3.0,66,0.7,0.0,0.0,0,0,0,0,0.9749279121818236,-0.22252093395631434,0.9680771188662043,-0.2506525322587204
212,4.3,58,0.5,0.0,0.0,0,0,0,0,0.9749279121818236,-0.22252093395631434,0.8978045395707416,-0.4403941515576344
270,6.0,51,1.0,0.0,0.0,0,0,0,0,0.9749279121818236,-0.22252093395631434,0.7907757369376989,-0.6121059825476626
310,8.1,51,1.4,0.0,0.0,0,0,0,0,0.9749279121818236,-0.22252093395631434,0.6513724827222223,-0.758758122692791
273,8.0,54,1.8,0.0,0.0,0,0,0,0,0.9749279121818236,-0.22252093395631434,0.48530196253108104,-0.8743466161445821
258,7.7,54,2.6,0.0,0.0,0,0,0,0,0.9749279121818236,-0.22252093395631434,0.29936312297335804,-0.9541392564000488
278,8.5,49,1.3,0.0,0.0,0,0,0,0,0.9749279121818236,-0.22252093395631434,0.10116832198743272,-0.994869323391895
314,8.3,54,1.2,0.0,0.0,0,0,0,0,0.9749279121818236,-0.22252093395631434,-0.10116832198743204,-0.9948693233918952
380,7.2,57,3.3,0.0,0.0,0,0,0,0,0.9749279121818236,-0.22252093395631434,-0.2993631229733582,-0.9541392564000488
501,5.2,62,2.9,0.0,0.0,0,0,0,0,0.9749279121818236,-0.22252093395631434,-0.4853019625310808,-0.8743466161445822
360,4.2,68,2.4,0.0,0.0,0,0,0,0,0.9749279121818236,-0.22252093395631434,-0.651372482722222,-0.7587581226927911
286,3.5,72,1.7,0.0,0.0,0,0,0,0,0.9749279121818236,-0.22252093395631434,-0.7907757369376986,-0.6121059825476627
320,3.1,74,1.1,0.0,0.0,0,0,0,0,0.9749279121818236,-0.22252093395631434,-0.8978045395707417,-0.44039415155763423
313,2.8,74,0.5,0.0,0.0,0,0,0,0,0.9749279121818236,-0.22252093395631434,-0.9680771188662041,-0.2506525322587213
227,2.7,74,0.8,0.0,0.0,0,0,0,0,0.9749279121818236,-0.22252093395631434,-0.9987165071710528,-0.05064916883871355
215,2.7,73,1.0,0.0,0.0,0,0,0,0,0.43388373911755823,-0.900968867902419,0.0,1.0
190,3.2,72,1.9,0.0,0.0,0,0,0,0,0.43388373911755823,-0.900968867902419,0.20129852008866006,0.9795299412524945
137,3.3,73,1.2,0.0,0.0,0,0,0,0,0.43388373911755823,-0.900968867902419,0.39435585511331855,0.9189578116202306
95,3.6,74,1.7,0.0,0.0,0,0,0,0,0.43388373911755823,-0.900968867902419,0.5712682150947923,0.8207634412072763
50,3.3,80,2.1,0.0,0.0,0,0,0,0,0.43388373911755823,-0.900968867902419,0.72479278722912,0.6889669190756866
68,2.6,82,2.0,0.0,0.0,0,0,0,0,0.43388373911755823,-0.900968867902419,0.8486442574947509,0.5289640103269624
107,2.2,82,2.0,0.0,0.0,0,0,0,0,0.43388373911755823,-0.900968867902419,0.9377521321470804,0.3473052528448203
279,1.5,86,1.1,0.0,0.0,0,0,0,0,0.43388373911755823,-0.900968867902419,0.9884683243281114,0.1514277775045767
537,1.1,86,1.2,0.0,0.0,0,0,0,0,0.43388373911755823,-0.900968867902419,0.9987165071710528,-0.05064916883871264
305,1.2,84,2.1,0.0,0.0,0,0,0,0,0.43388373911755823,-0.900968867902419,0.9680771188662043,-0.2506525322587204
188,1.4,81,2.1,0.0,0.0,0,0,0,0,0.43388373911755823,-0.900968867902419,0.8978045395707416,-0.4403941515576344
261,1.8,75,1.8,0.0,0.0,0,0,0,0,0.43388373911755823,-0.900968867902419,0.7907757369376989,-0.6121059825476626
267,2.5,72,2.4,0.0,0.0,0,0,0,0,0.43388373911755823,-0.900968867902419,0.6513724827222223,-0.758758122692791
307,3.5,54,3.2,0.0,0.0,0,0,0,0,0.43388373911755823,-0.900968867902419,0.48530196253108104,-0.8743466161445821
301,4.4,42,2.3,0.0,0.0,0,0,0,0,0.43388373911755823,-0.900968867902419,0.29936312297335804,-0.9541392564000488
269,4.2,36,2.3,0.0,0.0,0,0,0,0,0.43388373911755823,-0.900968867902419,0.10116832198743272,-0.994869323391895
328,3.6,42,2.4,0.0,0.0,0,0,0,0,0.43388373911755823,-0.900968867902419,-0.10116832198743204,-0.9948693233918952
416,2.8,46,2.1,0.0,0.0,0,0,0,0,0.43388373911755823,-0.900968867902419,-0.2993631229733582,-0.9541392564000488
506,2.0,39,2.1,0.0,0.0,0,0,0,0,0.43388373911755823,-0.900968867902419,-0.4853019625310808,-0.8743466161445822
365,1.5,41,1.0,0.0,0.0,0,0,0,0,0.43388373911755823,-0.900968867902419,-0.651372482722222,-0.7587581226927911
303,1.1,44,1.2,0.0,0.0,0,0,0,0,0.43388373911755823,-0.900968867902419,-0.7907757369376986,-0.6121059825476627
339,0.8,45,1.5,0.0,0.0,0,0,0,0,0.43388373911755823,-0.900968867902419,-0.8978045395707417,-0.44039415155763423
318,0.7,45,2.0,0.0,0.0,0,0,0,0,0.43388373911755823,-0.900968867902419,-0.9680771188662041,-0.2506525322587213
232,0.6,47,2.3,0.0,0.0,0,0,0,0,0.43388373911755823,-0.900968867902419,-0.9987165071710528,-0.05064916883871355
211,0.3,45,1.8,0.0,0.0,0,0,0,0,-0.433883739117558,-0.9009688679024191,0.0,1.0
207,0.0,43,1.7,0.0,0.0,0,0,0,0,-0.433883739117558,-0.9009688679024191,0.20129852008866006,0.9795299412524945
140,-0.3,44,1.7,0.0,0.0,0,0,0,0,-0.433883739117558,-0.9009688679024191,0.39435585511331855,0.9189578116202306
93,-0.6,43,1.7,0.0,0.0,0,0,0,0,-0.433883739117558,-0.9009688679024191,0.5712682150947923,0.8207634412072763
58,-0.7,45,1.4,0.0,0.0,0,0,0,0,-0.433883739117558,-0.9009688679024191,0.72479278722912,0.6889669190756866
61,-1.4,47,1.4,0.0,0.0,0,0,0,0,-0.433883739117558,-0.9009688679024191,0.8486442574947509,0.5289640103269624
151,-1.8,49,1.4,0.0,0.0,0,0,0,0,-0.433883739117558,-0.9009688679024191,0.9377521321470804,0.3473052528448203
334,-2.0,49,1.9,0.0,0.0,0,0,0,0,-0.433883739117558,-0.9009688679024191,0.9884683243281114,0.1514277775045767
648,-2.5,50,1.0,0.0,0.0,0,0,0,0,-0.433883739117558,-0.9009688679024191,0.9987165071710528,-0.05064916883871264
387,-2.1,42,1.3,0.0,0.0,0,0,0,0,-0.433883739117558,-0.9009688679024191,0.9680771188662043,-0.2506525322587204
255,0.0,29,1.3,0.0,0.0,0,0,0,0,-0.433883739117558,-0.9009688679024191,0.8978045395707416,-0.4403941515576344
283,2.2,20,0.6,0.0,0.0,0,0,0,0,-0.433883739117558,-0.9009688679024191,0.7907757369376989,-0.6121059825476626
341,4.3,28,1.5,0.0,0.0,0,0,0,0,-0.433883739117558,-0.9009688679024191,0.6513724827222223,-0.758758122692791
341,4.7,26,2.6,0.0,0.0,0,0,0,0,-0.433883739117558,-0.9009688679024191,0.48530196253108104,-0.8743466161445821
349,4.7,24,3.6,0.0,0.0,0,0,0,0,-0.433883739117558,-0.9009688679024191,0.29936312297335804,-0.9541392564000488
381,5.4,25,2.4,0.0,0.0,0,0,0,0,-0.433883739117558,-0.9009688679024191,0.10116832198743272,-0.994869323391895
390,4.9,27,2.8,0.0,0.0,0,0,0,0,-0.433883739117558,-0.9009688679024191,-0.10116832198743204,-0.9948693233918952
468,4.1,34,3.1,0.0,0.0,0,0,0,0,-0.433883739117558,-0.9009688679024191,-0.2993631229733582,-0.9541392564000488
702,2.9,45,1.6,0.0,0.0,0,0,0,0,-0.433883739117558,-0.9009688679024191,-0.4853019625310808,-0.8743466161445822
471,2.0,48,1.8,0.0,0.0,0,0,0,0,-0.433883739117558,-0.9009688679024191,-0.651372482722222,-0.7587581226927911
342,1.2,51,0.6,0.0,0.0,0,0,0,0,-0.433883739117558,-0.9009688679024191,-0.7907757369376986,-0.6121059825476627
331,0.5,52,0.8,0.0,0.0,0,0,0,0,-0.433883739117558,-0.9009688679024191,-0.8978045395707417,-0.44039415155763423
292,0.0,56,0.8,0.0,0.0,0,0,0,0,-0.433883739117558,-0.9009688679024191,-0.9680771188662041,-0.2506525322587213
236,-0.5,59,0.9,0.0,0.0,0,0,0,0,-0.433883739117558,-0.9009688679024191,-0.9987165071710528,-0.05064916883871355
228,-0.6,60,0.6,0.0,0.0,0,0,0,0,-0.9749279121818236,-0.2225209339563146,0.0,1.0
258,-0.9,64,0.4,0.0,0.0,0,0,0,0,-0.9749279121818236,-0.2225209339563146,0.20129852008866006,0.9795299412524945
216,-0.9,65,0.6,0.0,0.0,0,0,0,0,-0.9749279121818236,-0.2225209339563146,0.39435585511331855,0.9189578116202306
118,-0.9,65,0.2,0.0,0.0,0,0,0,0,-0.9749279121818236,-0.2225209339563146,0.5712682150947923,0.8207634412072763
89,-0.7,65,0.6,0.0,0.0,0,0,0,0,-0.9749279121818236,-0.2225209339563146,0.72479278722912,0.6889669190756866
56,-0.3,62,0.6,0.0,0.0,0,0,0,0,-0.9749279121818236,-0.2225209339563146,0.8486442574947509,0.5289640103269624
50,-0.1,60,0.4,0.0,0.0,0,0,0,0,-0.9749279121818236,-0.2225209339563146,0.9377521321470804,0.3473052528448203
101,0.2,60,0.3,0.0,0.0,0,0,0,0,-0.9749279121818236,-0.2225209339563146,0.9884683243281114,0.1514277775045767
191,0.3,63,0.4,0.0,0.0,0,0,0,0,-0.9749279121818236,-0.2225209339563146,0.9987165071710528,-0.05064916883871264
234,0.9,63,0.9,0.0,0.0,0,0,0,0,-0.9749279121818236,-0.2225209339563146,0.9680771188662043,-0.2506525322587204
259,2.1,60,1.2,0.0,0.0,0,0,0,0,-0.9749279121818236,-0.2225209339563146,0.8978045395707416,-0.4403941515576344
285,3.7,59,1.8,0.0,0.0,0,0,0,0,-0.9749279121818236,-0.2225209339563146,0.7907757369376989,-0.6121059825476626
325,5.3,55,2.6,0.0,0.0,0,0,0,0,-0.9749279121818236,-0.2225209339563146,0.6513724827222223,-0.758758122692791
356,6.3,55,3.0,0.0,0.0,0,0,0,0,-0.9749279121818236,-0.2225209339563146,0.48530196253108104,-0.8743466161445821
334,5.9,61,3.2,0.0,0.0,0,0,0,0,-0.9749279121818236,-0.2225209339563146,0.29936312297335804,-0.9541392564000488
406,6.3,55,3.0,0.0,0.0,0,0,0,0,-0.9749279121818236,-0.2225209339563146,0.10116832198743272,-0.994869323391895
352,6.6,42,3.0,0.0,0.0,0,0,0,0,-0.9749279121818236,-0.2225209339563146,-0.10116832198743204,-0.9948693233918952
377,5.7,53,1.8,0.0,0.0,0,0,0,0,-0.9749279121818236,-0.2225209339563146,-0.2993631229733582,-0.9541392564000488
283,4.6,55,3.2,0.0,0.0,0,0,0,0,-0.9749279121818236,-0.2225209339563146,-0.4853019625310808,-0.8743466161445822
223,3.5,66,1.7,0.0,0.0,0,0,0,0,-0.9749279121818236,-0.2225209339563146,-0.651372482722222,-0.7587581226927911
219,2.9,66,1.2,0.0,0.0,0,0,0,0,-0.9749279121818236,-0.2225209339563146,-0.7907757369376986,-0.6121059825476627
220,2.1,48,2.8,0.0,0.0,0,0,0,0,-0.9749279121818236,-0.2225209339563146,-0.8978045395707417,-0.44039415155763423
232,1.5,48,2.4,0.0,0.0,0,0,0,0,-0.9749279121818236,-0.2225209339563146,-0.9680771188662041,-0.2506525322587213
164,0.8,53,1.7,0.0,0.0,0,0,0,0,-0.9749279121818236,-0.2225209339563146,-0.9987165071710528,-0.05064916883871355
196,-0.3,60,1.9,0.0,0.0,0,0,0,0,-0.7818314824680299,0.6234898018587334,0.0,1.0
177,-0.8,58,0.4,0.0,0.0,0,0,0,0,-0.7818314824680299,0.6234898018587334,0.20129852008866006,0.9795299412524945
107,-1.5,63,1.0,0.0,0.0,0,0,0,0,-0.7818314824680299,0.6234898018587334,0.39435585511331855,0.9189578116202306
107,-2.0,60,0.5,0.0,0.0,0,0,0,0,-0.7818314824680299,0.6234898018587334,0.5712682150947923,0.8207634412072763
73,-2.3,47,0.7,0.0,0.0,0,0,0,0,-0.7818314824680299,0.6234898018587334,0.72479278722912,0.6889669190756866
32,-2.6,49,1.1,0.0,0.0,0,0,0,0,-0.7818314824680299,0.6234898018587334,0.8486442574947509,0.5289640103269624
36,-3.1,54,1.4,0.0,0.0,0,0,0,0,-0.7818314824680299,0.6234898018587334,0.9377521321470804,0.3473052528448203
61,-3.2,54,1.2,0.0,0.0,0,0,0,0,-0.7818314824680299,0.6234898018587334,0.9884683243281114,0.1514277775045767
115,-3.6,53,0.5,0.0,0.0,0,0,0,0,-0.7818314824680299,0.6234898018587334,0.9987165071710528,-0.05064916883871264
152,-3.2,46,0.8,0.0,0.0,0,0,0,0,-0.7818314824680299,0.6234898018587334,0.9680771188662043,-0.2506525322587204
189,-1.3,37,0.8,0.0,0.0,0,0,0,0,-0.7818314824680299,0.6234898018587334,0.8978045395707416,-0.4403941515576344
216,1.9,25,1.0,0.0,0.0,0,0,0,0,-0.7818314824680299,0.6234898018587334,0.7907757369376989,-0.6121059825476626
271,3.9,30,1.6,0.0,0.0,0,0,0,0,-0.7818314824680299,0.6234898018587334,0.6513724827222223,-0.758758122692791
343,4.9,22,2.0,0.0,0.0,0,0,0,0,-0.7818314824680299,0.6234898018587334,0.48530196253108104,-0.8743466161445821
340,5.4,18,1.2,0.0,0.0,0,0,0,0,-0.7818314824680299,0.6234898018587334,0.29936312297335804,-0.9541392564000488
389,5.4,20,2.2,0.0,0.0,0,0,0,0,-0.7818314824680299,0.6234898018587334,0.10116832198743272,-0.994869323391895
396,4.7,17,2.1,0.0,0.0,0,0,0,0,-0.7818314824680299,0.6234898018587334,-0.10116832198743204,-0.9948693233918952
383,3.8,20,1.3,0.0,0.0,0,0,0,0,-0.7818314824680299,0.6234898018587334,-0.2993631229733582,-0.9541392564000488
295,2.5,24,2.0,0.0,0.0,0,0,0,0,-0.7818314824680299,0.6234898018587334,-0.4853019625310808,-0.8743466161445822
223,1.3,25,1.3,0.0,0.0,0,0,0,0,-0.7818314824680299,0.6234898018587334,-0.651372482722222,-0.7587581226927911
258,0.3,27,0.4,0.0,0.0,0,0,0,0,-0.7818314824680299,0.6234898018587334,-0.7907757369376986,-0.6121059825476627
237,-0.1,29,0.5,0.0,0.0,0,0,0,0,-0.7818314824680299,0.6234898018587334,-0.8978045395707417,-0.44039415155763423
207,-0.3,32,0.7,0.0,0.0,0,0,0,0,-0.7818314824680299,0.6234898018587334,-0.9680771188662041,-0.2506525322587213
170,-0.4,32,0.6,0.0,0.0,0,0,0,0,-0.7818314824680299,0.6234898018587334,-0.9987165071710528,-0.05064916883871355
171,-0.2,30,0.4,0.0,0.0,0,0,0,0,0.0,1.0,0.0,1.0
97,-0.2,32,0.7,0.0,0.0,0,0,0,0,0.0,1.0,0.20129852008866006,0.9795299412524945
73,-0.2,33,1.4,0.0,0.0,0,0,0,0,0.0,1.0,0.39435585511331855,0.9189578116202306
53,-0.3,31,0.3,0.0,0.0,0,0,0,0,0.0,1.0,0.5712682150947923,0.8207634412072763
31,0.0,32,0.4,0.0,0.0,0,0,0,0,0.0,1.0,0.72479278722912,0.6889669190756866
60,0.0,32,0.7,0.0,0.0,0,0,0,0,0.0,1.0,0.8486442574947509,0.5289640103269624
165,0.0,33,0.4,0.0,0.0,0,0,0,0,0.0,1.0,0.9377521321470804,0.3473052528448203
316,-0.4,34,1.0,0.0,0.0,0,0,0,0,0.0,1.0,0.9884683243281114,0.1514277775045767
683,-0.7,32,0.5,0.0,0.0,0,0,0,0,0.0,1.0,0.9987165071710528,-0.05064916883871264
365,0.1,33,0.8,0.0,0.0,0,0,0,0,0.0,1.0,0.9680771188662043,-0.2506525322587204
221,1.1,31,0.7,0.0,0.0,0,0,0,0,0.0,1.0,0.8978045395707416,-0.4403941515576344
277,2.4,27,0.9,0.0,0.0,0,0,0,0,0.0,1.0,0.7907757369376989,-0.6121059825476626
323,3.9,28,0.9,0.0,0.0,0,0,0,0,0.0,1.0,0.6513724827222223,-0.758758122692791
281,3.9,33,0.6,0.0,0.0,0,0,0,0,0.0,1.0,0.48530196253108104,-0.8743466161445821
249,3.3,73,0.4,0.0,0.0,0,0,0,0,0.0,1.0,0.29936312297335804,-0.9541392564000488
63,3.6,69,1.8,0.0,0.0,0,0,0,0,0.0,1.0,0.10116832198743272,-0.994869323391895
18,2.0,87,1.9,0.0,0.0,0,0,0,0,0.0,1.0,-0.10116832198743204,-0.9948693233918952
43,1.3,93,1.2,0.0,0.2,0,0,0,0,0.0,1.0,-0.2993631229733582,-0.9541392564000488
170,1.1,96,3.0,3.3,1.0,0,0,0,0,0.0,1.0,-0.4853019625310808,-0.8743466161445822
167,-0.1,88,3.2,0.0,1.0,0,0,0,0,0.0,1.0,-0.651372482722222,-0.7587581226927911
181,-0.8,85,2.9,0.0,1.0,0,0,0,0,0.0,1.0,-0.7907757369376986,-0.6121059825476627
187,-1.8,85,2.9,0.0,1.0,0,0,0,0,0.0,1.0,-0.8978045395707417,-0.44039415155763423
170,-3.2,81,3.9,0.0,1.0,0,0,0,0,0.0,1.0,-0.9680771188662041,-0.2506525322587213
139,-4.2,79,2.9,0.0,1.0,0,0,0,0,0.0,1.0,-0.9987165071710528,-0.05064916883871355
96,-5.3,77,3.8,0.0,1.0,0,0,0,0,0.7818314824680298,0.6234898018587336,0.0,1.0
120,-6.0,76,3.1,0.0,1.0,0,0,0,0,0.7818314824680298,0.6234898018587336,0.20129852008866006,0.9795299412524945
75,-7.5,65,3.9,0.0,1.0,0,0,0,0,0.7818314824680298,0.6234898018587336,0.39435585511331855,0.9189578116202306
55,-8.6,68,3.3,0.0,1.0,0,0,0,0,0.7818314824680298,0.6234898018587336,0.5712682150947923,0.8207634412072763
45,-9.5,49,4.3,0.0,1.0,0,0,0,0,0.7818314824680298,0.6234898018587336,0.72479278722912,0.6889669190756866
44,-10.5,46,3.0,0.0,1.0,0,0,0,0,0.7818314824680298,0.6234898018587336,0.8486442574947509,0.5289640103269624
84,-11.5,47,3.2,0.0,1.0,0,0,0,0,0.7818314824680298,0.6234898018587336,0.9377521321470804,0.3473052528448203
211,-12.5,41,4.5,0.0,1.0,0,0,0,0,0.7818314824680298,0.6234898018587336,0.9884683243281114,0.1514277775045767
423,-13.0,41,4.0,0.0,1.0,0,0,0,0,0.7818314824680298,0.6234898018587336,0.9987165071710528,-0.05064916883871264
228,-13.3,36,3.5,0.0,1.0,0,0,0,0,0.7818314824680298,0.6234898018587336,0.9680771188662043,-0.2506525322587204
132,-12.1,34,3.5,0.0,1.0,0,0,0,0,0.7818314824680298,0.6234898018587336,0.8978045395707416,-0.4403941515576344
184,-11.7,27,4.0,0.0,1.0,0,0,0,0,0.7818314824680298,0.6234898018587336,0.7907757369376989,-0.6121059825476626
180,-11.3,27,3.7,0.0,1.0,0,0,0,0,0.7818314824680298,0.6234898018587336,0.6513724827222223,-0.758758122692791
189,-11.0,27,4.0,0.0,1.0,0,0,0,0,0.7818314824680298,0.6234898018587336,0.48530196253108104,-0.8743466161445821
169,-10.4,30,4.3,0.0,1.0,0,0,0,0,0.7818314824680298,0.6234898018587336,0.29936312297335804,-0.9541392564000488
181,-9.7,32,3.6,0.0,1.0,0,0,0,0,0.7818314824680298,0.6234898018587336,0.10116832198743272,-0.994869323391895
181,-10.1,34,4.3,0.0,1.0,0,0,0,0,0.7818314824680298,0.6234898018587336,-0.10116832198743204,-0.9948693233918952
239,-10.6,38,3.5,0.0,0.9,0,0,0,0,0.7818314824680298,0.6234898018587336,-0.2993631229733582,-0.9541392564000488
351,-11.5,43,2.4,0.0,0.9,0,0,0,0,0.7818314824680298,0.6234898018587336,-0.4853019625310808,-0.8743466161445822
248,-12.0,47,3.2,0.0,0.9,0,0,0,0,0.7818314824680298,0.6234898018587336,-0.651372482722222,-0.7587581226927911
178,-12.5,52,3.0,0.0,0.9,0,0,0,0,0.7818314824680298,0.6234898018587336,-0.7907757369376986,-0.6121059825476627
145,-13.2,49,4.1,0.0,0.9,0,0,0,0,0.7818314824680298,0.6234898018587336,-0.8978045395707417,-0.44039415155763423
117,-13.9,45,4.0,0.0,0.9,0,0,0,0,0.7818314824680298,0.6234898018587336,-0.9680771188662041,-0.2506525322587213
106,-14.3,38,4.0,0.0,0.9,0,0,0,0,0.7818314824680298,0.6234898018587336,-0.9987165071710528,-0.05064916883871355
90,-14.6,34,3.9,0.0,0.9,0,0,0,0,0.9749279121818236,-0.22252093395631434,0.0,1.0
89,-15.0,31,2.5,0.0,0.9,0,0,0,0,0.9749279121818236,-0.22252093395631434,0.20129852008866006,0.9795299412524945
50,-15.2,32,3.1,0.0,0.9,0,0,0,0,0.9749279121818236,-0.22252093395631434,0.39435585511331855,0.9189578116202306
32,-15.2,30,3.4,0.0,0.9,0,0,0,0,0.9749279121818236,-0.22252093395631434,0.5712682150947923,0.8207634412072763
24,-15.4,30,2.5,0.0,0.9,0,0,0,0,0.9749279121818236,-0.22252093395631434,0.72479278722912,0.6889669190756866
34,-15.6,29,3.7,0.0,0.9,0,0,0,0,0.9749279121818236,-0.22252093395631434,0.8486442574947509,0.5289640103269624
71,-15.7,29,2.5,0.0,0.9,0,0,0,0,0.9749279121818236,-0.22252093395631434,0.9377521321470804,0.3473052528448203
164,-15.9,30,3.0,0.0,0.9,0,0,0,0,0.9749279121818236,-0.22252093395631434,0.9884683243281114,0.1514277775045767
364,-16.2,30,1.6,0.0,0.9,0,0,0,0,0.9749279121818236,-0.22252093395631434,0.9987165071710528,-0.05064916883871264
192,-15.8,27,3.4,0.0,0.9,0,0,0,0,0.9749279121818236,-0.22252093395631434,0.9680771188662043,-0.2506525322587204
90,-14.5,24,4.6,0.0,0.9,0,0,0,0,0.9749279121818236,-0.22252093395631434,0.8978045395707416,-0.4403941515576344
124,-13.1,25,3.8,0.0,0.9,0,0,0,0,0.9749279121818236,-0.22252093395631434,0.7907757369376989,-0.6121059825476626
121,-12.2,26,4.0,0.0,0.9,0,0,0,0,0.9749279121818236,-0.22252093395631434,0.6513724827222223,-0.758758122692791
140,-12.0,25,6.0,0.0,0.9,0,0,0,0,0.9749279121818236,-0.22252093395631434,0.48530196253108104,-0.8743466161445821
125,-11.1,26,3.8,0.0,0.8,0,0,0,0,0.9749279121818236,-0.22252093395631434,0.29936312297335804,-0.9541392564000488
149,-10.8,29,3.8,0.0,0.7,0,0,0,0,0.9749279121818236,-0.22252093395631434,0.10116832198743272,-0.994869323391895
124,-11.2,30,4.7,0.0,0.7,0,0,0,0,0.9749279121818236,-0.22252093395631434,-0.10116832198743204,-0.9948693233918952
203,-11.8,26,3.5,0.0,0.7,0,0,0,0,0.9749279121818236,-0.22252093395631434,-0.2993631229733582,-0.9541392564000488
297,-13.0,29,3.4,0.0,0.7,0,0,0,0,0.9749279121818236,-0.22252093395631434,-0.4853019625310808,-0.8743466161445822
211,-13.8,32,2.2,0.0,0.7,0,0,0,0,0.9749279121818236,-0.22252093395631434,-0.651372482722222,-0.7587581226927911
125,-14.3,37,1.3,0.0,0.7,0,0,0,0,0.9749279121818236,-0.22252093395631434,-0.7907757369376986,-0.6121059825476627
132,-14.7,40,3.2,0.0,0.7,0,0,0,0,0.9749279121818236,-0.22252093395631434,-0.8978045395707417,-0.44039415155763423
121,-15.2,45,4.0,0.0,0.7,0,0,0,0,0.9749279121818236,-0.22252093395631434,-0.9680771188662041,-0.2506525322587213
82,-15.7,43,3.6,0.0,0.7,0,0,0,0,0.9749279121818236,-0.22252093395631434,-0.9987165071710528,-0.05064916883871355
78,-15.9,43,3.8,0.0,0.7,0,0,0,0,0.43388373911755823,-0.900968867902419,0.0,1.0
68,-16.1,42,2.2,0.0,0.7,0,0,0,0,0.43388373911755823,-0.900968867902419,0.20129852008866006,0.9795299412524945
60,-16.0,42,1.3,0.0,0.7,0,0,0,0,0.43388373911755823,-0.900968867902419,0.39435585511331855,0.9189578116202306
32,-16.0,40,1.9,0.0,0.7,0,0,0,0,0.43388373911755823,-0.900968867902419,0.5712682150947923,0.8207634412072763
22,-15.9,37,2.4,0.0,0.7,0,0,0,0,0.43388373911755823,-0.900968867902419,0.72479278722912,0.6889669190756866
34,-15.8,37,2.7,0.0,0.7,0,0,0,0,0.43388373911755823,-0.900968867902419,0.8486442574947509,0.5289640103269624
71,-16.1,33,3.0,0.0,0.7,0,0,0,0,0.43388373911755823,-0.900968867902419,0.9377521321470804,0.3473052528448203
165,-16.2,33,2.2,0.0,0.7,0,0,0,0,0.43388373911755823,-0.900968867902419,0.9884683243281114,0.1514277775045767
349,-16.4,32,3.3,0.0,0.6,0,0,0,0,0.43388373911755823,-0.900968867902419,0.9987165071710528,-0.05064916883871264
187,-16.2,33,2.9,0.0,0.6,0,0,0,0,0.43388373911755823,-0.900968867902419,0.9680771188662043,-0.2506525322587204
105,-15.3,33,2.4,0.0,0.6,0,0,0,0,0.43388373911755823,-0.900968867902419,0.8978045395707416,-0.4403941515576344
122,-13.8,25,3.5,0.0,0.6,0,0,0,0,0.43388373911755823,-0.900968867902419,0.7907757369376989,-0.6121059825476626
142,-12.8,25,3.2,0.0,0.6,0,0,0,0,0.43388373911755823,-0.900968867902419,0.6513724827222223,-0.758758122692791
130,-11.4,27,3.9,0.0,0.6,0,0,0,0,0.43388373911755823,-0.900968867902419,0.48530196253108104,-0.8743466161445821
160,-10.4,25,2.3,0.0,0.5,0,0,0,0,0.43388373911755823,-0.900968867902419,0.29936312297335804,-0.9541392564000488
130,-9.7,28,3.7,0.0,0.5,0,0,0,0,0.43388373911755823,-0.900968867902419,0.10116832198743272,-0.994869323391895
152,-9.6,31,2.6,0.0,0.5,0,0,0,0,0.43388373911755823,-0.900968867902419,-0.10116832198743204,-0.9948693233918952
170,-10.9,32,4.0,0.0,0.5,0,0,0,0,0.43388373911755823,-0.900968867902419,-0.2993631229733582,-0.9541392564000488
288,-11.8,33,4.0,0.0,0.5,0,0,0,0,0.43388373911755823,-0.900968867902419,-0.4853019625310808,-0.8743466161445822
178,-12.7,33,3.7,0.0,0.5,0,0,0,0,0.43388373911755823,-0.900968867902419,-0.651372482722222,-0.7587581226927911
141,-13.5,33,2.4,0.0,0.5,0,0,0,0,0.43388373911755823,-0.900968867902419,-0.7907757369376986,-0.6121059825476627
137,-14.1,35,2.2,0.0,0.5,0,0,0,0,0.43388373911755823,-0.900968867902419,-0.8978045395707417,-0.44039415155763423
113,-14.6,35,2.5,0.0,0.5,0,0,0,0,0.43388373911755823,-0.900968867902419,-0.9680771188662041,-0.2506525322587213
79,-14.9,35,2.8,0.0,0.5,0,0,0,0,0.43388373911755823,-0.900968867902419,-0.9987165071710528,-0.05064916883871355
68,-15.1,34,1.7,0.0,0.5,0,0,0,0,-0.433883739117558,-0.9009688679024191,0.0,1.0
93,-15.3,34,1.7,0.0,0.5,0,0,0,0,-0.433883739117558,-0.9009688679024191,0.20129852008866006,0.9795299412524945
54,-15.6,33,2.2,0.0,0.5,0,0,0,0,-0.433883739117558,-0.9009688679024191,0.39435585511331855,0.9189578116202306
41,-15.9,34,2.9,0.0,0.5,0,0,0,0,-0.433883739117558,-0.9009688679024191,0.5712682150947923,0.8207634412072763
24,-16.4,36,1.5,0.0,0.5,0,0,0,0,-0.433883739117558,-0.9009688679024191,0.72479278722912,0.6889669190756866
36,-16.9,38,2.3,0.0,0.5,0,0,0,0,-0.433883739117558,-0.9009688679024191,0.8486442574947509,0.5289640103269624
64,-17.4,40,1.6,0.0,0.5,0,0,0,0,-0.433883739117558,-0.9009688679024191,0.9377521321470804,0.3473052528448203
142,-17.5,38,3.4,0.0,0.5,0,0,0,0,-0.433883739117558,-0.9009688679024191,0.9884683243281114,0.1514277775045767
322,-17.8,40,2.5,0.0,0.5,0,0,0,0,-0.433883739117558,-0.9009688679024191,0.9987165071710528,-0.05064916883871264
149,-17.5,37,3.8,0.0,0.5,0,0,0,0,-0.433883739117558,-0.9009688679024191,0.9680771188662043,-0.2506525322587204
96,-16.5,33,3.4,0.0,0.5,0,0,0,0,-0.433883739117558,-0.9009688679024191,0.8978045395707416,-0.4403941515576344
93,-15.6,31,3.3,0.0,0.5,0,0,0,0,-0.433883739117558,-0.9009688679024191,0.7907757369376989,-0.6121059825476626
111,-14.4,30,2.7,0.0,0.5,0,0,0,0,-0.433883739117558,-0.9009688679024191,0.6513724827222223,-0.758758122692791
115,-13.3,28,2.7,0.0,0.5,0,0,0,0,-0.433883739117558,-0.9009688679024191,0.48530196253108104,-0.8743466161445821
116,-12.1,27,2.5,0.0,0.4,0,0,0,0,-0.433883739117558,-0.9009688679024191,0.29936312297335804,-0.9541392564000488
140,-11.4,27,3.3,0.0,0.4,0,0,0,0,-0.433883739117558,-0.9009688679024191,0.10116832198743272,-0.994869323391895
147,-10.8,28,2.7,0.0,0.4,0,0,0,0,-0.433883739117558,-0.9009688679024191,-0.10116832198743204,-0.9948693233918952
196,-11.5,31,3.3,0.0,0.3,0,0,0,0,-0.433883739117558,-0.9009688679024191,-0.2993631229733582,-0.9541392564000488
305,-12.7,33,2.5,0.0,0.3,0,0,0,0,-0.433883739117558,-0.9009688679024191,-0.4853019625310808,-0.8743466161445822
171,-13.2,33,2.4,0.0,0.3,0,0,0,0,-0.433883739117558,-0.9009688679024191,-0.651372482722222,-0.7587581226927911
121,-13.7,35,1.7,0.0,0.3,0,0,0,0,-0.433883739117558,-0.9009688679024191,-0.7907757369376986,-0.6121059825476627
130,-14.1,36,1.8,0.0,0.3,0,0,0,0,-0.433883739117558,-0.9009688679024191,-0.8978045395707417,-0.44039415155763423
108,-14.6,40,1.8,0.0,0.3,0,0,0,0,-0.433883739117558,-0.9009688679024191,-0.9680771188662041,-0.2506525322587213
89,-14.4,38,2.7,0.0,0.3,0,0,0,0,-0.433883739117558,-0.9009688679024191,-0.9987165071710528,-0.05064916883871355
80,-15.0,42,1.2,0.0,0.3,0,0,0,0,-0.9749279121818236,-0.2225209339563146,0.0,1.0
94,-15.1,43,0.8,0.0,0.3,0,0,0,0,-0.9749279121818236,-0.2225209339563146,0.20129852008866006,0.9795299412524945
75,-15.3,43,0.6,0.0,0.3,0,0,0,0,-0.9749279121818236,-0.2225209339563146,0.39435585511331855,0.9189578116202306
41,-15.3,43,0.8,0.0,0.3,0,0,0,0,-0.9749279121818236,-0.2225209339563146,0.5712682150947923,0.8207634412072763
36,-15.3,47,0.8,0.0,0.3,0,0,0,0,-0.9749279121818236,-0.2225209339563146,0.72479278722912,0.6889669190756866
25,-15.4,45,0.8,0.0,0.3,0,0,0,0,-0.9749279121818236,-0.2225209339563146,0.8486442574947509,0.5289640103269624
33,-15.3,47,0.7,0.0,0.3,0,0,0,0,-0.9749279121818236,-0.2225209339563146,0.9377521321470804,0.3473052528448203
57,-15.7,53,1.3,0.0,0.3,0,0,0,0,-0.9749279121818236,-0.2225209339563146,0.9884683243281114,0.1514277775045767
84,-15.9,58,0.9,0.0,0.3,0,0,0,0,-0.9749279121818236,-0.2225209339563146,0.9987165071710528,-0.05064916883871264
105,-15.1,49,1.1,0.0,0.3,0,0,0,0,-0.9749279121818236,-0.2225209339563146,0.9680771188662043,-0.2506525322587204
96,-12.3,35,0.6,0.0,0.3,0,0,0,0,-0.9749279121818236,-0.2225209339563146,0.8978045395707416,-0.4403941515576344
125,-9.6,33,1.1,0.0,0.3,0,0,0,0,-0.9749279121818236,-0.2225209339563146,0.7907757369376989,-0.6121059825476626
145,-7.7,32,2.5,0.0,0.3,0,0,0,0,-0.9749279121818236,-0.2225209339563146,0.6513724827222223,-0.758758122692791
189,-6.6,27,2.1,0.0,0.3,0,0,0,0,-0.9749279121818236,-0.2225209339563146,0.48530196253108104,-0.8743466161445821
193,-4.1,25,2.0,0.0,0.2,0,0,0,0,-0.9749279121818236,-0.2225209339563146,0.29936312297335804,-0.9541392564000488
192,-3.7,26,2.2,0.0,0.0,0,0,0,0,-0.9749279121818236,-0.2225209339563146,0.10116832198743272,-0.994869323391895
195,-3.7,25,2.6,0.0,0.0,0,0,0,0,-0.9749279121818236,-0.2225209339563146,-0.10116832198743204,-0.9948693233918952
207,-4.6,26,1.9,0.0,0.0,0,0,0,0,-0.9749279121818236,-0.2225209339563146,-0.2993631229733582,-0.9541392564000488
162,-6.6,31,3.0,0.0,0.0,0,0,0,0,-0.9749279121818236,-0.2225209339563146,-0.4853019625310808,-0.8743466161445822
122,-7.1,33,2.0,0.0,0.0,0,0,0,0,-0.9749279121818236,-0.2225209339563146,-0.651372482722222,-0.7587581226927911
117,-7.6,36,1.7,0.0,0.0,0,0,0,0,-0.9749279121818236,-0.2225209339563146,-0.7907757369376986,-0.6121059825476627
103,-7.9,35,2.6,0.0,0.0,0,0,0,0,-0.9749279121818236,-0.2225209339563146,-0.8978045395707417,-0.44039415155763423
114,-7.8,43,2.3,0.0,0.0,0,0,0,0,-0.9749279121818236,-0.2225209339563146,-0.9680771188662041,-0.2506525322587213
103,-7.6,42,1.2,0.0,0.0,0,0,0,0,-0.9749279121818236,-0.2225209339563146,-0.9987165071710528,-0.05064916883871355
125,-7.5,36,2.3,0.0,0.0,0,0,0,0,-0.7818314824680299,0.6234898018587334,0.0,1.0
103,-7.5,45,2.4,0.0,0.0,0,0,0,0,-0.7818314824680299,0.6234898018587334,0.20129852008866006,0.9795299412524945
72,-7.8,51,1.9,0.0,0.0,0,0,0,0,-0.7818314824680299,0.6234898018587334,0.39435585511331855,0.9189578116202306
67,-7.7,49,1.8,0.0,0.0,0,0,0,0,-0.7818314824680299,0.6234898018587334,0.5712682150947923,0.8207634412072763
38,-7.6,37,1.6,0.0,0.0,0,0,0,0,-0.7818314824680299,0.6234898018587334,0.72479278722912,0.6889669190756866
21,-7.5,33,1.5,0.0,0.0,0,0,0,0,-0.7818314824680299,0.6234898018587334,0.8486442574947509,0.5289640103269624
30,-7.8,35,1.9,0.0,0.0,0,0,0,0,-0.7818314824680299,0.6234898018587334,0.9377521321470804,0.3473052528448203
42,-8.0,39,1.9,0.0,0.0,0,0,0,0,-0.7818314824680299,0.6234898018587334,0.9884683243281114,0.1514277775045767
72,-8.1,43,1.7,0.0,0.0,0,0,0,0,-0.7818314824680299,0.6234898018587334,0.9987165071710528,-0.05064916883871264
104,-7.8,41,1.8,0.0,0.0,0,0,0,0,-0.7818314824680299,0.6234898018587334,0.9680771188662043,-0.2506525322587204
111,-5.9,35,1.9,0.0,0.0,0,0,0,0,-0.7818314824680299,0.6234898018587334,0.8978045395707416,-0.4403941515576344
145,-4.6,27,2.6,0.0,0.0,0,0,0,0,-0.7818314824680299,0.6234898018587334,0.7907757369376989,-0.6121059825476626
189,-3.5,26,2.5,0.0,0.0,0,0,0,0,-0.7818314824680299,0.6234898018587334,0.6513724827222223,-0.758758122692791
206,-2.4,22,2.5,0.0,0.0,0,0,0,0,-0.7818314824680299,0.6234898018587334,0.48530196253108104,-0.8743466161445821
225,-1.5,20,3.0,0.0,0.0,0,0,0,0,-0.7818314824680299,0.6234898018587334,0.29936312297335804,-0.9541392564000488
217,-1.9,23,4.3,0.0,0.0,0,0,0,0,-0.7818314824680299,0.6234898018587334,0.10116832198743272,-0.994869323391895
187,-2.1,27,4.0,0.0,0.0,0,0,0,0,-0.7818314824680299,0.6234898018587334,-0.10116832198743204,-0.9948693233918952
178,-3.8,32,5.2,0.0,0.0,0,0,0,0,-0.7818314824680299,0.6234898018587334,-0.2993631229733582,-0.9541392564000488
157,-4.9,35,3.7,0.0,0.0,0,0,0,0,-0.7818314824680299,0.6234898018587334,-0.4853019625310808,-0.8743466161445822
134,-6.0,31,3.6,0.0,0.0,0,0,0,0,-0.7818314824680299,0.6234898018587334,-0.651372482722222,-0.7587581226927911
113,-7.0,30,2.8,0.0,0.0,0,0,0,0,-0.7818314824680299,0.6234898018587334,-0.7907757369376986,-0.6121059825476627
106,-7.3,34,3.5,0.0,0.0,0,0,0,0,-0.7818314824680299,0.6234898018587334,-0.8978045395707417,-0.44039415155763423
105,-7.9,40,2.5,0.0,0.0,0,0,0,0,-0.7818314824680299,0.6234898018587334,-0.9680771188662041,-0.2506525322587213
81,-8.7,42,2.1,0.0,0.0,0,0,0,0,-0.7818314824680299,0.6234898018587334,-0.9987165071710528,-0.05064916883871355
80,-9.3,45,0.7,0.0,0.0,0,0,0,0,0.0,1.0,0.0,1.0
62,-9.8,47,1.3,0.0,0.0,0,0,0,0,0.0,1.0,0.20129852008866006,0.9795299412524945
49,-10.2,47,0.9,0.0,0.0,0,0,0,0,0.0,1.0,0.39435585511331855,0.9189578116202306
27,-9.8,43,2.8,0.0,0.0,0,0,0,0,0.0,1.0,0.5712682150947923,0.8207634412072763
26,-9.9,45,2.5,0.0,0.0,0,0,0,0,0.0,1.0,0.72479278722912,0.6889669190756866
50,-10.4,47,1.0,0.0,0.0,0,0,0,0,0.0,1.0,0.8486442574947509,0.5289640103269624
94,-10.9,43,1.0,0.0,0.0,0,0,0,0,0.0,1.0,0.9377521321470804,0.3473052528448203
231,-11.1,37,1.6,0.0,0.0,0,0,0,0,0.0,1.0,0.9884683243281114,0.1514277775045767
450,-11.5,38,1.0,0.0,0.0,0,0,0,0,0.0,1.0,0.9987165071710528,-0.05064916883871264
217,-10.8,34,2.9,0.0,0.0,0,0,0,0,0.0,1.0,0.9680771188662043,-0.2506525322587204
135,-9.5,28,3.7,0.0,0.0,0,0,0,0,0.0,1.0,0.8978045395707416,-0.4403941515576344
166,-8.1,24,3.6,0.0,0.0,0,0,0,0,0.0,1.0,0.7907757369376989,-0.6121059825476626
186,-7.3,23,3.8,0.0,0.0,0,0,0,0,0.0,1.0,0.6513724827222223,-0.758758122692791
166,-6.9,23,4.6,0.0,0.0,0,0,0,0,0.0,1.0,0.48530196253108104,-0.8743466161445821
168,-5.7,23,4.5,0.0,0.0,0,0,0,0,0.0,1.0,0.29936312297335804,-0.9541392564000488
177,-5.2,27,4.5,0.0,0.0,0,0,0,0,0.0,1.0,0.10116832198743272,-0.994869323391895
195,-5.5,28,4.3,0.0,0.0,0,0,0,0,0.0,1.0,-0.10116832198743204,-0.9948693233918952
239,-5.7,30,3.6,0.0,0.0,0,0,0,0,0.0,1.0,-0.2993631229733582,-0.9541392564000488
438,-6.6,34,2.5,0.0,0.0,0,0,0,0,0.0,1.0,-0.4853019625310808,-0.8743466161445822
282,-7.1,40,3.2,0.0,0.0,0,0,0,0,0.0,1.0,-0.651372482722222,-0.7587581226927911
197,-7.4,41,3.8,0.0,0.0,0,0,0,0,0.0,1.0,-0.7907757369376986,-0.6121059825476627
182,-7.7,42,2.9,0.0,0.0,0,0,0,0,0.0,1.0,-0.8978045395707417,-0.44039415155763423
172,-8.8,40,3.0,0.0,0.0,0,0,0,0,0.0,1.0,-0.9680771188662041,-0.2506525322587213
99,-9.4,41,1.6,0.0,0.0,0,0,0,0,0.0,1.0,-0.9987165071710528,-0.05064916883871355
108,-10.0,34,1.1,0.0,0.0,0,0,0,0,0.7818314824680298,0.6234898018587336,0.0,1.0
129,-10.4,37,0.3,0.0,0.0,0,0,0,0,0.7818314824680298,0.6234898018587336,0.20129852008866006,0.9795299412524945
84,-10.6,40,1.0,0.0,0.0,0,0,0,0,0.7818314824680298,0.6234898018587336,0.39435585511331855,0.9189578116202306
54,-10.7,42,1.4,0.0,0.0,0,0,0,0,0.7818314824680298,0.6234898018587336,0.5712682150947923,0.8207634412072763
33,-11.1,50,1.2,0.0,0.0,0,0,0,0,0.7818314824680298,0.6234898018587336,0.72479278722912,0.6889669190756866
47,-11.3,53,1.6,0.0,0.0,0,0,0,0,0.7818314824680298,0.6234898018587336,0.8486442574947509,0.5289640103269624
94,-11.2,53,0.9,0.0,0.0,0,0,0,0,0.7818314824680298,0.6234898018587336,0.9377521321470804,0.3473052528448203
214,-11.3,57,0.9,0.0,0.0,0,0,0,0,0.7818314824680298,0.6234898018587336,0.9884683243281114,0.1514277775045767
491,-11.1,61,0.7,0.0,0.0,0,0,0,0,0.7818314824680298,0.6234898018587336,0.9987165071710528,-0.05064916883871264
254,-9.9,49,0.8,0.0,0.0,0,0,0,0,0.7818314824680298,0.6234898018587336,0.9680771188662043,-0.2506525322587204
170,-7.5,42,0.9,0.0,0.0,0,0,0,0,0.7818314824680298,0.6234898018587336,0.8978045395707416,-0.4403941515576344
220,-4.5,29,1.3,0.0,0.0,0,0,0,0,0.7818314824680298,0.6234898018587336,0.7907757369376989,-0.6121059825476626
253,-3.2,32,2.7,0.0,0.0,0,0,0,0,0.7818314824680298,0.6234898018587336,0.6513724827222223,-0.758758122692791
225,-1.3,35,2.0,0.0,0.0,0,0,0,0,0.7818314824680298,0.6234898018587336,0.48530196253108104,-0.8743466161445821
238,-1.1,46,2.1,0.0,0.0,0,0,0,0,0.7818314824680298,0.6234898018587336,0.29936312297335804,-0.9541392564000488
173,-1.6,55,2.5,0.0,0.0,0,0,0,0,0.7818314824680298,0.6234898018587336,0.10116832198743272,-0.994869323391895
94,-2.2,76,1.7,0.0,0.0,0,0,0,0,0.7818314824680298,0.6234898018587336,-0.10116832198743204,-0.9948693233918952
53,-2.4,85,0.3,0.0,0.6,0,0,0,0,0.7818314824680298,0.6234898018587336,-0.2993631229733582,-0.9541392564000488
100,-2.3,91,0.4,1.4,2.0,0,0,0,0,0.7818314824680298,0.6234898018587336,-0.4853019625310808,-0.8743466161445822
59,-1.7,91,1.1,0.0,3.0,0,0,0,0,0.7818314824680298,0.6234898018587336,-0.651372482722222,-0.7587581226927911
72,-1.5,91,1.7,0.0,3.3,0,0,0,0,0.7818314824680298,0.6234898018587336,-0.7907757369376986,-0.6121059825476627
60,-1.6,91,1.3,1.5,3.5,0,0,0,0,0.7818314824680298,0.6234898018587336,-0.8978045395707417,-0.44039415155763423
73,-1.7,85,1.2,0.0,3.5,0,0,0,0,0.7818314824680298,0.6234898018587336,-0.9680771188662041,-0.2506525322587213
62,-1.7,83,1.0,0.0,3.5,0,0,0,0,0.7818314824680298,0.6234898018587336,-0.9987165071710528,-0.05064916883871355
69,-1.7,83,0.8,0.0,3.5,0,0,0,0,0.9749279121818236,-0.22252093395631434,0.0,1.0
96,-1.6,81,1.1,0.0,3.5,0,0,0,0,0.9749279121818236,-0.22252093395631434,0.20129852008866006,0.9795299412524945
60,-1.6,80,1.4,0.0,3.5,0,0,0,0,0.9749279121818236,-0.22252093395631434,0.39435585511331855,0.9189578116202306
47,-2.2,83,1.0,0.0,3.5,0,0,0,0,0.9749279121818236,-0.22252093395631434,0.5712682150947923,0.8207634412072763
34,-2.4,82,1.5,0.0,3.5,0,0,0,0,0.9749279121818236,-0.22252093395631434,0.72479278722912,0.6889669190756866
34,-2.8,83,0.6,0.0,3.5,0,0,0,0,0.9749279121818236,-0.22252093395631434,0.8486442574947509,0.5289640103269624
63,-3.1,80,0.7,0.0,3.5,0,0,0,0,0.9749279121818236,-0.22252093395631434,0.9377521321470804,0.3473052528448203
124,-3.5,83,1.6,0.0,3.5,0,0,0,0,0.9749279121818236,-0.22252093395631434,0.9884683243281114,0.1514277775045767
273,-3.6,83,1.7,0.0,3.5,0,0,0,0,0.9749279121818236,-0.22252093395631434,0.9987165071710528,-0.05064916883871264
137,-3.3,77,1.2,0.0,3.4,0,0,0,0,0.9749279121818236,-0.22252093395631434,0.9680771188662043,-0.2506525322587204
102,-2.3,63,1.7,0.0,3.2,0,0,0,0,0.9749279121818236,-0.22252093395631434,0.8978045395707416,-0.4403941515576344
144,-1.5,46,2.5,0.0,3.0,0,0,0,0,0.9749279121818236,-0.22252093395631434,0.7907757369376989,-0.6121059825476626
160,-1.0,35,2.7,0.0,3.0,0,0,0,0,0.9749279121818236,-0.22252093395631434,0.6513724827222223,-0.758758122692791
171,-0.8,39,2.6,0.0,2.8,0,0,0,0,0.9749279121818236,-0.22252093395631434,0.48530196253108104,-0.8743466161445821
156,-0.7,33,2.7,0.0,2.5,0,0,0,0,0.9749279121818236,-0.22252093395631434,0.29936312297335804,-0.9541392564000488
214,-0.5,30,2.3,0.0,2.2,0,0,0,0,0.9749279121818236,-0.22252093395631434,0.10116832198743272,-0.994869323391895
216,-0.1,29,1.6,0.0,1.8,0,0,0,0,0.9749279121818236,-0.22252093395631434,-0.10116832198743204,-0.9948693233918952
279,-0.9,34,2.8,0.0,1.8,0,0,0,0,0.9749279121818236,-0.22252093395631434,-0.2993631229733582,-0.9541392564000488
403,-1.8,35,2.1,0.0,1.6,0,0,0,0,0.9749279121818236,-0.22252093395631434,-0.4853019625310808,-0.8743466161445822
270,-2.2,36,2.2,0.0,1.6,0,0,0,0,0.9749279121818236,-0.22252093395631434,-0.651372482722222,-0.7587581226927911
229,-2.6,36,3.1,0.0,1.6,0,0,0,0,0.9749279121818236,-0.22252093395631434,-0.7907757369376986,-0.6121059825476627
229,-3.4,40,0.9,0.0,1.6,0,0,0,0,0.9749279121818236,-0.22252093395631434,-0.8978045395707417,-0.44039415155763423
188,-4.2,48,1.0,0.0,1.6,0,0,0,0,0.9749279121818236,-0.22252093395631434,-0.9680771188662041,-0.2506525322587213
132,-4.7,53,1.3,0.0,1.6,0,0,0,0,0.9749279121818236,-0.22252093395631434,-0.9987165071710528,-0.05064916883871355
122,-5.2,56,1.4,0.0,1.6,0,0,0,0,0.43388373911755823,-0.900968867902419,0.0,1.0
149,-5.4,54,1.7,0.0,1.6,0,0,0,0,0.43388373911755823,-0.900968867902419,0.20129852008866006,0.9795299412524945
103,-5.5,53,2.1,0.0,1.6,0,0,0,0,0.43388373911755823,-0.900968867902419,0.39435585511331855,0.9189578116202306
81,-6.2,57,1.6,0.0,1.6,0,0,0,0,0.43388373911755823,-0.900968867902419,0.5712682150947923,0.8207634412072763
37,-7.1,56,1.8,0.0,1.6,0,0,0,0,0.43388373911755823,-0.900968867902419,0.72479278722912,0.6889669190756866
51,-7.8,65,2.3,0.0,1.6,0,0,0,0,0.43388373911755823,-0.900968867902419,0.8486442574947509,0.5289640103269624
95,-8.1,59,0.7,0.0,1.6,0,0,0,0,0.43388373911755823,-0.900968867902419,0.9377521321470804,0.3473052528448203
244,-8.7,64,0.5,0.0,1.6,0,0,0,0,0.43388373911755823,-0.900968867902419,0.9884683243281114,0.1514277775045767
459,-8.6,59,1.0,0.0,1.6,0,0,0,0,0.43388373911755823,-0.900968867902419,0.9987165071710528,-0.05064916883871264
259,-7.9,50,0.6,0.0,1.6,0,0,0,0,0.43388373911755823,-0.900968867902419,0.9680771188662043,-0.2506525322587204
168,-5.0,41,0.5,0.0,1.5,0,0,0,0,0.43388373911755823,-0.900968867902419,0.8978045395707416,-0.4403941515576344
194,-2.6,33,1.5,0.0,1.4,0,0,0,0,0.43388373911755823,-0.900968867902419,0.7907757369376989,-0.6121059825476626
240,-1.1,31,1.3,0.0,1.3,0,0,0,0,0.43388373911755823,-0.900968867902419,0.6513724827222223,-0.758758122692791
233,0.3,28,3.1,0.0,1.0,0,0,0,0,0.43388373911755823,-0.900968867902419,0.48530196253108104,-0.8743466161445821
256,0.8,23,3.2,0.0,0.5,0,0,0,0,0.43388373911755823,-0.900968867902419,0.29936312297335804,-0.9541392564000488
293,0.7,25,3.0,0.0,0.0,0,0,0,0,0.43388373911755823,-0.900968867902419,0.10116832198743272,-0.994869323391895
268,1.1,26,2.1,0.0,0.0,0,0,0,0,0.43388373911755823,-0.900968867902419,-0.10116832198743204,-0.9948693233918952
341,0.3,26,2.4,0.0,0.0,0,0,0,0,0.43388373911755823,-0.900968867902419,-0.2993631229733582,-0.9541392564000488
542,-1.0,28,1.9,0.0,0.0,0,0,0,0,0.43388373911755823,-0.900968867902419,-0.4853019625310808,-0.8743466161445822
344,-1.8,32,1.5,0.0,0.0,0,0,0,0,0.43388373911755823,-0.900968867902419,-0.651372482722222,-0.7587581226927911
263,-2.4,36,1.0,0.0,0.0,0,0,0,0,0.43388373911755823,-0.900968867902419,-0.7907757369376986,-0.6121059825476627
257,-3.2,47,1.8,0.0,0.0,0,0,0,0,0.43388373911755823,-0.900968867902419,-0.8978045395707417,-0.44039415155763423
235,-3.9,52,1.2,0.0,0.0,0,0,0,0,0.43388373911755823,-0.900968867902419,-0.9680771188662041,-0.2506525322587213
143,-4.5,55,0.4,0.0,0.0,0,0,0,0,0.43388373911755823,-0.900968867902419,-0.9987165071710528,-0.05064916883871355
138,-4.9,56,1.1,0.0,0.0,0,0,0,0,-0.433883739117558,-0.9009688679024191,0.0,1.0
159,-5.2,56,0.9,0.0,0.0,0,0,0,0,-0.433883739117558,-0.9009688679024191,0.20129852008866006,0.9795299412524945
102,-5.7,59,0.3,0.0,0.0,0,0,0,0,-0.433883739117558,-0.9009688679024191,0.39435585511331855,0.9189578116202306
65,-6.3,63,0.9,0.0,0.0,0,0,0,0,-0.433883739117558,-0.9009688679024191,0.5712682150947923,0.8207634412072763
47,-6.7,65,1.1,0.0,0.0,0,0,0,0,-0.433883739117558,-0.9009688679024191,0.72479278722912,0.6889669190756866
48,-6.8,61,0.2,0.0,0.0,0,0,0,0,-0.433883739117558,-0.9009688679024191,0.8486442574947509,0.5289640103269624
115,-7.0,62,1.3,0.0,0.0,0,0,0,0,-0.433883739117558,-0.9009688679024191,0.9377521321470804,0.3473052528448203
267,-7.4,62,1.5,0.0,0.0,0,0,0,0,-0.433883739117558,-0.9009688679024191,0.9884683243281114,0.1514277775045767
558,-7.4,58,2.2,0.0,0.0,0,0,0,0,-0.433883739117558,-0.9009688679024191,0.9987165071710528,-0.05064916883871264
280,-6.5,54,1.2,0.0,0.0,0,0,0,0,-0.433883739117558,-0.9009688679024191,0.9680771188662043,-0.2506525322587204
187,-4.1,43,1.2,0.0,0.0,0,0,0,0,-0.433883739117558,-0.9009688679024191,0.8978045395707416,-0.4403941515576344
234,-1.4,37,1.0,0.0,0.0,0,0,0,0,-0.433883739117558,-0.9009688679024191,0.7907757369376989,-0.6121059825476626
303,0.9,37,1.5,0.0,0.0,0,0,0,0,-0.433883739117558,-0.9009688679024191,0.6513724827222223,-0.758758122692791
294,1.6,29,2.2,0.0,0.0,0,0,0,0,-0.433883739117558,-0.9009688679024191,0.48530196253108104,-0.8743466161445821
293,3.2,26,2.2,0.0,0.0,0,0,0,0,-0.433883739117558,-0.9009688679024191,0.29936312297335804,-0.9541392564000488
310,3.6,26,2.4,0.0,0.0,0,0,0,0,-0.433883739117558,-0.9009688679024191,0.10116832198743272,-0.994869323391895
330,2.9,26,3.0,0.0,0.0,0,0,0,0,-0.433883739117558,-0.9009688679024191,-0.10116832198743204,-0.9948693233918952
382,2.0,25,2.3,0.0,0.0,0,0,0,0,-0.433883739117558,-0.9009688679024191,-0.2993631229733582,-0.9541392564000488
592,0.5,37,3.0,0.0,0.0,0,0,0,0,-0.433883739117558,-0.9009688679024191,-0.4853019625310808,-0.8743466161445822
379,-0.5,43,2.5,0.0,0.0,0,0,0,0,-0.433883739117558,-0.9009688679024191,-0.651372482722222,-0.7587581226927911
241,-1.3,51,2.4,0.0,0.0,0,0,0,0,-0.433883739117558,-0.9009688679024191,-0.7907757369376986,-0.6121059825476627
225,-2.0,61,1.7,0.0,0.0,0,0,0,0,-0.433883739117558,-0.9009688679024191,-0.8978045395707417,-0.44039415155763423
227,-2.4,63,1.3,0.0,0.0,0,0,0,0,-0.433883739117558,-0.9009688679024191,-0.9680771188662041,-0.2506525322587213
178,-2.6,69,2.0,0.0,0.0,0,0,0,0,-0.433883739117558,-0.9009688679024191,-0.9987165071710528,-0.05064916883871355
182,-2.5,69,2.2,0.0,0.0,0,0,0,0,-0.9749279121818236,-0.2225209339563146,0.0,1.0
184,-2.3,71,3.2,0.0,0.0,0,0,0,0,-0.9749279121818236,-0.2225209339563146,0.20129852008866006,0.9795299412524945
123,-3.4,82,4.2,0.0,0.0,0,0,0,0,-0.9749279121818236,-0.2225209339563146,0.39435585511331855,0.9189578116202306
60,-4.4,80,4.3,0.1,0.1,0,0,0,0,-0.9749279121818236,-0.2225209339563146,0.5712682150947923,0.8207634412072763
35,-5.6,74,4.0,0.0,0.2,0,0,0,0,-0.9749279121818236,-0.2225209339563146,0.72479278722912,0.6889669190756866
31,-6.3,65,3.9,0.0,0.3,0,0,0,0,-0.9749279121818236,-0.2225209339563146,0.8486442574947509,0.5289640103269624
33,-7.8,57,4.8,0.4,0.3,0,0,0,0,-0.9749279121818236,-0.2225209339563146,0.9377521321470804,0.3473052528448203
67,-8.8,58,4.0,0.0,0.3,0,0,0,0,-0.9749279121818236,-0.2225209339563146,0.9884683243281114,0.1514277775045767
116,-9.5,56,3.5,0.0,0.3,0,0,0,0,-0.9749279121818236,-0.2225209339563146,0.9987165071710528,-0.05064916883871264
168,-9.4,47,3.3,0.0,0.3,0,0,0,0,-0.9749279121818236,-0.2225209339563146,0.9680771188662043,-0.2506525322587204
144,-8.5,43,4.0,0.0,0.2,0,0,0,0,-0.9749279121818236,-0.2225209339563146,0.8978045395707416,-0.4403941515576344
195,-7.7,41,4.6,0.0,0.2,0,0,0,0,-0.9749279121818236,-0.2225209339563146,0.7907757369376989,-0.6121059825476626
192,-6.0,38,3.4,0.0,0.0,0,0,0,0,-0.9749279121818236,-0.2225209339563146,0.6513724827222223,-0.758758122692791
229,-5.8,38,3.7,0.0,0.0,0,0,0,0,-0.9749279121818236,-0.2225209339563146,0.48530196253108104,-0.8743466161445821
196,-5.0,31,4.0,0.0,0.0,0,0,0,0,-0.9749279121818236,-0.2225209339563146,0.29936312297335804,-0.9541392564000488
210,-4.5,31,4.3,0.0,0.0,0,0,0,0,-0.9749279121818236,-0.2225209339563146,0.10116832198743272,-0.994869323391895
205,-4.2,31,3.5,0.0,0.0,0,0,0,0,-0.9749279121818236,-0.2225209339563146,-0.10116832198743204,-0.9948693233918952
211,-5.6,32,4.6,0.0,0.0,0,0,0,0,-0.9749279121818236,-0.2225209339563146,-0.2993631229733582,-0.9541392564000488
175,-6.6,36,4.4,0.0,0.0,0,0,0,0,-0.9749279121818236,-0.2225209339563146,-0.4853019625310808,-0.8743466161445822
135,-7.6,32,4.8,0.0,0.0,0,0,0,0,-0.9749279121818236,-0.2225209339563146,-0.651372482722222,-0.7587581226927911
109,-8.5,31,4.1,0.0,0.0,0,0,0,0,-0.9749279121818236,-0.2225209339563146,-0.7907757369376986,-0.6121059825476627
107,-9.1,38,2.7,0.0,0.0,0,0,0,0,-0.9749279121818236,-0.2225209339563146,-0.8978045395707417,-0.44039415155763423
92,-9.7,45,3.0,0.0,0.0,0,0,0,0,-0.9749279121818236,-0.2225209339563146,-0.9680771188662041,-0.2506525322587213
91,-10.0,48,2.6,0.0,0.0,0,0,0,0,-0.9749279121818236,-0.2225209339563146,-0.9987165071710528,-0.05064916883871355
98,-10.4,49,2.4,0.0,0.0,0,0,0,0,-0.7818314824680299,0.6234898018587334,0.0,1.0
90,-10.5,48,3.1,0.0,0.0,0,0,0,0,-0.7818314824680299,0.6234898018587334,0.20129852008866006,0.9795299412524945
60,-10.5,49,2.0,0.0,0.0,0,0,0,0,-0.7818314824680299,0.6234898018587334,0.39435585511331855,0.9189578116202306
54,-10.6,47,3.7,0.0,0.0,0,0,0,0,-0.7818314824680299,0.6234898018587334,0.5712682150947923,0.8207634412072763
35,-11.2,47,2.3,0.0,0.0,0,0,0,0,-0.7818314824680299,0.6234898018587334,0.72479278722912,0.6889669190756866
21,-11.5,51,3.3,0.0,0.0,0,0,0,0,-0.7818314824680299,0.6234898018587334,0.8486442574947509,0.5289640103269624
23,-11.8,54,2.4,0.0,0.0,0,0,0,0,-0.7818314824680299,0.6234898018587334,0.9377521321470804,0.3473052528448203
34,-12.4,54,2.5,0.0,0.0,0,0,0,0,-0.7818314824680299,0.6234898018587334,0.9884683243281114,0.1514277775045767
70,-12.8,56,2.4,0.0,0.0,0,0,0,0,-0.7818314824680299,0.6234898018587334,0.9987165071710528,-0.05064916883871264
97,-12.4,51,3.8,0.0,0.0,0,0,0,0,-0.7818314824680299,0.6234898018587334,0.9680771188662043,-0.2506525322587204
103,-11.2,43,3.5,0.0,0.0,0,0,0,0,-0.7818314824680299,0.6234898018587334,0.8978045395707416,-0.4403941515576344
115,-9.7,37,2.8,0.0,0.0,0,0,0,0,-0.7818314824680299,0.6234898018587334,0.7907757369376989,-0.6121059825476626
165,-8.3,32,1.8,0.0,0.0,0,0,0,0,-0.7818314824680299,0.6234898018587334,0.6513724827222223,-0.758758122692791
152,-8.3,34,4.0,0.0,0.0,0,0,0,0,-0.7818314824680299,0.6234898018587334,0.48530196253108104,-0.8743466161445821
177,-7.4,33,4.0,0.0,0.0,0,0,0,0,-0.7818314824680299,0.6234898018587334,0.29936312297335804,-0.9541392564000488
190,-6.4,30,4.9,0.0,0.0,0,0,0,0,-0.7818314824680299,0.6234898018587334,0.10116832198743272,-0.994869323391895
181,-5.4,29,3.6,0.0,0.0,0,0,0,0,-0.7818314824680299,0.6234898018587334,-0.10116832198743204,-0.9948693233918952
184,-5.9,27,3.6,0.0,0.0,0,0,0,0,-0.7818314824680299,0.6234898018587334,-0.2993631229733582,-0.9541392564000488
154,-7.0,26,4.1,0.0,0.0,0,0,0,0,-0.7818314824680299,0.6234898018587334,-0.4853019625310808,-0.8743466161445822
124,-7.7,31,3.3,0.0,0.0,0,0,0,0,-0.7818314824680299,0.6234898018587334,-0.651372482722222,-0.7587581226927911
98,-8.2,28,3.5,0.0,0.0,0,0,0,0,-0.7818314824680299,0.6234898018587334,-0.7907757369376986,-0.6121059825476627
107,-8.9,35,3.2,0.0,0.0,0,0,0,0,-0.7818314824680299,0.6234898018587334,-0.8978045395707417,-0.44039415155763423
78,-9.7,45,1.3,0.0,0.0,0,0,0,0,-0.7818314824680299,0.6234898018587334,-0.9680771188662041,-0.2506525322587213
77,-10.3,48,2.0,0.0,0.0,0,0,0,0,-0.7818314824680299,0.6234898018587334,-0.9987165071710528,-0.05064916883871355
82,-10.5,52,2.4,0.0,0.0,0,0,0,0,0.0,1.0,0.0,1.0
52,-11.2,54,1.0,0.0,0.0,0,0,0,0,0.0,1.0,0.20129852008866006,0.9795299412524945
39,-11.2,55,1.5,0.0,0.0,0,0,0,0,0.0,1.0,0.39435585511331855,0.9189578116202306
33,-11.3,54,0.6,0.0,0.0,0,0,0,0,0.0,1.0,0.5712682150947923,0.8207634412072763
20,-11.7,51,1.2,0.0,0.0,0,0,0,0,0.0,1.0,0.72479278722912,0.6889669190756866
37,-11.6,45,2.4,0.0,0.0,0,0,0,0,0.0,1.0,0.8486442574947509,0.5289640103269624
110,-11.5,40,2.3,0.0,0.0,0,0,0,0,0.0,1.0,0.9377521321470804,0.3473052528448203
227,-11.6,44,1.6,0.0,0.0,0,0,0,0,0.0,1.0,0.9884683243281114,0.1514277775045767
433,-11.5,40,2.8,0.0,0.0,0,0,0,0,0.0,1.0,0.9987165071710528,-0.05064916883871264
216,-11.1,38,2.4,0.0,0.0,0,0,0,0,0.0,1.0,0.9680771188662043,-0.2506525322587204
123,-9.6,32,3.7,0.0,0.0,0,0,0,0,0.0,1.0,0.8978045395707416,-0.4403941515576344
156,-8.5,27,4.7,0.0,0.0,0,0,0,0,0.0,1.0,0.7907757369376989,-0.6121059825476626
157,-7.8,28,4.1,0.0,0.0,0,0,0,0,0.0,1.0,0.6513724827222223,-0.758758122692791
169,-7.0,25,4.2,0.0,0.0,0,0,0,0,0.0,1.0,0.48530196253108104,-0.8743466161445821
170,-6.4,24,4.6,0.0,0.0,0,0,0,0,0.0,1.0,0.29936312297335804,-0.9541392564000488
169,-5.7,25,4.4,0.0,0.0,0,0,0,0,0.0,1.0,0.10116832198743272,-0.994869323391895
199,-5.4,25,3.4,0.0,0.0,0,0,0,0,0.0,1.0,-0.10116832198743204,-0.9948693233918952
225,-6.4,28,4.5,0.0,0.0,0,0,0,0,0.0,1.0,-0.2993631229733582,-0.9541392564000488
388,-7.6,29,3.5,0.0,0.0,0,0,0,0,0.0,1.0,-0.4853019625310808,-0.8743466161445822
246,-8.3,29,4.1,0.0,0.0,0,0,0,0,0.0,1.0,-0.651372482722222,-0.7587581226927911
206,-9.1,35,3.8,0.0,0.0,0,0,0,0,0.0,1.0,-0.7907757369376986,-0.6121059825476627
177,-9.8,41,3.9,0.0,0.0,0,0,0,0,0.0,1.0,-0.8978045395707417,-0.44039415155763423
183,-10.3,43,3.7,0.0,0.0,0,0,0,0,0.0,1.0,-0.9680771188662041,-0.2506525322587213
115,-10.5,47,2.8,0.0,0.0,0,0,0,0,0.0,1.0,-0.9987165071710528,-0.05064916883871355
126,-10.6,47,3.5,0.0,0.0,0,0,0,0,0.7818314824680298,0.6234898018587336,0.0,1.0
87,-10.9,36,3.3,0.0,0.0,0,0,0,0,0.7818314824680298,0.6234898018587336,0.20129852008866006,0.9795299412524945
59,-11.2,36,2.9,0.0,0.0,0,0,0,0,0.7818314824680298,0.6234898018587336,0.39435585511331855,0.9189578116202306
36,-11.6,35,3.2,0.0,0.0,0,0,0,0,0.7818314824680298,0.6234898018587336,0.5712682150947923,0.8207634412072763
32,-12.0,36,2.7,0.0,0.0,0,0,0,0,0.7818314824680298,0.6234898018587336,0.72479278722912,0.6889669190756866
40,-12.3,37,2.9,0.0,0.0,0,0,0,0,0.7818314824680298,0.6234898018587336,0.8486442574947509,0.5289640103269624
94,-12.5,40,3.4,0.0,0.0,0,0,0,0,0.7818314824680298,0.6234898018587336,0.9377521321470804,0.3473052528448203
213,-12.7,41,3.7,0.0,0.0,0,0,0,0,0.7818314824680298,0.6234898018587336,0.9884683243281114,0.1514277775045767
438,-12.7,41,3.1,0.0,0.0,0,0,0,0,0.7818314824680298,0.6234898018587336,0.9987165071710528,-0.05064916883871264
217,-12.3,39,3.7,0.0,0.0,0,0,0,0,0.7818314824680298,0.6234898018587336,0.9680771188662043,-0.2506525322587204
128,-11.3,35,4.2,0.0,0.0,0,0,0,0,0.7818314824680298,0.6234898018587336,0.8978045395707416,-0.4403941515576344
175,-9.9,32,3.3,0.0,0.0,0,0,0,0,0.7818314824680298,0.6234898018587336,0.7907757369376989,-0.6121059825476626
172,-8.2,31,2.7,0.0,0.0,0,0,0,0,0.7818314824680298,0.6234898018587336,0.6513724827222223,-0.758758122692791
165,-7.5,28,4.3,0.0,0.0,0,0,0,0,0.7818314824680298,0.6234898018587336,0.48530196253108104,-0.8743466161445821
147,-7.0,26,4.4,0.0,0.0,0,0,0,0,0.7818314824680298,0.6234898018587336,0.29936312297335804,-0.9541392564000488
171,-5.9,25,3.1,0.0,0.0,0,0,0,0,0.7818314824680298,0.6234898018587336,0.10116832198743272,-0.994869323391895
175,-5.9,24,3.5,0.0,0.0,0,0,0,0,0.7818314824680298,0.6234898018587336,-0.10116832198743204,-0.9948693233918952
227,-6.6,29,2.5,0.0,0.0,0,0,0,0,0.7818314824680298,0.6234898018587336,-0.2993631229733582,-0.9541392564000488
392,-7.6,36,3.3,0.0,0.0,0,0,0,0,0.7818314824680298,0.6234898018587336,-0.4853019625310808,-0.8743466161445822
251,-8.4,37,4.0,0.0,0.0,0,0,0,0,0.7818314824680298,0.6234898018587336,-0.651372482722222,-0.7587581226927911
193,-9.6,34,2.6,0.0,0.0,0,0,0,0,0.7818314824680298,0.6234898018587336,-0.7907757369376986,-0.6121059825476627
175,-10.6,39,3.1,0.0,0.0,0,0,0,0,0.7818314824680298,0.6234898018587336,-0.8978045395707417,-0.44039415155763423
169,-11.1,43,1.8,0.0,0.0,0,0,0,0,0.7818314824680298,0.6234898018587336,-0.9680771188662041,-0.2506525322587213
106,-11.8,46,1.1,0.0,0.0,0,0,0,0,0.7818314824680298,0.6234898018587336,-0.9987165071710528,-0.05064916883871355
116,-12.3,47,0.4,0.0,0.0,0,0,0,0,0.9749279121818236,-0.22252093395631434,0.0,1.0
96,-12.3,47,1.9,0.0,0.0,0,0,0,0,0.9749279121818236,-0.22252093395631434,0.20129852008866006,0.9795299412524945
83,-12.5,50,1.0,0.0,0.0,0,0,0,0,0.9749279121818236,-0.22252093395631434,0.39435585511331855,0.9189578116202306
51,-12.5,49,1.5,0.0,0.0,0,0,0,0,0.9749279121818236,-0.22252093395631434,0.5712682150947923,0.8207634412072763
34,-13.1,54,0.7,0.0,0.0,0,0,0,0,0.9749279121818236,-0.22252093395631434,0.72479278722912,0.6889669190756866
45,-13.0,53,0.7,0.0,0.0,0,0,0,0,0.9749279121818236,-0.22252093395631434,0.8486442574947509,0.5289640103269624
92,-13.2,50,0.5,0.0,0.0,0,0,0,0,0.9749279121818236,-0.22252093395631434,0.9377521321470804,0.3473052528448203
214,-13.2,56,0.9,0.0,0.0,0,0,0,0,0.9749279121818236,-0.22252093395631434,0.9884683243281114,0.1514277775045767
469,-13.3,60,0.6,0.0,0.0,0,0,0,0,0.9749279121818236,-0.22252093395631434,0.9987165071710528,-0.05064916883871264
237,-12.0,50,1.3,0.0,0.0,0,0,0,0,0.9749279121818236,-0.22252093395631434,0.9680771188662043,-0.2506525322587204
155,-9.6,39,0.7,0.0,0.0,0,0,0,0,0.9749279121818236,-0.22252093395631434,0.8978045395707416,-0.4403941515576344
176,-7.0,28,3.3,0.0,0.0,0,0,0,0,0.9749279121818236,-0.22252093395631434,0.7907757369376989,-0.6121059825476626
188,-6.0,24,2.6,0.0,0.0,0,0,0,0,0.9749279121818236,-0.22252093395631434,0.6513724827222223,-0.758758122692791
228,-4.5,23,2.6,0.0,0.0,0,0,0,0,0.9749279121818236,-0.22252093395631434,0.48530196253108104,-0.8743466161445821
199,-3.5,20,1.5,0.0,0.0,0,0,0,0,0.9749279121818236,-0.22252093395631434,0.29936312297335804,-0.9541392564000488
221,-2.1,20,2.3,0.0,0.0,0,0,0,0,0.9749279121818236,-0.22252093395631434,0.10116832198743272,-0.994869323391895
240,-1.7,18,2.0,0.0,0.0,0,0,0,0,0.9749279121818236,-0.22252093395631434,-0.10116832198743204,-0.9948693233918952
320,-2.3,20,2.2,0.0,0.0,0,0,0,0,0.9749279121818236,-0.22252093395631434,-0.2993631229733582,-0.9541392564000488
448,-4.0,27,2.5,0.0,0.0,0,0,0,0,0.9749279121818236,-0.22252093395631434,-0.4853019625310808,-0.8743466161445822
280,-5.2,33,2.6,0.0,0.0,0,0,0,0,0.9749279121818236,-0.22252093395631434,-0.651372482722222,-0.7587581226927911
218,-5.8,44,2.1,0.0,0.0,0,0,0,0,0.9749279121818236,-0.22252093395631434,-0.7907757369376986,-0.6121059825476627
223,-6.3,48,2.2,0.0,0.0,0,0,0,0,0.9749279121818236,-0.22252093395631434,-0.8978045395707417,-0.44039415155763423
200,-6.8,50,1.7,0.0,0.0,0,0,0,0,0.9749279121818236,-0.22252093395631434,-0.9680771188662041,-0.2506525322587213
164,-7.6,50,1.0,0.0,0.0,0,0,0,0,0.9749279121818236,-0.22252093395631434,-0.9987165071710528,-0.05064916883871355
136,-8.2,50,1.1,0.0,0.0,0,0,0,0,0.43388373911755823,-0.900968867902419,0.0,1.0
126,-8.5,60,1.2,0.0,0.0,0,0,0,0,0.43388373911755823,-0.900968867902419,0.20129852008866006,0.9795299412524945
103,-8.3,65,0.4,0.0,0.0,0,0,0,0,0.43388373911755823,-0.900968867902419,0.39435585511331855,0.9189578116202306
57,-8.6,64,0.9,0.0,0.0,0,0,0,0,0.43388373911755823,-0.900968867902419,0.5712682150947923,0.8207634412072763
46,-9.0,54,0.6,0.0,0.0,0,0,0,0,0.43388373911755823,-0.900968867902419,0.72479278722912,0.6889669190756866
39,-9.0,56,0.4,0.0,0.0,0,0,0,0,0.43388373911755823,-0.900968867902419,0.8486442574947509,0.5289640103269624
99,-9.3,61,0.7,0.0,0.0,0,0,0,0,0.43388373911755823,-0.900968867902419,0.9377521321470804,0.3473052528448203
255,-9.6,67,1.0,0.0,0.0,0,0,0,0,0.43388373911755823,-0.900968867902419,0.9884683243281114,0.1514277775045767
507,-9.7,65,0.8,0.0,0.0,0,0,0,0,0.43388373911755823,-0.900968867902419,0.9987165071710528,-0.05064916883871264
270,-8.5,55,1.0,0.0,0.0,0,0,0,0,0.43388373911755823,-0.900968867902419,0.9680771188662043,-0.2506525322587204
160,-6.3,46,1.3,0.0,0.0,0,0,0,0,0.43388373911755823,-0.900968867902419,0.8978045395707416,-0.4403941515576344
217,-3.1,39,1.2,0.0,0.0,0,0,0,0,0.43388373911755823,-0.900968867902419,0.7907757369376989,-0.6121059825476626
253,-1.5,35,1.2,0.0,0.0,0,0,0,0,0.43388373911755823,-0.900968867902419,0.6513724827222223,-0.758758122692791
270,0.3,30,1.4,0.0,0.0,0,0,0,0,0.43388373911755823,-0.900968867902419,0.48530196253108104,-0.8743466161445821
253,0.9,25,2.4,0.0,0.0,0,0,0,0,0.43388373911755823,-0.900968867902419,0.29936312297335804,-0.9541392564000488
286,1.4,25,2.2,0.0,0.0,0,0,0,0,0.43388373911755823,-0.900968867902419,0.10116832198743272,-0.994869323391895
284,2.0,25,2.3,0.0,0.0,0,0,0,0,0.43388373911755823,-0.900968867902419,-0.10116832198743204,-0.9948693233918952
337,1.5,24,1.9,0.0,0.0,0,0,0,0,0.43388373911755823,-0.900968867902419,-0.2993631229733582,-0.9541392564000488
564,-0.5,26,1.7,0.0,0.0,0,0,0,0,0.43388373911755823,-0.900968867902419,-0.4853019625310808,-0.8743466161445822
378,-1.8,35,1.4,0.0,0.0,0,0,0,0,0.43388373911755823,-0.900968867902419,-0.651372482722222,-0.7587581226927911
277,-2.8,40,1.5,0.0,0.0,0,0,0,0,0.43388373911755823,-0.900968867902419,-0.7907757369376986,-0.6121059825476627
268,-3.3,42,1.1,0.0,0.0,0,0,0,0,0.43388373911755823,-0.900968867902419,-0.8978045395707417,-0.44039415155763423
233,-3.9,41,0.4,0.0,0.0,0,0,0,0,0.43388373911755823,-0.900968867902419,-0.9680771188662041,-0.2506525322587213
195,-4.3,44,0.7,0.0,0.0,0,0,0,0,0.43388373911755823,-0.900968867902419,-0.9987165071710528,-0.05064916883871355
178,-4.6,38,0.1,0.0,0.0,0,0,0,0,-0.433883739117558,-0.9009688679024191,0.0,1.0
159,-4.8,44,1.1,0.0,0.0,0,0,0,0,-0.433883739117558,-0.9009688679024191,0.20129852008866006,0.9795299412524945
107,-5.1,47,0.9,0.0,0.0,0,0,0,0,-0.433883739117558,-0.9009688679024191,0.39435585511331855,0.9189578116202306
78,-5.2,48,0.7,0.0,0.0,0,0,0,0,-0.433883739117558,-0.9009688679024191,0.5712682150947923,0.8207634412072763
46,-4.4,47,0.9,0.0,0.0,0,0,0,0,-0.433883739117558,-0.9009688679024191,0.72479278722912,0.6889669190756866
36,-4.2,44,1.1,0.0,0.0,0,0,0,0,-0.433883739117558,-0.9009688679024191,0.8486442574947509,0.5289640103269624
117,-4.0,41,0.8,0.0,0.0,0,0,0,0,-0.433883739117558,-0.9009688679024191,0.9377521321470804,0.3473052528448203
273,-3.6,42,0.9,0.0,0.0,0,0,0,0,-0.433883739117558,-0.9009688679024191,0.9884683243281114,0.1514277775045767
589,-3.3,39,0.9,0.0,0.0,0,0,0,0,-0.433883739117558,-0.9009688679024191,0.9987165071710528,-0.05064916883871264
308,-2.4,36,1.2,0.0,0.0,0,0,0,0,-0.433883739117558,-0.9009688679024191,0.9680771188662043,-0.2506525322587204
199,-1.3,34,0.5,0.0,0.0,0,0,0,0,-0.433883739117558,-0.9009688679024191,0.8978045395707416,-0.4403941515576344
238,-0.2,31,0.8,0.0,0.0,0,0,0,0,-0.433883739117558,-0.9009688679024191,0.7907757369376989,-0.6121059825476626
260,1.6,28,0.5,0.0,0.0,0,0,0,0,-0.433883739117558,-0.9009688679024191,0.6513724827222223,-0.758758122692791
268,2.6,27,0.8,0.0,0.0,0,0,0,0,-0.433883739117558,-0.9009688679024191,0.48530196253108104,-0.8743466161445821
283,4.0,25,0.9,0.0,0.0,0,0,0,0,-0.433883739117558,-0.9009688679024191,0.29936312297335804,-0.9541392564000488
315,5.0,24,1.0,0.0,0.0,0,0,0,0,-0.433883739117558,-0.9009688679024191,0.10116832198743272,-0.994869323391895
319,6.0,28,1.7,0.0,0.0,0,0,0,0,-0.433883739117558,-0.9009688679024191,-0.10116832198743204,-0.9948693233918952
422,4.8,38,3.0,0.0,0.0,0,0,0,0,-0.433883739117558,-0.9009688679024191,-0.2993631229733582,-0.9541392564000488
659,4.1,40,2.1,0.0,0.0,0,0,0,0,-0.433883739117558,-0.9009688679024191,-0.4853019625310808,-0.8743466161445822
407,3.3,58,1.7,0.0,0.0,0,0,0,0,-0.433883739117558,-0.9009688679024191,-0.651372482722222,-0.7587581226927911
308,3.0,61,1.9,0.0,0.0,0,0,0,0,-0.433883739117558,-0.9009688679024191,-0.7907757369376986,-0.6121059825476627
243,2.9,63,1.0,0.0,0.0,0,0,0,0,-0.433883739117558,-0.9009688679024191,-0.8978045395707417,-0.44039415155763423
263,2.5,66,1.1,0.0,0.0,0,0,0,0,-0.433883739117558,-0.9009688679024191,-0.9680771188662041,-0.2506525322587213
193,2.0,70,0.7,0.0,0.0,0,0,0,0,-0.433883739117558,-0.9009688679024191,-0.9987165071710528,-0.05064916883871355
197,1.5,71,1.1,0.0,0.0,0,0,0,0,-0.9749279121818236,-0.2225209339563146,0.0,1.0
237,1.7,71,1.2,0.0,0.0,0,0,0,0,-0.9749279121818236,-0.2225209339563146,0.20129852008866006,0.9795299412524945
169,1.9,71,1.5,0.0,0.0,0,0,0,0,-0.9749279121818236,-0.2225209339563146,0.39435585511331855,0.9189578116202306
145,2.0,71,1.2,0.0,0.0,0,0,0,0,-0.9749279121818236,-0.2225209339563146,0.5712682150947923,0.8207634412072763
79,1.9,74,1.2,0.0,0.0,0,0,0,0,-0.9749279121818236,-0.2225209339563146,0.72479278722912,0.6889669190756866
41,1.8,75,2.0,0.0,0.0,0,0,0,0,-0.9749279121818236,-0.2225209339563146,0.8486442574947509,0.5289640103269624
48,1.6,78,1.6,0.0,0.0,0,0,0,0,-0.9749279121818236,-0.2225209339563146,0.9377521321470804,0.3473052528448203
97,1.6,81,1.4,0.0,0.0,0,0,0,0,-0.9749279121818236,-0.2225209339563146,0.9884683243281114,0.1514277775045767
188,1.6,82,1.3,0.0,0.0,0,0,0,0,-0.9749279121818236,-0.2225209339563146,0.9987165071710528,-0.05064916883871264
222,1.6,78,2.0,0.0,0.0,0,0,0,0,-0.9749279121818236,-0.2225209339563146,0.9680771188662043,-0.2506525322587204
223,1.8,73,2.8,0.0,0.0,0,0,0,0,-0.9749279121818236,-0.2225209339563146,0.8978045395707416,-0.4403941515576344
235,2.6,62,2.9,0.0,0.0,0,0,0,0,-0.9749279121818236,-0.2225209339563146,0.7907757369376989,-0.6121059825476626
248,2.9,53,4.7,0.0,0.0,0,0,0,0,-0.9749279121818236,-0.2225209339563146,0.6513724827222223,-0.758758122692791
296,2.8,31,4.0,0.0,0.0,0,0,0,0,-0.9749279121818236,-0.2225209339563146,0.48530196253108104,-0.8743466161445821
286,2.2,24,4.5,0.0,0.0,0,0,0,0,-0.9749279121818236,-0.2225209339563146,0.29936312297335804,-0.9541392564000488
277,2.0,20,4.1,0.0,0.0,0,0,0,0,-0.9749279121818236,-0.2225209339563146,0.10116832198743272,-0.994869323391895
291,0.3,17,4.9,0.0,0.0,0,0,0,0,-0.9749279121818236,-0.2225209339563146,-0.10116832198743204,-0.9948693233918952
277,-0.9,19,5.0,0.0,0.0,0,0,0,0,-0.9749279121818236,-0.2225209339563146,-0.2993631229733582,-0.9541392564000488
216,-2.0,15,5.6,0.0,0.0,0,0,0,0,-0.9749279121818236,-0.2225209339563146,-0.4853019625310808,-0.8743466161445822
151,-3.1,14,5.1,0.0,0.0,0,0,0,0,-0.9749279121818236,-0.2225209339563146,-0.651372482722222,-0.7587581226927911
132,-4.4,19,5.8,0.0,0.0,0,0,0,0,-0.9749279121818236,-0.2225209339563146,-0.7907757369376986,-0.6121059825476627
124,-5.6,28,4.1,0.0,0.0,0,0,0,0,-0.9749279121818236,-0.2225209339563146,-0.8978045395707417,-0.44039415155763423
128,-6.2,32,3.5,0.0,0.0,0,0,0,0,-0.9749279121818236,-0.2225209339563146,-0.9680771188662041,-0.2506525322587213
118,-6.7,35,2.1,0.0,0.0,0,0,0,0,-0.9749279121818236,-0.2225209339563146,-0.9987165071710528,-0.05064916883871355
112,-6.9,36,2.1,0.0,0.0,0,0,0,0,-0.7818314824680299,0.6234898018587334,0.0,1.0
95,-7.0,38,2.6,0.0,0.0,0,0,0,0,-0.7818314824680299,0.6234898018587334,0.20129852008866006,0.9795299412524945
93,-7.0,42,1.6,0.0,0.0,0,0,0,0,-0.7818314824680299,0.6234898018587334,0.39435585511331855,0.9189578116202306
58,-7.2,43,2.0,0.0,0.0,0,0,0,0,-0.7818314824680299,0.6234898018587334,0.5712682150947923,0.8207634412072763
34,-7.5,42,2.4,0.0,0.0,0,0,0,0,-0.7818314824680299,0.6234898018587334,0.72479278722912,0.6889669190756866
19,-7.8,39,2.8,0.0,0.0,0,0,0,0,-0.7818314824680299,0.6234898018587334,0.8486442574947509,0.5289640103269624
39,-8.4,33,1.4,0.0,0.0,0,0,0,0,-0.7818314824680299,0.6234898018587334,0.9377521321470804,0.3473052528448203
40,-9.2,34,2.0,0.0,0.0,0,0,0,0,-0.7818314824680299,0.6234898018587334,0.9884683243281114,0.1514277775045767
81,-9.4,29,1.9,0.0,0.0,0,0,0,0,-0.7818314824680299,0.6234898018587334,0.9987165071710528,-0.05064916883871264
126,-8.6,28,1.5,0.0,0.0,0,0,0,0,-0.7818314824680299,0.6234898018587334,0.9680771188662043,-0.2506525322587204
130,-6.9,21,3.4,0.0,0.0,0,0,0,0,-0.7818314824680299,0.6234898018587334,0.8978045395707416,-0.4403941515576344
155,-5.0,25,3.2,0.0,0.0,0,0,0,0,-0.7818314824680299,0.6234898018587334,0.7907757369376989,-0.6121059825476626
174,-3.9,28,2.9,0.0,0.0,0,0,0,0,-0.7818314824680299,0.6234898018587334,0.6513724827222223,-0.758758122692791
212,-2.4,28,3.0,0.0,0.0,0,0,0,0,-0.7818314824680299,0.6234898018587334,0.48530196253108104,-0.8743466161445821
191,-2.2,29,4.1,0.0,0.0,0,0,0,0,-0.7818314824680299,0.6234898018587334,0.29936312297335804,-0.9541392564000488
181,-2.6,31,2.7,0.0,0.0,0,0,0,0,-0.7818314824680299,0.6234898018587334,0.10116832198743272,-0.994869323391895
175,-3.6,36,4.4,0.0,0.0,0,0,0,0,-0.7818314824680299,0.6234898018587334,-0.10116832198743204,-0.9948693233918952
198,-4.2,47,2.7,0.0,0.0,0,0,0,0,-0.7818314824680299,0.6234898018587334,-0.2993631229733582,-0.9541392564000488
150,-4.6,56,3.6,0.0,0.0,0,0,0,0,-0.7818314824680299,0.6234898018587334,-0.4853019625310808,-0.8743466161445822
147,-5.2,66,3.1,0.0,0.0,0,0,0,0,-0.7818314824680299,0.6234898018587334,-0.651372482722222,-0.7587581226927911
127,-5.7,67,2.6,0.0,0.0,0,0,0,0,-0.7818314824680299,0.6234898018587334,-0.7907757369376986,-0.6121059825476627
119,-5.6,69,2.2,0.0,0.0,0,0,0,0,-0.7818314824680299,0.6234898018587334,-0.8978045395707417,-0.44039415155763423
103,-5.8,57,3.2,0.0,0.0,0,0,0,0,-0.7818314824680299,0.6234898018587334,-0.9680771188662041,-0.2506525322587213
91,-7.0,49,3.4,0.0,0.0,0,0,0,0,-0.7818314824680299,0.6234898018587334,-0.9987165071710528,-0.05064916883871355
103,-7.7,52,3.2,0.0,0.0,0,0,0,0,0.0,1.0,0.0,1.0
69,-7.9,52,3.7,0.0,0.0,0,0,0,0,0.0,1.0,0.20129852008866006,0.9795299412524945
45,-8.3,49,2.7,0.0,0.0,0,0,0,0,0.0,1.0,0.39435585511331855,0.9189578116202306
21,-8.5,35,2.7,0.0,0.0,0,0,0,0,0.0,1.0,0.5712682150947923,0.8207634412072763
33,-8.6,31,3.5,0.0,0.0,0,0,0,0,0.0,1.0,0.72479278722912,0.6889669190756866
30,-9.2,37,1.1,0.0,0.0,0,0,0,0,0.0,1.0,0.8486442574947509,0.5289640103269624
109,-9.5,36,1.5,0.0,0.0,0,0,0,0,0.0,1.0,0.9377521321470804,0.3473052528448203
236,-9.5,35,1.1,0.0,0.0,0,0,0,0,0.0,1.0,0.9884683243281114,0.1514277775045767
517,-9.1,33,2.1,0.0,0.0,0,0,0,0,0.0,1.0,0.9987165071710528,-0.05064916883871264
262,-8.4,28,2.2,0.0,0.0,0,0,0,0,0.0,1.0,0.9680771188662043,-0.2506525322587204
161,-6.7,23,2.4,0.0,0.0,0,0,0,0,0.0,1.0,0.8978045395707416,-0.4403941515576344
190,-6.1,25,2.8,0.0,0.0,0,0,0,0,0.0,1.0,0.7907757369376989,-0.6121059825476626
202,-4.6,32,4.2,0.0,0.0,0,0,0,0,0.0,1.0,0.6513724827222223,-0.758758122692791
246,-2.7,29,2.9,0.0,0.0,0,0,0,0,0.0,1.0,0.48530196253108104,-0.8743466161445821
182,-2.4,30,3.4,0.0,0.0,0,0,0,0,0.0,1.0,0.29936312297335804,-0.9541392564000488
228,-2.1,30,3.9,0.0,0.0,0,0,0,0,0.0,1.0,0.10116832198743272,-0.994869323391895
239,-2.4,33,4.5,0.0,0.0,0,0,0,0,0.0,1.0,-0.10116832198743204,-0.9948693233918952
288,-3.1,36,4.4,0.0,0.0,0,0,0,0,0.0,1.0,-0.2993631229733582,-0.9541392564000488
475,-4.4,46,3.5,0.0,0.0,0,0,0,0,0.0,1.0,-0.4853019625310808,-0.8743466161445822
340,-4.9,52,2.0,0.0,0.0,0,0,0,0,0.0,1.0,-0.651372482722222,-0.7587581226927911
244,-4.7,55,1.7,0.0,0.0,0,0,0,0,0.0,1.0,-0.7907757369376986,-0.6121059825476627
253,-4.3,59,3.0,0.0,0.0,0,0,0,0,0.0,1.0,-0.8978045395707417,-0.44039415155763423
200,-4.2,57,1.7,0.0,0.0,0,0,0,0,0.0,1.0,-0.9680771188662041,-0.2506525322587213
140,-4.4,58,2.4,0.0,0.0,0,0,0,0,0.0,1.0,-0.9987165071710528,-0.05064916883871355
158,-5.0,60,1.8,0.0,0.0,0,0,0,0,0.7818314824680298,0.6234898018587336,0.0,1.0
146,-5.5,60,1.3,0.0,0.0,0,0,0,0,0.7818314824680298,0.6234898018587336,0.20129852008866006,0.9795299412524945
106,-6.0,58,2.0,0.0,0.0,0,0,0,0,0.7818314824680298,0.6234898018587336,0.39435585511331855,0.9189578116202306
70,-6.2,61,1.3,0.0,0.0,0,0,0,0,0.7818314824680298,0.6234898018587336,0.5712682150947923,0.8207634412072763
46,-6.4,62,1.8,0.0,0.0,0,0,0,0,0.7818314824680298,0.6234898018587336,0.72479278722912,0.6889669190756866
51,-6.7,64,1.6,0.0,0.0,0,0,0,0,0.7818314824680298,0.6234898018587336,0.8486442574947509,0.5289640103269624
96,-7.1,70,1.0,0.0,0.0,0,0,0,0,0.7818314824680298,0.6234898018587336,0.9377521321470804,0.3473052528448203
294,-7.2,70,1.9,0.0,0.0,0,0,0,0,0.7818314824680298,0.6234898018587336,0.9884683243281114,0.1514277775045767
568,-7.1,68,0.6,0.0,0.0,0,0,0,0,0.7818314824680298,0.6234898018587336,0.9987165071710528,-0.05064916883871264
285,-5.9,52,1.4,0.0,0.0,0,0,0,0,0.7818314824680298,0.6234898018587336,0.9680771188662043,-0.2506525322587204
200,-2.4,41,1.5,0.0,0.0,0,0,0,0,0.7818314824680298,0.6234898018587336,0.8978045395707416,-0.4403941515576344
252,-0.3,40,3.4,0.0,0.0,0,0,0,0,0.7818314824680298,0.6234898018587336,0.7907757369376989,-0.6121059825476626
281,1.0,41,3.3,0.0,0.0,0,0,0,0,0.7818314824680298,0.6234898018587336,0.6513724827222223,-0.758758122692791
256,2.6,40,3.5,0.0,0.0,0,0,0,0,0.7818314824680298,0.6234898018587336,0.48530196253108104,-0.8743466161445821
300,3.7,39,3.8,0.0,0.0,0,0,0,0,0.7818314824680298,0.6234898018587336,0.29936312297335804,-0.9541392564000488
295,3.7,40,5.3,0.0,0.0,0,0,0,0,0.7818314824680298,0.6234898018587336,0.10116832198743272,-0.994869323391895
328,3.9,41,4.0,0.0,0.0,0,0,0,0,0.7818314824680298,0.6234898018587336,-0.10116832198743204,-0.9948693233918952
410,3.5,46,3.1,0.0,0.0,0,0,0,0,0.7818314824680298,0.6234898018587336,-0.2993631229733582,-0.9541392564000488
604,3.1,50,3.7,0.0,0.0,0,0,0,0,0.7818314824680298,0.6234898018587336,-0.4853019625310808,-0.8743466161445822
406,2.4,57,3.2,0.0,0.0,0,0,0,0,0.7818314824680298,0.6234898018587336,-0.651372482722222,-0.7587581226927911
323,2.3,59,3.8,0.0,0.0,0,0,0,0,0.7818314824680298,0.6234898018587336,-0.7907757369376986,-0.6121059825476627
290,2.6,57,3.8,0.0,0.0,0,0,0,0,0.7818314824680298,0.6234898018587336,-0.8978045395707417,-0.44039415155763423
291,2.6,57,3.1,0.0,0.0,0,0,0,0,0.7818314824680298,0.6234898018587336,-0.9680771188662041,-0.2506525322587213
211,2.4,59,3.2,0.0,0.0,0,0,0,0,0.7818314824680298,0.6234898018587336,-0.9987165071710528,-0.05064916883871355
178,2.0,65,2.2,0.0,0.0,0,0,0,0,0.9749279121818236,-0.22252093395631434,0.0,1.0
213,1.3,67,1.2,0.0,0.0,0,0,0,0,0.9749279121818236,-0.22252093395631434,0.20129852008866006,0.9795299412524945
129,1.2,64,0.9,0.0,0.0,0,0,0,0,0.9749279121818236,-0.22252093395631434,0.39435585511331855,0.9189578116202306
101,1.1,65,1.0,0.0,0.0,0,0,0,0,0.9749279121818236,-0.22252093395631434,0.5712682150947923,0.8207634412072763
51,1.1,67,1.7,0.0,0.0,0,0,0,0,0.9749279121818236,-0.22252093395631434,0.72479278722912,0.6889669190756866
56,1.0,68,0.6,0.0,0.0,0,0,0,0,0.9749279121818236,-0.22252093395631434,0.8486442574947509,0.5289640103269624
108,1.1,66,0.9,0.0,0.0,0,0,0,0,0.9749279121818236,-0.22252093395631434,0.9377521321470804,0.3473052528448203
292,1.3,66,1.1,0.0,0.0,0,0,0,0,0.9749279121818236,-0.22252093395631434,0.9884683243281114,0.1514277775045767
606,2.1,65,1.1,0.0,0.0,0,0,0,0,0.9749279121818236,-0.22252093395631434,0.9987165071710528,-0.05064916883871264
326,3.9,64,2.9,0.0,0.0,0,0,0,0,0.9749279121818236,-0.22252093395631434,0.9680771188662043,-0.2506525322587204
241,5.2,65,3.9,0.0,0.0,0,0,0,0,0.9749279121818236,-0.22252093395631434,0.8978045395707416,-0.4403941515576344
288,6.3,67,3.5,0.0,0.0,0,0,0,0,0.9749279121818236,-0.22252093395631434,0.7907757369376989,-0.6121059825476626
312,6.9,67,3.9,0.0,0.0,0,0,0,0,0.9749279121818236,-0.22252093395631434,0.6513724827222223,-0.758758122692791
349,7.2,65,3.8,0.0,0.0,0,0,0,0,0.9749279121818236,-0.22252093395631434,0.48530196253108104,-0.8743466161445821
398,7.8,57,3.5,0.0,0.0,0,0,0,0,0.9749279121818236,-0.22252093395631434,0.29936312297335804,-0.9541392564000488
461,8.7,48,4.1,0.0,0.0,0,0,0,0,0.9749279121818236,-0.22252093395631434,0.10116832198743272,-0.994869323391895
447,8.0,36,3.5,0.0,0.0,0,0,0,0,0.9749279121818236,-0.22252093395631434,-0.10116832198743204,-0.9948693233918952
484,6.6,34,2.8,0.0,0.0,0,0,0,0,0.9749279121818236,-0.22252093395631434,-0.2993631229733582,-0.9541392564000488
559,5.1,34,2.3,0.0,0.0,0,0,0,0,0.9749279121818236,-0.22252093395631434,-0.4853019625310808,-0.8743466161445822
316,3.9,37,1.4,0.0,0.0,0,0,0,0,0.9749279121818236,-0.22252093395631434,-0.651372482722222,-0.7587581226927911
262,2.8,29,2.8,0.0,0.0,0,0,0,0,0.9749279121818236,-0.22252093395631434,-0.7907757369376986,-0.6121059825476627
216,1.7,27,3.1,0.0,0.0,0,0,0,0,0.9749279121818236,-0.22252093395631434,-0.8978045395707417,-0.44039415155763423
218,0.3,33,4.0,0.0,0.0,0,0,0,0,0.9749279121818236,-0.22252093395631434,-0.9680771188662041,-0.2506525322587213
160,-0.3,35,2.1,0.0,0.0,0,0,0,0,0.9749279121818236,-0.22252093395631434,-0.9987165071710528,-0.05064916883871355
126,-0.7,37,3.5,0.0,0.0,1,0,0,0,0.43388373911755823,-0.900968867902419,0.0,1.0
123,-1.1,38,2.8,0.0,0.0,1,0,0,0,0.43388373911755823,-0.900968867902419,0.20129852008866006,0.9795299412524945
112,-1.2,35,2.2,0.0,0.0,1,0,0,0,0.43388373911755823,-0.900968867902419,0.39435585511331855,0.9189578116202306
74,-1.4,34,2.1,0.0,0.0,1,0,0,0,0.43388373911755823,-0.900968867902419,0.5712682150947923,0.8207634412072763
58,-1.9,34,3.0,0.0,0.0,1,0,0,0,0.43388373911755823,-0.900968867902419,0.72479278722912,0.6889669190756866
32,-2.4,33,3.1,0.0,0.0,1,0,0,0,0.43388373911755823,-0.900968867902419,0.8486442574947509,0.5289640103269624
39,-2.6,38,1.0,0.0,0.0,1,0,0,0,0.43388373911755823,-0.900968867902419,0.9377521321470804,0.3473052528448203
55,-3.0,40,0.9,0.0,0.0,1,0,0,0,0.43388373911755823,-0.900968867902419,0.9884683243281114,0.1514277775045767
112,-3.0,38,1.0,0.0,0.0,1,0,0,0,0.43388373911755823,-0.900968867902419,0.9987165071710528,-0.05064916883871264
112,-3.5,30,1.5,0.0,0.0,1,0,0,0,0.43388373911755823,-0.900968867902419,0.9680771188662043,-0.2506525322587204
127,-1.6,26,1.9,0.0,0.0,1,0,0,0,0.43388373911755823,-0.900968867902419,0.8978045395707416,-0.4403941515576344
170,0.1,22,2.0,0.0,0.0,1,0,0,0,0.43388373911755823,-0.900968867902419,0.7907757369376989,-0.6121059825476626
174,1.7,20,3.0,0.0,0.0,1,0,0,0,0.43388373911755823,-0.900968867902419,0.6513724827222223,-0.758758122692791
240,2.2,18,3.4,0.0,0.0,1,0,0,0,0.43388373911755823,-0.900968867902419,0.48530196253108104,-0.8743466161445821
270,2.9,14,4.3,0.0,0.0,1,0,0,0,0.43388373911755823,-0.900968867902419,0.29936312297335804,-0.9541392564000488
276,3.8,17,3.2,0.0,0.0,1,0,0,0,0.43388373911755823,-0.900968867902419,0.10116832198743272,-0.994869323391895
273,3.2,16,3.0,0.0,0.0,1,0,0,0,0.43388373911755823,-0.900968867902419,-0.10116832198743204,-0.9948693233918952
236,2.4,17,3.1,0.0,0.0,1,0,0,0,0.43388373911755823,-0.900968867902419,-0.2993631229733582,-0.9541392564000488
190,1.1,18,2.5,0.0,0.0,1,0,0,0,0.43388373911755823,-0.900968867902419,-0.4853019625310808,-0.8743466161445822
166,0.1,21,2.9,0.0,0.0,1,0,0,0,0.43388373911755823,-0.900968867902419,-0.651372482722222,-0.7587581226927911
148,-0.4,27,2.2,0.0,0.0,1,0,0,0,0.43388373911755823,-0.900968867902419,-0.7907757369376986,-0.6121059825476627
134,-1.1,32,2.4,0.0,0.0,1,0,0,0,0.43388373911755823,-0.900968867902419,-0.8978045395707417,-0.44039415155763423
145,-1.9,30,0.8,0.0,0.0,1,0,0,0,0.43388373911755823,-0.900968867902419,-0.9680771188662041,-0.2506525322587213
92,-2.5,31,1.4,0.0,0.0,1,0,0,0,0.43388373911755823,-0.900968867902419,-0.9987165071710528,-0.05064916883871355
105,-3.3,35,1.8,0.0,0.0,1,0,0,0,-0.433883739117558,-0.9009688679024191,0.0,1.0
77,-3.6,35,2.0,0.0,0.0,1,0,0,0,-0.433883739117558,-0.9009688679024191,0.20129852008866006,0.9795299412524945
47,-4.1,38,1.2,0.0,0.0,1,0,0,0,-0.433883739117558,-0.9009688679024191,0.39435585511331855,0.9189578116202306
36,-4.4,37,1.7,0.0,0.0,1,0,0,0,-0.433883739117558,-0.9009688679024191,0.5712682150947923,0.8207634412072763
35,-4.5,42,1.4,0.0,0.0,1,0,0,0,-0.433883739117558,-0.9009688679024191,0.72479278722912,0.6889669190756866
28,-5.0,44,0.9,0.0,0.0,1,0,0,0,-0.433883739117558,-0.9009688679024191,0.8486442574947509,0.5289640103269624
30,-5.2,42,0.7,0.0,0.0,1,0,0,0,-0.433883739117558,-0.9009688679024191,0.9377521321470804,0.3473052528448203
49,-5.4,41,0.3,0.0,0.0,1,0,0,0,-0.433883739117558,-0.9009688679024191,0.9884683243281114,0.1514277775045767
68,-5.4,38,0.7,0.0,0.0,1,0,0,0,-0.433883739117558,-0.9009688679024191,0.9987165071710528,-0.05064916883871264
48,-4.3,33,0.7,0.0,0.0,1,0,0,0,-0.433883739117558,-0.9009688679024191,0.9680771188662043,-0.2506525322587204
78,-1.3,32,1.5,0.0,0.0,1,0,0,0,-0.433883739117558,-0.9009688679024191,0.8978045395707416,-0.4403941515576344
93,1.0,25,1.4,0.0,0.0,1,0,0,0,-0.433883739117558,-0.9009688679024191,0.7907757369376989,-0.6121059825476626
137,2.2,19,1.4,0.0,0.0,1,0,0,0,-0.433883739117558,-0.9009688679024191,0.6513724827222223,-0.758758122692791
169,3.5,17,3.2,0.0,0.0,1,0,0,0,-0.433883739117558,-0.9009688679024191,0.48530196253108104,-0.8743466161445821
196,4.2,18,3.3,0.0,0.0,1,0,0,0,-0.433883739117558,-0.9009688679024191,0.29936312297335804,-0.9541392564000488
243,4.0,26,3.5,0.0,0.0,1,0,0,0,-0.433883739117558,-0.9009688679024191,0.10116832198743272,-0.994869323391895
189,3.3,38,3.8,0.0,0.0,1,0,0,0,-0.433883739117558,-0.9009688679024191,-0.10116832198743204,-0.9948693233918952
210,2.5,48,4.2,0.0,0.0,1,0,0,0,-0.433883739117558,-0.9009688679024191,-0.2993631229733582,-0.9541392564000488
165,1.4,56,3.2,0.0,0.0,1,0,0,0,-0.433883739117558,-0.9009688679024191,-0.4853019625310808,-0.8743466161445822
126,0.6,59,2.3,0.0,0.0,1,0,0,0,-0.433883739117558,-0.9009688679024191,-0.651372482722222,-0.7587581226927911
150,0.2,61,1.9,0.0,0.0,1,0,0,0,-0.433883739117558,-0.9009688679024191,-0.7907757369376986,-0.6121059825476627
114,0.1,67,2.5,0.0,0.0,1,0,0,0,-0.433883739117558,-0.9009688679024191,-0.8978045395707417,-0.44039415155763423
116,-0.6,70,3.4,0.0,0.0,1,0,0,0,-0.433883739117558,-0.9009688679024191,-0.9680771188662041,-0.2506525322587213
84,-2.0,51,3.2,0.0,0.0,1,0,0,0,-0.433883739117558,-0.9009688679024191,-0.9987165071710528,-0.05064916883871355
79,-2.7,41,3.2,0.0,0.0,1,0,0,0,-0.9749279121818236,-0.2225209339563146,0.0,1.0
71,-3.1,36,3.5,0.0,0.0,1,0,0,0,-0.9749279121818236,-0.2225209339563146,0.20129852008866006,0.9795299412524945
56,-3.8,30,3.9,0.0,0.0,1,0,0,0,-0.9749279121818236,-0.2225209339563146,0.39435585511331855,0.9189578116202306
34,-4.5,28,3.0,0.0,0.0,1,0,0,0,-0.9749279121818236,-0.2225209339563146,0.5712682150947923,0.8207634412072763
20,-5.2,28,2.5,0.0,0.0,1,0,0,0,-0.9749279121818236,-0.2225209339563146,0.72479278722912,0.6889669190756866
14,-5.7,31,2.3,0.0,0.0,1,0,0,0,-0.9749279121818236,-0.2225209339563146,0.8486442574947509,0.5289640103269624
39,-6.2,32,2.5,0.0,0.0,1,0,0,0,-0.9749279121818236,-0.2225209339563146,0.9377521321470804,0.3473052528448203
35,-6.8,32,1.6,0.0,0.0,1,0,0,0,-0.9749279121818236,-0.2225209339563146,0.9884683243281114,0.1514277775045767
80,-7.1,30,1.7,0.0,0.0,1,0,0,0,-0.9749279121818236,-0.2225209339563146,0.9987165071710528,-0.05064916883871264
98,-6.5,26,2.4,0.0,0.0,1,0,0,0,-0.9749279121818236,-0.2225209339563146,0.9680771188662043,-0.2506525322587204
103,-4.3,21,1.4,0.0,0.0,1,0,0,0,-0.9749279121818236,-0.2225209339563146,0.8978045395707416,-0.4403941515576344
155,-2.8,19,2.6,0.0,0.0,1,0,0,0,-0.9749279121818236,-0.2225209339563146,0.7907757369376989,-0.6121059825476626
183,-1.3,17,1.5,0.0,0.0,1,0,0,0,-0.9749279121818236,-0.2225209339563146,0.6513724827222223,-0.758758122692791
193,-0.4,15,2.4,0.0,0.0,1,0,0,0,-0.9749279121818236,-0.2225209339563146,0.48530196253108104,-0.8743466161445821
258,-0.1,15,4.0,0.0,0.0,1,0,0,0,-0.9749279121818236,-0.2225209339563146,0.29936312297335804,-0.9541392564000488
273,1.0,14,4.6,0.0,0.0,1,0,0,0,-0.9749279121818236,-0.2225209339563146,0.10116832198743272,-0.994869323391895
267,1.3,15,4.2,0.0,0.0,1,0,0,0,-0.9749279121818236,-0.2225209339563146,-0.10116832198743204,-0.9948693233918952
250,0.6,17,3.3,0.0,0.0,1,0,0,0,-0.9749279121818236,-0.2225209339563146,-0.2993631229733582,-0.9541392564000488
223,-0.3,17,1.9,0.0,0.0,1,0,0,0,-0.9749279121818236,-0.2225209339563146,-0.4853019625310808,-0.8743466161445822
169,-1.5,32,2.5,0.0,0.0,1,0,0,0,-0.9749279121818236,-0.2225209339563146,-0.651372482722222,-0.7587581226927911
145,-2.1,38,2.0,0.0,0.0,1,0,0,0,-0.9749279121818236,-0.2225209339563146,-0.7907757369376986,-0.6121059825476627
133,-2.3,38,2.3,0.0,0.0,1,0,0,0,-0.9749279121818236,-0.2225209339563146,-0.8978045395707417,-0.44039415155763423
123,-2.7,42,2.2,0.0,0.0,1,0,0,0,-0.9749279121818236,-0.2225209339563146,-0.9680771188662041,-0.2506525322587213
117,-2.9,31,3.8,0.0,0.0,1,0,0,0,-0.9749279121818236,-0.2225209339563146,-0.9987165071710528,-0.05064916883871355
99,-3.6,33,1.7,0.0,0.0,0,0,0,0,-0.7818314824680299,0.6234898018587334,0.0,1.0
103,-4.4,33,1.4,0.0,0.0,0,0,0,0,-0.7818314824680299,0.6234898018587334,0.20129852008866006,0.9795299412524945
86,-4.7,33,0.1,0.0,0.0,0,0,0,0,-0.7818314824680299,0.6234898018587334,0.39435585511331855,0.9189578116202306
56,-4.5,26,0.0,0.0,0.0,0,0,0,0,-0.7818314824680299,0.6234898018587334,0.5712682150947923,0.8207634412072763
37,-4.1,27,0.6,0.0,0.0,0,0,0,0,-0.7818314824680299,0.6234898018587334,0.72479278722912,0.6889669190756866
22,-4.0,28,0.5,0.0,0.0,0,0,0,0,-0.7818314824680299,0.6234898018587334,0.8486442574947509,0.5289640103269624
38,-4.1,30,1.1,0.0,0.0,0,0,0,0,-0.7818314824680299,0.6234898018587334,0.9377521321470804,0.3473052528448203
52,-4.6,31,1.2,0.0,0.0,0,0,0,0,-0.7818314824680299,0.6234898018587334,0.9884683243281114,0.1514277775045767
92,-4.8,31,0.8,0.0,0.0,0,0,0,0,-0.7818314824680299,0.6234898018587334,0.9987165071710528,-0.05064916883871264
137,-4.1,30,0.5,0.0,0.0,0,0,0,0,-0.7818314824680299,0.6234898018587334,0.9680771188662043,-0.2506525322587204
156,-1.8,23,0.6,0.0,0.0,0,0,0,0,-0.7818314824680299,0.6234898018587334,0.8978045395707416,-0.4403941515576344
183,0.0,20,0.8,0.0,0.0,0,0,0,0,-0.7818314824680299,0.6234898018587334,0.7907757369376989,-0.6121059825476626
263,2.2,17,1.0,0.0,0.0,0,0,0,0,-0.7818314824680299,0.6234898018587334,0.6513724827222223,-0.758758122692791
337,3.7,17,1.4,0.0,0.0,0,0,0,0,-0.7818314824680299,0.6234898018587334,0.48530196253108104,-0.8743466161445821
372,4.1,17,1.8,0.0,0.0,0,0,0,0,-0.7818314824680299,0.6234898018587334,0.29936312297335804,-0.9541392564000488
440,5.0,16,2.0,0.0,0.0,0,0,0,0,-0.7818314824680299,0.6234898018587334,0.10116832198743272,-0.994869323391895
404,5.1,16,1.8,0.0,0.0,0,0,0,0,-0.7818314824680299,0.6234898018587334,-0.10116832198743204,-0.9948693233918952
354,4.2,17,2.5,0.0,0.0,0,0,0,0,-0.7818314824680299,0.6234898018587334,-0.2993631229733582,-0.9541392564000488
310,2.8,25,3.0,0.0,0.0,0,0,0,0,-0.7818314824680299,0.6234898018587334,-0.4853019625310808,-0.8743466161445822
238,1.5,30,2.6,0.0,0.0,0,0,0,0,-0.7818314824680299,0.6234898018587334,-0.651372482722222,-0.7587581226927911
213,0.6,33,1.9,0.0,0.0,0,0,0,0,-0.7818314824680299,0.6234898018587334,-0.7907757369376986,-0.6121059825476627
226,0.2,32,1.1,0.0,0.0,0,0,0,0,-0.7818314824680299,0.6234898018587334,-0.8978045395707417,-0.44039415155763423
191,-0.3,34,1.6,0.0,0.0,0,0,0,0,-0.7818314824680299,0.6234898018587334,-0.9680771188662041,-0.2506525322587213
153,-0.7,37,0.9,0.0,0.0,0,0,0,0,-0.7818314824680299,0.6234898018587334,-0.9987165071710528,-0.05064916883871355
148,-1.1,39,1.7,0.0,0.0,0,0,0,0,0.0,1.0,0.0,1.0
101,-1.4,42,1.1,0.0,0.0,0,0,0,0,0.0,1.0,0.20129852008866006,0.9795299412524945
59,-1.4,41,1.1,0.0,0.0,0,0,0,0,0.0,1.0,0.39435585511331855,0.9189578116202306
42,-1.4,41,1.6,0.0,0.0,0,0,0,0,0.0,1.0,0.5712682150947923,0.8207634412072763
50,-1.9,44,0.7,0.0,0.0,0,0,0,0,0.0,1.0,0.72479278722912,0.6889669190756866
59,-1.8,44,0.5,0.0,0.0,0,0,0,0,0.0,1.0,0.8486442574947509,0.5289640103269624
139,-1.4,46,0.3,0.0,0.0,0,0,0,0,0.0,1.0,0.9377521321470804,0.3473052528448203
349,-0.9,45,0.9,0.0,0.0,0,0,0,0,0.0,1.0,0.9884683243281114,0.1514277775045767
646,-1.2,51,0.8,0.0,0.0,0,0,0,0,0.0,1.0,0.9987165071710528,-0.05064916883871264
347,-0.6,43,0.5,0.0,0.0,0,0,0,0,0.0,1.0,0.9680771188662043,-0.2506525322587204
235,2.6,45,1.2,0.0,0.0,0,0,0,0,0.0,1.0,0.8978045395707416,-0.4403941515576344
314,4.3,44,2.3,0.0,0.0,0,0,0,0,0.0,1.0,0.7907757369376989,-0.6121059825476626
361,4.7,43,2.1,0.0,0.0,0,0,0,0,0.0,1.0,0.6513724827222223,-0.758758122692791
332,5.1,41,1.8,0.0,0.0,0,0,0,0,0.0,1.0,0.48530196253108104,-0.8743466161445821
373,5.6,38,1.6,0.0,0.0,0,0,0,0,0.0,1.0,0.29936312297335804,-0.9541392564000488
392,6.3,35,2.6,0.0,0.0,0,0,0,0,0.0,1.0,0.10116832198743272,-0.994869323391895
403,6.3,35,2.9,0.0,0.0,0,0,0,0,0.0,1.0,-0.10116832198743204,-0.9948693233918952
522,5.7,36,3.0,0.0,0.0,0,0,0,0,0.0,1.0,-0.2993631229733582,-0.9541392564000488
819,4.7,43,2.4,0.0,0.0,0,0,0,0,0.0,1.0,-0.4853019625310808,-0.8743466161445822
533,3.6,55,1.6,0.0,0.0,0,0,0,0,0.0,1.0,-0.651372482722222,-0.7587581226927911
417,2.4,60,1.9,0.0,0.0,0,0,0,0,0.0,1.0,-0.7907757369376986,-0.6121059825476627
388,1.8,63,1.2,0.0,0.0,0,0,0,0,0.0,1.0,-0.8978045395707417,-0.44039415155763423
357,1.0,69,0.7,0.0,0.0,0,0,0,0,0.0,1.0,-0.9680771188662041,-0.2506525322587213
218,0.5,73,1.5,0.0,0.0,0,0,0,0,0.0,1.0,-0.9987165071710528,-0.05064916883871355
177,0.0,75,2.3,0.0,0.0,0,0,0,0,0.7818314824680298,0.6234898018587336,0.0,1.0
172,-0.5,76,1.6,0.0,0.0,0,0,0,0,0.7818314824680298,0.6234898018587336,0.20129852008866006,0.9795299412524945
115,-0.8,76,0.8,0.0,0.0,0,0,0,0,0.7818314824680298,0.6234898018587336,0.39435585511331855,0.9189578116202306
63,-1.3,80,0.7,0.0,0.0,0,0,0,0,0.7818314824680298,0.6234898018587336,0.5712682150947923,0.8207634412072763
64,-1.6,83,0.6,0.0,0.0,0,0,0,0,0.7818314824680298,0.6234898018587336,0.72479278722912,0.6889669190756866
79,-1.8,82,1.3,0.0,0.0,0,0,0,0,0.7818314824680298,0.6234898018587336,0.8486442574947509,0.5289640103269624
164,-2.1,82,1.8,0.0,0.0,0,0,0,0,0.7818314824680298,0.6234898018587336,0.9377521321470804,0.3473052528448203
404,-2.2,76,1.9,0.0,0.0,0,0,0,0,0.7818314824680298,0.6234898018587336,0.9884683243281114,0.1514277775045767
727,-2.1,71,1.7,0.0,0.0,0,0,0,0,0.7818314824680298,0.6234898018587336,0.9987165071710528,-0.05064916883871264
384,-1.4,56,1.4,0.0,0.0,0,0,0,0,0.7818314824680298,0.6234898018587336,0.9680771188662043,-0.2506525322587204
265,1.1,38,3.1,0.0,0.0,0,0,0,0,0.7818314824680298,0.6234898018587336,0.8978045395707416,-0.4403941515576344
322,2.8,35,3.9,0.0,0.0,0,0,0,0,0.7818314824680298,0.6234898018587336,0.7907757369376989,-0.6121059825476626
356,4.0,23,3.5,0.0,0.0,0,0,0,0,0.7818314824680298,0.6234898018587336,0.6513724827222223,-0.758758122692791
370,4.2,22,3.9,0.0,0.0,0,0,0,0,0.7818314824680298,0.6234898018587336,0.48530196253108104,-0.8743466161445821
335,5.0,20,3.7,0.0,0.0,0,0,0,0,0.7818314824680298,0.6234898018587336,0.29936312297335804,-0.9541392564000488
431,5.4,18,3.7,0.0,0.0,0,0,0,0,0.7818314824680298,0.6234898018587336,0.10116832198743272,-0.994869323391895
393,5.1,17,3.4,0.0,0.0,0,0,0,0,0.7818314824680298,0.6234898018587336,-0.10116832198743204,-0.9948693233918952
514,3.9,19,3.6,0.0,0.0,0,0,0,0,0.7818314824680298,0.6234898018587336,-0.2993631229733582,-0.9541392564000488
764,3.2,20,2.9,0.0,0.0,0,0,0,0,0.7818314824680298,0.6234898018587336,-0.4853019625310808,-0.8743466161445822
522,2.5,21,2.2,0.0,0.0,0,0,0,0,0.7818314824680298,0.6234898018587336,-0.651372482722222,-0.7587581226927911
358,1.8,19,3.1,0.0,0.0,0,0,0,0,0.7818314824680298,0.6234898018587336,-0.7907757369376986,-0.6121059825476627
415,1.1,21,1.6,0.0,0.0,0,0,0,0,0.7818314824680298,0.6234898018587336,-0.8978045395707417,-0.44039415155763423
319,0.5,22,2.9,0.0,0.0,0,0,0,0,0.7818314824680298,0.6234898018587336,-0.9680771188662041,-0.2506525322587213
242,-0.5,26,3.3,0.0,0.0,0,0,0,0,0.7818314824680298,0.6234898018587336,-0.9987165071710528,-0.05064916883871355
171,-1.4,28,3.4,0.0,0.0,0,0,0,0,0.9749279121818236,-0.22252093395631434,0.0,1.0
162,-2.2,31,1.1,0.0,0.0,0,0,0,0,0.9749279121818236,-0.22252093395631434,0.20129852008866006,0.9795299412524945
105,-2.9,31,1.6,0.0,0.0,0,0,0,0,0.9749279121818236,-0.22252093395631434,0.39435585511331855,0.9189578116202306
59,-3.4,32,0.9,0.0,0.0,0,0,0,0,0.9749279121818236,-0.22252093395631434,0.5712682150947923,0.8207634412072763
50,-3.8,32,1.1,0.0,0.0,0,0,0,0,0.9749279121818236,-0.22252093395631434,0.72479278722912,0.6889669190756866
63,-4.0,35,1.8,0.0,0.0,0,0,0,0,0.9749279121818236,-0.22252093395631434,0.8486442574947509,0.5289640103269624
159,-4.0,34,3.4,0.0,0.0,0,0,0,0,0.9749279121818236,-0.22252093395631434,0.9377521321470804,0.3473052528448203
385,-4.1,35,3.5,0.0,0.0,0,0,0,0,0.9749279121818236,-0.22252093395631434,0.9884683243281114,0.1514277775045767
718,-4.3,36,1.9,0.0,0.0,0,0,0,0,0.9749279121818236,-0.22252093395631434,0.9987165071710528,-0.05064916883871264
373,-3.8,28,1.7,0.0,0.0,0,0,0,0,0.9749279121818236,-0.22252093395631434,0.9680771188662043,-0.2506525322587204
244,-1.8,25,2.6,0.0,0.0,0,0,0,0,0.9749279121818236,-0.22252093395631434,0.8978045395707416,-0.4403941515576344
276,0.2,22,2.2,0.0,0.0,0,0,0,0,0.9749279121818236,-0.22252093395631434,0.7907757369376989,-0.6121059825476626
351,2.2,17,2.0,0.0,0.0,0,0,0,0,0.9749279121818236,-0.22252093395631434,0.6513724827222223,-0.758758122692791
299,2.9,14,3.3,0.0,0.0,0,0,0,0,0.9749279121818236,-0.22252093395631434,0.48530196253108104,-0.8743466161445821
365,3.3,14,2.9,0.0,0.0,0,0,0,0,0.9749279121818236,-0.22252093395631434,0.29936312297335804,-0.9541392564000488
366,4.2,15,2.7,0.0,0.0,0,0,0,0,0.9749279121818236,-0.22252093395631434,0.10116832198743272,-0.994869323391895
409,3.7,14,3.9,0.0,0.0,0,0,0,0,0.9749279121818236,-0.22252093395631434,-0.10116832198743204,-0.9948693233918952
469,3.1,14,3.7,0.0,0.0,0,0,0,0,0.9749279121818236,-0.22252093395631434,-0.2993631229733582,-0.9541392564000488
784,1.8,16,3.4,0.0,0.0,0,0,0,0,0.9749279121818236,-0.22252093395631434,-0.4853019625310808,-0.8743466161445822
460,-0.1,39,2.8,0.0,0.0,0,0,0,0,0.9749279121818236,-0.22252093395631434,-0.651372482722222,-0.7587581226927911
356,-1.1,43,1.5,0.0,0.0,0,0,0,0,0.9749279121818236,-0.22252093395631434,-0.7907757369376986,-0.6121059825476627
345,-1.6,52,2.2,0.0,0.0,0,0,0,0,0.9749279121818236,-0.22252093395631434,-0.8978045395707417,-0.44039415155763423
299,-2.2,55,1.4,0.0,0.0,0,0,0,0,0.9749279121818236,-0.22252093395631434,-0.9680771188662041,-0.2506525322587213
223,-2.7,58,1.1,0.0,0.0,0,0,0,0,0.9749279121818236,-0.22252093395631434,-0.9987165071710528,-0.05064916883871355
195,-2.7,58,1.7,0.0,0.0,0,0,0,0,0.43388373911755823,-0.900968867902419,0.0,1.0
190,-2.2,58,1.0,0.0,0.0,0,0,0,0,0.43388373911755823,-0.900968867902419,0.20129852008866006,0.9795299412524945
116,-2.9,57,0.0,0.0,0.0,0,0,0,0,0.43388373911755823,-0.900968867902419,0.39435585511331855,0.9189578116202306
71,-2.8,57,0.5,0.0,0.0,0,0,0,0,0.43388373911755823,-0.900968867902419,0.5712682150947923,0.8207634412072763
66,-2.4,58,0.3,0.0,0.0,0,0,0,0,0.43388373911755823,-0.900968867902419,0.72479278722912,0.6889669190756866
75,-2.4,59,1.1,0.0,0.0,0,0,0,0,0.43388373911755823,-0.900968867902419,0.8486442574947509,0.5289640103269624
151,-3.0,62,0.8,0.0,0.0,0,0,0,0,0.43388373911755823,-0.900968867902419,0.9377521321470804,0.3473052528448203
373,-3.7,64,0.7,0.0,0.0,0,0,0,0,0.43388373911755823,-0.900968867902419,0.9884683243281114,0.1514277775045767
783,-3.6,63,0.9,0.0,0.0,0,0,0,0,0.43388373911755823,-0.900968867902419,0.9987165071710528,-0.05064916883871264
383,-1.9,51,0.9,0.0,0.0,0,0,0,0,0.43388373911755823,-0.900968867902419,0.9680771188662043,-0.2506525322587204
259,0.9,44,1.1,0.0,0.0,0,0,0,0,0.43388373911755823,-0.900968867902419,0.8978045395707416,-0.4403941515576344
308,2.7,44,0.9,0.0,0.0,0,0,0,0,0.43388373911755823,-0.900968867902419,0.7907757369376989,-0.6121059825476626
352,4.8,47,2.6,0.0,0.0,0,0,0,0,0.43388373911755823,-0.900968867902419,0.6513724827222223,-0.758758122692791
316,4.5,51,3.8,0.0,0.0,0,0,0,0,0.43388373911755823,-0.900968867902419,0.48530196253108104,-0.8743466161445821
331,4.8,50,4.3,0.0,0.0,0,0,0,0,0.43388373911755823,-0.900968867902419,0.29936312297335804,-0.9541392564000488
356,5.0,49,4.4,0.0,0.0,0,0,0,0,0.43388373911755823,-0.900968867902419,0.10116832198743272,-0.994869323391895
404,5.0,50,4.3,0.0,0.0,0,0,0,0,0.43388373911755823,-0.900968867902419,-0.10116832198743204,-0.9948693233918952
465,4.6,52,3.9,0.0,0.0,0,0,0,0,0.43388373911755823,-0.900968867902419,-0.2993631229733582,-0.9541392564000488
730,3.9,56,4.0,0.0,0.0,0,0,0,0,0.43388373911755823,-0.900968867902419,-0.4853019625310808,-0.8743466161445822
499,3.5,60,2.7,0.0,0.0,0,0,0,0,0.43388373911755823,-0.900968867902419,-0.651372482722222,-0.7587581226927911
348,3.0,62,2.4,0.0,0.0,0,0,0,0,0.43388373911755823,-0.900968867902419,-0.7907757369376986,-0.6121059825476627
393,2.9,64,2.5,0.0,0.0,0,0,0,0,0.43388373911755823,-0.900968867902419,-0.8978045395707417,-0.44039415155763423
346,2.9,65,2.3,0.0,0.0,0,0,0,0,0.43388373911755823,-0.900968867902419,-0.9680771188662041,-0.2506525322587213
202,2.9,63,2.6,0.0,0.0,0,0,0,0,0.43388373911755823,-0.900968867902419,-0.9987165071710528,-0.05064916883871355
42,1.7,86,2.7,0.4,0.4,0,0,0,0,-0.433883739117558,-0.9009688679024191,0.0,1.0
55,0.6,96,2.1,0.0,4.0,0,0,0,0,-0.433883739117558,-0.9009688679024191,0.20129852008866006,0.9795299412524945
62,0.7,97,1.4,0.0,4.1,0,0,0,0,-0.433883739117558,-0.9009688679024191,0.39435585511331855,0.9189578116202306
32,0.9,97,1.2,3.7,4.1,0,0,0,0,-0.433883739117558,-0.9009688679024191,0.5712682150947923,0.8207634412072763
36,1.1,96,2.5,0.0,3.9,0,0,0,0,-0.433883739117558,-0.9009688679024191,0.72479278722912,0.6889669190756866
39,1.0,91,0.7,0.0,3.8,0,0,0,0,-0.433883739117558,-0.9009688679024191,0.8486442574947509,0.5289640103269624
63,0.4,95,0.3,0.0,3.8,0,0,0,0,-0.433883739117558,-0.9009688679024191,0.9377521321470804,0.3473052528448203
174,-0.1,97,0.5,0.0,3.8,0,0,0,0,-0.433883739117558,-0.9009688679024191,0.9884683243281114,0.1514277775045767
391,-0.2,97,0.4,0.0,3.7,0,0,0,0,-0.433883739117558,-0.9009688679024191,0.9987165071710528,-0.05064916883871264
214,0.5,94,0.6,0.0,3.7,0,0,0,0,-0.433883739117558,-0.9009688679024191,0.9680771188662043,-0.2506525322587204
184,2.2,83,0.8,0.0,3.7,0,0,0,0,-0.433883739117558,-0.9009688679024191,0.8978045395707416,-0.4403941515576344
230,3.8,72,0.9,0.0,3.4,0,0,0,0,-0.433883739117558,-0.9009688679024191,0.7907757369376989,-0.6121059825476626
283,5.3,70,0.9,0.0,1.7,0,0,0,0,-0.433883739117558,-0.9009688679024191,0.6513724827222223,-0.758758122692791
304,6.7,64,2.0,0.0,0.6,0,0,0,0,-0.433883739117558,-0.9009688679024191,0.48530196253108104,-0.8743466161445821
312,7.8,57,2.1,0.0,0.0,0,0,0,0,-0.433883739117558,-0.9009688679024191,0.29936312297335804,-0.9541392564000488
312,8.2,62,0.6,0.0,0.0,0,0,0,0,-0.433883739117558,-0.9009688679024191,0.10116832198743272,-0.994869323391895
354,8.3,60,2.7,0.0,0.0,0,0,0,0,-0.433883739117558,-0.9009688679024191,-0.10116832198743204,-0.9948693233918952
470,7.9,68,4.2,0.0,0.0,0,0,0,0,-0.433883739117558,-0.9009688679024191,-0.2993631229733582,-0.9541392564000488
669,7.5,70,5.0,0.0,0.0,0,0,0,0,-0.433883739117558,-0.9009688679024191,-0.4853019625310808,-0.8743466161445822
421,6.9,73,3.7,0.0,0.0,0,0,0,0,-0.433883739117558,-0.9009688679024191,-0.651372482722222,-0.7587581226927911
295,6.4,77,2.8,0.0,0.0,0,0,0,0,-0.433883739117558,-0.9009688679024191,-0.7907757369376986,-0.6121059825476627
321,6.0,79,2.7,0.0,0.0,0,0,0,0,-0.433883739117558,-0.9009688679024191,-0.8978045395707417,-0.44039415155763423
291,5.7,81,2.5,0.0,0.0,0,0,0,0,-0.433883739117558,-0.9009688679024191,-0.9680771188662041,-0.2506525322587213
243,5.5,80,2.7,0.0,0.0,0,0,0,0,-0.433883739117558,-0.9009688679024191,-0.9987165071710528,-0.05064916883871355
226,4.6,82,3.0,0.0,0.0,0,0,0,0,-0.9749279121818236,-0.2225209339563146,0.0,1.0
263,4.0,83,1.7,0.0,0.0,0,0,0,0,-0.9749279121818236,-0.2225209339563146,0.20129852008866006,0.9795299412524945
197,3.7,82,1.6,0.0,0.0,0,0,0,0,-0.9749279121818236,-0.2225209339563146,0.39435585511331855,0.9189578116202306
133,3.5,82,2.9,0.0,0.0,0,0,0,0,-0.9749279121818236,-0.2225209339563146,0.5712682150947923,0.8207634412072763
63,2.7,82,2.8,0.0,0.0,0,0,0,0,-0.9749279121818236,-0.2225209339563146,0.72479278722912,0.6889669190756866
58,1.8,84,2.7,0.0,0.0,0,0,0,0,-0.9749279121818236,-0.2225209339563146,0.8486442574947509,0.5289640103269624
72,1.2,83,2.5,0.0,0.0,0,0,0,0,-0.9749279121818236,-0.2225209339563146,0.9377521321470804,0.3473052528448203
108,0.6,86,1.6,0.0,0.0,0,0,0,0,-0.9749279121818236,-0.2225209339563146,0.9884683243281114,0.1514277775045767
203,0.0,77,2.8,0.0,0.0,0,0,0,0,-0.9749279121818236,-0.2225209339563146,0.9987165071710528,-0.05064916883871264
253,0.6,64,3.8,0.0,0.0,0,0,0,0,-0.9749279121818236,-0.2225209339563146,0.9680771188662043,-0.2506525322587204
259,0.8,60,2.9,0.0,0.0,0,0,0,0,-0.9749279121818236,-0.2225209339563146,0.8978045395707416,-0.4403941515576344
298,2.2,50,2.4,0.0,0.0,0,0,0,0,-0.9749279121818236,-0.2225209339563146,0.7907757369376989,-0.6121059825476626
363,4.0,37,1.4,0.0,0.0,0,0,0,0,-0.9749279121818236,-0.2225209339563146,0.6513724827222223,-0.758758122692791
412,5.3,29,2.1,0.0,0.0,0,0,0,0,-0.9749279121818236,-0.2225209339563146,0.48530196253108104,-0.8743466161445821
454,6.9,19,1.9,0.0,0.0,0,0,0,0,-0.9749279121818236,-0.2225209339563146,0.29936312297335804,-0.9541392564000488
467,6.7,24,2.7,0.0,0.0,0,0,0,0,-0.9749279121818236,-0.2225209339563146,0.10116832198743272,-0.994869323391895
509,5.9,21,3.0,0.0,0.0,0,0,0,0,-0.9749279121818236,-0.2225209339563146,-0.10116832198743204,-0.9948693233918952
462,4.9,28,3.1,0.0,0.0,0,0,0,0,-0.9749279121818236,-0.2225209339563146,-0.2993631229733582,-0.9541392564000488
379,3.5,30,2.9,0.0,0.0,0,0,0,0,-0.9749279121818236,-0.2225209339563146,-0.4853019625310808,-0.8743466161445822
306,2.1,27,2.8,0.0,0.0,0,0,0,0,-0.9749279121818236,-0.2225209339563146,-0.651372482722222,-0.7587581226927911
233,1.1,32,1.4,0.0,0.0,0,0,0,0,-0.9749279121818236,-0.2225209339563146,-0.7907757369376986,-0.6121059825476627
232,0.7,31,1.3,0.0,0.0,0,0,0,0,-0.9749279121818236,-0.2225209339563146,-0.8978045395707417,-0.44039415155763423
219,0.1,32,0.9,0.0,0.0,0,0,0,0,-0.9749279121818236,-0.2225209339563146,-0.9680771188662041,-0.2506525322587213
187,-0.6,39,1.3,0.0,0.0,0,0,0,0,-0.9749279121818236,-0.2225209339563146,-0.9987165071710528,-0.05064916883871355
182,-1.1,44,1.2,0.0,0.0,0,0,0,0,-0.7818314824680299,0.6234898018587334,0.0,1.0
189,-1.4,43,0.6,0.0,0.0,0,0,0,0,-0.7818314824680299,0.6234898018587334,0.20129852008866006,0.9795299412524945
124,-1.5,46,1.1,0.0,0.0,0,0,0,0,-0.7818314824680299,0.6234898018587334,0.39435585511331855,0.9189578116202306
103,-1.3,42,0.8,0.0,0.0,0,0,0,0,-0.7818314824680299,0.6234898018587334,0.5712682150947923,0.8207634412072763
52,-1.1,43,0.7,0.0,0.0,0,0,0,0,-0.7818314824680299,0.6234898018587334,0.72479278722912,0.6889669190756866
37,-0.7,41,0.9,0.0,0.0,0,0,0,0,-0.7818314824680299,0.6234898018587334,0.8486442574947509,0.5289640103269624
54,-0.8,44,0.6,0.0,0.0,0,0,0,0,-0.7818314824680299,0.6234898018587334,0.9377521321470804,0.3473052528448203
77,-1.0,47,0.9,0.0,0.0,0,0,0,0,-0.7818314824680299,0.6234898018587334,0.9884683243281114,0.1514277775045767
158,-1.3,54,0.6,0.0,0.0,0,0,0,0,-0.7818314824680299,0.6234898018587334,0.9987165071710528,-0.05064916883871264
173,-0.3,48,1.1,0.0,0.0,0,0,0,0,-0.7818314824680299,0.6234898018587334,0.9680771188662043,-0.2506525322587204
195,2.1,42,1.1,0.0,0.0,0,0,0,0,-0.7818314824680299,0.6234898018587334,0.8978045395707416,-0.4403941515576344
244,4.3,29,2.6,0.0,0.0,0,0,0,0,-0.7818314824680299,0.6234898018587334,0.7907757369376989,-0.6121059825476626
396,5.5,25,3.1,0.0,0.0,0,0,0,0,-0.7818314824680299,0.6234898018587334,0.6513724827222223,-0.758758122692791
482,6.1,22,2.4,0.0,0.0,0,0,0,0,-0.7818314824680299,0.6234898018587334,0.48530196253108104,-0.8743466161445821
572,7.0,23,2.4,0.0,0.0,0,0,0,0,-0.7818314824680299,0.6234898018587334,0.29936312297335804,-0.9541392564000488
612,7.5,21,2.7,0.0,0.0,0,0,0,0,-0.7818314824680299,0.6234898018587334,0.10116832198743272,-0.994869323391895
688,7.6,18,3.2,0.0,0.0,0,0,0,0,-0.7818314824680299,0.6234898018587334,-0.10116832198743204,-0.9948693233918952
589,6.9,25,2.9,0.0,0.0,0,0,0,0,-0.7818314824680299,0.6234898018587334,-0.2993631229733582,-0.9541392564000488
402,5.2,30,2.8,0.0,0.0,0,0,0,0,-0.7818314824680299,0.6234898018587334,-0.4853019625310808,-0.8743466161445822
297,3.1,40,2.6,0.0,0.0,0,0,0,0,-0.7818314824680299,0.6234898018587334,-0.651372482722222,-0.7587581226927911
232,1.3,49,2.8,0.0,0.0,0,0,0,0,-0.7818314824680299,0.6234898018587334,-0.7907757369376986,-0.6121059825476627
239,0.2,55,2.5,0.0,0.0,0,0,0,0,-0.7818314824680299,0.6234898018587334,-0.8978045395707417,-0.44039415155763423
230,0.0,54,2.5,0.0,0.0,0,0,0,0,-0.7818314824680299,0.6234898018587334,-0.9680771188662041,-0.2506525322587213
173,-0.3,58,1.0,0.0,0.0,0,0,0,0,-0.7818314824680299,0.6234898018587334,-0.9987165071710528,-0.05064916883871355
135,-0.9,60,0.7,0.0,0.0,0,0,0,0,0.0,1.0,0.0,1.0
122,-1.2,63,0.9,0.0,0.0,0,0,0,0,0.0,1.0,0.20129852008866006,0.9795299412524945
80,-1.7,66,0.8,0.0,0.0,0,0,0,0,0.0,1.0,0.39435585511331855,0.9189578116202306
46,-1.9,67,1.0,0.0,0.0,0,0,0,0,0.0,1.0,0.5712682150947923,0.8207634412072763
46,-2.3,69,1.1,0.0,0.0,0,0,0,0,0.0,1.0,0.72479278722912,0.6889669190756866
65,-2.5,73,0.8,0.0,0.0,0,0,0,0,0.0,1.0,0.8486442574947509,0.5289640103269624
161,-2.7,72,0.5,0.0,0.0,0,0,0,0,0.0,1.0,0.9377521321470804,0.3473052528448203
402,-3.1,68,0.8,0.0,0.0,0,0,0,0,0.0,1.0,0.9884683243281114,0.1514277775045767
786,-2.9,63,0.7,0.0,0.0,0,0,0,0,0.0,1.0,0.9987165071710528,-0.05064916883871264
416,-1.1,53,0.9,0.0,0.0,0,0,0,0,0.0,1.0,0.9680771188662043,-0.2506525322587204
289,1.9,46,1.1,0.0,0.0,0,0,0,0,0.0,1.0,0.8978045395707416,-0.4403941515576344
356,4.6,37,1.6,0.0,0.0,0,0,0,0,0.0,1.0,0.7907757369376989,-0.6121059825476626
428,6.9,28,1.1,0.0,0.0,0,0,0,0,0.0,1.0,0.6513724827222223,-0.758758122692791
444,8.1,26,1.2,0.0,0.0,0,0,0,0,0.0,1.0,0.48530196253108104,-0.8743466161445821
455,9.9,25,1.5,0.0,0.0,0,0,0,0,0.0,1.0,0.29936312297335804,-0.9541392564000488
521,10.3,23,2.1,0.0,0.0,0,0,0,0,0.0,1.0,0.10116832198743272,-0.994869323391895
555,9.5,31,3.1,0.0,0.0,0,0,0,0,0.0,1.0,-0.10116832198743204,-0.9948693233918952
646,8.7,30,3.1,0.0,0.0,0,0,0,0,0.0,1.0,-0.2993631229733582,-0.9541392564000488
929,7.2,26,2.3,0.0,0.0,0,0,0,0,0.0,1.0,-0.4853019625310808,-0.8743466161445822
619,5.5,30,2.7,0.0,0.0,0,0,0,0,0.0,1.0,-0.651372482722222,-0.7587581226927911
483,4.3,32,1.7,0.0,0.0,0,0,0,0,0.0,1.0,-0.7907757369376986,-0.6121059825476627
512,3.3,36,1.4,0.0,0.0,0,0,0,0,0.0,1.0,-0.8978045395707417,-0.44039415155763423
443,2.7,40,1.0,0.0,0.0,0,0,0,0,0.0,1.0,-0.9680771188662041,-0.2506525322587213
308,2.8,39,0.7,0.0,0.0,0,0,0,0,0.0,1.0,-0.9987165071710528,-0.05064916883871355
236,2.6,40,1.8,0.0,0.0,0,0,0,0,0.7818314824680298,0.6234898018587336,0.0,1.0
213,2.1,44,0.9,0.0,0.0,0,0,0,0,0.7818314824680298,0.6234898018587336,0.20129852008866006,0.9795299412524945
145,1.5,44,1.2,0.0,0.0,0,0,0,0,0.7818314824680298,0.6234898018587336,0.39435585511331855,0.9189578116202306
102,1.1,44,1.0,0.0,0.0,0,0,0,0,0.7818314824680298,0.6234898018587336,0.5712682150947923,0.8207634412072763
62,0.9,46,0.8,0.0,0.0,0,0,0,0,0.7818314824680298,0.6234898018587336,0.72479278722912,0.6889669190756866
72,0.6,50,0.1,0.0,0.0,0,0,0,0,0.7818314824680298,0.6234898018587336,0.8486442574947509,0.5289640103269624
183,0.6,50,0.4,0.0,0.0,0,0,0,0,0.7818314824680298,0.6234898018587336,0.9377521321470804,0.3473052528448203
443,1.3,47,0.7,0.0,0.0,0,0,0,0,0.7818314824680298,0.6234898018587336,0.9884683243281114,0.1514277775045767
767,2.0,51,0.7,0.0,0.0,0,0,0,0,0.7818314824680298,0.6234898018587336,0.9987165071710528,-0.05064916883871264
455,2.5,51,1.0,0.0,0.0,0,0,0,0,0.7818314824680298,0.6234898018587336,0.9680771188662043,-0.2506525322587204
261,3.3,47,0.7,0.0,0.0,0,0,0,0,0.7818314824680298,0.6234898018587336,0.8978045395707416,-0.4403941515576344
342,4.8,41,0.8,0.0,0.0,0,0,0,0,0.7818314824680298,0.6234898018587336,0.7907757369376989,-0.6121059825476626
353,5.4,37,0.7,0.0,0.0,0,0,0,0,0.7818314824680298,0.6234898018587336,0.6513724827222223,-0.758758122692791
335,5.8,39,0.6,0.0,0.0,0,0,0,0,0.7818314824680298,0.6234898018587336,0.48530196253108104,-0.8743466161445821
357,6.3,40,0.8,0.0,0.0,0,0,0,0,0.7818314824680298,0.6234898018587336,0.29936312297335804,-0.9541392564000488
402,6.7,48,0.8,0.0,0.0,0,0,0,0,0.7818314824680298,0.6234898018587336,0.10116832198743272,-0.994869323391895
411,6.9,54,1.1,0.0,0.0,0,0,0,0,0.7818314824680298,0.6234898018587336,-0.10116832198743204,-0.9948693233918952
529,6.8,57,1.0,0.0,0.0,0,0,0,0,0.7818314824680298,0.6234898018587336,-0.2993631229733582,-0.9541392564000488
897,6.6,62,0.8,0.0,0.0,0,0,0,0,0.7818314824680298,0.6234898018587336,-0.4853019625310808,-0.8743466161445822
616,6.1,44,1.0,0.0,0.0,0,0,0,0,0.7818314824680298,0.6234898018587336,-0.651372482722222,-0.7587581226927911
461,5.9,44,1.3,0.0,0.0,0,0,0,0,0.7818314824680298,0.6234898018587336,-0.7907757369376986,-0.6121059825476627
449,5.7,46,0.8,0.0,0.0,0,0,0,0,0.7818314824680298,0.6234898018587336,-0.8978045395707417,-0.44039415155763423
461,5.4,49,1.1,0.0,0.0,0,0,0,0,0.7818314824680298,0.6234898018587336,-0.9680771188662041,-0.2506525322587213
310,5.3,53,1.5,0.0,0.0,0,0,0,0,0.7818314824680298,0.6234898018587336,-0.9987165071710528,-0.05064916883871355
266,5.1,52,1.1,0.0,0.0,0,0,0,0,0.9749279121818236,-0.22252093395631434,0.0,1.0
229,5.0,53,1.4,0.0,0.0,0,0,0,0,0.9749279121818236,-0.22252093395631434,0.20129852008866006,0.9795299412524945
174,5.2,54,1.3,0.0,0.0,0,0,0,0,0.9749279121818236,-0.22252093395631434,0.39435585511331855,0.9189578116202306
116,5.3,55,1.7,0.0,0.0,0,0,0,0,0.9749279121818236,-0.22252093395631434,0.5712682150947923,0.8207634412072763
72,5.4,56,1.7,0.0,0.0,0,0,0,0,0.9749279121818236,-0.22252093395631434,0.72479278722912,0.6889669190756866
62,5.2,59,1.7,0.0,0.0,0,0,0,0,0.9749279121818236,-0.22252093395631434,0.8486442574947509,0.5289640103269624
165,5.2,60,1.9,0.0,0.0,0,0,0,0,0.9749279121818236,-0.22252093395631434,0.9377521321470804,0.3473052528448203
426,5.5,59,2.8,0.0,0.0,0,0,0,0,0.9749279121818236,-0.22252093395631434,0.9884683243281114,0.1514277775045767
816,5.7,57,2.5,0.0,0.0,0,0,0,0,0.9749279121818236,-0.22252093395631434,0.9987165071710528,-0.05064916883871264
419,6.2,55,2.4,0.0,0.0,0,0,0,0,0.9749279121818236,-0.22252093395631434,0.9680771188662043,-0.2506525322587204
285,6.5,53,2.0,0.0,0.0,0,0,0,0,0.9749279121818236,-0.22252093395631434,0.8978045395707416,-0.4403941515576344
332,7.1,50,2.2,0.0,0.0,0,0,0,0,0.9749279121818236,-0.22252093395631434,0.7907757369376989,-0.6121059825476626
305,7.6,48,2.6,0.0,0.0,0,0,0,0,0.9749279121818236,-0.22252093395631434,0.6513724827222223,-0.758758122692791
28,7.6,57,2.3,0.0,0.0,0,0,0,0,0.9749279121818236,-0.22252093395631434,0.48530196253108104,-0.8743466161445821
17,5.7,80,3.7,0.0,0.0,0,0,0,0,0.9749279121818236,-0.22252093395631434,0.29936312297335804,-0.9541392564000488
7,4.8,87,2.9,4.5,0.0,0,0,0,0,0.9749279121818236,-0.22252093395631434,0.10116832198743272,-0.994869323391895
9,4.2,89,2.5,0.0,0.0,0,0,0,0,0.9749279121818236,-0.22252093395631434,-0.10116832198743204,-0.9948693233918952
8,3.8,90,2.7,0.0,0.0,0,0,0,0,0.9749279121818236,-0.22252093395631434,-0.2993631229733582,-0.9541392564000488
11,3.6,90,2.1,9.5,0.0,0,0,0,0,0.9749279121818236,-0.22252093395631434,-0.4853019625310808,-0.8743466161445822
19,2.5,95,1.9,0.0,0.0,0,0,0,0,0.9749279121818236,-0.22252093395631434,-0.651372482722222,-0.7587581226927911
8,2.7,96,1.5,0.0,0.0,0,0,0,0,0.9749279121818236,-0.22252093395631434,-0.7907757369376986,-0.6121059825476627
10,2.4,95,2.5,9.0,0.0,0,0,0,0,0.9749279121818236,-0.22252093395631434,-0.8978045395707417,-0.44039415155763423
13,2.3,96,1.9,0.0,0.0,0,0,0,0,0.9749279121818236,-0.22252093395631434,-0.9680771188662041,-0.2506525322587213
23,1.8,96,1.2,0.0,0.0,0,0,0,0,0.9749279121818236,-0.22252093395631434,-0.9987165071710528,-0.05064916883871355
71,2.0,96,1.3,2.0,0.0,1,0,1,0,0.43388373911755823,-0.900968867902419,0.0,1.0
147,2.1,97,0.2,0.0,0.0,1,0,1,0,0.43388373911755823,-0.900968867902419,0.20129852008866006,0.9795299412524945
180,2.0,97,1.0,0.0,0.0,1,0,1,0,0.43388373911755823,-0.900968867902419,0.39435585511331855,0.9189578116202306
92,1.6,97,2.3,0.1,0.0,1,0,1,0,0.43388373911755823,-0.900968867902419,0.5712682150947923,0.8207634412072763
28,1.6,97,1.1,0.0,0.0,1,0,1,0,0.43388373911755823,-0.900968867902419,0.72479278722912,0.6889669190756866
11,2.2,97,2.9,0.0,0.0,1,0,1,0,0.43388373911755823,-0.900968867902419,0.8486442574947509,0.5289640103269624
33,3.0,96,2.7,0.4,0.0,1,0,1,0,0.43388373911755823,-0.900968867902419,0.9377521321470804,0.3473052528448203
61,2.6,89,4.3,0.0,0.0,1,0,1,0,0.43388373911755823,-0.900968867902419,0.9884683243281114,0.1514277775045767
148,1.5,80,3.2,0.0,0.0,1,0,1,0,0.43388373911755823,-0.900968867902419,0.9987165071710528,-0.05064916883871264
160,0.1,78,4.9,0.0,0.0,1,0,1,0,0.43388373911755823,-0.900968867902419,0.9680771188662043,-0.2506525322587204
191,0.1,53,5.3,0.0,0.0,1,0,1,0,0.43388373911755823,-0.900968867902419,0.8978045395707416,-0.4403941515576344
239,0.8,52,4.6,0.0,0.0,1,0,1,0,0.43388373911755823,-0.900968867902419,0.7907757369376989,-0.6121059825476626
311,0.5,46,4.7,0.0,0.0,1,0,1,0,0.43388373911755823,-0.900968867902419,0.6513724827222223,-0.758758122692791
358,1.4,37,4.0,0.0,0.0,1,0,1,0,0.43388373911755823,-0.900968867902419,0.48530196253108104,-0.8743466161445821
375,1.2,36,6.0,0.0,0.0,1,0,1,0,0.43388373911755823,-0.900968867902419,0.29936312297335804,-0.9541392564000488
458,1.6,35,4.5,0.0,0.0,1,0,1,0,0.43388373911755823,-0.900968867902419,0.10116832198743272,-0.994869323391895
460,1.4,33,4.8,0.0,0.0,1,0,1,0,0.43388373911755823,-0.900968867902419,-0.10116832198743204,-0.9948693233918952
423,0.4,37,5.2,0.0,0.0,1,0,1,0,0.43388373911755823,-0.900968867902419,-0.2993631229733582,-0.9541392564000488
317,-0.8,40,4.7,0.0,0.0,1,0,1,0,0.43388373911755823,-0.900968867902419,-0.4853019625310808,-0.8743466161445822
231,-1.7,45,3.3,0.0,0.0,1,0,1,0,0.43388373911755823,-0.900968867902419,-0.651372482722222,-0.7587581226927911
246,-2.2,49,3.5,0.0,0.0,1,0,1,0,0.43388373911755823,-0.900968867902419,-0.7907757369376986,-0.6121059825476627
212,-3.0,50,3.7,0.0,0.0,1,0,1,0,0.43388373911755823,-0.900968867902419,-0.8978045395707417,-0.44039415155763423
190,-3.6,52,3.7,0.0,0.0,1,0,1,0,0.43388373911755823,-0.900968867902419,-0.9680771188662041,-0.2506525322587213
190,-4.0,52,3.4,0.0,0.0,1,0,1,0,0.43388373911755823,-0.900968867902419,-0.9987165071710528,-0.05064916883871355
156,-4.3,53,2.6,0.0,0.0,0,0,1,0,-0.433883739117558,-0.9009688679024191,0.0,1.0
108,-4.6,52,2.1,0.0,0.0,0,0,1,0,-0.433883739117558,-0.9009688679024191,0.20129852008866006,0.9795299412524945
71,-5.3,52,1.2,0.0,0.0,0,0,1,0,-0.433883739117558,-0.9009688679024191,0.39435585511331855,0.9189578116202306
49,-5.7,50,1.7,0.0,0.0,0,0,1,0,-0.433883739117558,-0.9009688679024191,0.5712682150947923,0.8207634412072763
47,-5.8,48,1.5,0.0,0.0,0,0,1,0,-0.433883739117558,-0.9009688679024191,0.72479278722912,0.6889669190756866
65,-6.1,49,1.0,0.0,0.0,0,0,1,0,-0.433883739117558,-0.9009688679024191,0.8486442574947509,0.5289640103269624
135,-6.4,50,1.5,0.0,0.0,0,0,1,0,-0.433883739117558,-0.9009688679024191,0.9377521321470804,0.3473052528448203
401,-6.6,52,0.5,0.0,0.0,0,0,1,0,-0.433883739117558,-0.9009688679024191,0.9884683243281114,0.1514277775045767
617,-6.2,45,0.4,0.0,0.0,0,0,1,0,-0.433883739117558,-0.9009688679024191,0.9987165071710528,-0.05064916883871264
343,-4.6,34,1.2,0.0,0.0,0,0,1,0,-0.433883739117558,-0.9009688679024191,0.9680771188662043,-0.2506525322587204
274,-1.8,30,2.1,0.0,0.0,0,0,1,0,-0.433883739117558,-0.9009688679024191,0.8978045395707416,-0.4403941515576344
343,0.1,30,1.8,0.0,0.0,0,0,1,0,-0.433883739117558,-0.9009688679024191,0.7907757369376989,-0.6121059825476626
388,1.8,26,2.2,0.0,0.0,0,0,1,0,-0.433883739117558,-0.9009688679024191,0.6513724827222223,-0.758758122692791
375,2.3,22,3.1,0.0,0.0,0,0,1,0,-0.433883739117558,-0.9009688679024191,0.48530196253108104,-0.8743466161445821
450,3.4,23,2.4,0.0,0.0,0,0,1,0,-0.433883739117558,-0.9009688679024191,0.29936312297335804,-0.9541392564000488
463,4.3,22,1.3,0.0,0.0,0,0,1,0,-0.433883739117558,-0.9009688679024191,0.10116832198743272,-0.994869323391895
574,5.2,21,2.1,0.0,0.0,0,0,1,0,-0.433883739117558,-0.9009688679024191,-0.10116832198743204,-0.9948693233918952
631,4.3,21,2.5,0.0,0.0,0,0,1,0,-0.433883739117558,-0.9009688679024191,-0.2993631229733582,-0.9541392564000488
854,3.5,22,0.9,0.0,0.0,0,0,1,0,-0.433883739117558,-0.9009688679024191,-0.4853019625310808,-0.8743466161445822
568,2.0,26,2.3,0.0,0.0,0,0,1,0,-0.433883739117558,-0.9009688679024191,-0.651372482722222,-0.7587581226927911
427,1.2,35,2.5,0.0,0.0,0,0,1,0,-0.433883739117558,-0.9009688679024191,-0.7907757369376986,-0.6121059825476627
396,1.0,34,1.4,0.0,0.0,0,0,1,0,-0.433883739117558,-0.9009688679024191,-0.8978045395707417,-0.44039415155763423
414,0.5,38,0.9,0.0,0.0,0,0,1,0,-0.433883739117558,-0.9009688679024191,-0.9680771188662041,-0.2506525322587213
284,0.3,38,0.2,0.0,0.0,0,0,1,0,-0.433883739117558,-0.9009688679024191,-0.9987165071710528,-0.05064916883871355
218,0.5,34,0.4,0.0,0.0,0,0,1,0,-0.9749279121818236,-0.2225209339563146,0.0,1.0
229,0.6,36,0.4,0.0,0.0,0,0,1,0,-0.9749279121818236,-0.2225209339563146,0.20129852008866006,0.9795299412524945
176,0.9,35,0.5,0.0,0.0,0,0,1,0,-0.9749279121818236,-0.2225209339563146,0.39435585511331855,0.9189578116202306
149,0.8,38,0.8,0.0,0.0,0,0,1,0,-0.9749279121818236,-0.2225209339563146,0.5712682150947923,0.8207634412072763
93,0.6,43,0.9,0.0,0.0,0,0,1,0,-0.9749279121818236,-0.2225209339563146,0.72479278722912,0.6889669190756866
55,0.8,39,1.0,0.0,0.0,0,0,1,0,-0.9749279121818236,-0.2225209339563146,0.8486442574947509,0.5289640103269624
71,0.5,42,0.9,0.0,0.0,0,0,1,0,-0.9749279121818236,-0.2225209339563146,0.9377521321470804,0.3473052528448203
159,0.1,43,1.4,0.0,0.0,0,0,1,0,-0.9749279121818236,-0.2225209339563146,0.9884683243281114,0.1514277775045767
306,0.4,38,1.8,0.0,0.0,0,0,1,0,-0.9749279121818236,-0.2225209339563146,0.9987165071710528,-0.05064916883871264
329,2.2,30,1.5,0.0,0.0,0,0,1,0,-0.9749279121818236,-0.2225209339563146,0.9680771188662043,-0.2506525322587204
354,5.1,27,1.2,0.0,0.0,0,0,1,0,-0.9749279121818236,-0.2225209339563146,0.8978045395707416,-0.4403941515576344
431,8.1,21,2.1,0.0,0.0,0,0,1,0,-0.9749279121818236,-0.2225209339563146,0.7907757369376989,-0.6121059825476626
605,10.7,16,1.7,0.0,0.0,0,0,1,0,-0.9749279121818236,-0.2225209339563146,0.6513724827222223,-0.758758122692791
771,12.2,14,1.6,0.0,0.0,0,0,1,0,-0.9749279121818236,-0.2225209339563146,0.48530196253108104,-0.8743466161445821
1025,14.4,14,1.4,0.0,0.0,0,0,1,0,-0.9749279121818236,-0.2225209339563146,0.29936312297335804,-0.9541392564000488
1238,16.0,14,2.2,0.0,0.0,0,0,1,0,-0.9749279121818236,-0.2225209339563146,0.10116832198743272,-0.994869323391895
1285,15.8,15,2.6,0.0,0.0,0,0,1,0,-0.9749279121818236,-0.2225209339563146,-0.10116832198743204,-0.9948693233918952
1197,15.0,22,2.5,0.0,0.0,0,0,1,0,-0.9749279121818236,-0.2225209339563146,-0.2993631229733582,-0.9541392564000488
920,13.9,26,1.9,0.0,0.0,0,0,1,0,-0.9749279121818236,-0.2225209339563146,-0.4853019625310808,-0.8743466161445822
630,12.7,32,2.3,0.0,0.0,0,0,1,0,-0.9749279121818236,-0.2225209339563146,-0.651372482722222,-0.7587581226927911
631,11.1,51,3.7,0.0,0.0,0,0,1,0,-0.9749279121818236,-0.2225209339563146,-0.7907757369376986,-0.6121059825476627
588,10.3,52,2.2,0.0,0.0,0,0,1,0,-0.9749279121818236,-0.2225209339563146,-0.8978045395707417,-0.44039415155763423
516,10.2,49,1.7,0.0,0.0,0,0,1,0,-0.9749279121818236,-0.2225209339563146,-0.9680771188662041,-0.2506525322587213
215,9.4,74,1.6,0.0,0.0,0,0,1,0,-0.9749279121818236,-0.2225209339563146,-0.9987165071710528,-0.05064916883871355
161,8.5,87,0.9,0.0,0.0,0,0,1,0,-0.7818314824680299,0.6234898018587334,0.0,1.0
118,8.3,91,0.1,0.0,0.0,0,0,1,0,-0.7818314824680299,0.6234898018587334,0.20129852008866006,0.9795299412524945
95,8.3,95,0.3,0.0,0.0,0,0,1,0,-0.7818314824680299,0.6234898018587334,0.39435585511331855,0.9189578116202306
90,8.5,96,0.4,0.1,0.0,0,0,1,0,-0.7818314824680299,0.6234898018587334,0.5712682150947923,0.8207634412072763
34,8.8,95,0.2,0.0,0.0,0,0,1,0,-0.7818314824680299,0.6234898018587334,0.72479278722912,0.6889669190756866
15,8.8,96,1.2,0.0,0.0,0,0,1,0,-0.7818314824680299,0.6234898018587334,0.8486442574947509,0.5289640103269624
20,8.6,96,0.7,0.2,0.0,0,0,1,0,-0.7818314824680299,0.6234898018587334,0.9377521321470804,0.3473052528448203
23,8.4,97,2.6,0.0,0.0,0,0,1,0,-0.7818314824680299,0.6234898018587334,0.9884683243281114,0.1514277775045767
70,8.3,97,0.6,0.0,0.0,0,0,1,0,-0.7818314824680299,0.6234898018587334,0.9987165071710528,-0.05064916883871264
157,8.8,97,1.3,0.2,0.0,0,0,1,0,-0.7818314824680299,0.6234898018587334,0.9680771188662043,-0.2506525322587204
239,9.8,90,0.8,0.0,0.0,0,0,1,0,-0.7818314824680299,0.6234898018587334,0.8978045395707416,-0.4403941515576344
273,10.1,88,0.7,0.0,0.0,0,0,1,0,-0.7818314824680299,0.6234898018587334,0.7907757369376989,-0.6121059825476626
358,10.7,85,0.9,0.0,0.0,0,0,1,0,-0.7818314824680299,0.6234898018587334,0.6513724827222223,-0.758758122692791
429,10.8,84,1.2,0.0,0.0,0,0,1,0,-0.7818314824680299,0.6234898018587334,0.48530196253108104,-0.8743466161445821
475,11.2,83,1.1,0.0,0.0,0,0,1,0,-0.7818314824680299,0.6234898018587334,0.29936312297335804,-0.9541392564000488
468,11.7,81,1.2,0.0,0.0,0,0,1,0,-0.7818314824680299,0.6234898018587334,0.10116832198743272,-0.994869323391895
396,11.7,82,1.1,0.0,0.0,0,0,1,0,-0.7818314824680299,0.6234898018587334,-0.10116832198743204,-0.9948693233918952
492,11.8,82,1.7,0.0,0.0,0,0,1,0,-0.7818314824680299,0.6234898018587334,-0.2993631229733582,-0.9541392564000488
436,11.5,81,1.5,0.0,0.0,0,0,1,0,-0.7818314824680299,0.6234898018587334,-0.4853019625310808,-0.8743466161445822
289,11.2,81,2.3,0.0,0.0,0,0,1,0,-0.7818314824680299,0.6234898018587334,-0.651372482722222,-0.7587581226927911
26,11.3,80,1.2,0.0,0.0,0,0,1,0,-0.7818314824680299,0.6234898018587334,-0.7907757369376986,-0.6121059825476627
7,10.6,89,2.1,2.0,0.0,0,0,1,0,-0.7818314824680299,0.6234898018587334,-0.8978045395707417,-0.44039415155763423
8,9.6,92,2.5,0.0,0.0,0,0,1,0,-0.7818314824680299,0.6234898018587334,-0.9680771188662041,-0.2506525322587213
9,8.7,91,2.9,0.0,0.0,0,0,1,0,-0.7818314824680299,0.6234898018587334,-0.9987165071710528,-0.05064916883871355
22,7.6,88,2.5,9.0,0.0,0,0,1,0,0.0,1.0,0.0,1.0
23,7.0,88,2.5,0.0,0.0,0,0,1,0,0.0,1.0,0.20129852008866006,0.9795299412524945
9,6.3,89,2.2,0.0,0.0,0,0,1,0,0.0,1.0,0.39435585511331855,0.9189578116202306
2,5.7,92,2.0,1.5,0.0,0,0,1,0,0.0,1.0,0.5712682150947923,0.8207634412072763
4,5.1,90,2.6,0.0,0.0,0,0,1,0,0.0,1.0,0.72479278722912,0.6889669190756866
22,4.7,89,2.3,0.0,0.0,0,0,1,0,0.0,1.0,0.8486442574947509,0.5289640103269624
20,4.2,87,2.0,2.0,0.0,0,0,1,0,0.0,1.0,0.9377521321470804,0.3473052528448203
85,3.8,87,2.2,0.0,0.0,0,0,1,0,0.0,1.0,0.9884683243281114,0.1514277775045767
184,3.6,88,2.3,0.0,0.0,0,0,1,0,0.0,1.0,0.9987165071710528,-0.05064916883871264
211,3.7,85,1.8,0.0,0.0,0,0,1,0,0.0,1.0,0.9680771188662043,-0.2506525322587204
232,4.4,80,1.8,0.0,0.0,0,0,1,0,0.0,1.0,0.8978045395707416,-0.4403941515576344
322,6.1,66,1.9,0.0,0.0,0,0,1,0,0.0,1.0,0.7907757369376989,-0.6121059825476626
438,7.6,58,2.4,0.0,0.0,0,0,1,0,0.0,1.0,0.6513724827222223,-0.758758122692791
465,8.3,51,2.0,0.0,0.0,0,0,1,0,0.0,1.0,0.48530196253108104,-0.8743466161445821
550,10.0,44,1.9,0.0,0.0,0,0,1,0,0.0,1.0,0.29936312297335804,-0.9541392564000488
637,10.3,43,2.5,0.0,0.0,0,0,1,0,0.0,1.0,0.10116832198743272,-0.994869323391895
718,11.0,39,1.2,0.0,0.0,0,0,1,0,0.0,1.0,-0.10116832198743204,-0.9948693233918952
865,10.0,43,1.4,0.0,0.0,0,0,1,0,0.0,1.0,-0.2993631229733582,-0.9541392564000488
1155,8.1,47,1.7,0.0,0.0,0,0,1,0,0.0,1.0,-0.4853019625310808,-0.8743466161445822
782,5.8,53,1.7,0.0,0.0,0,0,1,0,0.0,1.0,-0.651372482722222,-0.7587581226927911
578,4.3,57,1.3,0.0,0.0,0,0,1,0,0.0,1.0,-0.7907757369376986,-0.6121059825476627
533,3.1,59,1.5,0.0,0.0,0,0,1,0,0.0,1.0,-0.8978045395707417,-0.44039415155763423
466,2.3,63,1.0,0.0,0.0,0,0,1,0,0.0,1.0,-0.9680771188662041,-0.2506525322587213
274,1.9,60,1.3,0.0,0.0,0,0,1,0,0.0,1.0,-0.9987165071710528,-0.05064916883871355
224,1.3,69,0.8,0.0,0.0,0,0,1,0,0.7818314824680298,0.6234898018587336,0.0,1.0
188,0.8,67,0.8,0.0,0.0,0,0,1,0,0.7818314824680298,0.6234898018587336,0.20129852008866006,0.9795299412524945
122,0.3,71,0.9,0.0,0.0,0,0,1,0,0.7818314824680298,0.6234898018587336,0.39435585511331855,0.9189578116202306
82,0.1,71,0.4,0.0,0.0,0,0,1,0,0.7818314824680298,0.6234898018587336,0.5712682150947923,0.8207634412072763
79,-0.5,75,0.6,0.0,0.0,0,0,1,0,0.7818314824680298,0.6234898018587336,0.72479278722912,0.6889669190756866
80,-0.9,78,0.6,0.0,0.0,0,0,1,0,0.7818314824680298,0.6234898018587336,0.8486442574947509,0.5289640103269624
214,-1.0,77,0.4,0.0,0.0,0,0,1,0,0.7818314824680298,0.6234898018587336,0.9377521321470804,0.3473052528448203
583,-1.0,78,0.6,0.0,0.0,0,0,1,0,0.7818314824680298,0.6234898018587336,0.9884683243281114,0.1514277775045767
997,-0.7,76,1.0,0.0,0.0,0,0,1,0,0.7818314824680298,0.6234898018587336,0.9987165071710528,-0.05064916883871264
556,1.2,62,0.8,0.0,0.0,0,0,1,0,0.7818314824680298,0.6234898018587336,0.9680771188662043,-0.2506525322587204
380,3.7,51,1.3,0.0,0.0,0,0,1,0,0.7818314824680298,0.6234898018587336,0.8978045395707416,-0.4403941515576344
475,6.3,41,1.3,0.0,0.0,0,0,1,0,0.7818314824680298,0.6234898018587336,0.7907757369376989,-0.6121059825476626
504,8.5,34,1.9,0.0,0.0,0,0,1,0,0.7818314824680298,0.6234898018587336,0.6513724827222223,-0.758758122692791
528,9.3,27,2.2,0.0,0.0,0,0,1,0,0.7818314824680298,0.6234898018587336,0.48530196253108104,-0.8743466161445821
567,9.2,27,2.9,0.0,0.0,0,0,1,0,0.7818314824680298,0.6234898018587336,0.29936312297335804,-0.9541392564000488
616,10.1,24,1.8,0.0,0.0,0,0,1,0,0.7818314824680298,0.6234898018587336,0.10116832198743272,-0.994869323391895
680,10.6,26,1.9,0.0,0.0,0,0,1,0,0.7818314824680298,0.6234898018587336,-0.10116832198743204,-0.9948693233918952
883,10.2,27,2.8,0.0,0.0,0,0,1,0,0.7818314824680298,0.6234898018587336,-0.2993631229733582,-0.9541392564000488
1246,8.7,28,3.2,0.0,0.0,0,0,1,0,0.7818314824680298,0.6234898018587336,-0.4853019625310808,-0.8743466161445822
833,7.1,30,2.7,0.0,0.0,0,0,1,0,0.7818314824680298,0.6234898018587336,-0.651372482722222,-0.7587581226927911
666,6.1,31,2.8,0.0,0.0,0,0,1,0,0.7818314824680298,0.6234898018587336,-0.7907757369376986,-0.6121059825476627
625,5.5,33,3.2,0.0,0.0,0,0,1,0,0.7818314824680298,0.6234898018587336,-0.8978045395707417,-0.44039415155763423
514,4.5,40,1.3,0.0,0.0,0,0,1,0,0.7818314824680298,0.6234898018587336,-0.9680771188662041,-0.2506525322587213
361,3.5,44,0.9,0.0,0.0,0,0,1,0,0.7818314824680298,0.6234898018587336,-0.9987165071710528,-0.05064916883871355
289,2.8,45,1.7,0.0,0.0,0,0,1,0,0.9749279121818236,-0.22252093395631434,0.0,1.0
194,2.8,46,2.0,0.0,0.0,0,0,1,0,0.9749279121818236,-0.22252093395631434,0.20129852008866006,0.9795299412524945
134,2.6,50,1.3,0.0,0.0,0,0,1,0,0.9749279121818236,-0.22252093395631434,0.39435585511331855,0.9189578116202306
92,2.7,55,1.5,0.0,0.0,0,0,1,0,0.9749279121818236,-0.22252093395631434,0.5712682150947923,0.8207634412072763
49,2.6,61,1.7,0.0,0.0,0,0,1,0,0.9749279121818236,-0.22252093395631434,0.72479278722912,0.6889669190756866
97,2.5,63,1.3,0.0,0.0,0,0,1,0,0.9749279121818236,-0.22252093395631434,0.8486442574947509,0.5289640103269624
232,2.4,65,1.8,0.0,0.0,0,0,1,0,0.9749279121818236,-0.22252093395631434,0.9377521321470804,0.3473052528448203
598,2.2,65,1.9,0.0,0.0,0,0,1,0,0.9749279121818236,-0.22252093395631434,0.9884683243281114,0.1514277775045767
1032,2.6,63,1.6,0.0,0.0,0,0,1,0,0.9749279121818236,-0.22252093395631434,0.9987165071710528,-0.05064916883871264
566,3.8,58,2.0,0.0,0.0,0,0,1,0,0.9749279121818236,-0.22252093395631434,0.9680771188662043,-0.2506525322587204
410,5.2,52,1.5,0.0,0.0,0,0,1,0,0.9749279121818236,-0.22252093395631434,0.8978045395707416,-0.4403941515576344
441,8.0,43,1.7,0.0,0.0,0,0,1,0,0.9749279121818236,-0.22252093395631434,0.7907757369376989,-0.6121059825476626
550,9.6,39,1.8,0.0,0.0,0,0,1,0,0.9749279121818236,-0.22252093395631434,0.6513724827222223,-0.758758122692791
509,9.9,39,1.9,0.0,0.0,0,0,1,0,0.9749279121818236,-0.22252093395631434,0.48530196253108104,-0.8743466161445821
505,9.8,38,0.9,0.0,0.0,0,0,1,0,0.9749279121818236,-0.22252093395631434,0.29936312297335804,-0.9541392564000488
620,10.2,34,2.3,0.0,0.0,0,0,1,0,0.9749279121818236,-0.22252093395631434,0.10116832198743272,-0.994869323391895
646,10.4,36,3.2,0.0,0.0,0,0,1,0,0.9749279121818236,-0.22252093395631434,-0.10116832198743204,-0.9948693233918952
849,10.4,37,1.0,0.0,0.0,0,0,1,0,0.9749279121818236,-0.22252093395631434,-0.2993631229733582,-0.9541392564000488
1365,9.6,42,2.0,0.0,0.0,0,0,1,0,0.9749279121818236,-0.22252093395631434,-0.4853019625310808,-0.8743466161445822
799,8.9,44,2.3,0.0,0.0,0,0,1,0,0.9749279121818236,-0.22252093395631434,-0.651372482722222,-0.7587581226927911
587,8.5,46,1.0,0.0,0.0,0,0,1,0,0.9749279121818236,-0.22252093395631434,-0.7907757369376986,-0.6121059825476627
411,7.9,56,1.4,0.0,0.0,0,0,1,0,0.9749279121818236,-0.22252093395631434,-0.8978045395707417,-0.44039415155763423
147,7.2,60,1.4,0.0,0.0,0,0,1,0,0.9749279121818236,-0.22252093395631434,-0.9680771188662041,-0.2506525322587213
48,6.0,79,2.0,0.0,0.0,0,0,1,0,0.9749279121818236,-0.22252093395631434,-0.9987165071710528,-0.05064916883871355
49,5.2,83,1.5,0.5,0.0,0,0,1,0,0.43388373911755823,-0.900968867902419,0.0,1.0
23,4.7,86,0.7,0.0,0.0,0,0,1,0,0.43388373911755823,-0.900968867902419,0.20129852008866006,0.9795299412524945
19,4.2,88,0.9,0.0,0.0,0,0,1,0,0.43388373911755823,-0.900968867902419,0.39435585511331855,0.9189578116202306
12,3.8,90,0.8,2.0,0.0,0,0,1,0,0.43388373911755823,-0.900968867902419,0.5712682150947923,0.8207634412072763
8,3.3,90,1.3,0.0,0.0,0,0,1,0,0.43388373911755823,-0.900968867902419,0.72479278722912,0.6889669190756866
17,3.1,90,1.2,0.0,0.0,0,0,1,0,0.43388373911755823,-0.900968867902419,0.8486442574947509,0.5289640103269624
32,3.1,89,0.2,1.5,0.0,0,0,1,0,0.43388373911755823,-0.900968867902419,0.9377521321470804,0.3473052528448203
64,3.0,90,0.7,0.0,0.0,0,0,1,0,0.43388373911755823,-0.900968867902419,0.9884683243281114,0.1514277775045767
88,3.0,94,0.3,0.0,0.0,0,0,1,0,0.43388373911755823,-0.900968867902419,0.9987165071710528,-0.05064916883871264
100,3.4,90,1.5,0.5,0.0,0,0,1,0,0.43388373911755823,-0.900968867902419,0.9680771188662043,-0.2506525322587204
165,3.6,88,2.6,0.0,0.0,0,0,1,0,0.43388373911755823,-0.900968867902419,0.8978045395707416,-0.4403941515576344
290,4.5,82,2.0,0.0,0.0,0,0,1,0,0.43388373911755823,-0.900968867902419,0.7907757369376989,-0.6121059825476626
375,5.6,72,3.0,0.0,0.0,0,0,1,0,0.43388373911755823,-0.900968867902419,0.6513724827222223,-0.758758122692791
405,6.7,65,3.2,0.0,0.0,0,0,1,0,0.43388373911755823,-0.900968867902419,0.48530196253108104,-0.8743466161445821
452,7.7,62,2.4,0.0,0.0,0,0,1,0,0.43388373911755823,-0.900968867902419,0.29936312297335804,-0.9541392564000488
555,9.2,53,3.3,0.0,0.0,0,0,1,0,0.43388373911755823,-0.900968867902419,0.10116832198743272,-0.994869323391895
594,9.5,56,3.1,0.0,0.0,0,0,1,0,0.43388373911755823,-0.900968867902419,-0.10116832198743204,-0.9948693233918952
757,7.5,64,4.3,0.0,0.0,0,0,1,0,0.43388373911755823,-0.900968867902419,-0.2993631229733582,-0.9541392564000488
1091,5.9,68,3.4,0.0,0.0,0,0,1,0,0.43388373911755823,-0.900968867902419,-0.4853019625310808,-0.8743466161445822
683,4.5,72,2.7,0.0,0.0,0,0,1,0,0.43388373911755823,-0.900968867902419,-0.651372482722222,-0.7587581226927911
586,3.3,74,2.6,0.0,0.0,0,0,1,0,0.43388373911755823,-0.900968867902419,-0.7907757369376986,-0.6121059825476627
533,3.1,74,3.2,0.0,0.0,0,0,1,0,0.43388373911755823,-0.900968867902419,-0.8978045395707417,-0.44039415155763423
498,2.8,74,2.1,0.0,0.0,0,0,1,0,0.43388373911755823,-0.900968867902419,-0.9680771188662041,-0.2506525322587213
315,2.8,73,1.8,0.0,0.0,0,0,1,0,0.43388373911755823,-0.900968867902419,-0.9987165071710528,-0.05064916883871355
272,3.0,72,2.3,0.0,0.0,0,0,1,0,-0.433883739117558,-0.9009688679024191,0.0,1.0
228,2.8,73,2.6,0.0,0.0,0,0,1,0,-0.433883739117558,-0.9009688679024191,0.20129852008866006,0.9795299412524945
155,2.8,74,1.2,0.0,0.0,0,0,1,0,-0.433883739117558,-0.9009688679024191,0.39435585511331855,0.9189578116202306
105,2.7,75,0.7,0.0,0.0,0,0,1,0,-0.433883739117558,-0.9009688679024191,0.5712682150947923,0.8207634412072763
66,2.5,76,1.0,0.0,0.0,0,0,1,0,-0.433883739117558,-0.9009688679024191,0.72479278722912,0.6889669190756866
88,2.5,76,0.7,0.0,0.0,0,0,1,0,-0.433883739117558,-0.9009688679024191,0.8486442574947509,0.5289640103269624
195,2.5,71,1.1,0.0,0.0,0,0,1,0,-0.433883739117558,-0.9009688679024191,0.9377521321470804,0.3473052528448203
574,1.6,76,0.7,0.0,0.0,0,0,1,0,-0.433883739117558,-0.9009688679024191,0.9884683243281114,0.1514277775045767
1041,1.8,67,0.7,0.0,0.0,0,0,1,0,-0.433883739117558,-0.9009688679024191,0.9987165071710528,-0.05064916883871264
570,3.5,60,1.3,0.0,0.0,0,0,1,0,-0.433883739117558,-0.9009688679024191,0.9680771188662043,-0.2506525322587204
361,4.8,54,1.3,0.0,0.0,0,0,1,0,-0.433883739117558,-0.9009688679024191,0.8978045395707416,-0.4403941515576344
444,5.9,51,0.7,0.0,0.0,0,0,1,0,-0.433883739117558,-0.9009688679024191,0.7907757369376989,-0.6121059825476626
510,6.8,51,1.0,0.0,0.0,0,0,1,0,-0.433883739117558,-0.9009688679024191,0.6513724827222223,-0.758758122692791
509,7.5,44,2.0,0.0,0.0,0,0,1,0,-0.433883739117558,-0.9009688679024191,0.48530196253108104,-0.8743466161445821
542,8.0,42,1.5,0.0,0.0,0,0,1,0,-0.433883739117558,-0.9009688679024191,0.29936312297335804,-0.9541392564000488
611,7.7,51,2.9,0.0,0.0,0,0,1,0,-0.433883739117558,-0.9009688679024191,0.10116832198743272,-0.994869323391895
686,9.6,38,1.7,0.0,0.0,0,0,1,0,-0.433883739117558,-0.9009688679024191,-0.10116832198743204,-0.9948693233918952
834,8.9,46,1.8,0.0,0.0,0,0,1,0,-0.433883739117558,-0.9009688679024191,-0.2993631229733582,-0.9541392564000488
1231,7.0,55,2.0,0.0,0.0,0,0,1,0,-0.433883739117558,-0.9009688679024191,-0.4853019625310808,-0.8743466161445822
718,5.4,60,3.9,0.0,0.0,0,0,1,0,-0.433883739117558,-0.9009688679024191,-0.651372482722222,-0.7587581226927911
535,4.3,67,1.1,0.0,0.0,0,0,1,0,-0.433883739117558,-0.9009688679024191,-0.7907757369376986,-0.6121059825476627
537,3.5,69,1.4,0.0,0.0,0,0,1,0,-0.433883739117558,-0.9009688679024191,-0.8978045395707417,-0.44039415155763423
521,2.9,69,1.2,0.0,0.0,0,0,1,0,-0.433883739117558,-0.9009688679024191,-0.9680771188662041,-0.2506525322587213
309,2.5,72,1.5,0.0,0.0,0,0,1,0,-0.433883739117558,-0.9009688679024191,-0.9987165071710528,-0.05064916883871355
328,2.1,74,1.4,0.0,0.0,0,0,1,0,-0.9749279121818236,-0.2225209339563146,0.0,1.0
305,2.0,75,1.0,0.0,0.0,0,0,1,0,-0.9749279121818236,-0.2225209339563146,0.20129852008866006,0.9795299412524945
241,1.6,79,0.9,0.0,0.0,0,0,1,0,-0.9749279121818236,-0.2225209339563146,0.39435585511331855,0.9189578116202306
139,1.3,80,0.6,0.0,0.0,0,0,1,0,-0.9749279121818236,-0.2225209339563146,0.5712682150947923,0.8207634412072763
91,0.9,81,0.6,0.0,0.0,0,0,1,0,-0.9749279121818236,-0.2225209339563146,0.72479278722912,0.6889669190756866
79,0.8,80,0.3,0.0,0.0,0,0,1,0,-0.9749279121818236,-0.2225209339563146,0.8486442574947509,0.5289640103269624
74,1.1,78,1.1,0.0,0.0,0,0,1,0,-0.9749279121818236,-0.2225209339563146,0.9377521321470804,0.3473052528448203
208,0.9,78,1.1,0.0,0.0,0,0,1,0,-0.9749279121818236,-0.2225209339563146,0.9884683243281114,0.1514277775045767
340,1.5,73,1.2,0.0,0.0,0,0,1,0,-0.9749279121818236,-0.2225209339563146,0.9987165071710528,-0.05064916883871264
381,2.7,71,1.3,0.0,0.0,0,0,1,0,-0.9749279121818236,-0.2225209339563146,0.9680771188662043,-0.2506525322587204
416,3.5,65,2.4,0.0,0.0,0,0,1,0,-0.9749279121818236,-0.2225209339563146,0.8978045395707416,-0.4403941515576344
497,5.7,58,2.3,0.0,0.0,0,0,1,0,-0.9749279121818236,-0.2225209339563146,0.7907757369376989,-0.6121059825476626
650,7.1,50,2.2,0.0,0.0,0,0,1,0,-0.9749279121818236,-0.2225209339563146,0.6513724827222223,-0.758758122692791
757,8.2,42,3.1,0.0,0.0,0,0,1,0,-0.9749279121818236,-0.2225209339563146,0.48530196253108104,-0.8743466161445821
906,9.2,38,2.6,0.0,0.0,0,0,1,0,-0.9749279121818236,-0.2225209339563146,0.29936312297335804,-0.9541392564000488
931,8.1,36,4.7,0.0,0.0,0,0,1,0,-0.9749279121818236,-0.2225209339563146,0.10116832198743272,-0.994869323391895
972,8.3,37,3.8,0.0,0.0,0,0,1,0,-0.9749279121818236,-0.2225209339563146,-0.10116832198743204,-0.9948693233918952
829,7.7,46,2.8,0.0,0.0,0,0,1,0,-0.9749279121818236,-0.2225209339563146,-0.2993631229733582,-0.9541392564000488
664,6.2,61,3.2,0.0,0.0,0,0,1,0,-0.9749279121818236,-0.2225209339563146,-0.4853019625310808,-0.8743466161445822
573,5.3,67,2.6,0.0,0.0,0,0,1,0,-0.9749279121818236,-0.2225209339563146,-0.651372482722222,-0.7587581226927911
447,5.2,69,1.8,0.0,0.0,0,0,1,0,-0.9749279121818236,-0.2225209339563146,-0.7907757369376986,-0.6121059825476627
470,5.0,73,2.2,0.0,0.0,0,0,1,0,-0.9749279121818236,-0.2225209339563146,-0.8978045395707417,-0.44039415155763423
421,5.0,75,2.2,0.0,0.0,0,0,1,0,-0.9749279121818236,-0.2225209339563146,-0.9680771188662041,-0.2506525322587213
345,5.1,75,1.4,0.0,0.0,0,0,1,0,-0.9749279121818236,-0.2225209339563146,-0.9987165071710528,-0.05064916883871355
376,5.1,77,1.9,0.0,0.0,0,0,1,0,-0.7818314824680299,0.6234898018587334,0.0,1.0
222,4.8,80,1.3,0.0,0.0,0,0,1,0,-0.7818314824680299,0.6234898018587334,0.20129852008866006,0.9795299412524945
171,4.7,78,1.5,0.0,0.0,0,0,1,0,-0.7818314824680299,0.6234898018587334,0.39435585511331855,0.9189578116202306
115,4.4,80,1.6,0.0,0.0,0,0,1,0,-0.7818314824680299,0.6234898018587334,0.5712682150947923,0.8207634412072763
80,4.2,81,1.3,0.0,0.0,0,0,1,0,-0.7818314824680299,0.6234898018587334,0.72479278722912,0.6889669190756866
45,3.9,85,1.6,0.0,0.0,0,0,1,0,-0.7818314824680299,0.6234898018587334,0.8486442574947509,0.5289640103269624
63,3.4,85,1.5,0.0,0.0,0,0,1,0,-0.7818314824680299,0.6234898018587334,0.9377521321470804,0.3473052528448203
119,2.9,84,1.9,0.0,0.0,0,0,1,0,-0.7818314824680299,0.6234898018587334,0.9884683243281114,0.1514277775045767
212,2.8,82,1.2,0.0,0.0,0,0,1,0,-0.7818314824680299,0.6234898018587334,0.9987165071710528,-0.05064916883871264
289,3.9,77,2.0,0.0,0.0,0,0,1,0,-0.7818314824680299,0.6234898018587334,0.9680771188662043,-0.2506525322587204
394,5.9,69,2.6,0.0,0.0,0,0,1,0,-0.7818314824680299,0.6234898018587334,0.8978045395707416,-0.4403941515576344
425,7.6,54,1.6,0.0,0.0,0,0,1,0,-0.7818314824680299,0.6234898018587334,0.7907757369376989,-0.6121059825476626
666,9.2,40,2.6,0.0,0.0,0,0,1,0,-0.7818314824680299,0.6234898018587334,0.6513724827222223,-0.758758122692791
843,10.3,31,2.1,0.0,0.0,0,0,1,0,-0.7818314824680299,0.6234898018587334,0.48530196253108104,-0.8743466161445821
1154,11.6,20,2.7,0.0,0.0,0,0,1,0,-0.7818314824680299,0.6234898018587334,0.29936312297335804,-0.9541392564000488
1294,11.9,26,2.8,0.0,0.0,0,0,1,0,-0.7818314824680299,0.6234898018587334,0.10116832198743272,-0.994869323391895
1205,11.9,25,2.7,0.0,0.0,0,0,1,0,-0.7818314824680299,0.6234898018587334,-0.10116832198743204,-0.9948693233918952
1028,11.1,25,2.0,0.0,0.0,0,0,1,0,-0.7818314824680299,0.6234898018587334,-0.2993631229733582,-0.9541392564000488
776,9.4,22,2.9,0.0,0.0,0,0,1,0,-0.7818314824680299,0.6234898018587334,-0.4853019625310808,-0.8743466161445822
596,7.8,28,1.9,0.0,0.0,0,0,1,0,-0.7818314824680299,0.6234898018587334,-0.651372482722222,-0.7587581226927911
530,6.7,32,1.9,0.0,0.0,0,0,1,0,-0.7818314824680299,0.6234898018587334,-0.7907757369376986,-0.6121059825476627
533,5.7,34,1.0,0.0,0.0,0,0,1,0,-0.7818314824680299,0.6234898018587334,-0.8978045395707417,-0.44039415155763423
419,5.3,31,2.3,0.0,0.0,0,0,1,0,-0.7818314824680299,0.6234898018587334,-0.9680771188662041,-0.2506525322587213
288,4.2,34,1.7,0.0,0.0,0,0,1,0,-0.7818314824680299,0.6234898018587334,-0.9987165071710528,-0.05064916883871355
222,3.5,46,1.1,0.0,0.0,0,0,1,0,0.0,1.0,0.0,1.0
163,2.9,51,0.8,0.0,0.0,0,0,1,0,0.0,1.0,0.20129852008866006,0.9795299412524945
95,2.7,46,0.4,0.0,0.0,0,0,1,0,0.0,1.0,0.39435585511331855,0.9189578116202306
60,2.3,48,0.8,0.0,0.0,0,0,1,0,0.0,1.0,0.5712682150947923,0.8207634412072763
47,2.8,52,0.6,0.0,0.0,0,0,1,0,0.0,1.0,0.72479278722912,0.6889669190756866
106,3.3,53,0.4,0.0,0.0,0,0,1,0,0.0,1.0,0.8486442574947509,0.5289640103269624
261,2.8,57,0.7,0.0,0.0,0,0,1,0,0.0,1.0,0.9377521321470804,0.3473052528448203
662,3.0,53,0.5,0.0,0.0,0,0,1,0,0.0,1.0,0.9884683243281114,0.1514277775045767
1066,3.8,47,0.8,0.0,0.0,0,0,1,0,0.0,1.0,0.9987165071710528,-0.05064916883871264
604,4.8,43,1.0,0.0,0.0,0,0,1,0,0.0,1.0,0.9680771188662043,-0.2506525322587204
406,6.6,40,1.0,0.0,0.0,0,0,1,0,0.0,1.0,0.8978045395707416,-0.4403941515576344
463,9.2,33,1.1,0.0,0.0,0,0,1,0,0.0,1.0,0.7907757369376989,-0.6121059825476626
581,11.7,32,1.6,0.0,0.0,0,0,1,0,0.0,1.0,0.6513724827222223,-0.758758122692791
588,13.6,34,1.8,0.0,0.0,0,0,1,0,0.0,1.0,0.48530196253108104,-0.8743466161445821
603,14.9,34,2.8,0.0,0.0,0,0,1,0,0.0,1.0,0.29936312297335804,-0.9541392564000488
694,15.3,32,2.9,0.0,0.0,0,0,1,0,0.0,1.0,0.10116832198743272,-0.994869323391895
752,14.5,34,3.1,0.0,0.0,0,0,1,0,0.0,1.0,-0.10116832198743204,-0.9948693233918952
931,13.7,38,2.6,0.0,0.0,0,0,1,0,0.0,1.0,-0.2993631229733582,-0.9541392564000488
1425,12.2,43,2.8,0.0,0.0,0,0,1,0,0.0,1.0,-0.4853019625310808,-0.8743466161445822
946,10.6,47,2.0,0.0,0.0,0,0,1,0,0.0,1.0,-0.651372482722222,-0.7587581226927911
801,9.4,50,2.1,0.0,0.0,0,0,1,0,0.0,1.0,-0.7907757369376986,-0.6121059825476627
771,8.7,49,1.7,0.0,0.0,0,0,1,0,0.0,1.0,-0.8978045395707417,-0.44039415155763423
695,7.8,49,0.1,0.0,0.0,0,0,1,0,0.0,1.0,-0.9680771188662041,-0.2506525322587213
397,6.8,56,0.9,0.0,0.0,0,0,1,0,0.0,1.0,-0.9987165071710528,-0.05064916883871355
309,6.4,62,0.7,0.0,0.0,0,0,1,0,0.7818314824680298,0.6234898018587336,0.0,1.0
231,5.9,65,1.0,0.0,0.0,0,0,1,0,0.7818314824680298,0.6234898018587336,0.20129852008866006,0.9795299412524945
161,5.4,66,0.6,0.0,0.0,0,0,1,0,0.7818314824680298,0.6234898018587336,0.39435585511331855,0.9189578116202306
103,5.5,62,0.6,0.0,0.0,0,0,1,0,0.7818314824680298,0.6234898018587336,0.5712682150947923,0.8207634412072763
88,6.2,59,0.8,0.0,0.0,0,0,1,0,0.7818314824680298,0.6234898018587336,0.72479278722912,0.6889669190756866
97,6.8,56,0.9,0.0,0.0,0,0,1,0,0.7818314824680298,0.6234898018587336,0.8486442574947509,0.5289640103269624
252,7.0,58,0.7,0.0,0.0,0,0,1,0,0.7818314824680298,0.6234898018587336,0.9377521321470804,0.3473052528448203
668,7.2,56,0.5,0.0,0.0,0,0,1,0,0.7818314824680298,0.6234898018587336,0.9884683243281114,0.1514277775045767
1215,8.0,48,0.4,0.0,0.0,0,0,1,0,0.7818314824680298,0.6234898018587336,0.9987165071710528,-0.05064916883871264
616,9.4,44,0.3,0.0,0.0,0,0,1,0,0.7818314824680298,0.6234898018587336,0.9680771188662043,-0.2506525322587204
428,10.9,40,0.5,0.0,0.0,0,0,1,0,0.7818314824680298,0.6234898018587336,0.8978045395707416,-0.4403941515576344
571,12.6,49,1.4,0.0,0.0,0,0,1,0,0.7818314824680298,0.6234898018587336,0.7907757369376989,-0.6121059825476626
626,15.5,47,3.3,0.0,0.0,0,0,1,0,0.7818314824680298,0.6234898018587336,0.6513724827222223,-0.758758122692791
678,17.1,42,3.2,0.0,0.0,0,0,1,0,0.7818314824680298,0.6234898018587336,0.48530196253108104,-0.8743466161445821
705,18.3,43,2.2,0.0,0.0,0,0,1,0,0.7818314824680298,0.6234898018587336,0.29936312297335804,-0.9541392564000488
815,18.6,47,3.3,0.0,0.0,0,0,1,0,0.7818314824680298,0.6234898018587336,0.10116832198743272,-0.994869323391895
890,17.6,53,3.7,0.0,0.0,0,0,1,0,0.7818314824680298,0.6234898018587336,-0.10116832198743204,-0.9948693233918952
1085,16.9,62,3.1,0.0,0.0,0,0,1,0,0.7818314824680298,0.6234898018587336,-0.2993631229733582,-0.9541392564000488
1749,15.7,68,3.3,0.0,0.0,0,0,1,0,0.7818314824680298,0.6234898018587336,-0.4853019625310808,-0.8743466161445822
1224,14.1,77,2.0,0.0,0.0,0,0,1,0,0.7818314824680298,0.6234898018587336,-0.651372482722222,-0.7587581226927911
986,13.9,77,1.5,0.0,0.0,0,0,1,0,0.7818314824680298,0.6234898018587336,-0.7907757369376986,-0.6121059825476627
982,13.7,79,2.0,0.0,0.0,0,0,1,0,0.7818314824680298,0.6234898018587336,-0.8978045395707417,-0.44039415155763423
912,13.5,81,2.8,0.0,0.0,0,0,1,0,0.7818314824680298,0.6234898018587336,-0.9680771188662041,-0.2506525322587213
572,13.4,81,2.6,0.0,0.0,0,0,1,0,0.7818314824680298,0.6234898018587336,-0.9987165071710528,-0.05064916883871355
412,13.6,79,2.2,0.0,0.0,0,0,1,0,0.9749279121818236,-0.22252093395631434,0.0,1.0
309,13.7,73,2.2,0.0,0.0,0,0,1,0,0.9749279121818236,-0.22252093395631434,0.20129852008866006,0.9795299412524945
226,13.8,70,1.3,0.0,0.0,0,0,1,0,0.9749279121818236,-0.22252093395631434,0.39435585511331855,0.9189578116202306
142,14.0,67,2.3,0.0,0.0,0,0,1,0,0.9749279121818236,-0.22252093395631434,0.5712682150947923,0.8207634412072763
82,14.0,70,1.5,0.0,0.0,0,0,1,0,0.9749279121818236,-0.22252093395631434,0.72479278722912,0.6889669190756866
123,14.1,69,1.3,0.0,0.0,0,0,1,0,0.9749279121818236,-0.22252093395631434,0.8486442574947509,0.5289640103269624
290,14.1,69,1.6,0.0,0.0,0,0,1,0,0.9749279121818236,-0.22252093395631434,0.9377521321470804,0.3473052528448203
786,14.1,69,1.1,0.0,0.0,0,0,1,0,0.9749279121818236,-0.22252093395631434,0.9884683243281114,0.1514277775045767
1371,14.2,67,0.9,0.0,0.0,0,0,1,0,0.9749279121818236,-0.22252093395631434,0.9987165071710528,-0.05064916883871264
761,14.6,62,1.2,0.0,0.0,0,0,1,0,0.9749279121818236,-0.22252093395631434,0.9680771188662043,-0.2506525322587204
552,15.7,58,1.3,0.0,0.0,0,0,1,0,0.9749279121818236,-0.22252093395631434,0.8978045395707416,-0.4403941515576344
643,17.5,55,2.1,0.0,0.0,0,0,1,0,0.9749279121818236,-0.22252093395631434,0.7907757369376989,-0.6121059825476626
813,19.9,44,2.7,0.0,0.0,0,0,1,0,0.9749279121818236,-0.22252093395631434,0.6513724827222223,-0.758758122692791
789,20.9,44,4.7,0.0,0.0,0,0,1,0,0.9749279121818236,-0.22252093395631434,0.48530196253108104,-0.8743466161445821
878,21.1,42,4.3,0.0,0.0,0,0,1,0,0.9749279121818236,-0.22252093395631434,0.29936312297335804,-0.9541392564000488
1025,21.7,39,3.3,0.0,0.0,0,0,1,0,0.9749279121818236,-0.22252093395631434,0.10116832198743272,-0.994869323391895
1049,21.7,41,3.2,0.0,0.0,0,0,1,0,0.9749279121818236,-0.22252093395631434,-0.10116832198743204,-0.9948693233918952
1325,20.5,49,3.5,0.0,0.0,0,0,1,0,0.9749279121818236,-0.22252093395631434,-0.2993631229733582,-0.9541392564000488
2100,19.2,53,2.4,0.0,0.0,0,0,1,0,0.9749279121818236,-0.22252093395631434,-0.4853019625310808,-0.8743466161445822
1478,17.9,54,2.9,0.0,0.0,0,0,1,0,0.9749279121818236,-0.22252093395631434,-0.651372482722222,-0.7587581226927911
1275,17.2,60,2.5,0.0,0.0,0,0,1,0,0.9749279121818236,-0.22252093395631434,-0.7907757369376986,-0.6121059825476627
1181,16.8,67,2.0,0.0,0.0,0,0,1,0,0.9749279121818236,-0.22252093395631434,-0.8978045395707417,-0.44039415155763423
983,16.2,71,2.0,0.0,0.0,0,0,1,0,0.9749279121818236,-0.22252093395631434,-0.9680771188662041,-0.2506525322587213
587,16.1,69,1.8,0.0,0.0,0,0,1,0,0.9749279121818236,-0.22252093395631434,-0.9987165071710528,-0.05064916883871355
466,16.0,69,2.4,0.0,0.0,0,0,1,0,0.43388373911755823,-0.900968867902419,0.0,1.0
355,16.3,68,2.1,0.0,0.0,0,0,1,0,0.43388373911755823,-0.900968867902419,0.20129852008866006,0.9795299412524945
203,16.5,68,1.3,0.0,0.0,0,0,1,0,0.43388373911755823,-0.900968867902419,0.39435585511331855,0.9189578116202306
51,16.5,69,2.4,0.0,0.0,0,0,1,0,0.43388373911755823,-0.900968867902419,0.5712682150947923,0.8207634412072763
9,15.1,86,2.1,0.0,0.0,0,0,1,0,0.43388373911755823,-0.900968867902419,0.72479278722912,0.6889669190756866
8,14.5,94,2.0,0.0,0.0,0,0,1,0,0.43388373911755823,-0.900968867902419,0.8486442574947509,0.5289640103269624
10,14.4,96,0.7,8.0,0.0,0,0,1,0,0.43388373911755823,-0.900968867902419,0.9377521321470804,0.3473052528448203
15,14.3,97,0.3,0.0,0.0,0,0,1,0,0.43388373911755823,-0.900968867902419,0.9884683243281114,0.1514277775045767
39,14.1,97,1.1,0.0,0.0,0,0,1,0,0.43388373911755823,-0.900968867902419,0.9987165071710528,-0.05064916883871264
32,14.1,98,1.1,17.0,0.0,0,0,1,0,0.43388373911755823,-0.900968867902419,0.9680771188662043,-0.2506525322587204
27,14.2,98,1.2,0.0,0.0,0,0,1,0,0.43388373911755823,-0.900968867902419,0.8978045395707416,-0.4403941515576344
65,13.9,98,1.4,0.0,0.0,0,0,1,0,0.43388373911755823,-0.900968867902419,0.7907757369376989,-0.6121059825476626
204,13.3,97,2.9,2.0,0.0,0,0,1,0,0.43388373911755823,-0.900968867902419,0.6513724827222223,-0.758758122692791
269,12.7,97,2.6,0.0,0.0,0,0,1,0,0.43388373911755823,-0.900968867902419,0.48530196253108104,-0.8743466161445821
289,12.1,97,2.0,0.0,0.0,0,0,1,0,0.43388373911755823,-0.900968867902419,0.29936312297335804,-0.9541392564000488
329,11.6,97,3.4,0.0,0.0,0,0,1,0,0.43388373911755823,-0.900968867902419,0.10116832198743272,-0.994869323391895
214,10.7,98,1.2,0.0,0.0,0,0,1,0,0.43388373911755823,-0.900968867902419,-0.10116832198743204,-0.9948693233918952
411,10.9,98,1.3,0.0,0.0,0,0,1,0,0.43388373911755823,-0.900968867902419,-0.2993631229733582,-0.9541392564000488
676,10.4,98,2.5,0.0,0.0,0,0,1,0,0.43388373911755823,-0.900968867902419,-0.4853019625310808,-0.8743466161445822
606,10.4,98,2.0,0.0,0.0,0,0,1,0,0.43388373911755823,-0.900968867902419,-0.651372482722222,-0.7587581226927911
533,10.5,97,1.8,0.0,0.0,0,0,1,0,0.43388373911755823,-0.900968867902419,-0.7907757369376986,-0.6121059825476627
567,10.4,96,2.7,0.0,0.0,0,0,1,0,0.43388373911755823,-0.900968867902419,-0.8978045395707417,-0.44039415155763423
506,9.8,90,3.7,0.0,0.0,0,0,1,0,0.43388373911755823,-0.900968867902419,-0.9680771188662041,-0.2506525322587213
343,9.3,90,4.1,0.0,0.0,0,0,1,0,0.43388373911755823,-0.900968867902419,-0.9987165071710528,-0.05064916883871355
287,8.4,86,2.2,0.0,0.0,0,0,1,0,-0.433883739117558,-0.9009688679024191,0.0,1.0
278,7.2,83,2.1,0.0,0.0,0,0,1,0,-0.433883739117558,-0.9009688679024191,0.20129852008866006,0.9795299412524945
178,6.7,72,2.1,0.0,0.0,0,0,1,0,-0.433883739117558,-0.9009688679024191,0.39435585511331855,0.9189578116202306
102,6.1,67,2.6,0.0,0.0,0,0,1,0,-0.433883739117558,-0.9009688679024191,0.5712682150947923,0.8207634412072763
85,5.7,62,2.4,0.0,0.0,0,0,1,0,-0.433883739117558,-0.9009688679024191,0.72479278722912,0.6889669190756866
85,5.2,60,2.0,0.0,0.0,0,0,1,0,-0.433883739117558,-0.9009688679024191,0.8486442574947509,0.5289640103269624
222,4.4,61,1.7,0.0,0.0,0,0,1,0,-0.433883739117558,-0.9009688679024191,0.9377521321470804,0.3473052528448203
652,3.7,59,2.9,0.0,0.0,0,0,1,0,-0.433883739117558,-0.9009688679024191,0.9884683243281114,0.1514277775045767
1176,3.8,56,2.4,0.0,0.0,0,0,1,0,-0.433883739117558,-0.9009688679024191,0.9987165071710528,-0.05064916883871264
683,5.2,51,1.7,0.0,0.0,0,0,1,0,-0.433883739117558,-0.9009688679024191,0.9680771188662043,-0.2506525322587204
507,6.7,46,2.2,0.0,0.0,0,0,1,0,-0.433883739117558,-0.9009688679024191,0.8978045395707416,-0.4403941515576344
557,8.2,45,2.4,0.0,0.0,0,0,1,0,-0.433883739117558,-0.9009688679024191,0.7907757369376989,-0.6121059825476626
705,9.4,40,2.6,0.0,0.0,0,0,1,0,-0.433883739117558,-0.9009688679024191,0.6513724827222223,-0.758758122692791
715,10.4,38,2.4,0.0,0.0,0,0,1,0,-0.433883739117558,-0.9009688679024191,0.48530196253108104,-0.8743466161445821
772,11.0,36,1.8,0.0,0.0,0,0,1,0,-0.433883739117558,-0.9009688679024191,0.29936312297335804,-0.9541392564000488
923,11.9,32,1.9,0.0,0.0,0,0,1,0,-0.433883739117558,-0.9009688679024191,0.10116832198743272,-0.994869323391895
976,11.6,31,1.4,0.0,0.0,0,0,1,0,-0.433883739117558,-0.9009688679024191,-0.10116832198743204,-0.9948693233918952
1160,11.2,30,1.5,0.0,0.0,0,0,1,0,-0.433883739117558,-0.9009688679024191,-0.2993631229733582,-0.9541392564000488
1641,10.0,33,1.2,0.0,0.0,0,0,1,0,-0.433883739117558,-0.9009688679024191,-0.4853019625310808,-0.8743466161445822
974,8.1,36,1.2,0.0,0.0,0,0,1,0,-0.433883739117558,-0.9009688679024191,-0.651372482722222,-0.7587581226927911
774,6.7,41,1.0,0.0,0.0,0,0,1,0,-0.433883739117558,-0.9009688679024191,-0.7907757369376986,-0.6121059825476627
710,5.8,43,1.8,0.0,0.0,0,0,1,0,-0.433883739117558,-0.9009688679024191,-0.8978045395707417,-0.44039415155763423
660,4.9,46,0.8,0.0,0.0,0,0,1,0,-0.433883739117558,-0.9009688679024191,-0.9680771188662041,-0.2506525322587213
455,4.2,47,1.3,0.0,0.0,0,0,1,0,-0.433883739117558,-0.9009688679024191,-0.9987165071710528,-0.05064916883871355
414,3.7,48,1.6,0.0,0.0,0,0,1,0,-0.9749279121818236,-0.2225209339563146,0.0,1.0
366,3.0,52,0.7,0.0,0.0,0,0,1,0,-0.9749279121818236,-0.2225209339563146,0.20129852008866006,0.9795299412524945
268,2.3,56,0.6,0.0,0.0,0,0,1,0,-0.9749279121818236,-0.2225209339563146,0.39435585511331855,0.9189578116202306
157,1.8,59,0.7,0.0,0.0,0,0,1,0,-0.9749279121818236,-0.2225209339563146,0.5712682150947923,0.8207634412072763
103,1.3,61,0.7,0.0,0.0,0,0,1,0,-0.9749279121818236,-0.2225209339563146,0.72479278722912,0.6889669190756866
60,1.0,62,0.9,0.0,0.0,0,0,1,0,-0.9749279121818236,-0.2225209339563146,0.8486442574947509,0.5289640103269624
109,0.8,63,1.0,0.0,0.0,0,0,1,0,-0.9749279121818236,-0.2225209339563146,0.9377521321470804,0.3473052528448203
193,0.5,64,0.8,0.0,0.0,0,0,1,0,-0.9749279121818236,-0.2225209339563146,0.9884683243281114,0.1514277775045767
384,1.3,57,1.0,0.0,0.0,0,0,1,0,-0.9749279121818236,-0.2225209339563146,0.9987165071710528,-0.05064916883871264
520,3.4,49,1.6,0.0,0.0,0,0,1,0,-0.9749279121818236,-0.2225209339563146,0.9680771188662043,-0.2506525322587204
561,6.0,43,1.0,0.0,0.0,0,0,1,0,-0.9749279121818236,-0.2225209339563146,0.8978045395707416,-0.4403941515576344
742,8.0,39,1.2,0.0,0.0,0,0,1,0,-0.9749279121818236,-0.2225209339563146,0.7907757369376989,-0.6121059825476626
933,10.0,38,1.5,0.0,0.0,0,0,1,0,-0.9749279121818236,-0.2225209339563146,0.6513724827222223,-0.758758122692791
1111,10.9,32,1.2,0.0,0.0,0,0,1,0,-0.9749279121818236,-0.2225209339563146,0.48530196253108104,-0.8743466161445821
1294,12.1,29,2.3,0.0,0.0,0,0,1,0,-0.9749279121818236,-0.2225209339563146,0.29936312297335804,-0.9541392564000488
1514,13.2,23,2.8,0.0,0.0,0,0,1,0,-0.9749279121818236,-0.2225209339563146,0.10116832198743272,-0.994869323391895
1440,13.7,28,2.1,0.0,0.0,0,0,1,0,-0.9749279121818236,-0.2225209339563146,-0.10116832198743204,-0.9948693233918952
1272,12.1,34,2.5,0.0,0.0,0,0,1,0,-0.9749279121818236,-0.2225209339563146,-0.2993631229733582,-0.9541392564000488
934,10.6,42,2.8,0.0,0.0,0,0,1,0,-0.9749279121818236,-0.2225209339563146,-0.4853019625310808,-0.8743466161445822
718,8.8,49,3.2,0.0,0.0,0,0,1,0,-0.9749279121818236,-0.2225209339563146,-0.651372482722222,-0.7587581226927911
688,7.9,54,2.3,0.0,0.0,0,0,1,0,-0.9749279121818236,-0.2225209339563146,-0.7907757369376986,-0.6121059825476627
624,7.4,54,2.0,0.0,0.0,0,0,1,0,-0.9749279121818236,-0.2225209339563146,-0.8978045395707417,-0.44039415155763423
562,7.0,55,2.7,0.0,0.0,0,0,1,0,-0.9749279121818236,-0.2225209339563146,-0.9680771188662041,-0.2506525322587213
422,6.4,59,1.1,0.0,0.0,0,0,1,0,-0.9749279121818236,-0.2225209339563146,-0.9987165071710528,-0.05064916883871355
407,5.9,56,1.1,0.0,0.0,0,0,1,0,-0.7818314824680299,0.6234898018587334,0.0,1.0
309,5.7,55,1.4,0.0,0.0,0,0,1,0,-0.7818314824680299,0.6234898018587334,0.20129852008866006,0.9795299412524945
226,5.5,56,1.2,0.0,0.0,0,0,1,0,-0.7818314824680299,0.6234898018587334,0.39435585511331855,0.9189578116202306
174,5.5,57,1.1,0.0,0.0,0,0,1,0,-0.7818314824680299,0.6234898018587334,0.5712682150947923,0.8207634412072763
106,5.6,55,0.4,0.0,0.0,0,0,1,0,-0.7818314824680299,0.6234898018587334,0.72479278722912,0.6889669190756866
67,5.6,55,1.2,0.0,0.0,0,0,1,0,-0.7818314824680299,0.6234898018587334,0.8486442574947509,0.5289640103269624
73,5.7,54,1.7,0.0,0.0,0,0,1,0,-0.7818314824680299,0.6234898018587334,0.9377521321470804,0.3473052528448203
152,5.5,58,1.0,0.0,0.0,0,0,1,0,-0.7818314824680299,0.6234898018587334,0.9884683243281114,0.1514277775045767
293,5.9,58,1.8,0.0,0.0,0,0,1,0,-0.7818314824680299,0.6234898018587334,0.9987165071710528,-0.05064916883871264
398,6.3,53,0.5,0.0,0.0,0,0,1,0,-0.7818314824680299,0.6234898018587334,0.9680771188662043,-0.2506525322587204
460,7.2,53,1.6,0.0,0.0,0,0,1,0,-0.7818314824680299,0.6234898018587334,0.8978045395707416,-0.4403941515576344
587,8.5,49,0.7,0.0,0.0,0,0,1,0,-0.7818314824680299,0.6234898018587334,0.7907757369376989,-0.6121059825476626
751,9.8,46,1.2,0.0,0.0,0,0,1,0,-0.7818314824680299,0.6234898018587334,0.6513724827222223,-0.758758122692791
881,10.6,43,1.3,0.0,0.0,0,0,1,0,-0.7818314824680299,0.6234898018587334,0.48530196253108104,-0.8743466161445821
993,11.0,41,1.1,0.0,0.0,0,0,1,0,-0.7818314824680299,0.6234898018587334,0.29936312297335804,-0.9541392564000488
1128,12.0,37,0.8,0.0,0.0,0,0,1,0,-0.7818314824680299,0.6234898018587334,0.10116832198743272,-0.994869323391895
1059,12.3,30,1.6,0.0,0.0,0,0,1,0,-0.7818314824680299,0.6234898018587334,-0.10116832198743204,-0.9948693233918952
603,11.1,42,2.2,0.0,0.0,0,0,1,0,-0.7818314824680299,0.6234898018587334,-0.2993631229733582,-0.9541392564000488
365,10.4,47,0.4,0.0,0.0,0,0,1,0,-0.7818314824680299,0.6234898018587334,-0.4853019625310808,-0.8743466161445822
237,10.0,53,1.7,0.0,0.0,0,0,1,0,-0.7818314824680299,0.6234898018587334,-0.651372482722222,-0.7587581226927911
146,9.2,66,1.1,0.0,0.0,0,0,1,0,-0.7818314824680299,0.6234898018587334,-0.7907757369376986,-0.6121059825476627
71,8.8,72,0.9,0.0,0.0,0,0,1,0,-0.7818314824680299,0.6234898018587334,-0.8978045395707417,-0.44039415155763423
70,8.1,76,0.8,0.0,0.0,0,0,1,0,-0.7818314824680299,0.6234898018587334,-0.9680771188662041,-0.2506525322587213
53,7.4,80,1.3,0.0,0.0,0,0,1,0,-0.7818314824680299,0.6234898018587334,-0.9987165071710528,-0.05064916883871355
67,7.0,81,1.1,0.5,0.0,0,0,1,0,0.0,1.0,0.0,1.0
38,6.7,84,0.8,0.0,0.0,0,0,1,0,0.0,1.0,0.20129852008866006,0.9795299412524945
28,6.6,86,0.6,0.0,0.0,0,0,1,0,0.0,1.0,0.39435585511331855,0.9189578116202306
12,6.5,88,0.9,0.3,0.0,0,0,1,0,0.0,1.0,0.5712682150947923,0.8207634412072763
9,6.3,90,1.0,0.0,0.0,0,0,1,0,0.0,1.0,0.72479278722912,0.6889669190756866
27,6.2,89,1.5,0.0,0.0,0,0,1,0,0.0,1.0,0.8486442574947509,0.5289640103269624
91,6.5,88,1.2,0.2,0.0,0,0,1,0,0.0,1.0,0.9377521321470804,0.3473052528448203
370,6.5,88,1.4,0.0,0.0,0,0,1,0,0.0,1.0,0.9884683243281114,0.1514277775045767
592,7.3,84,2.2,0.0,0.0,0,0,1,0,0.0,1.0,0.9987165071710528,-0.05064916883871264
387,8.2,81,2.7,0.5,0.0,0,0,1,0,0.0,1.0,0.9680771188662043,-0.2506525322587204
292,9.1,77,2.7,0.0,0.0,0,0,1,0,0.0,1.0,0.8978045395707416,-0.4403941515576344
393,10.2,65,3.3,0.0,0.0,0,0,1,0,0.0,1.0,0.7907757369376989,-0.6121059825476626
403,10.2,58,3.5,0.0,0.0,0,0,1,0,0.0,1.0,0.6513724827222223,-0.758758122692791
387,10.1,61,3.7,0.0,0.0,0,0,1,0,0.0,1.0,0.48530196253108104,-0.8743466161445821
326,10.1,59,3.3,0.0,0.0,0,0,1,0,0.0,1.0,0.29936312297335804,-0.9541392564000488
263,9.8,57,3.0,0.0,0.0,0,0,1,0,0.0,1.0,0.10116832198743272,-0.994869323391895
271,8.9,63,3.0,0.0,0.0,0,0,1,0,0.0,1.0,-0.10116832198743204,-0.9948693233918952
605,8.5,59,2.7,0.0,0.0,0,0,1,0,0.0,1.0,-0.2993631229733582,-0.9541392564000488
1200,8.6,55,2.4,0.0,0.0,0,0,1,0,0.0,1.0,-0.4853019625310808,-0.8743466161445822
818,8.4,51,3.3,0.0,0.0,0,0,1,0,0.0,1.0,-0.651372482722222,-0.7587581226927911
711,8.3,47,3.1,0.0,0.0,0,0,1,0,0.0,1.0,-0.7907757369376986,-0.6121059825476627
731,8.0,47,3.3,0.0,0.0,0,0,1,0,0.0,1.0,-0.8978045395707417,-0.44039415155763423
565,7.6,48,3.1,0.0,0.0,0,0,1,0,0.0,1.0,-0.9680771188662041,-0.2506525322587213
382,6.9,44,3.3,0.0,0.0,0,0,1,0,0.0,1.0,-0.9987165071710528,-0.05064916883871355
297,6.3,42,3.3,0.0,0.0,0,0,1,0,0.7818314824680298,0.6234898018587336,0.0,1.0
243,5.5,42,3.1,0.0,0.0,0,0,1,0,0.7818314824680298,0.6234898018587336,0.20129852008866006,0.9795299412524945
165,5.1,44,3.4,0.0,0.0,0,0,1,0,0.7818314824680298,0.6234898018587336,0.39435585511331855,0.9189578116202306
95,4.7,44,3.8,0.0,0.0,0,0,1,0,0.7818314824680298,0.6234898018587336,0.5712682150947923,0.8207634412072763
69,4.4,44,3.1,0.0,0.0,0,0,1,0,0.7818314824680298,0.6234898018587336,0.72479278722912,0.6889669190756866
92,4.1,42,3.1,0.0,0.0,0,0,1,0,0.7818314824680298,0.6234898018587336,0.8486442574947509,0.5289640103269624
235,3.9,43,3.4,0.0,0.0,0,0,1,0,0.7818314824680298,0.6234898018587336,0.9377521321470804,0.3473052528448203
677,3.8,44,4.1,0.0,0.0,0,0,1,0,0.7818314824680298,0.6234898018587336,0.9884683243281114,0.1514277775045767
1212,4.3,43,4.2,0.0,0.0,0,0,1,0,0.7818314824680298,0.6234898018587336,0.9987165071710528,-0.05064916883871264
661,5.7,38,3.9,0.0,0.0,0,0,1,0,0.7818314824680298,0.6234898018587336,0.9680771188662043,-0.2506525322587204
418,7.4,35,3.5,0.0,0.0,0,0,1,0,0.7818314824680298,0.6234898018587336,0.8978045395707416,-0.4403941515576344
488,8.4,34,3.6,0.0,0.0,0,0,1,0,0.7818314824680298,0.6234898018587336,0.7907757369376989,-0.6121059825476626
522,9.0,33,3.1,0.0,0.0,0,0,1,0,0.7818314824680298,0.6234898018587336,0.6513724827222223,-0.758758122692791
516,8.0,37,3.4,0.0,0.0,0,0,1,0,0.7818314824680298,0.6234898018587336,0.48530196253108104,-0.8743466161445821
478,7.3,38,3.4,0.0,0.0,0,0,1,0,0.7818314824680298,0.6234898018587336,0.29936312297335804,-0.9541392564000488
492,6.5,39,3.3,0.0,0.0,0,0,1,0,0.7818314824680298,0.6234898018587336,0.10116832198743272,-0.994869323391895
518,5.6,42,4.2,0.0,0.0,0,0,1,0,0.7818314824680298,0.6234898018587336,-0.10116832198743204,-0.9948693233918952
719,4.9,43,4.3,0.0,0.0,0,0,1,0,0.7818314824680298,0.6234898018587336,-0.2993631229733582,-0.9541392564000488
1111,4.1,43,3.5,0.0,0.0,0,0,1,0,0.7818314824680298,0.6234898018587336,-0.4853019625310808,-0.8743466161445822
716,3.2,45,3.7,0.0,0.0,0,0,1,0,0.7818314824680298,0.6234898018587336,-0.651372482722222,-0.7587581226927911
543,2.7,45,3.3,0.0,0.0,0,0,1,0,0.7818314824680298,0.6234898018587336,-0.7907757369376986,-0.6121059825476627
494,2.3,40,3.3,0.0,0.0,0,0,1,0,0.7818314824680298,0.6234898018587336,-0.8978045395707417,-0.44039415155763423
460,2.0,37,2.7,0.0,0.0,0,0,1,0,0.7818314824680298,0.6234898018587336,-0.9680771188662041,-0.2506525322587213
294,1.8,37,2.3,0.0,0.0,0,0,1,0,0.7818314824680298,0.6234898018587336,-0.9987165071710528,-0.05064916883871355
240,1.6,39,2.3,0.0,0.0,0,0,1,0,0.9749279121818236,-0.22252093395631434,0.0,1.0
223,1.5,40,2.8,0.0,0.0,0,0,1,0,0.9749279121818236,-0.22252093395631434,0.20129852008866006,0.9795299412524945
147,1.4,40,2.9,0.0,0.0,0,0,1,0,0.9749279121818236,-0.22252093395631434,0.39435585511331855,0.9189578116202306
82,1.3,40,2.1,0.0,0.0,0,0,1,0,0.9749279121818236,-0.22252093395631434,0.5712682150947923,0.8207634412072763
70,1.3,39,2.3,0.0,0.0,0,0,1,0,0.9749279121818236,-0.22252093395631434,0.72479278722912,0.6889669190756866
80,1.3,40,2.3,0.0,0.0,0,0,1,0,0.9749279121818236,-0.22252093395631434,0.8486442574947509,0.5289640103269624
209,1.4,42,1.7,0.0,0.0,0,0,1,0,0.9749279121818236,-0.22252093395631434,0.9377521321470804,0.3473052528448203
605,1.4,43,1.5,0.0,0.0,0,0,1,0,0.9749279121818236,-0.22252093395631434,0.9884683243281114,0.1514277775045767
1097,1.6,42,1.8,0.0,0.0,0,0,1,0,0.9749279121818236,-0.22252093395631434,0.9987165071710528,-0.05064916883871264
614,2.5,40,1.9,0.0,0.0,0,0,1,0,0.9749279121818236,-0.22252093395631434,0.9680771188662043,-0.2506525322587204
374,3.6,37,1.3,0.0,0.0,0,0,1,0,0.9749279121818236,-0.22252093395631434,0.8978045395707416,-0.4403941515576344
339,4.8,35,2.1,0.0,0.0,0,0,1,0,0.9749279121818236,-0.22252093395631434,0.7907757369376989,-0.6121059825476626
333,4.8,51,2.2,0.0,0.0,0,0,1,0,0.9749279121818236,-0.22252093395631434,0.6513724827222223,-0.758758122692791
196,4.0,64,2.0,0.0,0.0,0,0,1,0,0.9749279121818236,-0.22252093395631434,0.48530196253108104,-0.8743466161445821
117,1.9,89,1.5,0.0,0.0,0,0,1,0,0.9749279121818236,-0.22252093395631434,0.29936312297335804,-0.9541392564000488
184,2.2,85,1.3,0.5,0.0,0,0,1,0,0.9749279121818236,-0.22252093395631434,0.10116832198743272,-0.994869323391895
241,2.4,79,1.9,0.0,0.0,0,0,1,0,0.9749279121818236,-0.22252093395631434,-0.10116832198743204,-0.9948693233918952
319,2.5,78,2.0,0.0,0.0,0,0,1,0,0.9749279121818236,-0.22252093395631434,-0.2993631229733582,-0.9541392564000488
615,2.0,77,1.3,0.0,0.0,0,0,1,0,0.9749279121818236,-0.22252093395631434,-0.4853019625310808,-0.8743466161445822
402,2.0,81,0.7,0.0,0.0,0,0,1,0,0.9749279121818236,-0.22252093395631434,-0.651372482722222,-0.7587581226927911
120,1.7,85,1.3,0.0,0.0,0,0,1,0,0.9749279121818236,-0.22252093395631434,-0.7907757369376986,-0.6121059825476627
231,1.2,92,0.7,0.5,0.0,0,0,1,0,0.9749279121818236,-0.22252093395631434,-0.8978045395707417,-0.44039415155763423
320,1.2,87,0.9,0.0,0.0,0,0,1,0,0.9749279121818236,-0.22252093395631434,-0.9680771188662041,-0.2506525322587213
226,1.5,86,1.2,0.0,0.0,0,0,1,0,0.9749279121818236,-0.22252093395631434,-0.9987165071710528,-0.05064916883871355
243,1.6,86,1.7,0.0,0.0,0,0,1,0,0.43388373911755823,-0.900968867902419,0.0,1.0
247,1.6,85,2.0,0.0,0.0,0,0,1,0,0.43388373911755823,-0.900968867902419,0.20129852008866006,0.9795299412524945
173,1.5,86,2.5,0.0,0.0,0,0,1,0,0.43388373911755823,-0.900968867902419,0.39435585511331855,0.9189578116202306
107,1.3,87,1.7,0.0,0.0,0,0,1,0,0.43388373911755823,-0.900968867902419,0.5712682150947923,0.8207634412072763
75,1.3,87,2.2,0.0,0.0,0,0,1,0,0.43388373911755823,-0.900968867902419,0.72479278722912,0.6889669190756866
81,1.1,88,0.9,0.0,0.0,0,0,1,0,0.43388373911755823,-0.900968867902419,0.8486442574947509,0.5289640103269624
212,0.8,88,1.0,0.0,0.0,0,0,1,0,0.43388373911755823,-0.900968867902419,0.9377521321470804,0.3473052528448203
600,0.6,85,1.5,0.0,0.0,0,0,1,0,0.43388373911755823,-0.900968867902419,0.9884683243281114,0.1514277775045767
1174,1.1,79,1.7,0.0,0.0,0,0,1,0,0.43388373911755823,-0.900968867902419,0.9987165071710528,-0.05064916883871264
653,2.5,67,1.3,0.0,0.0,0,0,1,0,0.43388373911755823,-0.900968867902419,0.9680771188662043,-0.2506525322587204
446,4.9,56,1.9,0.0,0.0,0,0,1,0,0.43388373911755823,-0.900968867902419,0.8978045395707416,-0.4403941515576344
565,6.9,46,2.1,0.0,0.0,0,0,1,0,0.43388373911755823,-0.900968867902419,0.7907757369376989,-0.6121059825476626
668,8.3,36,2.5,0.0,0.0,0,0,1,0,0.43388373911755823,-0.900968867902419,0.6513724827222223,-0.758758122692791
648,9.9,29,3.2,0.0,0.0,0,0,1,0,0.43388373911755823,-0.900968867902419,0.48530196253108104,-0.8743466161445821
674,11.4,30,3.1,0.0,0.0,0,0,1,0,0.43388373911755823,-0.900968867902419,0.29936312297335804,-0.9541392564000488
758,10.7,34,4.5,0.0,0.0,0,0,1,0,0.43388373911755823,-0.900968867902419,0.10116832198743272,-0.994869323391895
752,10.3,34,3.8,0.0,0.0,0,0,1,0,0.43388373911755823,-0.900968867902419,-0.10116832198743204,-0.9948693233918952
999,9.6,38,3.2,0.0,0.0,0,0,1,0,0.43388373911755823,-0.900968867902419,-0.2993631229733582,-0.9541392564000488
1495,7.9,46,3.1,0.0,0.0,0,0,1,0,0.43388373911755823,-0.900968867902419,-0.4853019625310808,-0.8743466161445822
923,6.2,54,1.8,0.0,0.0,0,0,1,0,0.43388373911755823,-0.900968867902419,-0.651372482722222,-0.7587581226927911
739,5.1,56,2.0,0.0,0.0,0,0,1,0,0.43388373911755823,-0.900968867902419,-0.7907757369376986,-0.6121059825476627
726,4.5,62,2.0,0.0,0.0,0,0,1,0,0.43388373911755823,-0.900968867902419,-0.8978045395707417,-0.44039415155763423
621,3.9,66,2.7,0.0,0.0,0,0,1,0,0.43388373911755823,-0.900968867902419,-0.9680771188662041,-0.2506525322587213
428,3.4,69,1.1,0.0,0.0,0,0,1,0,0.43388373911755823,-0.900968867902419,-0.9987165071710528,-0.05064916883871355
335,2.9,72,1.3,0.0,0.0,0,0,1,0,-0.433883739117558,-0.9009688679024191,0.0,1.0
283,2.5,75,1.5,0.0,0.0,0,0,1,0,-0.433883739117558,-0.9009688679024191,0.20129852008866006,0.9795299412524945
216,2.2,80,1.4,0.0,0.0,0,0,1,0,-0.433883739117558,-0.9009688679024191,0.39435585511331855,0.9189578116202306
128,1.9,81,1.1,0.0,0.0,0,0,1,0,-0.433883739117558,-0.9009688679024191,0.5712682150947923,0.8207634412072763
92,2.0,80,0.8,0.0,0.0,0,0,1,0,-0.433883739117558,-0.9009688679024191,0.72479278722912,0.6889669190756866
95,2.2,79,0.8,0.0,0.0,0,0,1,0,-0.433883739117558,-0.9009688679024191,0.8486442574947509,0.5289640103269624
243,2.3,80,0.7,0.0,0.0,0,0,1,0,-0.433883739117558,-0.9009688679024191,0.9377521321470804,0.3473052528448203
661,2.5,79,1.4,0.0,0.0,0,0,1,0,-0.433883739117558,-0.9009688679024191,0.9884683243281114,0.1514277775045767
1216,2.6,77,1.3,0.0,0.0,0,0,1,0,-0.433883739117558,-0.9009688679024191,0.9987165071710528,-0.05064916883871264
664,3.3,72,1.4,0.0,0.0,0,0,1,0,-0.433883739117558,-0.9009688679024191,0.9680771188662043,-0.2506525322587204
461,5.4,64,1.6,0.0,0.0,0,0,1,0,-0.433883739117558,-0.9009688679024191,0.8978045395707416,-0.4403941515576344
584,7.1,50,1.7,0.0,0.0,0,0,1,0,-0.433883739117558,-0.9009688679024191,0.7907757369376989,-0.6121059825476626
690,9.3,37,2.3,0.0,0.0,0,0,1,0,-0.433883739117558,-0.9009688679024191,0.6513724827222223,-0.758758122692791
682,10.9,36,2.1,0.0,0.0,0,0,1,0,-0.433883739117558,-0.9009688679024191,0.48530196253108104,-0.8743466161445821
758,12.4,33,2.9,0.0,0.0,0,0,1,0,-0.433883739117558,-0.9009688679024191,0.29936312297335804,-0.9541392564000488
849,12.1,30,3.0,0.0,0.0,0,0,1,0,-0.433883739117558,-0.9009688679024191,0.10116832198743272,-0.994869323391895
901,12.2,24,2.8,0.0,0.0,0,0,1,0,-0.433883739117558,-0.9009688679024191,-0.10116832198743204,-0.9948693233918952
1108,11.2,27,3.5,0.0,0.0,0,0,1,0,-0.433883739117558,-0.9009688679024191,-0.2993631229733582,-0.9541392564000488
1611,9.7,36,3.6,0.0,0.0,0,0,1,0,-0.433883739117558,-0.9009688679024191,-0.4853019625310808,-0.8743466161445822
932,8.3,48,3.0,0.0,0.0,0,0,1,0,-0.433883739117558,-0.9009688679024191,-0.651372482722222,-0.7587581226927911
724,6.7,48,2.6,0.0,0.0,0,0,1,0,-0.433883739117558,-0.9009688679024191,-0.7907757369376986,-0.6121059825476627
676,5.8,60,2.2,0.0,0.0,0,0,1,0,-0.433883739117558,-0.9009688679024191,-0.8978045395707417,-0.44039415155763423
638,5.3,63,1.8,0.0,0.0,0,0,1,0,-0.433883739117558,-0.9009688679024191,-0.9680771188662041,-0.2506525322587213
422,5.0,42,1.7,0.0,0.0,0,0,1,0,-0.433883739117558,-0.9009688679024191,-0.9987165071710528,-0.05064916883871355
403,4.7,46,1.7,0.0,0.0,0,0,1,0,-0.9749279121818236,-0.2225209339563146,0.0,1.0
360,4.7,51,1.1,0.0,0.0,0,0,1,0,-0.9749279121818236,-0.2225209339563146,0.20129852008866006,0.9795299412524945
305,5.0,50,1.7,0.0,0.0,0,0,1,0,-0.9749279121818236,-0.2225209339563146,0.39435585511331855,0.9189578116202306
197,5.0,51,0.8,0.0,0.0,0,0,1,0,-0.9749279121818236,-0.2225209339563146,0.5712682150947923,0.8207634412072763
122,5.1,54,1.2,0.0,0.0,0,0,1,0,-0.9749279121818236,-0.2225209339563146,0.72479278722912,0.6889669190756866
82,4.7,54,1.3,0.0,0.0,0,0,1,0,-0.9749279121818236,-0.2225209339563146,0.8486442574947509,0.5289640103269624
113,4.2,50,0.6,0.0,0.0,0,0,1,0,-0.9749279121818236,-0.2225209339563146,0.9377521321470804,0.3473052528448203
198,4.0,54,0.9,0.0,0.0,0,0,1,0,-0.9749279121818236,-0.2225209339563146,0.9884683243281114,0.1514277775045767
424,4.5,49,0.4,0.0,0.0,0,0,1,0,-0.9749279121818236,-0.2225209339563146,0.9987165071710528,-0.05064916883871264
456,6.5,40,2.5,0.0,0.0,0,0,1,0,-0.9749279121818236,-0.2225209339563146,0.9680771188662043,-0.2506525322587204
494,7.2,43,1.5,0.0,0.0,0,0,1,0,-0.9749279121818236,-0.2225209339563146,0.8978045395707416,-0.4403941515576344
589,9.0,56,2.0,0.0,0.0,0,0,1,0,-0.9749279121818236,-0.2225209339563146,0.7907757369376989,-0.6121059825476626
806,10.6,52,3.1,0.0,0.0,0,0,1,0,-0.9749279121818236,-0.2225209339563146,0.6513724827222223,-0.758758122692791
880,12.4,50,2.5,0.0,0.0,0,0,1,0,-0.9749279121818236,-0.2225209339563146,0.48530196253108104,-0.8743466161445821
855,12.7,55,3.4,0.0,0.0,0,0,1,0,-0.9749279121818236,-0.2225209339563146,0.29936312297335804,-0.9541392564000488
1025,12.4,58,4.1,0.0,0.0,0,0,1,0,-0.9749279121818236,-0.2225209339563146,0.10116832198743272,-0.994869323391895
947,12.3,61,3.4,0.0,0.0,0,0,1,0,-0.9749279121818236,-0.2225209339563146,-0.10116832198743204,-0.9948693233918952
916,11.1,66,4.2,0.0,0.0,0,0,1,0,-0.9749279121818236,-0.2225209339563146,-0.2993631229733582,-0.9541392564000488
736,9.0,76,3.0,0.0,0.0,0,0,1,0,-0.9749279121818236,-0.2225209339563146,-0.4853019625310808,-0.8743466161445822
521,7.7,80,2.8,0.0,0.0,0,0,1,0,-0.9749279121818236,-0.2225209339563146,-0.651372482722222,-0.7587581226927911
513,7.1,83,3.3,0.0,0.0,0,0,1,0,-0.9749279121818236,-0.2225209339563146,-0.7907757369376986,-0.6121059825476627
487,6.7,84,2.8,0.0,0.0,0,0,1,0,-0.9749279121818236,-0.2225209339563146,-0.8978045395707417,-0.44039415155763423
460,6.5,85,2.3,0.0,0.0,0,0,1,0,-0.9749279121818236,-0.2225209339563146,-0.9680771188662041,-0.2506525322587213
354,6.4,85,2.3,0.0,0.0,0,0,1,0,-0.9749279121818236,-0.2225209339563146,-0.9987165071710528,-0.05064916883871355
372,6.4,84,1.4,0.0,0.0,0,0,1,0,-0.7818314824680299,0.6234898018587334,0.0,1.0
267,6.4,82,1.2,0.0,0.0,0,0,1,0,-0.7818314824680299,0.6234898018587334,0.20129852008866006,0.9795299412524945
195,6.0,82,1.3,0.0,0.0,0,0,1,0,-0.7818314824680299,0.6234898018587334,0.39435585511331855,0.9189578116202306
139,5.5,83,0.9,0.0,0.0,0,0,1,0,-0.7818314824680299,0.6234898018587334,0.5712682150947923,0.8207634412072763
90,5.3,82,1.0,0.0,0.0,0,0,1,0,-0.7818314824680299,0.6234898018587334,0.72479278722912,0.6889669190756866
60,5.0,83,0.7,0.0,0.0,0,0,1,0,-0.7818314824680299,0.6234898018587334,0.8486442574947509,0.5289640103269624
71,4.6,84,0.7,0.0,0.0,0,0,1,0,-0.7818314824680299,0.6234898018587334,0.9377521321470804,0.3473052528448203
137,4.7,82,1.3,0.0,0.0,0,0,1,0,-0.7818314824680299,0.6234898018587334,0.9884683243281114,0.1514277775045767
225,5.0,79,1.1,0.0,0.0,0,0,1,0,-0.7818314824680299,0.6234898018587334,0.9987165071710528,-0.05064916883871264
331,6.3,73,1.3,0.0,0.0,0,0,1,0,-0.7818314824680299,0.6234898018587334,0.9680771188662043,-0.2506525322587204
359,8.4,65,1.8,0.0,0.0,0,0,1,0,-0.7818314824680299,0.6234898018587334,0.8978045395707416,-0.4403941515576344
466,10.7,56,2.0,0.0,0.0,0,0,1,0,-0.7818314824680299,0.6234898018587334,0.7907757369376989,-0.6121059825476626
626,12.7,45,1.3,0.0,0.0,0,0,1,0,-0.7818314824680299,0.6234898018587334,0.6513724827222223,-0.758758122692791
784,14.6,38,1.9,0.0,0.0,0,0,1,0,-0.7818314824680299,0.6234898018587334,0.48530196253108104,-0.8743466161445821
882,16.1,37,2.4,0.0,0.0,0,0,1,0,-0.7818314824680299,0.6234898018587334,0.29936312297335804,-0.9541392564000488
960,16.7,38,3.1,0.0,0.0,0,0,1,0,-0.7818314824680299,0.6234898018587334,0.10116832198743272,-0.994869323391895
1031,16.5,39,3.1,0.0,0.0,0,0,1,0,-0.7818314824680299,0.6234898018587334,-0.10116832198743204,-0.9948693233918952
911,15.8,40,2.3,0.0,0.0,0,0,1,0,-0.7818314824680299,0.6234898018587334,-0.2993631229733582,-0.9541392564000488
768,14.4,44,2.7,0.0,0.0,0,0,1,0,-0.7818314824680299,0.6234898018587334,-0.4853019625310808,-0.8743466161445822
571,12.6,59,2.5,0.0,0.0,0,0,1,0,-0.7818314824680299,0.6234898018587334,-0.651372482722222,-0.7587581226927911
502,10.7,70,2.8,0.0,0.0,0,0,1,0,-0.7818314824680299,0.6234898018587334,-0.7907757369376986,-0.6121059825476627
456,9.8,74,2.2,0.0,0.0,0,0,1,0,-0.7818314824680299,0.6234898018587334,-0.8978045395707417,-0.44039415155763423
424,8.8,79,2.0,0.0,0.0,0,0,1,0,-0.7818314824680299,0.6234898018587334,-0.9680771188662041,-0.2506525322587213
336,8.0,82,1.3,0.0,0.0,0,0,1,0,-0.7818314824680299,0.6234898018587334,-0.9987165071710528,-0.05064916883871355
244,7.1,84,2.3,0.0,0.0,0,0,1,0,0.0,1.0,0.0,1.0
185,6.3,87,1.8,0.0,0.0,0,0,1,0,0.0,1.0,0.20129852008866006,0.9795299412524945
93,5.4,95,1.5,0.0,0.0,0,0,1,0,0.0,1.0,0.39435585511331855,0.9189578116202306
62,5.5,96,1.6,0.0,0.0,0,0,1,0,0.0,1.0,0.5712682150947923,0.8207634412072763
65,5.5,96,2.0,0.0,0.0,0,0,1,0,0.0,1.0,0.72479278722912,0.6889669190756866
98,5.4,97,1.5,0.0,0.0,0,0,1,0,0.0,1.0,0.8486442574947509,0.5289640103269624
227,5.7,97,0.5,0.0,0.0,0,0,1,0,0.0,1.0,0.9377521321470804,0.3473052528448203
581,6.0,96,0.6,0.0,0.0,0,0,1,0,0.0,1.0,0.9884683243281114,0.1514277775045767
983,6.4,90,1.4,0.0,0.0,0,0,1,0,0.0,1.0,0.9987165071710528,-0.05064916883871264
540,7.6,82,0.7,0.0,0.0,0,0,1,0,0.0,1.0,0.9680771188662043,-0.2506525322587204
415,10.0,70,1.0,0.0,0.0,0,0,1,0,0.0,1.0,0.8978045395707416,-0.4403941515576344
422,12.6,60,2.4,0.0,0.0,0,0,1,0,0.0,1.0,0.7907757369376989,-0.6121059825476626
492,14.6,53,2.5,0.0,0.0,0,0,1,0,0.0,1.0,0.6513724827222223,-0.758758122692791
504,16.0,47,2.5,0.0,0.0,0,0,1,0,0.0,1.0,0.48530196253108104,-0.8743466161445821
575,17.4,39,2.9,0.0,0.0,0,0,1,0,0.0,1.0,0.29936312297335804,-0.9541392564000488
604,17.6,33,3.6,0.0,0.0,0,0,1,0,0.0,1.0,0.10116832198743272,-0.994869323391895
819,17.7,33,3.4,0.0,0.0,0,0,1,0,0.0,1.0,-0.10116832198743204,-0.9948693233918952
925,17.1,31,3.3,0.0,0.0,0,0,1,0,0.0,1.0,-0.2993631229733582,-0.9541392564000488
1477,16.0,33,2.9,0.0,0.0,0,0,1,0,0.0,1.0,-0.4853019625310808,-0.8743466161445822
1031,14.3,37,3.1,0.0,0.0,0,0,1,0,0.0,1.0,-0.651372482722222,-0.7587581226927911
835,12.9,42,2.8,0.0,0.0,0,0,1,0,0.0,1.0,-0.7907757369376986,-0.6121059825476627
798,11.6,54,1.5,0.0,0.0,0,0,1,0,0.0,1.0,-0.8978045395707417,-0.44039415155763423
662,10.7,58,1.4,0.0,0.0,0,0,1,0,0.0,1.0,-0.9680771188662041,-0.2506525322587213
447,9.8,62,0.6,0.0,0.0,0,0,1,0,0.0,1.0,-0.9987165071710528,-0.05064916883871355
380,9.0,68,1.1,0.0,0.0,0,0,1,0,0.7818314824680298,0.6234898018587336,0.0,1.0
278,8.7,70,0.9,0.0,0.0,0,0,1,0,0.7818314824680298,0.6234898018587336,0.20129852008866006,0.9795299412524945
163,8.3,70,0.8,0.0,0.0,0,0,1,0,0.7818314824680298,0.6234898018587336,0.39435585511331855,0.9189578116202306
127,8.1,71,0.9,0.0,0.0,0,0,1,0,0.7818314824680298,0.6234898018587336,0.5712682150947923,0.8207634412072763
95,7.8,70,0.3,0.0,0.0,0,0,1,0,0.7818314824680298,0.6234898018587336,0.72479278722912,0.6889669190756866
110,8.0,63,0.8,0.0,0.0,0,0,1,0,0.7818314824680298,0.6234898018587336,0.8486442574947509,0.5289640103269624
231,8.1,66,0.6,0.0,0.0,0,0,1,0,0.7818314824680298,0.6234898018587336,0.9377521321470804,0.3473052528448203
705,8.5,67,0.7,0.0,0.0,0,0,1,0,0.7818314824680298,0.6234898018587336,0.9884683243281114,0.1514277775045767
1201,9.3,62,0.6,0.0,0.0,0,0,1,0,0.7818314824680298,0.6234898018587336,0.9987165071710528,-0.05064916883871264
699,11.6,51,0.8,0.0,0.0,0,0,1,0,0.7818314824680298,0.6234898018587336,0.9680771188662043,-0.2506525322587204
462,13.9,40,0.8,0.0,0.0,0,0,1,0,0.7818314824680298,0.6234898018587336,0.8978045395707416,-0.4403941515576344
560,15.8,40,1.9,0.0,0.0,0,0,1,0,0.7818314824680298,0.6234898018587336,0.7907757369376989,-0.6121059825476626
586,16.7,47,2.4,0.0,0.0,0,0,1,0,0.7818314824680298,0.6234898018587336,0.6513724827222223,-0.758758122692791
563,18.6,46,2.1,0.0,0.0,0,0,1,0,0.7818314824680298,0.6234898018587336,0.48530196253108104,-0.8743466161445821
618,19.4,45,2.0,0.0,0.0,0,0,1,0,0.7818314824680298,0.6234898018587336,0.29936312297335804,-0.9541392564000488
636,19.9,45,2.7,0.0,0.0,0,0,1,0,0.7818314824680298,0.6234898018587336,0.10116832198743272,-0.994869323391895
774,19.5,50,3.4,0.0,0.0,0,0,1,0,0.7818314824680298,0.6234898018587336,-0.10116832198743204,-0.9948693233918952
960,18.4,54,3.2,0.0,0.0,0,0,1,0,0.7818314824680298,0.6234898018587336,-0.2993631229733582,-0.9541392564000488
1521,16.8,60,3.1,0.0,0.0,0,0,1,0,0.7818314824680298,0.6234898018587336,-0.4853019625310808,-0.8743466161445822
1020,15.0,67,2.6,0.0,0.0,0,0,1,0,0.7818314824680298,0.6234898018587336,-0.651372482722222,-0.7587581226927911
864,13.9,72,2.4,0.0,0.0,0,0,1,0,0.7818314824680298,0.6234898018587336,-0.7907757369376986,-0.6121059825476627
866,13.4,73,1.5,0.0,0.0,0,0,1,0,0.7818314824680298,0.6234898018587336,-0.8978045395707417,-0.44039415155763423
764,12.9,75,1.3,0.0,0.0,0,0,1,0,0.7818314824680298,0.6234898018587336,-0.9680771188662041,-0.2506525322587213
527,12.4,74,1.5,0.0,0.0,0,0,1,0,0.7818314824680298,0.6234898018587336,-0.9987165071710528,-0.05064916883871355
400,12.0,76,0.8,0.0,0.0,0,0,1,0,0.9749279121818236,-0.22252093395631434,0.0,1.0
337,11.6,74,1.2,0.0,0.0,0,0,1,0,0.9749279121818236,-0.22252093395631434,0.20129852008866006,0.9795299412524945
225,11.5,75,1.9,0.0,0.0,0,0,1,0,0.9749279121818236,-0.22252093395631434,0.39435585511331855,0.9189578116202306
150,10.9,79,0.8,0.0,0.0,0,0,1,0,0.9749279121818236,-0.22252093395631434,0.5712682150947923,0.8207634412072763
104,10.6,77,0.9,0.0,0.0,0,0,1,0,0.9749279121818236,-0.22252093395631434,0.72479278722912,0.6889669190756866
107,10.2,80,0.8,0.0,0.0,0,0,1,0,0.9749279121818236,-0.22252093395631434,0.8486442574947509,0.5289640103269624
258,9.6,84,0.7,0.0,0.0,0,0,1,0,0.9749279121818236,-0.22252093395631434,0.9377521321470804,0.3473052528448203
741,9.6,82,1.1,0.0,0.0,0,0,1,0,0.9749279121818236,-0.22252093395631434,0.9884683243281114,0.1514277775045767
1353,10.3,77,0.7,0.0,0.0,0,0,1,0,0.9749279121818236,-0.22252093395631434,0.9987165071710528,-0.05064916883871264
723,12.4,66,1.0,0.0,0.0,0,0,1,0,0.9749279121818236,-0.22252093395631434,0.9680771188662043,-0.2506525322587204
494,14.7,62,2.9,0.0,0.0,0,0,1,0,0.9749279121818236,-0.22252093395631434,0.8978045395707416,-0.4403941515576344
588,15.6,60,3.7,0.0,0.0,0,0,1,0,0.9749279121818236,-0.22252093395631434,0.7907757369376989,-0.6121059825476626
629,16.5,57,3.8,0.0,0.0,0,0,1,0,0.9749279121818236,-0.22252093395631434,0.6513724827222223,-0.758758122692791
723,17.5,54,3.1,0.0,0.0,0,0,1,0,0.9749279121818236,-0.22252093395631434,0.48530196253108104,-0.8743466161445821
698,18.6,46,4.4,0.0,0.0,0,0,1,0,0.9749279121818236,-0.22252093395631434,0.29936312297335804,-0.9541392564000488
785,18.2,45,4.1,0.0,0.0,0,0,1,0,0.9749279121818236,-0.22252093395631434,0.10116832198743272,-0.994869323391895
943,18.3,43,4.3,0.0,0.0,0,0,1,0,0.9749279121818236,-0.22252093395631434,-0.10116832198743204,-0.9948693233918952
1221,17.6,45,4.2,0.0,0.0,0,0,1,0,0.9749279121818236,-0.22252093395631434,-0.2993631229733582,-0.9541392564000488
1839,17.0,53,3.1,0.0,0.0,0,0,1,0,0.9749279121818236,-0.22252093395631434,-0.4853019625310808,-0.8743466161445822
1288,16.0,60,2.8,0.0,0.0,0,0,1,0,0.9749279121818236,-0.22252093395631434,-0.651372482722222,-0.7587581226927911
1133,15.2,65,2.2,0.0,0.0,0,0,1,0,0.9749279121818236,-0.22252093395631434,-0.7907757369376986,-0.6121059825476627
1035,14.2,70,0.8,0.0,0.0,0,0,1,0,0.9749279121818236,-0.22252093395631434,-0.8978045395707417,-0.44039415155763423
907,13.6,73,2.0,0.0,0.0,0,0,1,0,0.9749279121818236,-0.22252093395631434,-0.9680771188662041,-0.2506525322587213
614,13.5,74,1.2,0.0,0.0,0,0,1,0,0.9749279121818236,-0.22252093395631434,-0.9987165071710528,-0.05064916883871355
466,13.4,77,1.5,0.0,0.0,0,0,1,0,0.43388373911755823,-0.900968867902419,0.0,1.0
390,13.0,81,1.9,0.0,0.0,0,0,1,0,0.43388373911755823,-0.900968867902419,0.20129852008866006,0.9795299412524945
254,12.9,83,1.6,0.0,0.0,0,0,1,0,0.43388373911755823,-0.900968867902419,0.39435585511331855,0.9189578116202306
170,12.7,80,0.4,0.0,0.0,0,0,1,0,0.43388373911755823,-0.900968867902419,0.5712682150947923,0.8207634412072763
109,12.8,81,0.2,0.0,0.0,0,0,1,0,0.43388373911755823,-0.900968867902419,0.72479278722912,0.6889669190756866
106,12.7,83,0.8,0.0,0.0,0,0,1,0,0.43388373911755823,-0.900968867902419,0.8486442574947509,0.5289640103269624
274,12.6,83,0.5,0.0,0.0,0,0,1,0,0.43388373911755823,-0.900968867902419,0.9377521321470804,0.3473052528448203
781,12.8,82,0.6,0.0,0.0,0,0,1,0,0.43388373911755823,-0.900968867902419,0.9884683243281114,0.1514277775045767
1281,13.3,80,1.2,0.0,0.0,0,0,1,0,0.43388373911755823,-0.900968867902419,0.9987165071710528,-0.05064916883871264
757,13.5,79,1.9,0.0,0.0,0,0,1,0,0.43388373911755823,-0.900968867902419,0.9680771188662043,-0.2506525322587204
482,15.0,69,1.5,0.0,0.0,0,0,1,0,0.43388373911755823,-0.900968867902419,0.8978045395707416,-0.4403941515576344
583,16.1,63,1.2,0.0,0.0,0,0,1,0,0.43388373911755823,-0.900968867902419,0.7907757369376989,-0.6121059825476626
714,18.2,55,2.3,0.0,0.0,0,0,1,0,0.43388373911755823,-0.900968867902419,0.6513724827222223,-0.758758122692791
716,19.5,48,1.9,0.0,0.0,0,0,1,0,0.43388373911755823,-0.900968867902419,0.48530196253108104,-0.8743466161445821
711,20.2,47,2.4,0.0,0.0,0,0,1,0,0.43388373911755823,-0.900968867902419,0.29936312297335804,-0.9541392564000488
781,20.8,42,3.1,0.0,0.0,0,0,1,0,0.43388373911755823,-0.900968867902419,0.10116832198743272,-0.994869323391895
957,20.7,38,2.2,0.0,0.0,0,0,1,0,0.43388373911755823,-0.900968867902419,-0.10116832198743204,-0.9948693233918952
1194,20.3,48,2.8,0.0,0.0,0,0,1,0,0.43388373911755823,-0.900968867902419,-0.2993631229733582,-0.9541392564000488
1776,19.1,47,2.4,0.0,0.0,0,0,1,0,0.43388373911755823,-0.900968867902419,-0.4853019625310808,-0.8743466161445822
1260,17.5,61,2.2,0.0,0.0,0,0,1,0,0.43388373911755823,-0.900968867902419,-0.651372482722222,-0.7587581226927911
1079,15.6,64,2.7,0.0,0.0,0,0,1,0,0.43388373911755823,-0.900968867902419,-0.7907757369376986,-0.6121059825476627
1046,14.4,66,1.7,0.0,0.0,0,0,1,0,0.43388373911755823,-0.900968867902419,-0.8978045395707417,-0.44039415155763423
949,13.3,71,2.1,0.0,0.0,0,0,1,0,0.43388373911755823,-0.900968867902419,-0.9680771188662041,-0.2506525322587213
614,12.7,75,1.6,0.0,0.0,0,0,1,0,0.43388373911755823,-0.900968867902419,-0.9987165071710528,-0.05064916883871355
490,11.8,78,0.6,0.0,0.0,0,0,1,0,-0.433883739117558,-0.9009688679024191,0.0,1.0
401,11.4,77,0.7,0.0,0.0,0,0,1,0,-0.433883739117558,-0.9009688679024191,0.20129852008866006,0.9795299412524945
261,10.8,72,0.4,0.0,0.0,0,0,1,0,-0.433883739117558,-0.9009688679024191,0.39435585511331855,0.9189578116202306
184,10.3,68,0.7,0.0,0.0,0,0,1,0,-0.433883739117558,-0.9009688679024191,0.5712682150947923,0.8207634412072763
115,9.9,67,1.1,0.0,0.0,0,0,1,0,-0.433883739117558,-0.9009688679024191,0.72479278722912,0.6889669190756866
117,10.4,62,1.8,0.0,0.0,0,0,1,0,-0.433883739117558,-0.9009688679024191,0.8486442574947509,0.5289640103269624
284,10.3,70,1.2,0.0,0.0,0,0,1,0,-0.433883739117558,-0.9009688679024191,0.9377521321470804,0.3473052528448203
747,10.5,70,1.1,0.0,0.0,0,0,1,0,-0.433883739117558,-0.9009688679024191,0.9884683243281114,0.1514277775045767
1406,11.5,60,1.6,0.0,0.0,0,0,1,0,-0.433883739117558,-0.9009688679024191,0.9987165071710528,-0.05064916883871264
772,13.7,46,1.3,0.0,0.0,0,0,1,0,-0.433883739117558,-0.9009688679024191,0.9680771188662043,-0.2506525322587204
583,16.0,29,1.4,0.0,0.0,0,0,1,0,-0.433883739117558,-0.9009688679024191,0.8978045395707416,-0.4403941515576344
739,17.8,26,2.6,0.0,0.0,0,0,1,0,-0.433883739117558,-0.9009688679024191,0.7907757369376989,-0.6121059825476626
939,19.1,26,1.6,0.0,0.0,0,0,1,0,-0.433883739117558,-0.9009688679024191,0.6513724827222223,-0.758758122692791
860,20.3,27,1.4,0.0,0.0,0,0,1,0,-0.433883739117558,-0.9009688679024191,0.48530196253108104,-0.8743466161445821
965,21.0,28,2.8,0.0,0.0,0,0,1,0,-0.433883739117558,-0.9009688679024191,0.29936312297335804,-0.9541392564000488
1068,21.8,28,2.3,0.0,0.0,0,0,1,0,-0.433883739117558,-0.9009688679024191,0.10116832198743272,-0.994869323391895
1156,20.7,36,3.6,0.0,0.0,0,0,1,0,-0.433883739117558,-0.9009688679024191,-0.10116832198743204,-0.9948693233918952
1460,19.4,45,2.9,0.0,0.0,0,0,1,0,-0.433883739117558,-0.9009688679024191,-0.2993631229733582,-0.9541392564000488
1935,17.4,57,3.1,0.0,0.0,0,0,1,0,-0.433883739117558,-0.9009688679024191,-0.4853019625310808,-0.8743466161445822
1268,15.2,60,3.2,0.0,0.0,0,0,1,0,-0.433883739117558,-0.9009688679024191,-0.651372482722222,-0.7587581226927911
1045,14.3,63,2.6,0.0,0.0,0,0,1,0,-0.433883739117558,-0.9009688679024191,-0.7907757369376986,-0.6121059825476627
948,13.7,73,1.8,0.0,0.0,0,0,1,0,-0.433883739117558,-0.9009688679024191,-0.8978045395707417,-0.44039415155763423
880,12.7,76,1.5,0.0,0.0,0,0,1,0,-0.433883739117558,-0.9009688679024191,-0.9680771188662041,-0.2506525322587213
678,12.1,77,1.4,0.0,0.0,0,0,1,0,-0.433883739117558,-0.9009688679024191,-0.9987165071710528,-0.05064916883871355
537,11.7,77,1.3,0.0,0.0,0,0,1,0,-0.9749279121818236,-0.2225209339563146,0.0,1.0
502,11.5,77,2.0,0.0,0.0,0,0,1,0,-0.9749279121818236,-0.2225209339563146,0.20129852008866006,0.9795299412524945
397,11.0,73,1.5,0.0,0.0,0,0,1,0,-0.9749279121818236,-0.2225209339563146,0.39435585511331855,0.9189578116202306
264,10.7,74,1.7,0.0,0.0,0,0,1,0,-0.9749279121818236,-0.2225209339563146,0.5712682150947923,0.8207634412072763
163,10.4,73,1.7,0.0,0.0,0,0,1,0,-0.9749279121818236,-0.2225209339563146,0.72479278722912,0.6889669190756866
108,9.8,73,0.8,0.0,0.0,0,0,1,0,-0.9749279121818236,-0.2225209339563146,0.8486442574947509,0.5289640103269624
142,9.4,75,0.9,0.0,0.0,0,0,1,0,-0.9749279121818236,-0.2225209339563146,0.9377521321470804,0.3473052528448203
264,9.5,72,0.2,0.0,0.0,0,0,1,0,-0.9749279121818236,-0.2225209339563146,0.9884683243281114,0.1514277775045767
489,10.4,65,0.8,0.0,0.0,0,0,1,0,-0.9749279121818236,-0.2225209339563146,0.9987165071710528,-0.05064916883871264
642,12.6,57,0.9,0.0,0.0,0,0,1,0,-0.9749279121818236,-0.2225209339563146,0.9680771188662043,-0.2506525322587204
618,14.7,53,0.9,0.0,0.0,0,0,1,0,-0.9749279121818236,-0.2225209339563146,0.8978045395707416,-0.4403941515576344
824,16.7,45,1.9,0.0,0.0,0,0,1,0,-0.9749279121818236,-0.2225209339563146,0.7907757369376989,-0.6121059825476626
1072,18.2,38,4.2,0.0,0.0,0,0,1,0,-0.9749279121818236,-0.2225209339563146,0.6513724827222223,-0.758758122692791
1218,19.3,37,3.0,0.0,0.0,0,0,1,0,-0.9749279121818236,-0.2225209339563146,0.48530196253108104,-0.8743466161445821
1381,20.1,30,3.0,0.0,0.0,0,0,1,0,-0.9749279121818236,-0.2225209339563146,0.29936312297335804,-0.9541392564000488
1542,18.9,28,3.7,0.0,0.0,0,0,1,0,-0.9749279121818236,-0.2225209339563146,0.10116832198743272,-0.994869323391895
1578,18.0,32,3.0,0.0,0.0,0,0,1,0,-0.9749279121818236,-0.2225209339563146,-0.10116832198743204,-0.9948693233918952
1531,17.3,36,3.4,0.0,0.0,0,0,1,0,-0.9749279121818236,-0.2225209339563146,-0.2993631229733582,-0.9541392564000488
1391,16.6,33,2.6,0.0,0.0,0,0,1,0,-0.9749279121818236,-0.2225209339563146,-0.4853019625310808,-0.8743466161445822
1025,15.3,41,2.0,0.0,0.0,0,0,1,0,-0.9749279121818236,-0.2225209339563146,-0.651372482722222,-0.7587581226927911
972,14.0,45,1.6,0.0,0.0,0,0,1,0,-0.9749279121818236,-0.2225209339563146,-0.7907757369376986,-0.6121059825476627
1010,13.3,48,1.6,0.0,0.0,0,0,1,0,-0.9749279121818236,-0.2225209339563146,-0.8978045395707417,-0.44039415155763423
922,12.8,52,1.5,0.0,0.0,0,0,1,0,-0.9749279121818236,-0.2225209339563146,-0.9680771188662041,-0.2506525322587213
655,12.4,63,1.3,0.0,0.0,0,0,1,0,-0.9749279121818236,-0.2225209339563146,-0.9987165071710528,-0.05064916883871355
579,12.1,70,0.8,0.0,0.0,0,0,1,0,-0.7818314824680299,0.6234898018587334,0.0,1.0
453,11.7,74,0.5,0.0,0.0,0,0,1,0,-0.7818314824680299,0.6234898018587334,0.20129852008866006,0.9795299412524945
322,11.7,72,0.6,0.0,0.0,0,0,1,0,-0.7818314824680299,0.6234898018587334,0.39435585511331855,0.9189578116202306
221,11.9,71,0.7,0.0,0.0,0,0,1,0,-0.7818314824680299,0.6234898018587334,0.5712682150947923,0.8207634412072763
147,12.1,69,0.3,0.0,0.0,0,0,1,0,-0.7818314824680299,0.6234898018587334,0.72479278722912,0.6889669190756866
96,12.3,65,0.5,0.0,0.0,0,0,1,0,-0.7818314824680299,0.6234898018587334,0.8486442574947509,0.5289640103269624
110,12.4,61,0.4,0.0,0.0,0,0,1,0,-0.7818314824680299,0.6234898018587334,0.9377521321470804,0.3473052528448203
169,12.5,62,0.4,0.0,0.0,0,0,1,0,-0.7818314824680299,0.6234898018587334,0.9884683243281114,0.1514277775045767
342,12.9,64,1.5,0.0,0.0,0,0,1,0,-0.7818314824680299,0.6234898018587334,0.9987165071710528,-0.05064916883871264
485,13.5,66,1.8,0.0,0.0,0,0,1,0,-0.7818314824680299,0.6234898018587334,0.9680771188662043,-0.2506525322587204
566,14.7,61,2.0,0.0,0.0,0,0,1,0,-0.7818314824680299,0.6234898018587334,0.8978045395707416,-0.4403941515576344
737,16.7,55,2.1,0.0,0.0,0,0,1,0,-0.7818314824680299,0.6234898018587334,0.7907757369376989,-0.6121059825476626
926,18.0,53,3.1,0.0,0.0,0,0,1,0,-0.7818314824680299,0.6234898018587334,0.6513724827222223,-0.758758122692791
1156,17.9,60,2.2,0.0,0.0,0,0,1,0,-0.7818314824680299,0.6234898018587334,0.48530196253108104,-0.8743466161445821
1201,17.5,67,2.1,0.0,0.0,0,0,1,0,-0.7818314824680299,0.6234898018587334,0.29936312297335804,-0.9541392564000488
1349,18.2,63,2.2,0.0,0.0,0,0,1,0,-0.7818314824680299,0.6234898018587334,0.10116832198743272,-0.994869323391895
1409,18.2,69,3.2,0.0,0.0,0,0,1,0,-0.7818314824680299,0.6234898018587334,-0.10116832198743204,-0.9948693233918952
1362,18.0,72,1.8,0.0,0.0,0,0,1,0,-0.7818314824680299,0.6234898018587334,-0.2993631229733582,-0.9541392564000488
1296,17.7,75,2.1,0.0,0.0,0,0,1,0,-0.7818314824680299,0.6234898018587334,-0.4853019625310808,-0.8743466161445822
1066,17.4,79,2.3,0.0,0.0,0,0,1,0,-0.7818314824680299,0.6234898018587334,-0.651372482722222,-0.7587581226927911
984,17.1,80,1.5,0.0,0.0,0,0,1,0,-0.7818314824680299,0.6234898018587334,-0.7907757369376986,-0.6121059825476627
983,16.9,81,1.9,0.0,0.0,0,0,1,0,-0.7818314824680299,0.6234898018587334,-0.8978045395707417,-0.44039415155763423
841,16.7,83,2.4,0.0,0.0,0,0,1,0,-0.7818314824680299,0.6234898018587334,-0.9680771188662041,-0.2506525322587213
588,16.3,82,1.3,0.0,0.0,0,0,1,0,-0.7818314824680299,0.6234898018587334,-0.9987165071710528,-0.05064916883871355
468,16.1,80,1.9,0.0,0.0,0,0,1,0,0.0,1.0,0.0,1.0
295,16.0,79,1.0,0.0,0.0,0,0,1,0,0.0,1.0,0.20129852008866006,0.9795299412524945
155,15.7,81,1.4,0.0,0.0,0,0,1,0,0.0,1.0,0.39435585511331855,0.9189578116202306
111,15.6,81,1.2,0.0,0.0,0,0,1,0,0.0,1.0,0.5712682150947923,0.8207634412072763
86,15.7,79,1.2,0.0,0.0,0,0,1,0,0.0,1.0,0.72479278722912,0.6889669190756866
125,15.3,82,1.4,0.0,0.0,0,0,1,0,0.0,1.0,0.8486442574947509,0.5289640103269624
359,14.9,81,0.4,0.0,0.0,0,0,1,0,0.0,1.0,0.9377521321470804,0.3473052528448203
918,15.1,80,1.0,0.0,0.0,0,0,1,0,0.0,1.0,0.9884683243281114,0.1514277775045767
1469,15.7,75,1.1,0.0,0.0,0,0,1,0,0.0,1.0,0.9987165071710528,-0.05064916883871264
806,16.6,70,1.5,0.0,0.0,0,0,1,0,0.0,1.0,0.9680771188662043,-0.2506525322587204
579,17.5,66,1.3,0.0,0.0,0,0,1,0,0.0,1.0,0.8978045395707416,-0.4403941515576344
662,18.5,61,1.6,0.0,0.0,0,0,1,0,0.0,1.0,0.7907757369376989,-0.6121059825476626
818,20.8,50,2.0,0.0,0.0,0,0,1,0,0.0,1.0,0.6513724827222223,-0.758758122692791
818,21.9,48,2.5,0.0,0.0,0,0,1,0,0.0,1.0,0.48530196253108104,-0.8743466161445821
920,23.0,42,3.4,0.0,0.0,0,0,1,0,0.0,1.0,0.29936312297335804,-0.9541392564000488
993,23.7,43,2.8,0.0,0.0,0,0,1,0,0.0,1.0,0.10116832198743272,-0.994869323391895
1218,23.0,47,4.1,0.0,0.0,0,0,1,0,0.0,1.0,-0.10116832198743204,-0.9948693233918952
1569,22.0,49,3.7,0.0,0.0,0,0,1,0,0.0,1.0,-0.2993631229733582,-0.9541392564000488
2401,20.7,54,4.1,0.0,0.0,0,0,1,0,0.0,1.0,-0.4853019625310808,-0.8743466161445822
1779,19.1,60,3.4,0.0,0.0,0,0,1,0,0.0,1.0,-0.651372482722222,-0.7587581226927911
1517,18.2,65,1.8,0.0,0.0,0,0,1,0,0.0,1.0,-0.7907757369376986,-0.6121059825476627
1503,17.9,64,2.1,0.0,0.0,0,0,1,0,0.0,1.0,-0.8978045395707417,-0.44039415155763423
1213,17.4,66,2.3,0.0,0.0,0,0,1,0,0.0,1.0,-0.9680771188662041,-0.2506525322587213
803,16.8,70,0.9,0.0,0.0,0,0,1,0,0.0,1.0,-0.9987165071710528,-0.05064916883871355
532,16.8,69,0.8,0.0,0.0,0,0,1,0,0.7818314824680298,0.6234898018587336,0.0,1.0
430,17.1,72,1.7,0.0,0.0,0,0,1,0,0.7818314824680298,0.6234898018587336,0.20129852008866006,0.9795299412524945
275,17.0,73,1.6,0.0,0.0,0,0,1,0,0.7818314824680298,0.6234898018587336,0.39435585511331855,0.9189578116202306
156,17.0,74,1.7,0.0,0.0,0,0,1,0,0.7818314824680298,0.6234898018587336,0.5712682150947923,0.8207634412072763
124,16.9,74,1.2,0.0,0.0,0,0,1,0,0.7818314824680298,0.6234898018587336,0.72479278722912,0.6889669190756866
163,16.9,73,1.6,0.0,0.0,0,0,1,0,0.7818314824680298,0.6234898018587336,0.8486442574947509,0.5289640103269624
388,16.8,74,1.2,0.0,0.0,0,0,1,0,0.7818314824680298,0.6234898018587336,0.9377521321470804,0.3473052528448203
1033,16.8,73,1.0,0.0,0.0,0,0,1,0,0.7818314824680298,0.6234898018587336,0.9884683243281114,0.1514277775045767
1677,17.3,71,0.5,0.0,0.0,0,0,1,0,0.7818314824680298,0.6234898018587336,0.9987165071710528,-0.05064916883871264
867,18.3,67,2.4,0.0,0.0,0,0,1,0,0.7818314824680298,0.6234898018587336,0.9680771188662043,-0.2506525322587204
664,18.9,66,2.0,0.0,0.0,0,0,1,0,0.7818314824680298,0.6234898018587336,0.8978045395707416,-0.4403941515576344
696,19.0,67,1.9,0.0,0.0,0,0,1,0,0.7818314824680298,0.6234898018587336,0.7907757369376989,-0.6121059825476626
913,19.6,63,2.9,0.0,0.0,0,0,1,0,0.7818314824680298,0.6234898018587336,0.6513724827222223,-0.758758122692791
870,20.1,61,2.6,0.0,0.0,0,0,1,0,0.7818314824680298,0.6234898018587336,0.48530196253108104,-0.8743466161445821
931,21.0,53,3.2,0.0,0.0,0,0,1,0,0.7818314824680298,0.6234898018587336,0.29936312297335804,-0.9541392564000488
961,19.9,58,2.5,0.0,0.0,0,0,1,0,0.7818314824680298,0.6234898018587336,0.10116832198743272,-0.994869323391895
1173,19.7,58,3.7,0.0,0.0,0,0,1,0,0.7818314824680298,0.6234898018587336,-0.10116832198743204,-0.9948693233918952
1436,19.7,57,2.6,0.0,0.0,0,0,1,0,0.7818314824680298,0.6234898018587336,-0.2993631229733582,-0.9541392564000488
2134,18.9,68,3.3,0.0,0.0,0,0,1,0,0.7818314824680298,0.6234898018587336,-0.4853019625310808,-0.8743466161445822
1415,18.0,74,3.1,0.0,0.0,0,0,1,0,0.7818314824680298,0.6234898018587336,-0.651372482722222,-0.7587581226927911
1470,17.3,80,2.4,0.0,0.0,0,0,1,0,0.7818314824680298,0.6234898018587336,-0.7907757369376986,-0.6121059825476627
1223,17.0,83,3.2,0.0,0.0,0,0,1,0,0.7818314824680298,0.6234898018587336,-0.8978045395707417,-0.44039415155763423
1030,16.0,85,2.0,0.0,0.0,0,0,1,0,0.7818314824680298,0.6234898018587336,-0.9680771188662041,-0.2506525322587213
454,15.0,94,1.6,0.0,0.0,0,0,1,0,0.7818314824680298,0.6234898018587336,-0.9987165071710528,-0.05064916883871355
355,15.0,96,2.1,0.1,0.0,0,0,1,0,0.9749279121818236,-0.22252093395631434,0.0,1.0
113,14.8,96,1.7,0.0,0.0,0,0,1,0,0.9749279121818236,-0.22252093395631434,0.20129852008866006,0.9795299412524945
15,14.5,97,2.2,3.5,0.0,0,0,1,0,0.9749279121818236,-0.22252093395631434,0.39435585511331855,0.9189578116202306
22,14.3,97,1.2,7.0,0.0,0,0,1,0,0.9749279121818236,-0.22252093395631434,0.5712682150947923,0.8207634412072763
14,14.1,97,1.7,3.0,0.0,0,0,1,0,0.9749279121818236,-0.22252093395631434,0.72479278722912,0.6889669190756866
19,11.9,97,3.4,3.0,0.0,0,0,1,0,0.9749279121818236,-0.22252093395631434,0.8486442574947509,0.5289640103269624
172,11.7,95,0.7,2.0,0.0,0,0,1,0,0.9749279121818236,-0.22252093395631434,0.9377521321470804,0.3473052528448203
665,10.3,90,1.2,0.0,0.0,0,0,1,0,0.9749279121818236,-0.22252093395631434,0.9884683243281114,0.1514277775045767
1284,10.3,86,2.5,0.0,0.0,0,0,1,0,0.9749279121818236,-0.22252093395631434,0.9987165071710528,-0.05064916883871264
378,10.4,81,1.4,0.0,0.0,0,0,1,0,0.9749279121818236,-0.22252093395631434,0.9680771188662043,-0.2506525322587204
505,10.7,81,1.4,0.0,0.0,0,0,1,0,0.9749279121818236,-0.22252093395631434,0.8978045395707416,-0.4403941515576344
744,12.8,65,2.0,0.0,0.0,0,0,1,0,0.9749279121818236,-0.22252093395631434,0.7907757369376989,-0.6121059825476626
928,15.3,54,2.1,0.0,0.0,0,0,1,0,0.9749279121818236,-0.22252093395631434,0.6513724827222223,-0.758758122692791
951,16.7,47,1.4,0.0,0.0,0,0,1,0,0.9749279121818236,-0.22252093395631434,0.48530196253108104,-0.8743466161445821
1096,17.9,42,1.3,0.0,0.0,0,0,1,0,0.9749279121818236,-0.22252093395631434,0.29936312297335804,-0.9541392564000488
1209,17.9,44,2.2,0.0,0.0,0,0,1,0,0.9749279121818236,-0.22252093395631434,0.10116832198743272,-0.994869323391895
1413,17.9,42,1.1,0.0,0.0,0,0,1,0,0.9749279121818236,-0.22252093395631434,-0.10116832198743204,-0.9948693233918952
1745,17.2,46,2.2,0.0,0.0,0,0,1,0,0.9749279121818236,-0.22252093395631434,-0.2993631229733582,-0.9541392564000488
2402,16.0,47,2.1,0.0,0.0,0,0,1,0,0.9749279121818236,-0.22252093395631434,-0.4853019625310808,-0.8743466161445822
1626,14.3,53,2.1,0.0,0.0,0,0,1,0,0.9749279121818236,-0.22252093395631434,-0.651372482722222,-0.7587581226927911
1374,12.8,56,2.0,0.0,0.0,0,0,1,0,0.9749279121818236,-0.22252093395631434,-0.7907757369376986,-0.6121059825476627
1256,11.8,57,1.9,0.0,0.0,0,0,1,0,0.9749279121818236,-0.22252093395631434,-0.8978045395707417,-0.44039415155763423
1041,10.9,58,1.5,0.0,0.0,0,0,1,0,0.9749279121818236,-0.22252093395631434,-0.9680771188662041,-0.2506525322587213
668,10.2,58,2.4,0.0,0.0,0,0,1,0,0.9749279121818236,-0.22252093395631434,-0.9987165071710528,-0.05064916883871355
436,9.5,61,1.7,0.0,0.0,0,0,1,0,0.43388373911755823,-0.900968867902419,0.0,1.0
373,9.0,62,1.9,0.0,0.0,0,0,1,0,0.43388373911755823,-0.900968867902419,0.20129852008866006,0.9795299412524945
220,9.0,63,2.1,0.0,0.0,0,0,1,0,0.43388373911755823,-0.900968867902419,0.39435585511331855,0.9189578116202306
150,8.9,64,2.2,0.0,0.0,0,0,1,0,0.43388373911755823,-0.900968867902419,0.5712682150947923,0.8207634412072763
87,8.8,65,2.5,0.0,0.0,0,0,1,0,0.43388373911755823,-0.900968867902419,0.72479278722912,0.6889669190756866
18,8.3,81,2.0,0.1,0.0,0,0,1,0,0.43388373911755823,-0.900968867902419,0.8486442574947509,0.5289640103269624
21,7.5,94,2.4,0.4,0.0,0,0,1,0,0.43388373911755823,-0.900968867902419,0.9377521321470804,0.3473052528448203
38,7.1,94,2.2,1.5,0.0,0,0,1,0,0.43388373911755823,-0.900968867902419,0.9884683243281114,0.1514277775045767
207,6.7,94,2.7,2.0,0.0,0,0,1,0,0.43388373911755823,-0.900968867902419,0.9987165071710528,-0.05064916883871264
129,6.8,89,2.9,0.0,0.0,0,0,1,0,0.43388373911755823,-0.900968867902419,0.9680771188662043,-0.2506525322587204
95,7.1,87,2.9,0.0,0.0,0,0,1,0,0.43388373911755823,-0.900968867902419,0.8978045395707416,-0.4403941515576344
47,7.1,93,2.6,0.0,0.0,0,0,1,0,0.43388373911755823,-0.900968867902419,0.7907757369376989,-0.6121059825476626
70,7.3,95,2.2,0.5,0.0,0,0,1,0,0.43388373911755823,-0.900968867902419,0.6513724827222223,-0.758758122692791
84,7.7,95,1.9,0.0,0.0,0,0,1,0,0.43388373911755823,-0.900968867902419,0.48530196253108104,-0.8743466161445821
46,8.0,95,1.5,0.0,0.0,0,0,1,0,0.43388373911755823,-0.900968867902419,0.29936312297335804,-0.9541392564000488
37,8.1,96,1.9,0.5,0.0,0,0,1,0,0.43388373911755823,-0.900968867902419,0.10116832198743272,-0.994869323391895
31,8.1,96,1.5,1.0,0.0,0,0,1,0,0.43388373911755823,-0.900968867902419,-0.10116832198743204,-0.9948693233918952
46,8.0,96,1.4,1.0,0.0,0,0,1,0,0.43388373911755823,-0.900968867902419,-0.2993631229733582,-0.9541392564000488
75,7.6,96,2.0,0.0,0.0,0,0,1,0,0.43388373911755823,-0.900968867902419,-0.4853019625310808,-0.8743466161445822
75,7.6,96,1.5,1.5,0.0,0,0,1,0,0.43388373911755823,-0.900968867902419,-0.651372482722222,-0.7587581226927911
56,7.3,96,1.9,0.0,0.0,0,0,1,0,0.43388373911755823,-0.900968867902419,-0.7907757369376986,-0.6121059825476627
99,7.3,96,1.5,1.0,0.0,0,0,1,0,0.43388373911755823,-0.900968867902419,-0.8978045395707417,-0.44039415155763423
77,7.2,96,1.0,0.0,0.0,0,0,1,0,0.43388373911755823,-0.900968867902419,-0.9680771188662041,-0.2506525322587213
79,7.1,96,1.3,0.5,0.0,0,0,1,0,0.43388373911755823,-0.900968867902419,-0.9987165071710528,-0.05064916883871355
56,7.2,95,0.9,0.5,0.0,0,0,1,0,-0.433883739117558,-0.9009688679024191,0.0,1.0
50,7.2,95,0.2,0.5,0.0,0,0,1,0,-0.433883739117558,-0.9009688679024191,0.20129852008866006,0.9795299412524945
27,7.3,96,1.0,1.5,0.0,0,0,1,0,-0.433883739117558,-0.9009688679024191,0.39435585511331855,0.9189578116202306
18,7.2,96,0.8,2.0,0.0,0,0,1,0,-0.433883739117558,-0.9009688679024191,0.5712682150947923,0.8207634412072763
9,6.8,97,2.2,2.0,0.0,0,0,1,0,-0.433883739117558,-0.9009688679024191,0.72479278722912,0.6889669190756866
54,6.3,97,1.7,0.5,0.0,0,0,1,0,-0.433883739117558,-0.9009688679024191,0.8486442574947509,0.5289640103269624
178,6.1,96,2.1,0.0,0.0,0,0,1,0,-0.433883739117558,-0.9009688679024191,0.9377521321470804,0.3473052528448203
591,5.7,95,3.4,0.0,0.0,0,0,1,0,-0.433883739117558,-0.9009688679024191,0.9884683243281114,0.1514277775045767
1235,5.9,90,2.8,0.0,0.0,0,0,1,0,-0.433883739117558,-0.9009688679024191,0.9987165071710528,-0.05064916883871264
719,6.9,83,2.2,0.0,0.0,0,0,1,0,-0.433883739117558,-0.9009688679024191,0.9680771188662043,-0.2506525322587204
529,8.0,73,2.8,0.0,0.0,0,0,1,0,-0.433883739117558,-0.9009688679024191,0.8978045395707416,-0.4403941515576344
598,8.3,69,4.1,0.0,0.0,0,0,1,0,-0.433883739117558,-0.9009688679024191,0.7907757369376989,-0.6121059825476626
756,6.7,71,4.6,0.0,0.0,0,0,1,0,-0.433883739117558,-0.9009688679024191,0.6513724827222223,-0.758758122692791
683,7.9,58,4.3,0.0,0.0,0,0,1,0,-0.433883739117558,-0.9009688679024191,0.48530196253108104,-0.8743466161445821
572,7.4,56,3.5,0.0,0.0,0,0,1,0,-0.433883739117558,-0.9009688679024191,0.29936312297335804,-0.9541392564000488
545,6.8,50,4.1,0.0,0.0,0,0,1,0,-0.433883739117558,-0.9009688679024191,0.10116832198743272,-0.994869323391895
585,6.6,50,4.0,0.0,0.0,0,0,1,0,-0.433883739117558,-0.9009688679024191,-0.10116832198743204,-0.9948693233918952
776,6.3,50,4.4,0.0,0.0,0,0,1,0,-0.433883739117558,-0.9009688679024191,-0.2993631229733582,-0.9541392564000488
1114,5.9,43,5.3,0.0,0.0,0,0,1,0,-0.433883739117558,-0.9009688679024191,-0.4853019625310808,-0.8743466161445822
659,4.8,48,3.8,0.0,0.0,0,0,1,0,-0.433883739117558,-0.9009688679024191,-0.651372482722222,-0.7587581226927911
508,4.3,59,4.6,0.0,0.0,0,0,1,0,-0.433883739117558,-0.9009688679024191,-0.7907757369376986,-0.6121059825476627
447,4.0,67,3.0,0.0,0.0,0,0,1,0,-0.433883739117558,-0.9009688679024191,-0.8978045395707417,-0.44039415155763423
499,3.9,68,3.0,0.0,0.0,0,0,1,0,-0.433883739117558,-0.9009688679024191,-0.9680771188662041,-0.2506525322587213
312,3.8,75,4.1,0.0,0.0,0,0,1,0,-0.433883739117558,-0.9009688679024191,-0.9987165071710528,-0.05064916883871355
282,3.0,67,3.3,0.0,0.0,0,0,1,0,-0.9749279121818236,-0.2225209339563146,0.0,1.0
225,2.6,67,2.7,0.0,0.0,0,0,1,0,-0.9749279121818236,-0.2225209339563146,0.20129852008866006,0.9795299412524945
123,1.8,81,2.9,0.0,0.0,0,0,1,0,-0.9749279121818236,-0.2225209339563146,0.39435585511331855,0.9189578116202306
122,1.5,82,3.5,0.1,0.0,0,0,1,0,-0.9749279121818236,-0.2225209339563146,0.5712682150947923,0.8207634412072763
80,1.6,70,3.6,0.1,0.0,0,0,1,0,-0.9749279121818236,-0.2225209339563146,0.72479278722912,0.6889669190756866
57,1.6,62,4.9,0.0,0.0,0,0,1,0,-0.9749279121818236,-0.2225209339563146,0.8486442574947509,0.5289640103269624
108,1.7,58,3.8,0.0,0.0,0,0,1,0,-0.9749279121818236,-0.2225209339563146,0.9377521321470804,0.3473052528448203
206,1.9,51,4.9,0.0,0.0,0,0,1,0,-0.9749279121818236,-0.2225209339563146,0.9884683243281114,0.1514277775045767
399,2.4,44,4.3,0.0,0.0,0,0,1,0,-0.9749279121818236,-0.2225209339563146,0.9987165071710528,-0.05064916883871264
426,3.4,37,3.6,0.0,0.0,0,0,1,0,-0.9749279121818236,-0.2225209339563146,0.9680771188662043,-0.2506525322587204
453,4.3,31,4.9,0.0,0.0,0,0,1,0,-0.9749279121818236,-0.2225209339563146,0.8978045395707416,-0.4403941515576344
553,4.7,26,4.8,0.0,0.0,0,0,1,0,-0.9749279121818236,-0.2225209339563146,0.7907757369376989,-0.6121059825476626
697,6.0,23,4.2,0.0,0.0,0,0,1,0,-0.9749279121818236,-0.2225209339563146,0.6513724827222223,-0.758758122692791
852,7.4,22,4.5,0.0,0.0,0,0,1,0,-0.9749279121818236,-0.2225209339563146,0.48530196253108104,-0.8743466161445821
919,8.1,24,4.7,0.0,0.0,0,0,1,0,-0.9749279121818236,-0.2225209339563146,0.29936312297335804,-0.9541392564000488
925,7.6,36,5.0,0.0,0.0,0,0,1,0,-0.9749279121818236,-0.2225209339563146,0.10116832198743272,-0.994869323391895
897,7.9,34,4.7,0.0,0.0,0,0,1,0,-0.9749279121818236,-0.2225209339563146,-0.10116832198743204,-0.9948693233918952
908,7.6,36,5.3,0.0,0.0,0,0,1,0,-0.9749279121818236,-0.2225209339563146,-0.2993631229733582,-0.9541392564000488
714,6.4,43,3.7,0.0,0.0,0,0,1,0,-0.9749279121818236,-0.2225209339563146,-0.4853019625310808,-0.8743466161445822
518,4.9,47,3.5,0.0,0.0,0,0,1,0,-0.9749279121818236,-0.2225209339563146,-0.651372482722222,-0.7587581226927911
458,4.2,44,4.1,0.0,0.0,0,0,1,0,-0.9749279121818236,-0.2225209339563146,-0.7907757369376986,-0.6121059825476627
443,3.8,39,3.2,0.0,0.0,0,0,1,0,-0.9749279121818236,-0.2225209339563146,-0.8978045395707417,-0.44039415155763423
426,3.5,41,2.8,0.0,0.0,0,0,1,0,-0.9749279121818236,-0.2225209339563146,-0.9680771188662041,-0.2506525322587213
368,3.1,39,3.1,0.0,0.0,0,0,1,0,-0.9749279121818236,-0.2225209339563146,-0.9987165071710528,-0.05064916883871355
325,2.9,46,2.2,0.0,0.0,0,0,1,0,-0.7818314824680299,0.6234898018587334,0.0,1.0
224,2.4,46,1.7,0.0,0.0,0,0,1,0,-0.7818314824680299,0.6234898018587334,0.20129852008866006,0.9795299412524945
191,2.2,49,1.9,0.0,0.0,0,0,1,0,-0.7818314824680299,0.6234898018587334,0.39435585511331855,0.9189578116202306
141,2.0,50,2.0,0.0,0.0,0,0,1,0,-0.7818314824680299,0.6234898018587334,0.5712682150947923,0.8207634412072763
90,1.7,51,1.3,0.0,0.0,0,0,1,0,-0.7818314824680299,0.6234898018587334,0.72479278722912,0.6889669190756866
59,1.3,51,1.6,0.0,0.0,0,0,1,0,-0.7818314824680299,0.6234898018587334,0.8486442574947509,0.5289640103269624
101,0.9,52,1.1,0.0,0.0,0,0,1,0,-0.7818314824680299,0.6234898018587334,0.9377521321470804,0.3473052528448203
159,0.9,54,0.8,0.0,0.0,0,0,1,0,-0.7818314824680299,0.6234898018587334,0.9884683243281114,0.1514277775045767
332,2.9,53,1.5,0.0,0.0,0,0,1,0,-0.7818314824680299,0.6234898018587334,0.9987165071710528,-0.05064916883871264
405,5.1,46,2.7,0.0,0.0,0,0,1,0,-0.7818314824680299,0.6234898018587334,0.9680771188662043,-0.2506525322587204
494,6.3,39,2.8,0.0,0.0,0,0,1,0,-0.7818314824680299,0.6234898018587334,0.8978045395707416,-0.4403941515576344
586,6.4,29,2.7,0.0,0.0,0,0,1,0,-0.7818314824680299,0.6234898018587334,0.7907757369376989,-0.6121059825476626
709,6.9,30,1.8,0.0,0.0,0,0,1,0,-0.7818314824680299,0.6234898018587334,0.6513724827222223,-0.758758122692791
847,7.4,27,1.8,0.0,0.0,0,0,1,0,-0.7818314824680299,0.6234898018587334,0.48530196253108104,-0.8743466161445821
777,7.9,27,1.0,0.0,0.0,0,0,1,0,-0.7818314824680299,0.6234898018587334,0.29936312297335804,-0.9541392564000488
343,7.3,38,0.8,0.0,0.0,0,0,1,0,-0.7818314824680299,0.6234898018587334,0.10116832198743272,-0.994869323391895
137,6.1,65,1.5,0.0,0.0,0,0,1,0,-0.7818314824680299,0.6234898018587334,-0.10116832198743204,-0.9948693233918952
58,4.3,80,2.6,0.1,0.0,0,0,1,0,-0.7818314824680299,0.6234898018587334,-0.2993631229733582,-0.9541392564000488
22,3.0,89,1.5,1.9,0.0,0,0,1,0,-0.7818314824680299,0.6234898018587334,-0.4853019625310808,-0.8743466161445822
44,2.5,94,1.8,1.0,0.0,0,0,1,0,-0.7818314824680299,0.6234898018587334,-0.651372482722222,-0.7587581226927911
93,2.7,90,1.5,0.0,0.0,0,0,1,0,-0.7818314824680299,0.6234898018587334,-0.7907757369376986,-0.6121059825476627
170,2.8,88,2.1,0.0,0.0,0,0,1,0,-0.7818314824680299,0.6234898018587334,-0.8978045395707417,-0.44039415155763423
177,2.7,88,2.0,0.0,0.0,0,0,1,0,-0.7818314824680299,0.6234898018587334,-0.9680771188662041,-0.2506525322587213
182,2.9,85,0.9,0.0,0.0,0,0,1,0,-0.7818314824680299,0.6234898018587334,-0.9987165071710528,-0.05064916883871355
197,3.2,84,0.6,0.0,0.0,0,0,1,0,0.0,1.0,0.0,1.0
140,2.8,87,0.8,0.0,0.0,0,0,1,0,0.0,1.0,0.20129852008866006,0.9795299412524945
97,2.2,88,0.5,0.0,0.0,0,0,1,0,0.0,1.0,0.39435585511331855,0.9189578116202306
52,1.6,94,0.3,0.0,0.0,0,0,1,0,0.0,1.0,0.5712682150947923,0.8207634412072763
43,1.1,95,0.5,0.0,0.0,0,0,1,0,0.0,1.0,0.72479278722912,0.6889669190756866
91,0.7,96,1.0,0.0,0.0,0,0,1,0,0.0,1.0,0.8486442574947509,0.5289640103269624
239,0.1,97,0.6,0.0,0.0,0,0,1,0,0.0,1.0,0.9377521321470804,0.3473052528448203
651,0.6,97,1.3,0.0,0.0,0,0,1,0,0.0,1.0,0.9884683243281114,0.1514277775045767
1163,1.0,97,0.9,0.0,0.0,0,0,1,0,0.0,1.0,0.9987165071710528,-0.05064916883871264
682,2.6,96,1.1,0.0,0.0,0,0,1,0,0.0,1.0,0.9680771188662043,-0.2506525322587204
506,5.2,73,1.0,0.0,0.0,0,0,1,0,0.0,1.0,0.8978045395707416,-0.4403941515576344
644,7.5,54,0.9,0.0,0.0,0,0,1,0,0.0,1.0,0.7907757369376989,-0.6121059825476626
799,10.4,44,1.7,0.0,0.0,0,0,1,0,0.0,1.0,0.6513724827222223,-0.758758122692791
869,12.4,32,1.7,0.0,0.0,0,0,1,0,0.0,1.0,0.48530196253108104,-0.8743466161445821
921,13.9,26,2.5,0.0,0.0,0,0,1,0,0.0,1.0,0.29936312297335804,-0.9541392564000488
1038,14.2,24,1.8,0.0,0.0,0,0,1,0,0.0,1.0,0.10116832198743272,-0.994869323391895
1185,15.3,24,1.5,0.0,0.0,0,0,1,0,0.0,1.0,-0.10116832198743204,-0.9948693233918952
1479,15.3,26,0.9,0.0,0.0,0,0,1,0,0.0,1.0,-0.2993631229733582,-0.9541392564000488
2401,14.8,24,1.3,0.0,0.0,0,0,1,0,0.0,1.0,-0.4853019625310808,-0.8743466161445822
1599,13.4,33,1.2,0.0,0.0,0,0,1,0,0.0,1.0,-0.651372482722222,-0.7587581226927911
1362,11.7,34,0.9,0.0,0.0,0,0,1,0,0.0,1.0,-0.7907757369376986,-0.6121059825476627
1232,10.3,38,0.5,0.0,0.0,0,0,1,0,0.0,1.0,-0.8978045395707417,-0.44039415155763423
1069,9.6,41,0.5,0.0,0.0,0,0,1,0,0.0,1.0,-0.9680771188662041,-0.2506525322587213
623,9.6,43,1.2,0.0,0.0,0,0,1,0,0.0,1.0,-0.9987165071710528,-0.05064916883871355
485,9.0,46,1.2,0.0,0.0,0,0,1,0,0.7818314824680298,0.6234898018587336,0.0,1.0
376,9.0,44,1.0,0.0,0.0,0,0,1,0,0.7818314824680298,0.6234898018587336,0.20129852008866006,0.9795299412524945
250,8.8,43,1.0,0.0,0.0,0,0,1,0,0.7818314824680298,0.6234898018587336,0.39435585511331855,0.9189578116202306
149,8.1,48,0.8,0.0,0.0,0,0,1,0,0.7818314824680298,0.6234898018587336,0.5712682150947923,0.8207634412072763
102,7.5,48,1.0,0.0,0.0,0,0,1,0,0.7818314824680298,0.6234898018587336,0.72479278722912,0.6889669190756866
123,7.1,53,0.8,0.0,0.0,0,0,1,0,0.7818314824680298,0.6234898018587336,0.8486442574947509,0.5289640103269624
370,6.9,51,0.9,0.0,0.0,0,0,1,0,0.7818314824680298,0.6234898018587336,0.9377521321470804,0.3473052528448203
981,7.2,50,1.1,0.0,0.0,0,0,1,0,0.7818314824680298,0.6234898018587336,0.9884683243281114,0.1514277775045767
1702,9.6,38,1.4,0.0,0.0,0,0,1,0,0.7818314824680298,0.6234898018587336,0.9987165071710528,-0.05064916883871264
982,11.9,35,1.1,0.0,0.0,0,0,1,0,0.7818314824680298,0.6234898018587336,0.9680771188662043,-0.2506525322587204
703,15.2,31,1.6,0.0,0.0,0,0,1,0,0.7818314824680298,0.6234898018587336,0.8978045395707416,-0.4403941515576344
839,18.5,27,1.3,0.0,0.0,0,0,1,0,0.7818314824680298,0.6234898018587336,0.7907757369376989,-0.6121059825476626
1023,20.5,37,4.6,0.0,0.0,0,0,1,0,0.7818314824680298,0.6234898018587336,0.6513724827222223,-0.758758122692791
967,21.9,34,5.1,0.0,0.0,0,0,1,0,0.7818314824680298,0.6234898018587336,0.48530196253108104,-0.8743466161445821
913,21.2,35,7.4,0.0,0.0,0,0,1,0,0.7818314824680298,0.6234898018587336,0.29936312297335804,-0.9541392564000488
933,21.4,33,4.8,0.0,0.0,0,0,1,0,0.7818314824680298,0.6234898018587336,0.10116832198743272,-0.994869323391895
1080,20.9,34,5.8,0.0,0.0,0,0,1,0,0.7818314824680298,0.6234898018587336,-0.10116832198743204,-0.9948693233918952
1004,20.6,39,5.6,0.0,0.0,0,0,1,0,0.7818314824680298,0.6234898018587336,-0.2993631229733582,-0.9541392564000488
1805,19.7,52,7.2,0.0,0.0,0,0,1,0,0.7818314824680298,0.6234898018587336,-0.4853019625310808,-0.8743466161445822
1153,19.2,55,5.8,0.0,0.0,0,0,1,0,0.7818314824680298,0.6234898018587336,-0.651372482722222,-0.7587581226927911
336,19.1,58,6.1,0.0,0.0,0,0,1,0,0.7818314824680298,0.6234898018587336,-0.7907757369376986,-0.6121059825476627
133,17.5,70,7.3,0.5,0.0,0,0,1,0,0.7818314824680298,0.6234898018587336,-0.8978045395707417,-0.44039415155763423
75,15.8,83,5.4,1.5,0.0,0,0,1,0,0.7818314824680298,0.6234898018587336,-0.9680771188662041,-0.2506525322587213
212,15.1,83,4.1,3.0,0.0,0,0,1,0,0.7818314824680298,0.6234898018587336,-0.9987165071710528,-0.05064916883871355
0,14.4,82,4.6,0.0,0.0,0,0,1,0,0.9749279121818236,-0.22252093395631434,0.0,1.0
0,13.6,81,3.6,0.0,0.0,0,0,1,0,0.9749279121818236,-0.22252093395631434,0.20129852008866006,0.9795299412524945
0,12.7,80,3.9,0.0,0.0,0,0,1,0,0.9749279121818236,-0.22252093395631434,0.39435585511331855,0.9189578116202306
0,11.6,81,3.1,0.0,0.0,0,0,1,0,0.9749279121818236,-0.22252093395631434,0.5712682150947923,0.8207634412072763
0,10.2,83,3.5,0.0,0.0,0,0,1,0,0.9749279121818236,-0.22252093395631434,0.72479278722912,0.6889669190756866
0,9.7,84,1.7,0.0,0.0,0,0,1,0,0.9749279121818236,-0.22252093395631434,0.8486442574947509,0.5289640103269624
0,9.0,86,2.0,0.0,0.0,0,0,1,0,0.9749279121818236,-0.22252093395631434,0.9377521321470804,0.3473052528448203
0,8.8,85,1.1,0.0,0.0,0,0,1,0,0.9749279121818236,-0.22252093395631434,0.9884683243281114,0.1514277775045767
0,9.7,77,1.6,0.0,0.0,0,0,1,0,0.9749279121818236,-0.22252093395631434,0.9987165071710528,-0.05064916883871264
0,11.8,59,2.1,0.0,0.0,0,0,1,0,0.9749279121818236,-0.22252093395631434,0.9680771188662043,-0.2506525322587204
0,13.3,51,4.1,0.0,0.0,0,0,1,0,0.9749279121818236,-0.22252093395631434,0.8978045395707416,-0.4403941515576344
0,14.9,44,4.0,0.0,0.0,0,0,1,0,0.9749279121818236,-0.22252093395631434,0.7907757369376989,-0.6121059825476626
0,15.7,46,3.9,0.0,0.0,0,0,1,0,0.9749279121818236,-0.22252093395631434,0.6513724827222223,-0.758758122692791
0,15.6,38,4.7,0.0,0.0,0,0,1,0,0.9749279121818236,-0.22252093395631434,0.48530196253108104,-0.8743466161445821
0,16.4,28,3.4,0.0,0.0,0,0,1,0,0.9749279121818236,-0.22252093395631434,0.29936312297335804,-0.9541392564000488
0,17.0,28,3.5,0.0,0.0,0,0,1,0,0.9749279121818236,-0.22252093395631434,0.10116832198743272,-0.994869323391895
0,16.9,23,4.4,0.0,0.0,0,0,1,0,0.9749279121818236,-0.22252093395631434,-0.10116832198743204,-0.9948693233918952
0,16.2,22,4.1,0.0,0.0,0,0,1,0,0.9749279121818236,-0.22252093395631434,-0.2993631229733582,-0.9541392564000488
0,15.2,21,2.9,0.0,0.0,0,0,1,0,0.9749279121818236,-0.22252093395631434,-0.4853019625310808,-0.8743466161445822
0,13.2,28,2.9,0.0,0.0,0,0,1,0,0.9749279121818236,-0.22252093395631434,-0.651372482722222,-0.7587581226927911
0,11.9,33,2.0,0.0,0.0,0,0,1,0,0.9749279121818236,-0.22252093395631434,-0.7907757369376986,-0.6121059825476627
0,11.0,34,2.1,0.0,0.0,0,0,1,0,0.9749279121818236,-0.22252093395631434,-0.8978045395707417,-0.44039415155763423
0,10.3,42,1.0,0.0,0.0,0,0,1,0,0.9749279121818236,-0.22252093395631434,-0.9680771188662041,-0.2506525322587213
0,9.7,45,2.0,0.0,0.0,0,0,1,0,0.9749279121818236,-0.22252093395631434,-0.9987165071710528,-0.05064916883871355
504,9.5,40,2.4,0.0,0.0,0,0,1,0,0.43388373911755823,-0.900968867902419,0.0,1.0
374,8.9,40,2.1,0.0,0.0,0,0,1,0,0.43388373911755823,-0.900968867902419,0.20129852008866006,0.9795299412524945
269,8.1,45,1.0,0.0,0.0,0,0,1,0,0.43388373911755823,-0.900968867902419,0.39435585511331855,0.9189578116202306
182,7.8,49,1.4,0.0,0.0,0,0,1,0,0.43388373911755823,-0.900968867902419,0.5712682150947923,0.8207634412072763
98,7.5,53,1.0,0.0,0.0,0,0,1,0,0.43388373911755823,-0.900968867902419,0.72479278722912,0.6889669190756866
144,7.1,57,0.8,0.0,0.0,0,0,1,0,0.43388373911755823,-0.900968867902419,0.8486442574947509,0.5289640103269624
375,7.1,55,1.8,0.0,0.0,0,0,1,0,0.43388373911755823,-0.900968867902419,0.9377521321470804,0.3473052528448203
1054,7.6,54,1.7,0.0,0.0,0,0,1,0,0.43388373911755823,-0.900968867902419,0.9884683243281114,0.1514277775045767
1789,8.9,48,1.1,0.0,0.0,0,0,1,0,0.43388373911755823,-0.900968867902419,0.9987165071710528,-0.05064916883871264
952,11.5,43,1.7,0.0,0.0,0,0,1,0,0.43388373911755823,-0.900968867902419,0.9680771188662043,-0.2506525322587204
686,13.8,39,2.3,0.0,0.0,0,0,1,0,0.43388373911755823,-0.900968867902419,0.8978045395707416,-0.4403941515576344
829,16.2,30,2.4,0.0,0.0,0,0,1,0,0.43388373911755823,-0.900968867902419,0.7907757369376989,-0.6121059825476626
969,17.5,20,4.6,0.0,0.0,0,0,1,0,0.43388373911755823,-0.900968867902419,0.6513724827222223,-0.758758122692791
1029,18.1,18,5.1,0.0,0.0,0,0,1,0,0.43388373911755823,-0.900968867902419,0.48530196253108104,-0.8743466161445821
990,18.8,27,4.9,0.0,0.0,0,0,1,0,0.43388373911755823,-0.900968867902419,0.29936312297335804,-0.9541392564000488
1074,19.4,24,3.9,0.0,0.0,0,0,1,0,0.43388373911755823,-0.900968867902419,0.10116832198743272,-0.994869323391895
1273,18.8,23,4.2,0.0,0.0,0,0,1,0,0.43388373911755823,-0.900968867902419,-0.10116832198743204,-0.9948693233918952
1664,18.6,22,3.7,0.0,0.0,0,0,1,0,0.43388373911755823,-0.900968867902419,-0.2993631229733582,-0.9541392564000488
2359,17.9,16,3.7,0.0,0.0,0,0,1,0,0.43388373911755823,-0.900968867902419,-0.4853019625310808,-0.8743466161445822
1641,15.9,14,2.8,0.0,0.0,0,0,1,0,0.43388373911755823,-0.900968867902419,-0.651372482722222,-0.7587581226927911
1319,14.2,15,2.6,0.0,0.0,0,0,1,0,0.43388373911755823,-0.900968867902419,-0.7907757369376986,-0.6121059825476627
1241,13.4,15,2.7,0.0,0.0,0,0,1,0,0.43388373911755823,-0.900968867902419,-0.8978045395707417,-0.44039415155763423
1142,13.5,15,2.2,0.0,0.0,0,0,1,0,0.43388373911755823,-0.900968867902419,-0.9680771188662041,-0.2506525322587213
772,12.6,16,1.7,0.0,0.0,0,0,1,0,0.43388373911755823,-0.900968867902419,-0.9987165071710528,-0.05064916883871355
525,11.4,22,1.5,0.0,0.0,0,0,1,0,-0.433883739117558,-0.9009688679024191,0.0,1.0
432,10.0,23,0.7,0.0,0.0,0,0,1,0,-0.433883739117558,-0.9009688679024191,0.20129852008866006,0.9795299412524945
257,9.7,23,1.4,0.0,0.0,0,0,1,0,-0.433883739117558,-0.9009688679024191,0.39435585511331855,0.9189578116202306
167,9.9,27,1.3,0.0,0.0,0,0,1,0,-0.433883739117558,-0.9009688679024191,0.5712682150947923,0.8207634412072763
112,9.7,29,1.8,0.0,0.0,0,0,1,0,-0.433883739117558,-0.9009688679024191,0.72479278722912,0.6889669190756866
156,9.1,34,0.9,0.0,0.0,0,0,1,0,-0.433883739117558,-0.9009688679024191,0.8486442574947509,0.5289640103269624
368,8.3,35,0.3,0.0,0.0,0,0,1,0,-0.433883739117558,-0.9009688679024191,0.9377521321470804,0.3473052528448203
999,8.8,33,1.2,0.0,0.0,0,0,1,0,-0.433883739117558,-0.9009688679024191,0.9884683243281114,0.1514277775045767
1721,10.6,27,1.1,0.0,0.0,0,0,1,0,-0.433883739117558,-0.9009688679024191,0.9987165071710528,-0.05064916883871264
982,13.2,22,1.1,0.0,0.0,0,0,1,0,-0.433883739117558,-0.9009688679024191,0.9680771188662043,-0.2506525322587204
741,15.7,18,1.6,0.0,0.0,0,0,1,0,-0.433883739117558,-0.9009688679024191,0.8978045395707416,-0.4403941515576344
867,16.9,15,1.7,0.0,0.0,0,0,1,0,-0.433883739117558,-0.9009688679024191,0.7907757369376989,-0.6121059825476626
1095,18.2,15,1.6,0.0,0.0,0,0,1,0,-0.433883739117558,-0.9009688679024191,0.6513724827222223,-0.758758122692791
973,19.0,15,1.4,0.0,0.0,0,0,1,0,-0.433883739117558,-0.9009688679024191,0.48530196253108104,-0.8743466161445821
1063,18.7,14,1.6,0.0,0.0,0,0,1,0,-0.433883739117558,-0.9009688679024191,0.29936312297335804,-0.9541392564000488
1108,18.6,15,0.9,0.0,0.0,0,0,1,0,-0.433883739117558,-0.9009688679024191,0.10116832198743272,-0.994869323391895
1270,18.3,16,1.0,0.0,0.0,0,0,1,0,-0.433883739117558,-0.9009688679024191,-0.10116832198743204,-0.9948693233918952
1662,18.1,16,1.4,0.0,0.0,0,0,1,0,-0.433883739117558,-0.9009688679024191,-0.2993631229733582,-0.9541392564000488
2404,17.5,18,1.3,0.0,0.0,0,0,1,0,-0.433883739117558,-0.9009688679024191,-0.4853019625310808,-0.8743466161445822
1641,16.9,19,0.5,0.0,0.0,0,0,1,0,-0.433883739117558,-0.9009688679024191,-0.651372482722222,-0.7587581226927911
1359,16.2,22,0.9,0.0,0.0,0,0,1,0,-0.433883739117558,-0.9009688679024191,-0.7907757369376986,-0.6121059825476627
1311,16.4,24,2.9,0.0,0.0,0,0,1,0,-0.433883739117558,-0.9009688679024191,-0.8978045395707417,-0.44039415155763423
1178,16.3,25,2.0,0.0,0.0,0,0,1,0,-0.433883739117558,-0.9009688679024191,-0.9680771188662041,-0.2506525322587213
849,15.5,27,3.5,0.0,0.0,0,0,1,0,-0.433883739117558,-0.9009688679024191,-0.9987165071710528,-0.05064916883871355
664,14.8,27,2.1,0.0,0.0,0,0,1,0,-0.9749279121818236,-0.2225209339563146,0.0,1.0
513,14.1,25,1.8,0.0,0.0,0,0,1,0,-0.9749279121818236,-0.2225209339563146,0.20129852008866006,0.9795299412524945
253,13.5,27,1.6,0.0,0.0,0,0,1,0,-0.9749279121818236,-0.2225209339563146,0.39435585511331855,0.9189578116202306
62,12.1,41,1.0,0.2,0.0,0,0,1,0,-0.9749279121818236,-0.2225209339563146,0.5712682150947923,0.8207634412072763
39,10.3,72,1.0,0.8,0.0,0,0,1,0,-0.9749279121818236,-0.2225209339563146,0.72479278722912,0.6889669190756866
20,9.5,76,0.8,0.0,0.0,0,0,1,0,-0.9749279121818236,-0.2225209339563146,0.8486442574947509,0.5289640103269624
12,8.7,80,1.1,1.0,0.0,0,0,1,0,-0.9749279121818236,-0.2225209339563146,0.9377521321470804,0.3473052528448203
18,8.2,88,0.7,2.0,0.0,0,0,1,0,-0.9749279121818236,-0.2225209339563146,0.9884683243281114,0.1514277775045767
17,7.7,88,1.4,1.0,0.0,0,0,1,0,-0.9749279121818236,-0.2225209339563146,0.9987165071710528,-0.05064916883871264
17,7.5,94,1.5,1.5,0.0,0,0,1,0,-0.9749279121818236,-0.2225209339563146,0.9680771188662043,-0.2506525322587204
43,7.7,94,1.0,1.5,0.0,0,0,1,0,-0.9749279121818236,-0.2225209339563146,0.8978045395707416,-0.4403941515576344
52,8.1,94,1.2,0.5,0.0,0,0,1,0,-0.9749279121818236,-0.2225209339563146,0.7907757369376989,-0.6121059825476626
75,8.6,94,1.1,0.0,0.0,0,0,1,0,-0.9749279121818236,-0.2225209339563146,0.6513724827222223,-0.758758122692791
70,8.8,93,1.7,0.0,0.0,0,0,1,0,-0.9749279121818236,-0.2225209339563146,0.48530196253108104,-0.8743466161445821
122,8.9,94,1.3,0.5,0.0,0,0,1,0,-0.9749279121818236,-0.2225209339563146,0.29936312297335804,-0.9541392564000488
203,8.6,88,3.2,0.0,0.0,0,0,1,0,-0.9749279121818236,-0.2225209339563146,0.10116832198743272,-0.994869323391895
445,8.9,87,1.8,0.0,0.0,0,0,1,0,-0.9749279121818236,-0.2225209339563146,-0.10116832198743204,-0.9948693233918952
675,9.3,81,2.4,0.0,0.0,0,0,1,0,-0.9749279121818236,-0.2225209339563146,-0.2993631229733582,-0.9541392564000488
706,9.6,79,1.8,0.0,0.0,0,0,1,0,-0.9749279121818236,-0.2225209339563146,-0.4853019625310808,-0.8743466161445822
612,9.5,76,2.3,0.0,0.0,0,0,1,0,-0.9749279121818236,-0.2225209339563146,-0.651372482722222,-0.7587581226927911
640,9.4,76,2.6,0.0,0.0,0,0,1,0,-0.9749279121818236,-0.2225209339563146,-0.7907757369376986,-0.6121059825476627
633,9.1,76,3.5,0.0,0.0,0,0,1,0,-0.9749279121818236,-0.2225209339563146,-0.8978045395707417,-0.44039415155763423
586,8.8,77,3.2,0.0,0.0,0,0,1,0,-0.9749279121818236,-0.2225209339563146,-0.9680771188662041,-0.2506525322587213
503,8.4,77,3.8,0.0,0.0,0,0,1,0,-0.9749279121818236,-0.2225209339563146,-0.9987165071710528,-0.05064916883871355
475,7.8,78,1.8,0.0,0.0,0,0,1,0,-0.7818314824680299,0.6234898018587334,0.0,1.0
349,7.1,78,3.6,0.0,0.0,0,0,1,0,-0.7818314824680299,0.6234898018587334,0.20129852008866006,0.9795299412524945
254,6.7,80,2.8,0.0,0.0,0,0,1,0,-0.7818314824680299,0.6234898018587334,0.39435585511331855,0.9189578116202306
183,6.4,83,2.3,0.0,0.0,0,0,1,0,-0.7818314824680299,0.6234898018587334,0.5712682150947923,0.8207634412072763
110,6.0,84,1.7,0.0,0.0,0,0,1,0,-0.7818314824680299,0.6234898018587334,0.72479278722912,0.6889669190756866
65,5.8,85,1.3,0.0,0.0,0,0,1,0,-0.7818314824680299,0.6234898018587334,0.8486442574947509,0.5289640103269624
102,5.6,85,1.2,0.0,0.0,0,0,1,0,-0.7818314824680299,0.6234898018587334,0.9377521321470804,0.3473052528448203
223,5.8,83,1.1,0.0,0.0,0,0,1,0,-0.7818314824680299,0.6234898018587334,0.9884683243281114,0.1514277775045767
401,7.0,78,0.9,0.0,0.0,0,0,1,0,-0.7818314824680299,0.6234898018587334,0.9987165071710528,-0.05064916883871264
513,8.6,66,1.7,0.0,0.0,0,0,1,0,-0.7818314824680299,0.6234898018587334,0.9680771188662043,-0.2506525322587204
582,10.3,62,2.1,0.0,0.0,0,0,1,0,-0.7818314824680299,0.6234898018587334,0.8978045395707416,-0.4403941515576344
797,11.8,57,2.6,0.0,0.0,0,0,1,0,-0.7818314824680299,0.6234898018587334,0.7907757369376989,-0.6121059825476626
1105,12.5,53,3.4,0.0,0.0,0,0,1,0,-0.7818314824680299,0.6234898018587334,0.6513724827222223,-0.758758122692791
1229,13.5,46,3.4,0.0,0.0,0,0,1,0,-0.7818314824680299,0.6234898018587334,0.48530196253108104,-0.8743466161445821
1083,13.7,50,3.7,0.0,0.0,0,0,1,0,-0.7818314824680299,0.6234898018587334,0.29936312297335804,-0.9541392564000488
62,13.1,54,4.1,0.0,0.0,0,0,1,0,-0.7818314824680299,0.6234898018587334,0.10116832198743272,-0.994869323391895
124,12.0,61,3.6,0.0,0.0,0,0,1,0,-0.7818314824680299,0.6234898018587334,-0.10116832198743204,-0.9948693233918952
42,11.8,60,2.9,0.0,0.0,0,0,1,0,-0.7818314824680299,0.6234898018587334,-0.2993631229733582,-0.9541392564000488
343,11.9,58,2.2,0.0,0.0,0,0,1,0,-0.7818314824680299,0.6234898018587334,-0.4853019625310808,-0.8743466161445822
317,11.0,62,2.1,0.0,0.0,0,0,1,0,-0.7818314824680299,0.6234898018587334,-0.651372482722222,-0.7587581226927911
297,10.3,62,2.0,0.0,0.0,0,0,1,0,-0.7818314824680299,0.6234898018587334,-0.7907757369376986,-0.6121059825476627
464,9.6,66,1.7,0.0,0.0,0,0,1,0,-0.7818314824680299,0.6234898018587334,-0.8978045395707417,-0.44039415155763423
620,9.0,65,1.7,0.0,0.0,0,0,1,0,-0.7818314824680299,0.6234898018587334,-0.9680771188662041,-0.2506525322587213
467,8.6,69,2.2,0.0,0.0,0,0,1,0,-0.7818314824680299,0.6234898018587334,-0.9987165071710528,-0.05064916883871355
401,8.3,59,2.1,0.0,0.0,0,0,1,0,0.0,1.0,0.0,1.0
226,7.6,62,1.2,0.0,0.0,0,0,1,0,0.0,1.0,0.20129852008866006,0.9795299412524945
126,7.1,64,0.9,0.0,0.0,0,0,1,0,0.0,1.0,0.39435585511331855,0.9189578116202306
107,6.4,67,1.4,0.0,0.0,0,0,1,0,0.0,1.0,0.5712682150947923,0.8207634412072763
75,5.9,68,0.7,0.0,0.0,0,0,1,0,0.0,1.0,0.72479278722912,0.6889669190756866
132,5.3,73,0.8,0.0,0.0,0,0,1,0,0.0,1.0,0.8486442574947509,0.5289640103269624
405,5.0,70,0.7,0.0,0.0,0,0,1,0,0.0,1.0,0.9377521321470804,0.3473052528448203
1049,5.0,67,1.0,0.0,0.0,0,0,1,0,0.0,1.0,0.9884683243281114,0.1514277775045767
1713,6.9,54,0.7,0.0,0.0,0,0,1,0,0.0,1.0,0.9987165071710528,-0.05064916883871264
922,10.1,42,0.8,0.0,0.0,0,0,1,0,0.0,1.0,0.9680771188662043,-0.2506525322587204
700,12.4,34,1.2,0.0,0.0,0,0,1,0,0.0,1.0,0.8978045395707416,-0.4403941515576344
855,14.1,32,1.3,0.0,0.0,0,0,1,0,0.0,1.0,0.7907757369376989,-0.6121059825476626
1052,15.5,33,2.5,0.0,0.0,0,0,1,0,0.0,1.0,0.6513724827222223,-0.758758122692791
973,16.6,30,2.3,0.0,0.0,0,0,1,0,0.0,1.0,0.48530196253108104,-0.8743466161445821
1016,18.0,28,1.6,0.0,0.0,0,0,1,0,0.0,1.0,0.29936312297335804,-0.9541392564000488
1145,18.4,25,2.0,0.0,0.0,0,0,1,0,0.0,1.0,0.10116832198743272,-0.994869323391895
1452,18.5,24,3.0,0.0,0.0,0,0,1,0,0.0,1.0,-0.10116832198743204,-0.9948693233918952
1753,18.7,21,2.5,0.0,0.0,0,0,1,0,0.0,1.0,-0.2993631229733582,-0.9541392564000488
2692,17.0,28,3.1,0.0,0.0,0,0,1,0,0.0,1.0,-0.4853019625310808,-0.8743466161445822
1719,13.8,32,3.4,0.0,0.0,0,0,1,0,0.0,1.0,-0.651372482722222,-0.7587581226927911
1498,12.1,35,2.4,0.0,0.0,0,0,1,0,0.0,1.0,-0.7907757369376986,-0.6121059825476627
1355,11.1,39,1.5,0.0,0.0,0,0,1,0,0.0,1.0,-0.8978045395707417,-0.44039415155763423
1099,10.8,33,0.9,0.0,0.0,0,0,1,0,0.0,1.0,-0.9680771188662041,-0.2506525322587213
733,9.7,33,0.4,0.0,0.0,0,0,1,0,0.0,1.0,-0.9987165071710528,-0.05064916883871355
503,9.6,31,0.8,0.0,0.0,0,0,1,0,0.7818314824680298,0.6234898018587336,0.0,1.0
421,9.0,36,1.0,0.0,0.0,0,0,1,0,0.7818314824680298,0.6234898018587336,0.20129852008866006,0.9795299412524945
237,8.4,45,0.9,0.0,0.0,0,0,1,0,0.7818314824680298,0.6234898018587336,0.39435585511331855,0.9189578116202306
164,7.8,49,1.0,0.0,0.0,0,0,1,0,0.7818314824680298,0.6234898018587336,0.5712682150947923,0.8207634412072763
110,7.6,52,0.4,0.0,0.0,0,0,1,0,0.7818314824680298,0.6234898018587336,0.72479278722912,0.6889669190756866
143,7.4,56,0.6,0.0,0.0,0,0,1,0,0.7818314824680298,0.6234898018587336,0.8486442574947509,0.5289640103269624
406,6.9,57,0.5,0.0,0.0,0,0,1,0,0.7818314824680298,0.6234898018587336,0.9377521321470804,0.3473052528448203
1100,6.9,57,1.1,0.0,0.0,0,0,1,0,0.7818314824680298,0.6234898018587336,0.9884683243281114,0.1514277775045767
1920,8.7,49,0.8,0.0,0.0,0,0,1,0,0.7818314824680298,0.6234898018587336,0.9987165071710528,-0.05064916883871264
1013,12.0,39,0.6,0.0,0.0,0,0,1,0,0.7818314824680298,0.6234898018587336,0.9680771188662043,-0.2506525322587204
731,14.7,31,1.1,0.0,0.0,0,0,1,0,0.7818314824680298,0.6234898018587336,0.8978045395707416,-0.4403941515576344
822,16.9,27,1.5,0.0,0.0,0,0,1,0,0.7818314824680298,0.6234898018587336,0.7907757369376989,-0.6121059825476626
1112,18.0,26,2.2,0.0,0.0,0,0,1,0,0.7818314824680298,0.6234898018587336,0.6513724827222223,-0.758758122692791
1007,19.1,26,2.5,0.0,0.0,0,0,1,0,0.7818314824680298,0.6234898018587336,0.48530196253108104,-0.8743466161445821
1037,19.8,23,2.6,0.0,0.0,0,0,1,0,0.7818314824680298,0.6234898018587336,0.29936312297335804,-0.9541392564000488
1120,19.9,26,3.5,0.0,0.0,0,0,1,0,0.7818314824680298,0.6234898018587336,0.10116832198743272,-0.994869323391895
1312,19.5,28,3.0,0.0,0.0,0,0,1,0,0.7818314824680298,0.6234898018587336,-0.10116832198743204,-0.9948693233918952
1632,18.3,29,4.3,0.0,0.0,0,0,1,0,0.7818314824680298,0.6234898018587336,-0.2993631229733582,-0.9541392564000488
1727,17.1,31,3.3,0.0,0.0,0,0,1,0,0.7818314824680298,0.6234898018587336,-0.4853019625310808,-0.8743466161445822
1356,14.5,31,3.1,0.0,0.0,0,0,1,0,0.7818314824680298,0.6234898018587336,-0.651372482722222,-0.7587581226927911
1290,12.5,31,3.8,0.0,0.0,0,0,1,0,0.7818314824680298,0.6234898018587336,-0.7907757369376986,-0.6121059825476627
1320,11.7,31,2.6,0.0,0.0,0,0,1,0,0.7818314824680298,0.6234898018587336,-0.8978045395707417,-0.44039415155763423
1071,11.0,34,1.2,0.0,0.0,0,0,1,0,0.7818314824680298,0.6234898018587336,-0.9680771188662041,-0.2506525322587213
680,10.1,41,1.1,0.0,0.0,0,0,1,0,0.7818314824680298,0.6234898018587336,-0.9987165071710528,-0.05064916883871355
515,9.6,44,2.2,0.0,0.0,0,0,1,0,0.9749279121818236,-0.22252093395631434,0.0,1.0
375,8.9,45,2.1,0.0,0.0,0,0,1,0,0.9749279121818236,-0.22252093395631434,0.20129852008866006,0.9795299412524945
260,8.7,44,1.6,0.0,0.0,0,0,1,0,0.9749279121818236,-0.22252093395631434,0.39435585511331855,0.9189578116202306
164,7.9,45,0.7,0.0,0.0,0,0,1,0,0.9749279121818236,-0.22252093395631434,0.5712682150947923,0.8207634412072763
105,7.2,49,0.8,0.0,0.0,0,0,1,0,0.9749279121818236,-0.22252093395631434,0.72479278722912,0.6889669190756866
154,6.7,50,1.6,0.0,0.0,0,0,1,0,0.9749279121818236,-0.22252093395631434,0.8486442574947509,0.5289640103269624
395,6.2,52,0.8,0.0,0.0,0,0,1,0,0.9749279121818236,-0.22252093395631434,0.9377521321470804,0.3473052528448203
1083,6.4,51,1.0,0.0,0.0,0,0,1,0,0.9749279121818236,-0.22252093395631434,0.9884683243281114,0.1514277775045767
1815,8.3,36,0.6,0.0,0.0,0,0,1,0,0.9749279121818236,-0.22252093395631434,0.9987165071710528,-0.05064916883871264
987,11.2,31,1.7,0.0,0.0,0,0,1,0,0.9749279121818236,-0.22252093395631434,0.9680771188662043,-0.2506525322587204
761,13.7,26,2.3,0.0,0.0,0,0,1,0,0.9749279121818236,-0.22252093395631434,0.8978045395707416,-0.4403941515576344
845,15.5,22,1.4,0.0,0.0,0,0,1,0,0.9749279121818236,-0.22252093395631434,0.7907757369376989,-0.6121059825476626
1047,16.5,17,3.3,0.0,0.0,0,0,1,0,0.9749279121818236,-0.22252093395631434,0.6513724827222223,-0.758758122692791
975,17.7,16,2.8,0.0,0.0,0,0,1,0,0.9749279121818236,-0.22252093395631434,0.48530196253108104,-0.8743466161445821
967,18.9,15,1.8,0.0,0.0,0,0,1,0,0.9749279121818236,-0.22252093395631434,0.29936312297335804,-0.9541392564000488
1149,19.0,21,3.3,0.0,0.0,0,0,1,0,0.9749279121818236,-0.22252093395631434,0.10116832198743272,-0.994869323391895
1346,18.5,22,2.7,0.0,0.0,0,0,1,0,0.9749279121818236,-0.22252093395631434,-0.10116832198743204,-0.9948693233918952
1738,17.8,26,3.3,0.0,0.0,0,0,1,0,0.9749279121818236,-0.22252093395631434,-0.2993631229733582,-0.9541392564000488
1918,16.6,33,3.4,0.0,0.0,0,0,1,0,0.9749279121818236,-0.22252093395631434,-0.4853019625310808,-0.8743466161445822
842,14.7,40,2.4,0.0,0.0,0,0,1,0,0.9749279121818236,-0.22252093395631434,-0.651372482722222,-0.7587581226927911
1346,13.0,41,2.3,0.0,0.0,0,0,1,0,0.9749279121818236,-0.22252093395631434,-0.7907757369376986,-0.6121059825476627
1209,12.1,40,2.0,0.0,0.0,0,0,1,0,0.9749279121818236,-0.22252093395631434,-0.8978045395707417,-0.44039415155763423
1003,11.3,42,1.6,0.0,0.0,0,0,1,0,0.9749279121818236,-0.22252093395631434,-0.9680771188662041,-0.2506525322587213
671,10.7,42,0.9,0.0,0.0,0,0,1,0,0.9749279121818236,-0.22252093395631434,-0.9987165071710528,-0.05064916883871355
520,9.8,44,1.4,0.0,0.0,0,0,1,0,0.43388373911755823,-0.900968867902419,0.0,1.0
42,9.3,45,0.8,0.0,0.0,0,0,1,0,0.43388373911755823,-0.900968867902419,0.20129852008866006,0.9795299412524945
281,8.8,49,0.7,0.0,0.0,0,0,1,0,0.43388373911755823,-0.900968867902419,0.39435585511331855,0.9189578116202306
206,8.6,53,1.5,0.0,0.0,0,0,1,0,0.43388373911755823,-0.900968867902419,0.5712682150947923,0.8207634412072763
125,8.3,53,1.1,0.0,0.0,0,0,1,0,0.43388373911755823,-0.900968867902419,0.72479278722912,0.6889669190756866
153,7.9,59,1.4,0.0,0.0,0,0,1,0,0.43388373911755823,-0.900968867902419,0.8486442574947509,0.5289640103269624
367,7.6,55,1.2,0.0,0.0,0,0,1,0,0.43388373911755823,-0.900968867902419,0.9377521321470804,0.3473052528448203
254,7.7,48,0.4,0.0,0.0,0,0,1,0,0.43388373911755823,-0.900968867902419,0.9884683243281114,0.1514277775045767
20,9.6,39,0.8,0.0,0.0,0,0,1,0,0.43388373911755823,-0.900968867902419,0.9987165071710528,-0.05064916883871264
316,12.4,29,1.5,0.0,0.0,0,0,1,0,0.43388373911755823,-0.900968867902419,0.9680771188662043,-0.2506525322587204
139,14.7,29,1.7,0.0,0.0,0,0,1,0,0.43388373911755823,-0.900968867902419,0.8978045395707416,-0.4403941515576344
795,16.1,23,2.5,0.0,0.0,0,0,1,0,0.43388373911755823,-0.900968867902419,0.7907757369376989,-0.6121059825476626
919,17.8,21,2.7,0.0,0.0,0,0,1,0,0.43388373911755823,-0.900968867902419,0.6513724827222223,-0.758758122692791
930,19.2,17,2.2,0.0,0.0,0,0,1,0,0.43388373911755823,-0.900968867902419,0.48530196253108104,-0.8743466161445821
996,20.5,17,3.1,0.0,0.0,0,0,1,0,0.43388373911755823,-0.900968867902419,0.29936312297335804,-0.9541392564000488
1039,20.2,21,4.8,0.0,0.0,0,0,1,0,0.43388373911755823,-0.900968867902419,0.10116832198743272,-0.994869323391895
1198,19.8,25,4.4,0.0,0.0,0,0,1,0,0.43388373911755823,-0.900968867902419,-0.10116832198743204,-0.9948693233918952
1534,20.1,27,1.9,0.0,0.0,0,0,1,0,0.43388373911755823,-0.900968867902419,-0.2993631229733582,-0.9541392564000488
2198,19.1,31,3.0,0.0,0.0,0,0,1,0,0.43388373911755823,-0.900968867902419,-0.4853019625310808,-0.8743466161445822
1489,17.4,34,2.2,0.0,0.0,0,0,1,0,0.43388373911755823,-0.900968867902419,-0.651372482722222,-0.7587581226927911
1313,15.5,38,1.7,0.0,0.0,0,0,1,0,0.43388373911755823,-0.900968867902419,-0.7907757369376986,-0.6121059825476627
1165,14.2,44,2.4,0.0,0.0,0,0,1,0,0.43388373911755823,-0.900968867902419,-0.8978045395707417,-0.44039415155763423
1054,13.4,49,1.1,0.0,0.0,0,0,1,0,0.43388373911755823,-0.900968867902419,-0.9680771188662041,-0.2506525322587213
677,12.9,51,1.7,0.0,0.0,0,0,1,0,0.43388373911755823,-0.900968867902419,-0.9987165071710528,-0.05064916883871355
553,12.4,56,0.5,0.0,0.0,0,0,1,0,-0.433883739117558,-0.9009688679024191,0.0,1.0
436,11.8,60,0.2,0.0,0.0,0,0,1,0,-0.433883739117558,-0.9009688679024191,0.20129852008866006,0.9795299412524945
305,11.7,63,0.5,0.0,0.0,0,0,1,0,-0.433883739117558,-0.9009688679024191,0.39435585511331855,0.9189578116202306
188,11.3,61,0.3,0.0,0.0,0,0,1,0,-0.433883739117558,-0.9009688679024191,0.5712682150947923,0.8207634412072763
134,11.4,60,0.8,0.0,0.0,0,0,1,0,-0.433883739117558,-0.9009688679024191,0.72479278722912,0.6889669190756866
168,11.4,60,0.4,0.0,0.0,0,0,1,0,-0.433883739117558,-0.9009688679024191,0.8486442574947509,0.5289640103269624
414,11.2,63,0.7,0.0,0.0,0,0,1,0,-0.433883739117558,-0.9009688679024191,0.9377521321470804,0.3473052528448203
979,11.3,62,0.7,0.0,0.0,0,0,1,0,-0.433883739117558,-0.9009688679024191,0.9884683243281114,0.1514277775045767
1659,13.0,54,1.2,0.0,0.0,0,0,1,0,-0.433883739117558,-0.9009688679024191,0.9987165071710528,-0.05064916883871264
962,15.8,42,0.9,0.0,0.0,0,0,1,0,-0.433883739117558,-0.9009688679024191,0.9680771188662043,-0.2506525322587204
708,18.2,36,1.0,0.0,0.0,0,0,1,0,-0.433883739117558,-0.9009688679024191,0.8978045395707416,-0.4403941515576344
805,20.6,34,2.2,0.0,0.0,0,0,1,0,-0.433883739117558,-0.9009688679024191,0.7907757369376989,-0.6121059825476626
1019,22.5,33,1.8,0.0,0.0,0,0,1,0,-0.433883739117558,-0.9009688679024191,0.6513724827222223,-0.758758122692791
973,24.2,30,1.5,0.0,0.0,0,0,1,0,-0.433883739117558,-0.9009688679024191,0.48530196253108104,-0.8743466161445821
970,25.9,28,2.2,0.0,0.0,0,0,1,0,-0.433883739117558,-0.9009688679024191,0.29936312297335804,-0.9541392564000488
1080,26.1,27,1.8,0.0,0.0,0,0,1,0,-0.433883739117558,-0.9009688679024191,0.10116832198743272,-0.994869323391895
1206,25.7,30,3.4,0.0,0.0,0,0,1,0,-0.433883739117558,-0.9009688679024191,-0.10116832198743204,-0.9948693233918952
1543,25.6,30,2.3,0.0,0.0,0,0,1,0,-0.433883739117558,-0.9009688679024191,-0.2993631229733582,-0.9541392564000488
2268,24.7,33,2.3,0.0,0.0,0,0,1,0,-0.433883739117558,-0.9009688679024191,-0.4853019625310808,-0.8743466161445822
1578,22.9,35,1.8,0.0,0.0,0,0,1,0,-0.433883739117558,-0.9009688679024191,-0.651372482722222,-0.7587581226927911
1358,21.1,43,1.8,0.0,0.0,0,0,1,0,-0.433883739117558,-0.9009688679024191,-0.7907757369376986,-0.6121059825476627
1213,19.2,50,1.5,0.0,0.0,0,0,1,0,-0.433883739117558,-0.9009688679024191,-0.8978045395707417,-0.44039415155763423
1183,18.2,52,1.3,0.0,0.0,0,0,1,0,-0.433883739117558,-0.9009688679024191,-0.9680771188662041,-0.2506525322587213
891,17.3,57,0.6,0.0,0.0,0,0,1,0,-0.433883739117558,-0.9009688679024191,-0.9987165071710528,-0.05064916883871355
707,16.3,59,0.2,0.0,0.0,0,0,1,0,-0.9749279121818236,-0.2225209339563146,0.0,1.0
628,15.5,60,1.1,0.0,0.0,0,0,1,0,-0.9749279121818236,-0.2225209339563146,0.20129852008866006,0.9795299412524945
436,14.7,63,1.8,0.0,0.0,0,0,1,0,-0.9749279121818236,-0.2225209339563146,0.39435585511331855,0.9189578116202306
307,14.2,62,1.4,0.0,0.0,0,0,1,0,-0.9749279121818236,-0.2225209339563146,0.5712682150947923,0.8207634412072763
166,13.6,67,1.6,0.0,0.0,0,0,1,0,-0.9749279121818236,-0.2225209339563146,0.72479278722912,0.6889669190756866
122,13.0,70,0.5,0.0,0.0,0,0,1,0,-0.9749279121818236,-0.2225209339563146,0.8486442574947509,0.5289640103269624
184,12.3,67,0.5,0.0,0.0,0,0,1,0,-0.9749279121818236,-0.2225209339563146,0.9377521321470804,0.3473052528448203
324,12.5,68,1.1,0.0,0.0,0,0,1,0,-0.9749279121818236,-0.2225209339563146,0.9884683243281114,0.1514277775045767
600,14.6,54,0.9,0.0,0.0,0,0,1,0,-0.9749279121818236,-0.2225209339563146,0.9987165071710528,-0.05064916883871264
647,18.1,33,1.1,0.0,0.0,0,0,1,0,-0.9749279121818236,-0.2225209339563146,0.9680771188662043,-0.2506525322587204
702,20.6,24,2.0,0.0,0.0,0,0,1,0,-0.9749279121818236,-0.2225209339563146,0.8978045395707416,-0.4403941515576344
872,23.1,19,2.0,0.0,0.0,0,0,1,0,-0.9749279121818236,-0.2225209339563146,0.7907757369376989,-0.6121059825476626
1130,24.3,14,3.3,0.0,0.0,0,0,1,0,-0.9749279121818236,-0.2225209339563146,0.6513724827222223,-0.758758122692791
1315,24.6,10,2.7,0.0,0.0,0,0,1,0,-0.9749279121818236,-0.2225209339563146,0.48530196253108104,-0.8743466161445821
1511,25.0,14,3.8,0.0,0.0,0,0,1,0,-0.9749279121818236,-0.2225209339563146,0.29936312297335804,-0.9541392564000488
1730,25.0,13,4.1,0.0,0.0,0,0,1,0,-0.9749279121818236,-0.2225209339563146,0.10116832198743272,-0.994869323391895
1942,24.8,13,3.3,0.0,0.0,0,0,1,0,-0.9749279121818236,-0.2225209339563146,-0.10116832198743204,-0.9948693233918952
2032,23.2,12,3.6,0.0,0.0,0,0,1,0,-0.9749279121818236,-0.2225209339563146,-0.2993631229733582,-0.9541392564000488
1986,22.2,11,3.0,0.0,0.0,0,0,1,0,-0.9749279121818236,-0.2225209339563146,-0.4853019625310808,-0.8743466161445822
1711,20.7,15,2.0,0.0,0.0,0,0,1,0,-0.9749279121818236,-0.2225209339563146,-0.651372482722222,-0.7587581226927911
1581,19.1,18,1.2,0.0,0.0,0,0,1,0,-0.9749279121818236,-0.2225209339563146,-0.7907757369376986,-0.6121059825476627
1491,17.8,21,1.2,0.0,0.0,0,0,1,0,-0.9749279121818236,-0.2225209339563146,-0.8978045395707417,-0.44039415155763423
1292,16.7,28,1.0,0.0,0.0,0,0,1,0,-0.9749279121818236,-0.2225209339563146,-0.9680771188662041,-0.2506525322587213
988,16.0,33,0.5,0.0,0.0,0,0,1,0,-0.9749279121818236,-0.2225209339563146,-0.9987165071710528,-0.05064916883871355
826,15.9,35,0.3,0.0,0.0,0,0,1,0,-0.7818314824680299,0.6234898018587334,0.0,1.0
578,15.9,39,0.2,0.0,0.0,0,0,1,0,-0.7818314824680299,0.6234898018587334,0.20129852008866006,0.9795299412524945
410,15.4,41,0.5,0.0,0.0,0,0,1,0,-0.7818314824680299,0.6234898018587334,0.39435585511331855,0.9189578116202306
289,15.2,31,0.3,0.0,0.0,0,0,1,0,-0.7818314824680299,0.6234898018587334,0.5712682150947923,0.8207634412072763
192,14.9,35,0.8,0.0,0.0,0,0,1,0,-0.7818314824680299,0.6234898018587334,0.72479278722912,0.6889669190756866
136,14.8,38,0.6,0.0,0.0,0,0,1,0,-0.7818314824680299,0.6234898018587334,0.8486442574947509,0.5289640103269624
155,14.6,42,0.5,0.0,0.0,0,0,1,0,-0.7818314824680299,0.6234898018587334,0.9377521321470804,0.3473052528448203
278,15.0,41,0.3,0.0,0.0,0,0,1,0,-0.7818314824680299,0.6234898018587334,0.9884683243281114,0.1514277775045767
429,16.3,40,0.8,0.0,0.0,0,0,1,0,-0.7818314824680299,0.6234898018587334,0.9987165071710528,-0.05064916883871264
247,16.9,45,0.9,0.0,0.0,0,0,1,0,-0.7818314824680299,0.6234898018587334,0.9680771188662043,-0.2506525322587204
486,16.3,62,0.8,0.3,0.0,0,0,1,0,-0.7818314824680299,0.6234898018587334,0.8978045395707416,-0.4403941515576344
424,17.4,54,0.9,0.0,0.0,0,0,1,0,-0.7818314824680299,0.6234898018587334,0.7907757369376989,-0.6121059825476626
631,18.9,44,0.9,0.0,0.0,0,0,1,0,-0.7818314824680299,0.6234898018587334,0.6513724827222223,-0.758758122692791
842,20.5,35,1.1,0.0,0.0,0,0,1,0,-0.7818314824680299,0.6234898018587334,0.48530196253108104,-0.8743466161445821
384,20.7,32,1.5,0.0,0.0,0,0,1,0,-0.7818314824680299,0.6234898018587334,0.29936312297335804,-0.9541392564000488
234,19.6,44,2.4,0.2,0.0,0,0,1,0,-0.7818314824680299,0.6234898018587334,0.10116832198743272,-0.994869323391895
103,19.1,52,0.9,0.0,0.0,0,0,1,0,-0.7818314824680299,0.6234898018587334,-0.10116832198743204,-0.9948693233918952
46,17.9,65,1.2,1.0,0.0,0,0,1,0,-0.7818314824680299,0.6234898018587334,-0.2993631229733582,-0.9541392564000488
63,16.1,73,1.3,0.5,0.0,0,0,1,0,-0.7818314824680299,0.6234898018587334,-0.4853019625310808,-0.8743466161445822
32,15.2,64,1.7,0.5,0.0,0,0,1,0,-0.7818314824680299,0.6234898018587334,-0.651372482722222,-0.7587581226927911
12,13.3,80,1.8,1.5,0.0,0,0,1,0,-0.7818314824680299,0.6234898018587334,-0.7907757369376986,-0.6121059825476627
24,12.0,86,2.3,2.5,0.0,0,0,1,0,-0.7818314824680299,0.6234898018587334,-0.8978045395707417,-0.44039415155763423
13,11.6,89,2.0,4.0,0.0,0,0,1,0,-0.7818314824680299,0.6234898018587334,-0.9680771188662041,-0.2506525322587213
18,11.3,94,1.6,3.0,0.0,0,0,1,0,-0.7818314824680299,0.6234898018587334,-0.9987165071710528,-0.05064916883871355
81,10.7,94,2.6,2.0,0.0,0,0,1,0,0.0,1.0,0.0,1.0
41,10.6,87,2.3,0.1,0.0,0,0,1,0,0.0,1.0,0.20129852008866006,0.9795299412524945
21,10.2,90,2.2,0.9,0.0,0,0,1,0,0.0,1.0,0.39435585511331855,0.9189578116202306
8,9.9,93,2.3,0.5,0.0,0,0,1,0,0.0,1.0,0.5712682150947923,0.8207634412072763
2,9.5,95,2.4,3.5,0.0,0,0,1,0,0.0,1.0,0.72479278722912,0.6889669190756866
6,9.2,95,2.3,2.5,0.0,0,0,1,0,0.0,1.0,0.8486442574947509,0.5289640103269624
5,9.1,95,2.7,7.0,0.0,0,0,1,0,0.0,1.0,0.9377521321470804,0.3473052528448203
17,9.0,95,2.3,6.0,0.0,0,0,1,0,0.0,1.0,0.9884683243281114,0.1514277775045767
25,8.8,95,2.8,5.0,0.0,0,0,1,0,0.0,1.0,0.9987165071710528,-0.05064916883871264
9,8.5,95,2.6,8.0,0.0,0,0,1,0,0.0,1.0,0.9680771188662043,-0.2506525322587204
12,8.6,95,2.5,4.0,0.0,0,0,1,0,0.0,1.0,0.8978045395707416,-0.4403941515576344
10,8.9,91,2.2,1.5,0.0,0,0,1,0,0.0,1.0,0.7907757369376989,-0.6121059825476626
10,9.0,96,1.9,5.5,0.0,0,0,1,0,0.0,1.0,0.6513724827222223,-0.758758122692791
11,9.3,95,2.3,2.5,0.0,0,0,1,0,0.0,1.0,0.48530196253108104,-0.8743466161445821
17,9.4,96,2.6,4.0,0.0,0,0,1,0,0.0,1.0,0.29936312297335804,-0.9541392564000488
14,9.5,96,2.2,1.5,0.0,0,0,1,0,0.0,1.0,0.10116832198743272,-0.994869323391895
41,9.6,96,1.7,1.0,0.0,0,0,1,0,0.0,1.0,-0.10116832198743204,-0.9948693233918952
42,9.4,95,1.9,0.5,0.0,0,0,1,0,0.0,1.0,-0.2993631229733582,-0.9541392564000488
39,9.4,96,1.9,1.0,0.0,0,0,1,0,0.0,1.0,-0.4853019625310808,-0.8743466161445822
50,9.4,95,1.8,1.5,0.0,0,0,1,0,0.0,1.0,-0.651372482722222,-0.7587581226927911
37,9.4,95,1.6,1.0,0.0,0,0,1,0,0.0,1.0,-0.7907757369376986,-0.6121059825476627
82,9.4,94,2.1,1.5,0.0,0,0,1,0,0.0,1.0,-0.8978045395707417,-0.44039415155763423
164,9.6,90,1.9,0.0,0.0,0,0,1,0,0.0,1.0,-0.9680771188662041,-0.2506525322587213
233,9.8,87,1.9,0.0,0.0,0,0,1,0,0.0,1.0,-0.9987165071710528,-0.05064916883871355
213,9.8,86,1.3,0.0,0.0,0,0,1,0,0.7818314824680298,0.6234898018587336,0.0,1.0
157,10.1,83,1.6,0.0,0.0,0,0,1,0,0.7818314824680298,0.6234898018587336,0.20129852008866006,0.9795299412524945
68,10.1,83,1.4,0.1,0.0,0,0,1,0,0.7818314824680298,0.6234898018587336,0.39435585511331855,0.9189578116202306
35,9.6,94,1.3,2.4,0.0,0,0,1,0,0.7818314824680298,0.6234898018587336,0.5712682150947923,0.8207634412072763
34,9.5,94,1.2,0.5,0.0,0,0,1,0,0.7818314824680298,0.6234898018587336,0.72479278722912,0.6889669190756866
77,9.4,93,1.3,0.0,0.0,0,0,1,0,0.7818314824680298,0.6234898018587336,0.8486442574947509,0.5289640103269624
262,9.6,87,2.0,0.0,0.0,0,0,1,0,0.7818314824680298,0.6234898018587336,0.9377521321470804,0.3473052528448203
751,9.8,84,1.3,0.0,0.0,0,0,1,0,0.7818314824680298,0.6234898018587336,0.9884683243281114,0.1514277775045767
1502,10.5,79,1.3,0.0,0.0,0,0,1,0,0.7818314824680298,0.6234898018587336,0.9987165071710528,-0.05064916883871264
814,12.0,71,1.4,0.0,0.0,0,0,1,0,0.7818314824680298,0.6234898018587336,0.9680771188662043,-0.2506525322587204
638,12.9,68,1.3,0.0,0.0,0,0,1,0,0.7818314824680298,0.6234898018587336,0.8978045395707416,-0.4403941515576344
710,14.1,62,1.6,0.0,0.0,0,0,1,0,0.7818314824680298,0.6234898018587336,0.7907757369376989,-0.6121059825476626
925,15.2,57,1.9,0.0,0.0,0,0,1,0,0.7818314824680298,0.6234898018587336,0.6513724827222223,-0.758758122692791
923,15.9,53,2.1,0.0,0.0,0,0,1,0,0.7818314824680298,0.6234898018587336,0.48530196253108104,-0.8743466161445821
942,16.0,52,1.7,0.0,0.0,0,0,1,0,0.7818314824680298,0.6234898018587336,0.29936312297335804,-0.9541392564000488
971,16.1,52,1.5,0.0,0.0,0,0,1,0,0.7818314824680298,0.6234898018587336,0.10116832198743272,-0.994869323391895
1118,15.5,52,1.7,0.0,0.0,0,0,1,0,0.7818314824680298,0.6234898018587336,-0.10116832198743204,-0.9948693233918952
1462,15.1,52,1.9,0.0,0.0,0,0,1,0,0.7818314824680298,0.6234898018587336,-0.2993631229733582,-0.9541392564000488
2318,14.1,43,1.6,0.0,0.0,0,0,1,0,0.7818314824680298,0.6234898018587336,-0.4853019625310808,-0.8743466161445822
1580,13.3,37,1.2,0.0,0.0,0,0,1,0,0.7818314824680298,0.6234898018587336,-0.651372482722222,-0.7587581226927911
1332,12.6,49,0.8,0.0,0.0,0,0,1,0,0.7818314824680298,0.6234898018587336,-0.7907757369376986,-0.6121059825476627
1372,11.5,47,1.1,0.0,0.0,0,0,1,0,0.7818314824680298,0.6234898018587336,-0.8978045395707417,-0.44039415155763423
1215,10.4,43,0.7,0.0,0.0,0,0,1,0,0.7818314824680298,0.6234898018587336,-0.9680771188662041,-0.2506525322587213
725,9.6,44,0.7,0.0,0.0,0,0,1,0,0.7818314824680298,0.6234898018587336,-0.9987165071710528,-0.05064916883871355
536,8.9,55,0.7,0.0,0.0,0,0,1,0,0.9749279121818236,-0.22252093395631434,0.0,1.0
444,8.4,58,1.1,0.0,0.0,0,0,1,0,0.9749279121818236,-0.22252093395631434,0.20129852008866006,0.9795299412524945
306,7.7,60,0.3,0.0,0.0,0,0,1,0,0.9749279121818236,-0.22252093395631434,0.39435585511331855,0.9189578116202306
206,7.1,60,0.3,0.0,0.0,0,0,1,0,0.9749279121818236,-0.22252093395631434,0.5712682150947923,0.8207634412072763
117,6.4,66,0.5,0.0,0.0,0,0,1,0,0.9749279121818236,-0.22252093395631434,0.72479278722912,0.6889669190756866
148,6.0,63,0.5,0.0,0.0,0,0,1,0,0.9749279121818236,-0.22252093395631434,0.8486442574947509,0.5289640103269624
449,5.8,55,0.3,0.0,0.0,0,0,1,0,0.9749279121818236,-0.22252093395631434,0.9377521321470804,0.3473052528448203
1123,6.4,51,0.3,0.0,0.0,0,0,1,0,0.9749279121818236,-0.22252093395631434,0.9884683243281114,0.1514277775045767
1900,8.8,37,0.9,0.0,0.0,0,0,1,0,0.9749279121818236,-0.22252093395631434,0.9987165071710528,-0.05064916883871264
1066,11.7,32,0.8,0.0,0.0,0,0,1,0,0.9749279121818236,-0.22252093395631434,0.9680771188662043,-0.2506525322587204
756,14.8,29,0.6,0.0,0.0,0,0,1,0,0.9749279121818236,-0.22252093395631434,0.8978045395707416,-0.4403941515576344
938,17.5,25,1.3,0.0,0.0,0,0,1,0,0.9749279121818236,-0.22252093395631434,0.7907757369376989,-0.6121059825476626
1192,19.4,20,1.1,0.0,0.0,0,0,1,0,0.9749279121818236,-0.22252093395631434,0.6513724827222223,-0.758758122692791
1141,20.8,23,1.7,0.0,0.0,0,0,1,0,0.9749279121818236,-0.22252093395631434,0.48530196253108104,-0.8743466161445821
1161,22.1,22,2.1,0.0,0.0,0,0,1,0,0.9749279121818236,-0.22252093395631434,0.29936312297335804,-0.9541392564000488
1180,22.8,21,2.1,0.0,0.0,0,0,1,0,0.9749279121818236,-0.22252093395631434,0.10116832198743272,-0.994869323391895
1447,23.1,19,3.1,0.0,0.0,0,0,1,0,0.9749279121818236,-0.22252093395631434,-0.10116832198743204,-0.9948693233918952
1878,22.9,23,2.8,0.0,0.0,0,0,1,0,0.9749279121818236,-0.22252093395631434,-0.2993631229733582,-0.9541392564000488
2807,21.2,32,3.8,0.0,0.0,0,0,1,0,0.9749279121818236,-0.22252093395631434,-0.4853019625310808,-0.8743466161445822
1958,18.2,36,3.5,0.0,0.0,0,0,1,0,0.9749279121818236,-0.22252093395631434,-0.651372482722222,-0.7587581226927911
1651,16.8,29,4.3,0.0,0.0,0,0,1,0,0.9749279121818236,-0.22252093395631434,-0.7907757369376986,-0.6121059825476627
1593,15.9,35,1.4,0.0,0.0,0,0,1,0,0.9749279121818236,-0.22252093395631434,-0.8978045395707417,-0.44039415155763423
1382,15.2,35,1.2,0.0,0.0,0,0,1,0,0.9749279121818236,-0.22252093395631434,-0.9680771188662041,-0.2506525322587213
906,14.0,45,0.6,0.0,0.0,0,0,1,0,0.9749279121818236,-0.22252093395631434,-0.9987165071710528,-0.05064916883871355
692,13.1,47,0.3,0.0,0.0,0,0,1,0,0.43388373911755823,-0.900968867902419,0.0,1.0
546,12.4,55,1.0,0.0,0.0,0,0,1,0,0.43388373911755823,-0.900968867902419,0.20129852008866006,0.9795299412524945
409,11.9,57,1.0,0.0,0.0,0,0,1,0,0.43388373911755823,-0.900968867902419,0.39435585511331855,0.9189578116202306
239,11.3,66,1.0,0.0,0.0,0,0,1,0,0.43388373911755823,-0.900968867902419,0.5712682150947923,0.8207634412072763
140,10.7,70,0.7,0.0,0.0,0,0,1,0,0.43388373911755823,-0.900968867902419,0.72479278722912,0.6889669190756866
180,10.2,73,0.8,0.0,0.0,0,0,1,0,0.43388373911755823,-0.900968867902419,0.8486442574947509,0.5289640103269624
452,10.0,72,0.8,0.0,0.0,0,0,1,0,0.43388373911755823,-0.900968867902419,0.9377521321470804,0.3473052528448203
1124,10.7,68,0.8,0.0,0.0,0,0,1,0,0.43388373911755823,-0.900968867902419,0.9884683243281114,0.1514277775045767
1933,11.7,62,0.6,0.0,0.0,0,0,1,0,0.43388373911755823,-0.900968867902419,0.9987165071710528,-0.05064916883871264
1027,14.0,54,1.5,0.0,0.0,0,0,1,0,0.43388373911755823,-0.900968867902419,0.9680771188662043,-0.2506525322587204
745,16.7,47,2.2,0.0,0.0,0,0,1,0,0.43388373911755823,-0.900968867902419,0.8978045395707416,-0.4403941515576344
930,18.1,42,2.7,0.0,0.0,0,0,1,0,0.43388373911755823,-0.900968867902419,0.7907757369376989,-0.6121059825476626
1197,19.6,36,2.2,0.0,0.0,0,0,1,0,0.43388373911755823,-0.900968867902419,0.6513724827222223,-0.758758122692791
1084,20.6,30,2.4,0.0,0.0,0,0,1,0,0.43388373911755823,-0.900968867902419,0.48530196253108104,-0.8743466161445821
1123,21.6,28,3.1,0.0,0.0,0,0,1,0,0.43388373911755823,-0.900968867902419,0.29936312297335804,-0.9541392564000488
1227,21.9,23,2.6,0.0,0.0,0,0,1,0,0.43388373911755823,-0.900968867902419,0.10116832198743272,-0.994869323391895
1386,21.7,23,2.5,0.0,0.0,0,0,1,0,0.43388373911755823,-0.900968867902419,-0.10116832198743204,-0.9948693233918952
1796,20.7,30,3.3,0.0,0.0,0,0,1,0,0.43388373911755823,-0.900968867902419,-0.2993631229733582,-0.9541392564000488
2574,17.4,45,3.1,0.0,0.0,0,0,1,0,0.43388373911755823,-0.900968867902419,-0.4853019625310808,-0.8743466161445822
1891,15.2,45,3.3,0.0,0.0,0,0,1,0,0.43388373911755823,-0.900968867902419,-0.651372482722222,-0.7587581226927911
1531,14.4,50,2.7,0.0,0.0,0,0,1,0,0.43388373911755823,-0.900968867902419,-0.7907757369376986,-0.6121059825476627
1447,13.4,60,2.2,0.0,0.0,0,0,1,0,0.43388373911755823,-0.900968867902419,-0.8978045395707417,-0.44039415155763423
1146,12.7,61,2.2,0.0,0.0,0,0,1,0,0.43388373911755823,-0.900968867902419,-0.9680771188662041,-0.2506525322587213
851,12.1,58,1.9,0.0,0.0,0,0,1,0,0.43388373911755823,-0.900968867902419,-0.9987165071710528,-0.05064916883871355
663,11.8,59,2.4,0.0,0.0,0,0,1,0,-0.433883739117558,-0.9009688679024191,0.0,1.0
562,11.5,57,1.8,0.0,0.0,0,0,1,0,-0.433883739117558,-0.9009688679024191,0.20129852008866006,0.9795299412524945
361,11.2,58,1.4,0.0,0.0,0,0,1,0,-0.433883739117558,-0.9009688679024191,0.39435585511331855,0.9189578116202306
258,10.7,63,1.1,0.0,0.0,0,0,1,0,-0.433883739117558,-0.9009688679024191,0.5712682150947923,0.8207634412072763
140,10.2,65,1.5,0.0,0.0,0,0,1,0,-0.433883739117558,-0.9009688679024191,0.72479278722912,0.6889669190756866
170,9.9,69,1.1,0.0,0.0,0,0,1,0,-0.433883739117558,-0.9009688679024191,0.8486442574947509,0.5289640103269624
427,9.9,66,1.5,0.0,0.0,0,0,1,0,-0.433883739117558,-0.9009688679024191,0.9377521321470804,0.3473052528448203
1129,10.1,63,0.7,0.0,0.0,0,0,1,0,-0.433883739117558,-0.9009688679024191,0.9884683243281114,0.1514277775045767
1922,11.6,58,1.4,0.0,0.0,0,0,1,0,-0.433883739117558,-0.9009688679024191,0.9987165071710528,-0.05064916883871264
985,13.2,57,0.8,0.0,0.0,0,0,1,0,-0.433883739117558,-0.9009688679024191,0.9680771188662043,-0.2506525322587204
789,15.3,50,1.0,0.0,0.0,0,0,1,0,-0.433883739117558,-0.9009688679024191,0.8978045395707416,-0.4403941515576344
986,17.7,44,1.5,0.0,0.0,0,0,1,0,-0.433883739117558,-0.9009688679024191,0.7907757369376989,-0.6121059825476626
1142,19.5,40,1.1,0.0,0.0,0,0,1,0,-0.433883739117558,-0.9009688679024191,0.6513724827222223,-0.758758122692791
1133,21.0,36,1.0,0.0,0.0,0,0,1,0,-0.433883739117558,-0.9009688679024191,0.48530196253108104,-0.8743466161445821
1115,22.2,32,2.8,0.0,0.0,0,0,1,0,-0.433883739117558,-0.9009688679024191,0.29936312297335804,-0.9541392564000488
1253,22.7,29,1.6,0.0,0.0,0,0,1,0,-0.433883739117558,-0.9009688679024191,0.10116832198743272,-0.994869323391895
1446,23.2,33,2.4,0.0,0.0,0,0,1,0,-0.433883739117558,-0.9009688679024191,-0.10116832198743204,-0.9948693233918952
1877,21.8,41,3.0,0.0,0.0,0,0,1,0,-0.433883739117558,-0.9009688679024191,-0.2993631229733582,-0.9541392564000488
2577,20.3,47,2.5,0.0,0.0,0,0,1,0,-0.433883739117558,-0.9009688679024191,-0.4853019625310808,-0.8743466161445822
1812,18.7,53,2.7,0.0,0.0,0,0,1,0,-0.433883739117558,-0.9009688679024191,-0.651372482722222,-0.7587581226927911
1499,16.9,41,3.1,0.0,0.0,0,0,1,0,-0.433883739117558,-0.9009688679024191,-0.7907757369376986,-0.6121059825476627
1362,15.7,51,1.9,0.0,0.0,0,0,1,0,-0.433883739117558,-0.9009688679024191,-0.8978045395707417,-0.44039415155763423
1278,14.7,63,1.4,0.0,0.0,0,0,1,0,-0.433883739117558,-0.9009688679024191,-0.9680771188662041,-0.2506525322587213
975,14.0,66,1.2,0.0,0.0,0,0,1,0,-0.433883739117558,-0.9009688679024191,-0.9987165071710528,-0.05064916883871355
777,13.3,70,1.6,0.0,0.0,0,0,1,0,-0.9749279121818236,-0.2225209339563146,0.0,1.0
672,12.7,74,1.8,0.0,0.0,0,0,1,0,-0.9749279121818236,-0.2225209339563146,0.20129852008866006,0.9795299412524945
522,12.0,76,1.0,0.0,0.0,0,0,1,0,-0.9749279121818236,-0.2225209339563146,0.39435585511331855,0.9189578116202306
325,11.6,76,1.0,0.0,0.0,0,0,1,0,-0.9749279121818236,-0.2225209339563146,0.5712682150947923,0.8207634412072763
166,11.4,78,1.8,0.0,0.0,0,0,1,0,-0.9749279121818236,-0.2225209339563146,0.72479278722912,0.6889669190756866
152,10.9,81,1.7,0.0,0.0,0,0,1,0,-0.9749279121818236,-0.2225209339563146,0.8486442574947509,0.5289640103269624
230,10.6,84,1.1,0.0,0.0,0,0,1,0,-0.9749279121818236,-0.2225209339563146,0.9377521321470804,0.3473052528448203
376,10.8,78,0.5,0.0,0.0,0,0,1,0,-0.9749279121818236,-0.2225209339563146,0.9884683243281114,0.1514277775045767
647,12.7,67,0.6,0.0,0.0,0,0,1,0,-0.9749279121818236,-0.2225209339563146,0.9987165071710528,-0.05064916883871264
795,15.1,56,1.7,0.0,0.0,0,0,1,0,-0.9749279121818236,-0.2225209339563146,0.9680771188662043,-0.2506525322587204
808,17.4,46,1.8,0.0,0.0,0,0,1,0,-0.9749279121818236,-0.2225209339563146,0.8978045395707416,-0.4403941515576344
1000,19.0,30,3.0,0.0,0.0,0,0,1,0,-0.9749279121818236,-0.2225209339563146,0.7907757369376989,-0.6121059825476626
1278,20.5,31,2.5,0.0,0.0,0,0,1,0,-0.9749279121818236,-0.2225209339563146,0.6513724827222223,-0.758758122692791
1404,21.2,31,2.8,0.0,0.0,0,0,1,0,-0.9749279121818236,-0.2225209339563146,0.48530196253108104,-0.8743466161445821
1597,21.3,25,3.8,0.0,0.0,0,0,1,0,-0.9749279121818236,-0.2225209339563146,0.29936312297335804,-0.9541392564000488
1875,21.1,25,4.1,0.0,0.0,0,0,1,0,-0.9749279121818236,-0.2225209339563146,0.10116832198743272,-0.994869323391895
1945,20.4,25,4.7,0.0,0.0,0,0,1,0,-0.9749279121818236,-0.2225209339563146,-0.10116832198743204,-0.9948693233918952
2043,20.1,29,3.3,0.0,0.0,0,0,1,0,-0.9749279121818236,-0.2225209339563146,-0.2993631229733582,-0.9541392564000488
1882,18.9,30,2.6,0.0,0.0,0,0,1,0,-0.9749279121818236,-0.2225209339563146,-0.4853019625310808,-0.8743466161445822
1590,16.9,33,1.3,0.0,0.0,0,0,1,0,-0.9749279121818236,-0.2225209339563146,-0.651372482722222,-0.7587581226927911
1435,15.1,34,2.2,0.0,0.0,0,0,1,0,-0.9749279121818236,-0.2225209339563146,-0.7907757369376986,-0.6121059825476627
1351,13.9,37,1.1,0.0,0.0,0,0,1,0,-0.9749279121818236,-0.2225209339563146,-0.8978045395707417,-0.44039415155763423
1165,13.0,45,1.6,0.0,0.0,0,0,1,0,-0.9749279121818236,-0.2225209339563146,-0.9680771188662041,-0.2506525322587213
905,12.3,51,1.0,0.0,0.0,0,0,1,0,-0.9749279121818236,-0.2225209339563146,-0.9987165071710528,-0.05064916883871355
790,11.7,53,1.4,0.0,0.0,0,0,1,0,-0.7818314824680299,0.6234898018587334,0.0,1.0
554,11.2,57,1.6,0.0,0.0,0,0,1,0,-0.7818314824680299,0.6234898018587334,0.20129852008866006,0.9795299412524945
425,10.9,56,1.2,0.0,0.0,0,0,1,0,-0.7818314824680299,0.6234898018587334,0.39435585511331855,0.9189578116202306
263,10.6,60,1.0,0.0,0.0,0,0,1,0,-0.7818314824680299,0.6234898018587334,0.5712682150947923,0.8207634412072763
183,10.3,63,0.7,0.0,0.0,0,0,1,0,-0.7818314824680299,0.6234898018587334,0.72479278722912,0.6889669190756866
138,9.7,63,1.1,0.0,0.0,0,0,1,0,-0.7818314824680299,0.6234898018587334,0.8486442574947509,0.5289640103269624
183,9.5,65,1.0,0.0,0.0,0,0,1,0,-0.7818314824680299,0.6234898018587334,0.9377521321470804,0.3473052528448203
307,9.9,59,0.7,0.0,0.0,0,0,1,0,-0.7818314824680299,0.6234898018587334,0.9884683243281114,0.1514277775045767
485,12.2,50,0.8,0.0,0.0,0,0,1,0,-0.7818314824680299,0.6234898018587334,0.9987165071710528,-0.05064916883871264
716,14.9,39,0.9,0.0,0.0,0,0,1,0,-0.7818314824680299,0.6234898018587334,0.9680771188662043,-0.2506525322587204
787,17.5,35,1.8,0.0,0.0,0,0,1,0,-0.7818314824680299,0.6234898018587334,0.8978045395707416,-0.4403941515576344
1060,19.6,28,2.0,0.0,0.0,0,0,1,0,-0.7818314824680299,0.6234898018587334,0.7907757369376989,-0.6121059825476626
1375,20.5,31,2.6,0.0,0.0,0,0,1,0,-0.7818314824680299,0.6234898018587334,0.6513724827222223,-0.758758122692791
1635,21.9,27,2.2,0.0,0.0,0,0,1,0,-0.7818314824680299,0.6234898018587334,0.48530196253108104,-0.8743466161445821
1814,21.6,28,3.3,0.0,0.0,0,0,1,0,-0.7818314824680299,0.6234898018587334,0.29936312297335804,-0.9541392564000488
2019,22.8,24,3.3,0.0,0.0,0,0,1,0,-0.7818314824680299,0.6234898018587334,0.10116832198743272,-0.994869323391895
2044,22.2,23,3.7,0.0,0.0,0,0,1,0,-0.7818314824680299,0.6234898018587334,-0.10116832198743204,-0.9948693233918952
2094,21.9,28,3.1,0.0,0.0,0,0,1,0,-0.7818314824680299,0.6234898018587334,-0.2993631229733582,-0.9541392564000488
1950,20.1,28,3.2,0.0,0.0,0,0,1,0,-0.7818314824680299,0.6234898018587334,-0.4853019625310808,-0.8743466161445822
1712,18.1,38,2.8,0.0,0.0,0,0,1,0,-0.7818314824680299,0.6234898018587334,-0.651372482722222,-0.7587581226927911
1485,16.9,42,2.7,0.0,0.0,0,0,1,0,-0.7818314824680299,0.6234898018587334,-0.7907757369376986,-0.6121059825476627
1382,16.1,44,1.2,0.0,0.0,0,0,1,0,-0.7818314824680299,0.6234898018587334,-0.8978045395707417,-0.44039415155763423
1128,15.6,43,2.3,0.0,0.0,0,0,1,0,-0.7818314824680299,0.6234898018587334,-0.9680771188662041,-0.2506525322587213
820,15.2,51,1.0,0.0,0.0,0,0,1,0,-0.7818314824680299,0.6234898018587334,-0.9987165071710528,-0.05064916883871355
569,14.7,54,1.3,0.0,0.0,0,0,1,0,0.0,1.0,0.0,1.0
362,14.4,60,1.7,0.0,0.0,0,0,1,0,0.0,1.0,0.20129852008866006,0.9795299412524945
246,14.1,62,1.2,0.0,0.0,0,0,1,0,0.0,1.0,0.39435585511331855,0.9189578116202306
157,14.3,61,1.0,0.0,0.0,0,0,1,0,0.0,1.0,0.5712682150947923,0.8207634412072763
132,14.6,57,1.2,0.0,0.0,0,0,1,0,0.0,1.0,0.72479278722912,0.6889669190756866
185,14.8,63,0.7,0.0,0.0,0,0,1,0,0.0,1.0,0.8486442574947509,0.5289640103269624
397,14.9,64,0.5,0.0,0.0,0,0,1,0,0.0,1.0,0.9377521321470804,0.3473052528448203
1075,15.1,78,1.5,0.0,0.0,0,0,1,0,0.0,1.0,0.9884683243281114,0.1514277775045767
1791,15.8,73,0.5,0.0,0.0,0,0,1,0,0.0,1.0,0.9987165071710528,-0.05064916883871264
983,17.5,65,1.0,0.0,0.0,0,0,1,0,0.0,1.0,0.9680771188662043,-0.2506525322587204
742,19.5,54,1.1,0.0,0.0,0,0,1,0,0.0,1.0,0.8978045395707416,-0.4403941515576344
901,20.3,52,0.9,0.0,0.0,0,0,1,0,0.0,1.0,0.7907757369376989,-0.6121059825476626
1094,22.2,50,2.0,0.0,0.0,0,0,1,0,0.0,1.0,0.6513724827222223,-0.758758122692791
1019,23.3,45,1.8,0.0,0.0,0,0,1,0,0.0,1.0,0.48530196253108104,-0.8743466161445821
1055,24.0,47,2.3,0.0,0.0,0,0,1,0,0.0,1.0,0.29936312297335804,-0.9541392564000488
1168,24.1,48,2.7,0.0,0.0,0,0,1,0,0.0,1.0,0.10116832198743272,-0.994869323391895
1344,24.8,45,1.8,0.0,0.0,0,0,1,0,0.0,1.0,-0.10116832198743204,-0.9948693233918952
1706,24.0,53,3.5,0.0,0.0,0,0,1,0,0.0,1.0,-0.2993631229733582,-0.9541392564000488
2558,23.0,54,2.9,0.0,0.0,0,0,1,0,0.0,1.0,-0.4853019625310808,-0.8743466161445822
2064,21.2,65,2.9,0.0,0.0,0,0,1,0,0.0,1.0,-0.651372482722222,-0.7587581226927911
1703,20.0,69,2.4,0.0,0.0,0,0,1,0,0.0,1.0,-0.7907757369376986,-0.6121059825476627
1711,19.1,73,1.2,0.0,0.0,0,0,1,0,0.0,1.0,-0.8978045395707417,-0.44039415155763423
1456,18.4,78,1.6,0.0,0.0,0,0,1,0,0.0,1.0,-0.9680771188662041,-0.2506525322587213
1044,17.9,79,0.4,0.0,0.0,0,0,1,0,0.0,1.0,-0.9987165071710528,-0.05064916883871355
782,18.3,78,0.8,0.0,0.0,1,0,1,0,0.7818314824680298,0.6234898018587336,0.0,1.0
705,18.3,83,1.1,0.0,0.0,1,0,1,0,0.7818314824680298,0.6234898018587336,0.20129852008866006,0.9795299412524945
534,18.2,85,0.8,0.0,0.0,1,0,1,0,0.7818314824680298,0.6234898018587336,0.39435585511331855,0.9189578116202306
343,18.1,85,1.0,0.0,0.0,1,0,1,0,0.7818314824680298,0.6234898018587336,0.5712682150947923,0.8207634412072763
187,18.0,85,0.3,0.0,0.0,1,0,1,0,0.7818314824680298,0.6234898018587336,0.72479278722912,0.6889669190756866
166,18.0,85,0.8,0.0,0.0,1,0,1,0,0.7818314824680298,0.6234898018587336,0.8486442574947509,0.5289640103269624
306,17.8,85,0.6,0.0,0.0,1,0,1,0,0.7818314824680298,0.6234898018587336,0.9377521321470804,0.3473052528448203
614,18.0,82,0.7,0.0,0.0,1,0,1,0,0.7818314824680298,0.6234898018587336,0.9884683243281114,0.1514277775045767
1067,18.8,76,0.6,0.0,0.0,1,0,1,0,0.7818314824680298,0.6234898018587336,0.9987165071710528,-0.05064916883871264
1024,20.7,67,1.1,0.0,0.0,1,0,1,0,0.7818314824680298,0.6234898018587336,0.9680771188662043,-0.2506525322587204
1002,22.2,61,1.2,0.0,0.0,1,0,1,0,0.7818314824680298,0.6234898018587336,0.8978045395707416,-0.4403941515576344
1117,22.7,63,1.1,0.0,0.0,1,0,1,0,0.7818314824680298,0.6234898018587336,0.7907757369376989,-0.6121059825476626
1315,22.1,67,2.7,0.0,0.0,1,0,1,0,0.7818314824680298,0.6234898018587336,0.6513724827222223,-0.758758122692791
1493,23.0,63,3.1,0.0,0.0,1,0,1,0,0.7818314824680298,0.6234898018587336,0.48530196253108104,-0.8743466161445821
1536,23.0,64,2.8,0.0,0.0,1,0,1,0,0.7818314824680298,0.6234898018587336,0.29936312297335804,-0.9541392564000488
1639,23.1,61,2.5,0.0,0.0,1,0,1,0,0.7818314824680298,0.6234898018587336,0.10116832198743272,-0.994869323391895
1759,22.6,63,3.1,0.0,0.0,1,0,1,0,0.7818314824680298,0.6234898018587336,-0.10116832198743204,-0.9948693233918952
1898,22.0,65,2.4,0.0,0.0,1,0,1,0,0.7818314824680298,0.6234898018587336,-0.2993631229733582,-0.9541392564000488
2082,21.6,67,2.0,0.0,0.0,1,0,1,0,0.7818314824680298,0.6234898018587336,-0.4853019625310808,-0.8743466161445822
1696,21.2,68,1.5,0.0,0.0,1,0,1,0,0.7818314824680298,0.6234898018587336,-0.651372482722222,-0.7587581226927911
1656,20.6,72,1.3,0.0,0.0,1,0,1,0,0.7818314824680298,0.6234898018587336,-0.7907757369376986,-0.6121059825476627
1644,20.2,74,1.3,0.0,0.0,1,0,1,0,0.7818314824680298,0.6234898018587336,-0.8978045395707417,-0.44039415155763423
1400,19.9,75,0.8,0.0,0.0,1,0,1,0,0.7818314824680298,0.6234898018587336,-0.9680771188662041,-0.2506525322587213
855,19.8,73,0.9,0.0,0.0,1,0,1,0,0.7818314824680298,0.6234898018587336,-0.9987165071710528,-0.05064916883871355
612,19.7,76,0.5,0.0,0.0,0,0,1,0,0.9749279121818236,-0.22252093395631434,0.0,1.0
413,19.6,75,2.1,0.0,0.0,0,0,1,0,0.9749279121818236,-0.22252093395631434,0.20129852008866006,0.9795299412524945
245,19.0,80,1.6,0.0,0.0,0,0,1,0,0.9749279121818236,-0.22252093395631434,0.39435585511331855,0.9189578116202306
170,18.5,82,0.8,0.0,0.0,0,0,1,0,0.9749279121818236,-0.22252093395631434,0.5712682150947923,0.8207634412072763
93,18.4,81,0.4,0.0,0.0,0,0,1,0,0.9749279121818236,-0.22252093395631434,0.72479278722912,0.6889669190756866
76,18.4,87,0.8,0.4,0.0,0,0,1,0,0.9749279121818236,-0.22252093395631434,0.8486442574947509,0.5289640103269624
67,17.9,93,0.9,0.1,0.0,0,0,1,0,0.9749279121818236,-0.22252093395631434,0.9377521321470804,0.3473052528448203
102,17.6,94,0.5,1.0,0.0,0,0,1,0,0.9749279121818236,-0.22252093395631434,0.9884683243281114,0.1514277775045767
555,17.5,94,0.9,0.0,0.0,0,0,1,0,0.9749279121818236,-0.22252093395631434,0.9987165071710528,-0.05064916883871264
609,17.4,94,0.7,0.0,0.0,0,0,1,0,0.9749279121818236,-0.22252093395631434,0.9680771188662043,-0.2506525322587204
486,17.7,88,1.1,0.0,0.0,0,0,1,0,0.9749279121818236,-0.22252093395631434,0.8978045395707416,-0.4403941515576344
206,18.0,85,1.1,0.0,0.0,0,0,1,0,0.9749279121818236,-0.22252093395631434,0.7907757369376989,-0.6121059825476626
63,17.3,95,0.7,3.5,0.0,0,0,1,0,0.9749279121818236,-0.22252093395631434,0.6513724827222223,-0.758758122692791
327,17.2,96,0.9,4.0,0.0,0,0,1,0,0.9749279121818236,-0.22252093395631434,0.48530196253108104,-0.8743466161445821
376,17.5,94,0.3,0.0,0.0,0,0,1,0,0.9749279121818236,-0.22252093395631434,0.29936312297335804,-0.9541392564000488
143,17.0,90,3.7,0.0,0.0,0,0,1,0,0.9749279121818236,-0.22252093395631434,0.10116832198743272,-0.994869323391895
400,15.4,95,4.7,0.5,0.0,0,0,1,0,0.9749279121818236,-0.22252093395631434,-0.10116832198743204,-0.9948693233918952
813,13.9,94,2.6,0.0,0.0,0,0,1,0,0.9749279121818236,-0.22252093395631434,-0.2993631229733582,-0.9541392564000488
518,13.6,89,2.3,0.0,0.0,0,0,1,0,0.9749279121818236,-0.22252093395631434,-0.4853019625310808,-0.8743466161445822
131,12.6,93,3.9,0.0,0.0,0,0,1,0,0.9749279121818236,-0.22252093395631434,-0.651372482722222,-0.7587581226927911
123,11.1,91,4.0,0.5,0.0,0,0,1,0,0.9749279121818236,-0.22252093395631434,-0.7907757369376986,-0.6121059825476627
327,10.5,94,2.8,1.0,0.0,0,0,1,0,0.9749279121818236,-0.22252093395631434,-0.8978045395707417,-0.44039415155763423
299,10.4,85,3.7,0.0,0.0,0,0,1,0,0.9749279121818236,-0.22252093395631434,-0.9680771188662041,-0.2506525322587213
294,9.5,90,3.6,1.0,0.0,0,0,1,0,0.9749279121818236,-0.22252093395631434,-0.9987165071710528,-0.05064916883871355
361,8.7,86,3.1,0.0,0.0,0,0,1,0,0.43388373911755823,-0.900968867902419,0.0,1.0
323,7.9,86,2.1,0.0,0.0,0,0,1,0,0.43388373911755823,-0.900968867902419,0.20129852008866006,0.9795299412524945
251,7.3,86,1.7,0.0,0.0,0,0,1,0,0.43388373911755823,-0.900968867902419,0.39435585511331855,0.9189578116202306
156,7.0,86,1.2,0.0,0.0,0,0,1,0,0.43388373911755823,-0.900968867902419,0.5712682150947923,0.8207634412072763
109,7.0,87,1.3,0.0,0.0,0,0,1,0,0.43388373911755823,-0.900968867902419,0.72479278722912,0.6889669190756866
163,7.0,85,0.8,0.0,0.0,0,0,1,0,0.43388373911755823,-0.900968867902419,0.8486442574947509,0.5289640103269624
469,7.9,86,2.0,0.0,0.0,0,0,1,0,0.43388373911755823,-0.900968867902419,0.9377521321470804,0.3473052528448203
1160,8.4,83,1.4,0.0,0.0,0,0,1,0,0.43388373911755823,-0.900968867902419,0.9884683243281114,0.1514277775045767
1946,10.5,67,2.3,0.0,0.0,0,0,1,0,0.43388373911755823,-0.900968867902419,0.9987165071710528,-0.05064916883871264
1061,12.8,52,3.9,0.0,0.0,0,0,1,0,0.43388373911755823,-0.900968867902419,0.9680771188662043,-0.2506525322587204
762,13.8,47,4.8,0.0,0.0,0,0,1,0,0.43388373911755823,-0.900968867902419,0.8978045395707416,-0.4403941515576344
794,14.7,45,3.0,0.0,0.0,0,0,1,0,0.43388373911755823,-0.900968867902419,0.7907757369376989,-0.6121059825476626
871,14.1,59,3.9,0.0,0.0,0,0,1,0,0.43388373911755823,-0.900968867902419,0.6513724827222223,-0.758758122692791
516,13.4,56,3.7,0.1,0.0,0,0,1,0,0.43388373911755823,-0.900968867902419,0.48530196253108104,-0.8743466161445821
367,12.7,75,3.8,0.4,0.0,0,0,1,0,0.43388373911755823,-0.900968867902419,0.29936312297335804,-0.9541392564000488
590,12.2,56,4.8,0.5,0.0,0,0,1,0,0.43388373911755823,-0.900968867902419,0.10116832198743272,-0.994869323391895
911,12.8,53,3.3,0.0,0.0,0,0,1,0,0.43388373911755823,-0.900968867902419,-0.10116832198743204,-0.9948693233918952
1421,13.2,49,4.2,0.0,0.0,0,0,1,0,0.43388373911755823,-0.900968867902419,-0.2993631229733582,-0.9541392564000488
2310,13.4,49,2.4,0.0,0.0,0,0,1,0,0.43388373911755823,-0.900968867902419,-0.4853019625310808,-0.8743466161445822
1663,13.3,49,3.6,0.0,0.0,0,0,1,0,0.43388373911755823,-0.900968867902419,-0.651372482722222,-0.7587581226927911
1401,12.6,47,3.2,0.0,0.0,0,0,1,0,0.43388373911755823,-0.900968867902419,-0.7907757369376986,-0.6121059825476627
1388,11.9,48,1.9,0.0,0.0,0,0,1,0,0.43388373911755823,-0.900968867902419,-0.8978045395707417,-0.44039415155763423
1202,11.2,60,2.3,0.0,0.0,0,0,1,0,0.43388373911755823,-0.900968867902419,-0.9680771188662041,-0.2506525322587213
832,10.6,62,2.1,0.0,0.0,0,0,1,0,0.43388373911755823,-0.900968867902419,-0.9987165071710528,-0.05064916883871355
624,10.0,63,2.1,0.0,0.0,0,0,1,0,-0.433883739117558,-0.9009688679024191,0.0,1.0
480,9.7,63,2.1,0.0,0.0,0,0,1,0,-0.433883739117558,-0.9009688679024191,0.20129852008866006,0.9795299412524945
352,9.6,65,1.5,0.0,0.0,0,0,1,0,-0.433883739117558,-0.9009688679024191,0.39435585511331855,0.9189578116202306
224,9.6,66,0.9,0.0,0.0,0,0,1,0,-0.433883739117558,-0.9009688679024191,0.5712682150947923,0.8207634412072763
138,9.5,66,1.1,0.0,0.0,0,0,1,0,-0.433883739117558,-0.9009688679024191,0.72479278722912,0.6889669190756866
186,9.2,63,0.8,0.0,0.0,0,0,1,0,-0.433883739117558,-0.9009688679024191,0.8486442574947509,0.5289640103269624
521,9.0,57,1.7,0.0,0.0,0,0,1,0,-0.433883739117558,-0.9009688679024191,0.9377521321470804,0.3473052528448203
1260,9.5,55,2.1,0.0,0.0,0,0,1,0,-0.433883739117558,-0.9009688679024191,0.9884683243281114,0.1514277775045767
2041,11.3,46,1.2,0.0,0.0,0,0,1,0,-0.433883739117558,-0.9009688679024191,0.9987165071710528,-0.05064916883871264
1155,14.1,42,1.9,0.0,0.0,0,0,1,0,-0.433883739117558,-0.9009688679024191,0.9680771188662043,-0.2506525322587204
864,16.1,37,2.9,0.0,0.0,0,0,1,0,-0.433883739117558,-0.9009688679024191,0.8978045395707416,-0.4403941515576344
1021,17.2,35,3.6,0.0,0.0,0,0,1,0,-0.433883739117558,-0.9009688679024191,0.7907757369376989,-0.6121059825476626
1206,17.9,32,4.6,0.0,0.0,0,0,1,0,-0.433883739117558,-0.9009688679024191,0.6513724827222223,-0.758758122692791
1222,18.9,30,3.8,0.0,0.0,0,0,1,0,-0.433883739117558,-0.9009688679024191,0.48530196253108104,-0.8743466161445821
1266,18.8,31,4.9,0.0,0.0,0,0,1,0,-0.433883739117558,-0.9009688679024191,0.29936312297335804,-0.9541392564000488
1323,19.9,26,3.8,0.0,0.0,0,0,1,0,-0.433883739117558,-0.9009688679024191,0.10116832198743272,-0.994869323391895
1501,18.6,30,5.1,0.0,0.0,0,0,1,0,-0.433883739117558,-0.9009688679024191,-0.10116832198743204,-0.9948693233918952
1857,18.1,30,4.6,0.0,0.0,0,0,1,0,-0.433883739117558,-0.9009688679024191,-0.2993631229733582,-0.9541392564000488
2661,17.1,35,3.4,0.0,0.0,0,0,1,0,-0.433883739117558,-0.9009688679024191,-0.4853019625310808,-0.8743466161445822
1890,15.5,46,2.6,0.0,0.0,0,0,1,0,-0.433883739117558,-0.9009688679024191,-0.651372482722222,-0.7587581226927911
1389,14.1,46,3.4,0.0,0.0,0,0,1,0,-0.433883739117558,-0.9009688679024191,-0.7907757369376986,-0.6121059825476627
1298,13.3,47,1.9,0.0,0.0,0,0,1,0,-0.433883739117558,-0.9009688679024191,-0.8978045395707417,-0.44039415155763423
1256,12.7,55,2.0,0.0,0.0,0,0,1,0,-0.433883739117558,-0.9009688679024191,-0.9680771188662041,-0.2506525322587213
935,12.4,58,2.5,0.0,0.0,0,0,1,0,-0.433883739117558,-0.9009688679024191,-0.9987165071710528,-0.05064916883871355
796,12.2,59,1.2,0.0,0.0,0,0,1,0,-0.9749279121818236,-0.2225209339563146,0.0,1.0
716,12.1,54,1.3,0.0,0.0,0,0,1,0,-0.9749279121818236,-0.2225209339563146,0.20129852008866006,0.9795299412524945
508,12.1,53,1.1,0.0,0.0,0,0,1,0,-0.9749279121818236,-0.2225209339563146,0.39435585511331855,0.9189578116202306
392,11.6,53,1.1,0.0,0.0,0,0,1,0,-0.9749279121818236,-0.2225209339563146,0.5712682150947923,0.8207634412072763
252,12.1,51,1.6,0.0,0.0,0,0,1,0,-0.9749279121818236,-0.2225209339563146,0.72479278722912,0.6889669190756866
190,12.2,52,2.3,0.0,0.0,0,0,1,0,-0.9749279121818236,-0.2225209339563146,0.8486442574947509,0.5289640103269624
247,12.3,55,2.1,0.0,0.0,0,0,1,0,-0.9749279121818236,-0.2225209339563146,0.9377521321470804,0.3473052528448203
352,12.9,55,2.3,0.0,0.0,0,0,1,0,-0.9749279121818236,-0.2225209339563146,0.9884683243281114,0.1514277775045767
579,14.4,51,2.3,0.0,0.0,0,0,1,0,-0.9749279121818236,-0.2225209339563146,0.9987165071710528,-0.05064916883871264
759,16.1,50,2.6,0.0,0.0,0,0,1,0,-0.9749279121818236,-0.2225209339563146,0.9680771188662043,-0.2506525322587204
877,18.1,46,2.9,0.0,0.0,0,0,1,0,-0.9749279121818236,-0.2225209339563146,0.8978045395707416,-0.4403941515576344
1024,20.2,41,3.1,0.0,0.0,0,0,1,0,-0.9749279121818236,-0.2225209339563146,0.7907757369376989,-0.6121059825476626
1258,21.9,35,3.4,0.0,0.0,0,0,1,0,-0.9749279121818236,-0.2225209339563146,0.6513724827222223,-0.758758122692791
1408,22.7,35,3.4,0.0,0.0,0,0,1,0,-0.9749279121818236,-0.2225209339563146,0.48530196253108104,-0.8743466161445821
1669,23.6,34,3.3,0.0,0.0,0,0,1,0,-0.9749279121818236,-0.2225209339563146,0.29936312297335804,-0.9541392564000488
1837,23.8,29,4.7,0.0,0.0,0,0,1,0,-0.9749279121818236,-0.2225209339563146,0.10116832198743272,-0.994869323391895
1223,23.2,30,4.5,0.0,0.0,0,0,1,0,-0.9749279121818236,-0.2225209339563146,-0.10116832198743204,-0.9948693233918952
2014,23.6,29,3.9,0.0,0.0,0,0,1,0,-0.9749279121818236,-0.2225209339563146,-0.2993631229733582,-0.9541392564000488
1929,22.5,31,3.4,0.0,0.0,0,0,1,0,-0.9749279121818236,-0.2225209339563146,-0.4853019625310808,-0.8743466161445822
1753,20.7,47,3.5,0.0,0.0,0,0,1,0,-0.9749279121818236,-0.2225209339563146,-0.651372482722222,-0.7587581226927911
1562,19.7,53,2.0,0.0,0.0,0,0,1,0,-0.9749279121818236,-0.2225209339563146,-0.7907757369376986,-0.6121059825476627
1551,19.3,57,3.1,0.0,0.0,0,0,1,0,-0.9749279121818236,-0.2225209339563146,-0.8978045395707417,-0.44039415155763423
1360,19.1,61,2.7,0.0,0.0,0,0,1,0,-0.9749279121818236,-0.2225209339563146,-0.9680771188662041,-0.2506525322587213
1097,19.1,62,3.6,0.0,0.0,0,0,1,0,-0.9749279121818236,-0.2225209339563146,-0.9987165071710528,-0.05064916883871355
733,18.7,64,3.3,0.0,0.0,0,0,1,0,-0.7818314824680299,0.6234898018587334,0.0,1.0
181,18.2,71,1.6,0.0,0.0,0,0,1,0,-0.7818314824680299,0.6234898018587334,0.20129852008866006,0.9795299412524945
74,17.3,82,2.1,0.5,0.0,0,0,1,0,-0.7818314824680299,0.6234898018587334,0.39435585511331855,0.9189578116202306
43,16.2,94,1.7,1.5,0.0,0,0,1,0,-0.7818314824680299,0.6234898018587334,0.5712682150947923,0.8207634412072763
16,15.8,93,0.4,1.5,0.0,0,0,1,0,-0.7818314824680299,0.6234898018587334,0.72479278722912,0.6889669190756866
11,15.4,96,0.3,2.0,0.0,0,0,1,0,-0.7818314824680299,0.6234898018587334,0.8486442574947509,0.5289640103269624
7,15.1,97,0.3,3.0,0.0,0,0,1,0,-0.7818314824680299,0.6234898018587334,0.9377521321470804,0.3473052528448203
16,15.1,97,0.5,2.5,0.0,0,0,1,0,-0.7818314824680299,0.6234898018587334,0.9884683243281114,0.1514277775045767
16,15.2,97,1.0,2.0,0.0,0,0,1,0,-0.7818314824680299,0.6234898018587334,0.9987165071710528,-0.05064916883871264
12,15.4,97,0.8,1.0,0.0,0,0,1,0,-0.7818314824680299,0.6234898018587334,0.9680771188662043,-0.2506525322587204
13,15.4,97,0.6,1.5,0.0,0,0,1,0,-0.7818314824680299,0.6234898018587334,0.8978045395707416,-0.4403941515576344
10,15.5,97,0.8,3.5,0.0,0,0,1,0,-0.7818314824680299,0.6234898018587334,0.7907757369376989,-0.6121059825476626
71,15.7,96,1.1,3.0,0.0,0,0,1,0,-0.7818314824680299,0.6234898018587334,0.6513724827222223,-0.758758122692791
211,16.4,94,0.9,0.0,0.0,0,0,1,0,-0.7818314824680299,0.6234898018587334,0.48530196253108104,-0.8743466161445821
384,17.2,85,1.3,0.0,0.0,0,0,1,0,-0.7818314824680299,0.6234898018587334,0.29936312297335804,-0.9541392564000488
770,17.8,77,1.6,0.0,0.0,0,0,1,0,-0.7818314824680299,0.6234898018587334,0.10116832198743272,-0.994869323391895
1482,19.5,66,1.7,0.0,0.0,0,0,1,0,-0.7818314824680299,0.6234898018587334,-0.10116832198743204,-0.9948693233918952
1737,20.2,62,1.1,0.0,0.0,0,0,1,0,-0.7818314824680299,0.6234898018587334,-0.2993631229733582,-0.9541392564000488
1848,20.2,66,1.0,0.0,0.0,0,0,1,0,-0.7818314824680299,0.6234898018587334,-0.4853019625310808,-0.8743466161445822
1639,19.0,70,0.7,0.0,0.0,0,0,1,0,-0.7818314824680299,0.6234898018587334,-0.651372482722222,-0.7587581226927911
1526,17.6,77,1.2,0.0,0.0,0,0,1,0,-0.7818314824680299,0.6234898018587334,-0.7907757369376986,-0.6121059825476627
1450,16.8,79,0.6,0.0,0.0,0,0,1,0,-0.7818314824680299,0.6234898018587334,-0.8978045395707417,-0.44039415155763423
1290,16.4,80,1.2,0.0,0.0,0,0,1,0,-0.7818314824680299,0.6234898018587334,-0.9680771188662041,-0.2506525322587213
1016,15.9,83,0.6,0.0,0.0,0,0,1,0,-0.7818314824680299,0.6234898018587334,-0.9987165071710528,-0.05064916883871355
778,15.5,85,0.9,0.0,0.0,0,0,1,0,0.0,1.0,0.0,1.0
609,15.1,84,0.3,0.0,0.0,0,0,1,0,0.0,1.0,0.20129852008866006,0.9795299412524945
404,14.8,85,0.4,0.0,0.0,0,0,1,0,0.0,1.0,0.39435585511331855,0.9189578116202306
249,14.7,82,0.8,0.0,0.0,0,0,1,0,0.0,1.0,0.5712682150947923,0.8207634412072763
185,14.4,85,0.8,0.0,0.0,0,0,1,0,0.0,1.0,0.72479278722912,0.6889669190756866
170,14.2,85,0.5,0.0,0.0,0,0,1,0,0.0,1.0,0.8486442574947509,0.5289640103269624
221,14.0,87,0.8,0.0,0.0,0,0,1,0,0.0,1.0,0.9377521321470804,0.3473052528448203
389,14.2,81,0.3,0.0,0.0,0,0,1,0,0.0,1.0,0.9884683243281114,0.1514277775045767
600,14.8,80,0.3,0.0,0.0,0,0,1,0,0.0,1.0,0.9987165071710528,-0.05064916883871264
737,15.9,72,0.5,0.0,0.0,0,0,1,0,0.0,1.0,0.9680771188662043,-0.2506525322587204
895,17.5,63,0.6,0.0,0.0,0,0,1,0,0.0,1.0,0.8978045395707416,-0.4403941515576344
1167,20.2,45,1.1,0.0,0.0,0,0,1,0,0.0,1.0,0.7907757369376989,-0.6121059825476626
1414,22.9,35,0.8,0.0,0.0,0,0,1,0,0.0,1.0,0.6513724827222223,-0.758758122692791
1665,23.7,44,1.7,0.0,0.0,0,0,1,0,0.0,1.0,0.48530196253108104,-0.8743466161445821
1970,24.1,42,1.2,0.0,0.0,0,0,1,0,0.0,1.0,0.29936312297335804,-0.9541392564000488
2191,24.6,38,2.1,0.0,0.0,0,0,1,0,0.0,1.0,0.10116832198743272,-0.994869323391895
2213,24.5,38,2.2,0.0,0.0,0,0,1,0,0.0,1.0,-0.10116832198743204,-0.9948693233918952
2392,25.5,31,2.3,0.0,0.0,0,0,1,0,0.0,1.0,-0.2993631229733582,-0.9541392564000488
2268,25.1,32,2.4,0.0,0.0,0,0,1,0,0.0,1.0,-0.4853019625310808,-0.8743466161445822
1664,23.5,48,1.5,0.0,0.0,0,0,1,0,0.0,1.0,-0.651372482722222,-0.7587581226927911
1912,20.9,61,2.7,0.0,0.0,0,0,1,0,0.0,1.0,-0.7907757369376986,-0.6121059825476627
1717,19.6,64,1.5,0.0,0.0,0,0,1,0,0.0,1.0,-0.8978045395707417,-0.44039415155763423
1336,18.6,69,1.7,0.0,0.0,0,0,1,0,0.0,1.0,-0.9680771188662041,-0.2506525322587213
994,17.5,69,1.5,0.0,0.0,0,0,1,0,0.0,1.0,-0.9987165071710528,-0.05064916883871355
712,16.4,72,0.8,0.0,0.0,0,0,1,0,0.7818314824680298,0.6234898018587336,0.0,1.0
430,16.0,64,1.0,0.0,0.0,0,0,1,0,0.7818314824680298,0.6234898018587336,0.20129852008866006,0.9795299412524945
287,15.5,65,1.3,0.0,0.0,0,0,1,0,0.7818314824680298,0.6234898018587336,0.39435585511331855,0.9189578116202306
194,15.6,63,1.7,0.0,0.0,0,0,1,0,0.7818314824680298,0.6234898018587336,0.5712682150947923,0.8207634412072763
155,15.4,63,1.6,0.0,0.0,0,0,1,0,0.7818314824680298,0.6234898018587336,0.72479278722912,0.6889669190756866
200,15.0,64,1.6,0.0,0.0,0,0,1,0,0.7818314824680298,0.6234898018587336,0.8486442574947509,0.5289640103269624
555,14.8,64,1.5,0.0,0.0,0,0,1,0,0.7818314824680298,0.6234898018587336,0.9377521321470804,0.3473052528448203
1280,15.3,60,2.0,0.0,0.0,0,0,1,0,0.7818314824680298,0.6234898018587336,0.9884683243281114,0.1514277775045767
1976,16.9,54,1.7,0.0,0.0,0,0,1,0,0.7818314824680298,0.6234898018587336,0.9987165071710528,-0.05064916883871264
1128,18.5,51,1.4,0.0,0.0,0,0,1,0,0.7818314824680298,0.6234898018587336,0.9680771188662043,-0.2506525322587204
792,20.0,48,1.9,0.0,0.0,0,0,1,0,0.7818314824680298,0.6234898018587336,0.8978045395707416,-0.4403941515576344
956,21.0,45,1.6,0.0,0.0,0,0,1,0,0.7818314824680298,0.6234898018587336,0.7907757369376989,-0.6121059825476626
1135,21.5,44,2.1,0.0,0.0,0,0,1,0,0.7818314824680298,0.6234898018587336,0.6513724827222223,-0.758758122692791
1117,21.7,44,2.1,0.0,0.0,0,0,1,0,0.7818314824680298,0.6234898018587336,0.48530196253108104,-0.8743466161445821
1096,22.2,42,1.7,0.0,0.0,0,0,1,0,0.7818314824680298,0.6234898018587336,0.29936312297335804,-0.9541392564000488
1267,22.4,39,1.9,0.0,0.0,0,0,1,0,0.7818314824680298,0.6234898018587336,0.10116832198743272,-0.994869323391895
1457,22.0,41,1.7,0.0,0.0,0,0,1,0,0.7818314824680298,0.6234898018587336,-0.10116832198743204,-0.9948693233918952
2020,21.7,38,2.0,0.0,0.0,0,0,1,0,0.7818314824680298,0.6234898018587336,-0.2993631229733582,-0.9541392564000488
2142,20.7,40,1.4,0.0,0.0,0,0,1,0,0.7818314824680298,0.6234898018587336,-0.4853019625310808,-0.8743466161445822
2241,17.9,42,2.1,0.0,0.0,0,0,1,0,0.7818314824680298,0.6234898018587336,-0.651372482722222,-0.7587581226927911
1726,15.8,47,1.8,0.0,0.0,0,0,1,0,0.7818314824680298,0.6234898018587336,-0.7907757369376986,-0.6121059825476627
1513,14.5,49,1.9,0.0,0.0,0,0,1,0,0.7818314824680298,0.6234898018587336,-0.8978045395707417,-0.44039415155763423
1283,13.2,54,2.2,0.0,0.0,0,0,1,0,0.7818314824680298,0.6234898018587336,-0.9680771188662041,-0.2506525322587213
767,12.2,57,1.9,0.0,0.0,0,0,1,0,0.7818314824680298,0.6234898018587336,-0.9987165071710528,-0.05064916883871355
552,11.6,57,1.9,0.0,0.0,0,0,1,0,0.9749279121818236,-0.22252093395631434,0.0,1.0
34,11.3,58,1.3,0.0,0.0,0,0,1,0,0.9749279121818236,-0.22252093395631434,0.20129852008866006,0.9795299412524945
245,10.9,59,1.1,0.0,0.0,0,0,1,0,0.9749279121818236,-0.22252093395631434,0.39435585511331855,0.9189578116202306
187,10.5,59,1.0,0.0,0.0,0,0,1,0,0.9749279121818236,-0.22252093395631434,0.5712682150947923,0.8207634412072763
114,10.0,64,1.5,0.0,0.0,0,0,1,0,0.9749279121818236,-0.22252093395631434,0.72479278722912,0.6889669190756866
203,9.5,65,0.9,0.0,0.0,0,0,1,0,0.9749279121818236,-0.22252093395631434,0.8486442574947509,0.5289640103269624
556,9.2,64,1.0,0.0,0.0,0,0,1,0,0.9749279121818236,-0.22252093395631434,0.9377521321470804,0.3473052528448203
1333,10.0,59,1.1,0.0,0.0,0,0,1,0,0.9749279121818236,-0.22252093395631434,0.9884683243281114,0.1514277775045767
2068,12.3,53,1.6,0.0,0.0,0,0,1,0,0.9749279121818236,-0.22252093395631434,0.9987165071710528,-0.05064916883871264
928,14.4,46,1.2,0.0,0.0,0,0,1,0,0.9749279121818236,-0.22252093395631434,0.9680771188662043,-0.2506525322587204
954,16.1,43,1.4,0.0,0.0,0,0,1,0,0.9749279121818236,-0.22252093395631434,0.8978045395707416,-0.4403941515576344
1015,17.6,40,1.4,0.0,0.0,0,0,1,0,0.9749279121818236,-0.22252093395631434,0.7907757369376989,-0.6121059825476626
1242,18.7,39,1.9,0.0,0.0,0,0,1,0,0.9749279121818236,-0.22252093395631434,0.6513724827222223,-0.758758122692791
1188,20.1,36,1.1,0.0,0.0,0,0,1,0,0.9749279121818236,-0.22252093395631434,0.48530196253108104,-0.8743466161445821
1186,20.7,36,2.2,0.0,0.0,0,0,1,0,0.9749279121818236,-0.22252093395631434,0.29936312297335804,-0.9541392564000488
1324,21.2,35,2.9,0.0,0.0,0,0,1,0,0.9749279121818236,-0.22252093395631434,0.10116832198743272,-0.994869323391895
1603,21.4,35,2.7,0.0,0.0,0,0,1,0,0.9749279121818236,-0.22252093395631434,-0.10116832198743204,-0.9948693233918952
2034,21.3,34,2.7,0.0,0.0,0,0,1,0,0.9749279121818236,-0.22252093395631434,-0.2993631229733582,-0.9541392564000488
3130,20.6,41,2.3,0.0,0.0,0,0,1,0,0.9749279121818236,-0.22252093395631434,-0.4853019625310808,-0.8743466161445822
2405,18.8,47,2.8,0.0,0.0,0,0,1,0,0.9749279121818236,-0.22252093395631434,-0.651372482722222,-0.7587581226927911
1979,17.3,53,1.9,0.0,0.0,0,0,1,0,0.9749279121818236,-0.22252093395631434,-0.7907757369376986,-0.6121059825476627
1940,16.4,56,0.8,0.0,0.0,0,0,1,0,0.9749279121818236,-0.22252093395631434,-0.8978045395707417,-0.44039415155763423
1602,15.9,60,2.6,0.0,0.0,0,0,1,0,0.9749279121818236,-0.22252093395631434,-0.9680771188662041,-0.2506525322587213
1073,15.2,62,1.4,0.0,0.0,0,0,1,0,0.9749279121818236,-0.22252093395631434,-0.9987165071710528,-0.05064916883871355
0,14.5,63,0.9,0.0,0.0,0,0,1,0,0.43388373911755823,-0.900968867902419,0.0,1.0
0,13.9,66,1.0,0.0,0.0,0,0,1,0,0.43388373911755823,-0.900968867902419,0.20129852008866006,0.9795299412524945
0,13.1,73,1.9,0.0,0.0,0,0,1,0,0.43388373911755823,-0.900968867902419,0.39435585511331855,0.9189578116202306
0,12.9,74,1.7,0.0,0.0,0,0,1,0,0.43388373911755823,-0.900968867902419,0.5712682150947923,0.8207634412072763
0,12.0,79,0.6,0.0,0.0,0,0,1,0,0.43388373911755823,-0.900968867902419,0.72479278722912,0.6889669190756866
0,11.5,80,0.9,0.0,0.0,0,0,1,0,0.43388373911755823,-0.900968867902419,0.8486442574947509,0.5289640103269624
0,11.4,80,1.0,0.0,0.0,0,0,1,0,0.43388373911755823,-0.900968867902419,0.9377521321470804,0.3473052528448203
0,12.1,71,1.6,0.0,0.0,0,0,1,0,0.43388373911755823,-0.900968867902419,0.9884683243281114,0.1514277775045767
0,13.5,63,2.2,0.0,0.0,0,0,1,0,0.43388373911755823,-0.900968867902419,0.9987165071710528,-0.05064916883871264
0,15.5,55,1.7,0.0,0.0,0,0,1,0,0.43388373911755823,-0.900968867902419,0.9680771188662043,-0.2506525322587204
0,17.3,52,2.3,0.0,0.0,0,0,1,0,0.43388373911755823,-0.900968867902419,0.8978045395707416,-0.4403941515576344
0,18.3,51,3.1,0.0,0.0,0,0,1,0,0.43388373911755823,-0.900968867902419,0.7907757369376989,-0.6121059825476626
0,19.8,49,2.3,0.0,0.0,0,0,1,0,0.43388373911755823,-0.900968867902419,0.6513724827222223,-0.758758122692791
0,20.7,46,2.9,0.0,0.0,0,0,1,0,0.43388373911755823,-0.900968867902419,0.48530196253108104,-0.8743466161445821
0,21.2,47,3.7,0.0,0.0,0,0,1,0,0.43388373911755823,-0.900968867902419,0.29936312297335804,-0.9541392564000488
0,20.4,51,4.0,0.0,0.0,0,0,1,0,0.43388373911755823,-0.900968867902419,0.10116832198743272,-0.994869323391895
0,19.6,54,3.9,0.0,0.0,0,0,1,0,0.43388373911755823,-0.900968867902419,-0.10116832198743204,-0.9948693233918952
0,19.2,54,3.4,0.0,0.0,0,0,1,0,0.43388373911755823,-0.900968867902419,-0.2993631229733582,-0.9541392564000488
0,18.0,61,3.5,0.0,0.0,0,0,1,0,0.43388373911755823,-0.900968867902419,-0.4853019625310808,-0.8743466161445822
0,15.5,74,3.6,0.0,0.0,0,0,1,0,0.43388373911755823,-0.900968867902419,-0.651372482722222,-0.7587581226927911
0,13.6,82,2.1,0.0,0.0,0,0,1,0,0.43388373911755823,-0.900968867902419,-0.7907757369376986,-0.6121059825476627
0,12.6,85,2.4,0.0,0.0,0,0,1,0,0.43388373911755823,-0.900968867902419,-0.8978045395707417,-0.44039415155763423
0,12.3,85,2.3,0.0,0.0,0,0,1,0,0.43388373911755823,-0.900968867902419,-0.9680771188662041,-0.2506525322587213
0,12.4,85,1.1,0.0,0.0,0,0,1,0,0.43388373911755823,-0.900968867902419,-0.9987165071710528,-0.05064916883871355
724,12.5,84,1.5,0.0,0.0,0,0,1,0,-0.433883739117558,-0.9009688679024191,0.0,1.0
565,12.4,84,1.8,0.0,0.0,0,0,1,0,-0.433883739117558,-0.9009688679024191,0.20129852008866006,0.9795299412524945
378,12.1,85,1.4,0.0,0.0,0,0,1,0,-0.433883739117558,-0.9009688679024191,0.39435585511331855,0.9189578116202306
252,12.0,86,0.9,0.0,0.0,0,0,1,0,-0.433883739117558,-0.9009688679024191,0.5712682150947923,0.8207634412072763
154,11.9,85,0.7,0.0,0.0,0,0,1,0,-0.433883739117558,-0.9009688679024191,0.72479278722912,0.6889669190756866
223,11.9,84,1.5,0.0,0.0,0,0,1,0,-0.433883739117558,-0.9009688679024191,0.8486442574947509,0.5289640103269624
486,12.0,83,0.4,0.0,0.0,0,0,1,0,-0.433883739117558,-0.9009688679024191,0.9377521321470804,0.3473052528448203
1156,12.4,82,1.0,0.0,0.0,0,0,1,0,-0.433883739117558,-0.9009688679024191,0.9884683243281114,0.1514277775045767
1881,13.1,78,1.2,0.0,0.0,0,0,1,0,-0.433883739117558,-0.9009688679024191,0.9987165071710528,-0.05064916883871264
850,14.3,72,0.7,0.0,0.0,0,0,1,0,-0.433883739117558,-0.9009688679024191,0.9680771188662043,-0.2506525322587204
816,16.4,64,2.4,0.0,0.0,0,0,1,0,-0.433883739117558,-0.9009688679024191,0.8978045395707416,-0.4403941515576344
972,18.3,56,1.4,0.0,0.0,0,0,1,0,-0.433883739117558,-0.9009688679024191,0.7907757369376989,-0.6121059825476626
1161,20.0,47,1.4,0.0,0.0,0,0,1,0,-0.433883739117558,-0.9009688679024191,0.6513724827222223,-0.758758122692791
1177,20.8,45,2.8,0.0,0.0,0,0,1,0,-0.433883739117558,-0.9009688679024191,0.48530196253108104,-0.8743466161445821
1174,21.0,47,2.2,0.0,0.0,0,0,1,0,-0.433883739117558,-0.9009688679024191,0.29936312297335804,-0.9541392564000488
1295,19.9,47,3.3,0.0,0.0,0,0,1,0,-0.433883739117558,-0.9009688679024191,0.10116832198743272,-0.994869323391895
1496,19.1,54,3.2,0.0,0.0,0,0,1,0,-0.433883739117558,-0.9009688679024191,-0.10116832198743204,-0.9948693233918952
1863,18.9,45,2.6,0.0,0.0,0,0,1,0,-0.433883739117558,-0.9009688679024191,-0.2993631229733582,-0.9541392564000488
2701,17.9,37,3.1,0.0,0.0,0,0,1,0,-0.433883739117558,-0.9009688679024191,-0.4853019625310808,-0.8743466161445822
1999,17.1,51,2.5,0.0,0.0,0,0,1,0,-0.433883739117558,-0.9009688679024191,-0.651372482722222,-0.7587581226927911
941,16.7,52,0.9,0.0,0.0,0,0,1,0,-0.433883739117558,-0.9009688679024191,-0.7907757369376986,-0.6121059825476627
1644,16.4,52,1.5,0.0,0.0,0,0,1,0,-0.433883739117558,-0.9009688679024191,-0.8978045395707417,-0.44039415155763423
1556,16.2,54,1.1,0.0,0.0,0,0,1,0,-0.433883739117558,-0.9009688679024191,-0.9680771188662041,-0.2506525322587213
1185,16.2,50,1.6,0.0,0.0,0,0,1,0,-0.433883739117558,-0.9009688679024191,-0.9987165071710528,-0.05064916883871355
862,16.1,54,1.3,0.0,0.0,0,0,1,0,-0.9749279121818236,-0.2225209339563146,0.0,1.0
669,15.9,51,1.8,0.0,0.0,0,0,1,0,-0.9749279121818236,-0.2225209339563146,0.20129852008866006,0.9795299412524945
416,15.5,62,1.0,0.0,0.0,0,0,1,0,-0.9749279121818236,-0.2225209339563146,0.39435585511331855,0.9189578116202306
358,15.2,63,0.5,0.0,0.0,0,0,1,0,-0.9749279121818236,-0.2225209339563146,0.5712682150947923,0.8207634412072763
207,15.0,61,0.8,0.0,0.0,0,0,1,0,-0.9749279121818236,-0.2225209339563146,0.72479278722912,0.6889669190756866
70,15.0,61,1.2,0.0,0.0,0,0,1,0,-0.9749279121818236,-0.2225209339563146,0.8486442574947509,0.5289640103269624
37,14.4,71,1.3,0.4,0.0,0,0,1,0,-0.9749279121818236,-0.2225209339563146,0.9377521321470804,0.3473052528448203
43,13.3,81,1.5,0.1,0.0,0,0,1,0,-0.9749279121818236,-0.2225209339563146,0.9884683243281114,0.1514277775045767
20,12.0,87,1.0,1.0,0.0,0,0,1,0,-0.9749279121818236,-0.2225209339563146,0.9987165071710528,-0.05064916883871264
16,11.8,95,1.0,3.0,0.0,0,0,1,0,-0.9749279121818236,-0.2225209339563146,0.9680771188662043,-0.2506525322587204
6,11.8,96,1.3,2.5,0.0,0,0,1,0,-0.9749279121818236,-0.2225209339563146,0.8978045395707416,-0.4403941515576344
18,12.0,96,1.0,3.5,0.0,0,0,1,0,-0.9749279121818236,-0.2225209339563146,0.7907757369376989,-0.6121059825476626
11,12.3,97,0.8,2.0,0.0,0,0,1,0,-0.9749279121818236,-0.2225209339563146,0.6513724827222223,-0.758758122692791
19,12.6,97,0.6,3.0,0.0,0,0,1,0,-0.9749279121818236,-0.2225209339563146,0.48530196253108104,-0.8743466161445821
22,13.0,97,0.8,2.0,0.0,0,0,1,0,-0.9749279121818236,-0.2225209339563146,0.29936312297335804,-0.9541392564000488
17,13.3,97,0.8,3.0,0.0,0,0,1,0,-0.9749279121818236,-0.2225209339563146,0.10116832198743272,-0.994869323391895
34,13.8,97,0.7,1.5,0.0,0,0,1,0,-0.9749279121818236,-0.2225209339563146,-0.10116832198743204,-0.9948693233918952
24,14.3,98,0.7,1.5,0.0,0,0,1,0,-0.9749279121818236,-0.2225209339563146,-0.2993631229733582,-0.9541392564000488
22,15.4,97,1.9,2.0,0.0,0,0,1,0,-0.9749279121818236,-0.2225209339563146,-0.4853019625310808,-0.8743466161445822
29,15.5,97,0.7,2.0,0.0,0,0,1,0,-0.9749279121818236,-0.2225209339563146,-0.651372482722222,-0.7587581226927911
29,15.7,97,0.3,1.0,0.0,0,0,1,0,-0.9749279121818236,-0.2225209339563146,-0.7907757369376986,-0.6121059825476627
25,15.8,97,0.6,0.5,0.0,0,0,1,0,-0.9749279121818236,-0.2225209339563146,-0.8978045395707417,-0.44039415155763423
30,15.8,98,0.4,1.5,0.0,0,0,1,0,-0.9749279121818236,-0.2225209339563146,-0.9680771188662041,-0.2506525322587213
50,15.8,98,1.6,1.0,0.0,0,0,1,0,-0.9749279121818236,-0.2225209339563146,-0.9987165071710528,-0.05064916883871355
145,15.5,97,1.5,0.5,0.0,0,0,1,0,-0.7818314824680299,0.6234898018587334,0.0,1.0
178,15.1,97,1.7,0.2,0.0,0,0,1,0,-0.7818314824680299,0.6234898018587334,0.20129852008866006,0.9795299412524945
189,14.5,97,2.9,0.1,0.0,0,0,1,0,-0.7818314824680299,0.6234898018587334,0.39435585511331855,0.9189578116202306
141,14.2,98,1.5,0.2,0.0,0,0,1,0,-0.7818314824680299,0.6234898018587334,0.5712682150947923,0.8207634412072763
83,13.8,98,2.9,0.0,0.0,0,0,1,0,-0.7818314824680299,0.6234898018587334,0.72479278722912,0.6889669190756866
72,13.5,98,0.8,0.0,0.0,0,0,1,0,-0.7818314824680299,0.6234898018587334,0.8486442574947509,0.5289640103269624
139,13.5,98,0.4,0.0,0.0,0,0,1,0,-0.7818314824680299,0.6234898018587334,0.9377521321470804,0.3473052528448203
220,13.7,98,1.6,0.0,0.0,0,0,1,0,-0.7818314824680299,0.6234898018587334,0.9884683243281114,0.1514277775045767
397,14.1,98,1.3,0.0,0.0,0,0,1,0,-0.7818314824680299,0.6234898018587334,0.9987165071710528,-0.05064916883871264
579,14.8,95,1.0,0.0,0.0,0,0,1,0,-0.7818314824680299,0.6234898018587334,0.9680771188662043,-0.2506525322587204
716,15.2,88,2.2,0.0,0.0,0,0,1,0,-0.7818314824680299,0.6234898018587334,0.8978045395707416,-0.4403941515576344
993,16.4,78,1.6,0.0,0.0,0,0,1,0,-0.7818314824680299,0.6234898018587334,0.7907757369376989,-0.6121059825476626
1434,18.3,65,1.2,0.0,0.0,0,0,1,0,-0.7818314824680299,0.6234898018587334,0.6513724827222223,-0.758758122692791
1839,19.1,65,1.9,0.0,0.0,0,0,1,0,-0.7818314824680299,0.6234898018587334,0.48530196253108104,-0.8743466161445821
2055,19.7,64,2.9,0.0,0.0,0,0,1,0,-0.7818314824680299,0.6234898018587334,0.29936312297335804,-0.9541392564000488
2329,19.7,63,2.5,0.0,0.0,0,0,1,0,-0.7818314824680299,0.6234898018587334,0.10116832198743272,-0.994869323391895
2379,19.5,65,2.9,0.0,0.0,0,0,1,0,-0.7818314824680299,0.6234898018587334,-0.10116832198743204,-0.9948693233918952
2410,19.4,63,2.6,0.0,0.0,0,0,1,0,-0.7818314824680299,0.6234898018587334,-0.2993631229733582,-0.9541392564000488
2338,19.0,66,1.3,0.0,0.0,0,0,1,0,-0.7818314824680299,0.6234898018587334,-0.4853019625310808,-0.8743466161445822
2023,17.6,73,2.0,0.0,0.0,0,0,1,0,-0.7818314824680299,0.6234898018587334,-0.651372482722222,-0.7587581226927911
1714,15.6,81,2.3,0.0,0.0,0,0,1,0,-0.7818314824680299,0.6234898018587334,-0.7907757369376986,-0.6121059825476627
1571,14.1,86,0.9,0.0,0.0,0,0,1,0,-0.7818314824680299,0.6234898018587334,-0.8978045395707417,-0.44039415155763423
1155,13.5,87,2.2,0.0,0.0,0,0,1,0,-0.7818314824680299,0.6234898018587334,-0.9680771188662041,-0.2506525322587213
814,13.0,89,1.3,0.0,0.0,0,0,1,0,-0.7818314824680299,0.6234898018587334,-0.9987165071710528,-0.05064916883871355
581,12.7,89,1.2,0.0,0.0,0,0,1,0,0.0,1.0,0.0,1.0
377,12.4,94,1.3,0.0,0.0,0,0,1,0,0.0,1.0,0.20129852008866006,0.9795299412524945
241,12.1,94,1.6,0.0,0.0,0,0,1,0,0.0,1.0,0.39435585511331855,0.9189578116202306
167,11.9,95,1.5,0.0,0.0,0,0,1,0,0.0,1.0,0.5712682150947923,0.8207634412072763
121,11.9,94,1.3,0.0,0.0,0,0,1,0,0.0,1.0,0.72479278722912,0.6889669190756866
199,11.9,93,0.8,0.0,0.0,0,0,1,0,0.0,1.0,0.8486442574947509,0.5289640103269624
552,12.1,89,0.3,0.0,0.0,0,0,1,0,0.0,1.0,0.9377521321470804,0.3473052528448203
1251,12.6,85,0.4,0.0,0.0,0,0,1,0,0.0,1.0,0.9884683243281114,0.1514277775045767
1997,13.8,79,0.9,0.0,0.0,0,0,1,0,0.0,1.0,0.9987165071710528,-0.05064916883871264
1106,15.1,74,0.6,0.0,0.0,0,0,1,0,0.0,1.0,0.9680771188662043,-0.2506525322587204
779,16.6,67,0.9,0.0,0.0,0,0,1,0,0.0,1.0,0.8978045395707416,-0.4403941515576344
946,18.5,65,1.4,0.0,0.0,0,0,1,0,0.0,1.0,0.7907757369376989,-0.6121059825476626
1095,20.0,62,1.8,0.0,0.0,0,0,1,0,0.0,1.0,0.6513724827222223,-0.758758122692791
1051,21.8,59,1.9,0.0,0.0,0,0,1,0,0.0,1.0,0.48530196253108104,-0.8743466161445821
1124,23.1,56,1.6,0.0,0.0,0,0,1,0,0.0,1.0,0.29936312297335804,-0.9541392564000488
1171,24.0,59,1.6,0.0,0.0,0,0,1,0,0.0,1.0,0.10116832198743272,-0.994869323391895
1433,24.3,54,2.6,0.0,0.0,0,0,1,0,0.0,1.0,-0.10116832198743204,-0.9948693233918952
1891,24.4,51,1.9,0.0,0.0,0,0,1,0,0.0,1.0,-0.2993631229733582,-0.9541392564000488
2906,23.6,48,3.1,0.0,0.0,0,0,1,0,0.0,1.0,-0.4853019625310808,-0.8743466161445822
2236,22.7,56,1.8,0.0,0.0,0,0,1,0,0.0,1.0,-0.651372482722222,-0.7587581226927911
1965,21.4,64,2.1,0.0,0.0,0,0,1,0,0.0,1.0,-0.7907757369376986,-0.6121059825476627
1885,20.5,67,1.4,0.0,0.0,0,0,1,0,0.0,1.0,-0.8978045395707417,-0.44039415155763423
1648,19.6,71,0.6,0.0,0.0,0,0,1,0,0.0,1.0,-0.9680771188662041,-0.2506525322587213
1071,18.8,73,0.8,0.0,0.0,0,0,1,0,0.0,1.0,-0.9987165071710528,-0.05064916883871355
764,18.1,77,0.5,0.0,0.0,0,0,1,0,0.7818314824680298,0.6234898018587336,0.0,1.0
563,17.5,78,0.6,0.0,0.0,0,0,1,0,0.7818314824680298,0.6234898018587336,0.20129852008866006,0.9795299412524945
372,17.1,74,0.4,0.0,0.0,0,0,1,0,0.7818314824680298,0.6234898018587336,0.39435585511331855,0.9189578116202306
241,16.6,74,0.4,0.0,0.0,0,0,1,0,0.7818314824680298,0.6234898018587336,0.5712682150947923,0.8207634412072763
170,16.1,74,0.8,0.0,0.0,0,0,1,0,0.7818314824680298,0.6234898018587336,0.72479278722912,0.6889669190756866
182,15.7,76,0.6,0.0,0.0,0,0,1,0,0.7818314824680298,0.6234898018587336,0.8486442574947509,0.5289640103269624
562,15.4,84,0.8,0.0,0.0,0,0,1,0,0.7818314824680298,0.6234898018587336,0.9377521321470804,0.3473052528448203
1239,16.2,79,1.2,0.0,0.0,0,0,1,0,0.7818314824680298,0.6234898018587336,0.9884683243281114,0.1514277775045767
2059,18.4,68,1.1,0.0,0.0,0,0,1,0,0.7818314824680298,0.6234898018587336,0.9987165071710528,-0.05064916883871264
1148,20.8,53,0.8,0.0,0.0,0,0,1,0,0.7818314824680298,0.6234898018587336,0.9680771188662043,-0.2506525322587204
832,22.7,37,0.9,0.0,0.0,0,0,1,0,0.7818314824680298,0.6234898018587336,0.8978045395707416,-0.4403941515576344
944,24.8,36,1.8,0.0,0.0,0,0,1,0,0.7818314824680298,0.6234898018587336,0.7907757369376989,-0.6121059825476626
1058,26.3,36,1.1,0.0,0.0,0,0,1,0,0.7818314824680298,0.6234898018587336,0.6513724827222223,-0.758758122692791
1080,27.8,34,1.5,0.0,0.0,0,0,1,0,0.7818314824680298,0.6234898018587336,0.48530196253108104,-0.8743466161445821
1092,28.5,33,0.9,0.0,0.0,0,0,1,0,0.7818314824680298,0.6234898018587336,0.29936312297335804,-0.9541392564000488
1210,29.1,38,1.7,0.0,0.0,0,0,1,0,0.7818314824680298,0.6234898018587336,0.10116832198743272,-0.994869323391895
1458,28.8,37,2.4,0.0,0.0,0,0,1,0,0.7818314824680298,0.6234898018587336,-0.10116832198743204,-0.9948693233918952
1951,28.5,43,1.7,0.0,0.0,0,0,1,0,0.7818314824680298,0.6234898018587336,-0.2993631229733582,-0.9541392564000488
2915,27.5,47,2.5,0.0,0.0,0,0,1,0,0.7818314824680298,0.6234898018587336,-0.4853019625310808,-0.8743466161445822
2248,26.9,49,0.9,0.0,0.0,0,0,1,0,0.7818314824680298,0.6234898018587336,-0.651372482722222,-0.7587581226927911
1958,26.3,53,1.0,0.0,0.0,0,0,1,0,0.7818314824680298,0.6234898018587336,-0.7907757369376986,-0.6121059825476627
1944,25.6,56,0.7,0.0,0.0,0,0,1,0,0.7818314824680298,0.6234898018587336,-0.8978045395707417,-0.44039415155763423
1640,25.0,59,0.6,0.0,0.0,0,0,1,0,0.7818314824680298,0.6234898018587336,-0.9680771188662041,-0.2506525322587213
848,24.8,60,1.0,0.0,0.0,0,0,1,0,0.7818314824680298,0.6234898018587336,-0.9987165071710528,-0.05064916883871355
662,24.4,63,0.8,0.0,0.0,0,0,1,0,0.9749279121818236,-0.22252093395631434,0.0,1.0
502,24.1,67,0.5,0.0,0.0,0,0,1,0,0.9749279121818236,-0.22252093395631434,0.20129852008866006,0.9795299412524945
145,23.9,69,0.3,0.2,0.0,0,0,1,0,0.9749279121818236,-0.22252093395631434,0.39435585511331855,0.9189578116202306
166,22.6,89,0.7,0.8,0.0,0,0,1,0,0.9749279121818236,-0.22252093395631434,0.5712682150947923,0.8207634412072763
124,22.3,86,0.5,0.0,0.0,0,0,1,0,0.9749279121818236,-0.22252093395631434,0.72479278722912,0.6889669190756866
52,22.3,87,0.6,0.0,0.0,0,0,1,0,0.9749279121818236,-0.22252093395631434,0.8486442574947509,0.5289640103269624
135,22.1,94,0.9,2.0,0.0,0,0,1,0,0.9749279121818236,-0.22252093395631434,0.9377521321470804,0.3473052528448203
367,22.0,95,0.7,0.0,0.0,0,0,1,0,0.9749279121818236,-0.22252093395631434,0.9884683243281114,0.1514277775045767
291,22.4,93,1.2,0.0,0.0,0,0,1,0,0.9749279121818236,-0.22252093395631434,0.9987165071710528,-0.05064916883871264
97,22.8,93,3.1,4.0,0.0,0,0,1,0,0.9749279121818236,-0.22252093395631434,0.9680771188662043,-0.2506525322587204
81,22.8,95,1.7,1.0,0.0,0,0,1,0,0.9749279121818236,-0.22252093395631434,0.8978045395707416,-0.4403941515576344
243,22.7,93,4.8,0.0,0.0,0,0,1,0,0.9749279121818236,-0.22252093395631434,0.7907757369376989,-0.6121059825476626
59,22.9,87,4.0,0.0,0.0,0,0,1,0,0.9749279121818236,-0.22252093395631434,0.6513724827222223,-0.758758122692791
151,21.8,97,2.4,35.0,0.0,0,0,1,0,0.9749279121818236,-0.22252093395631434,0.48530196253108104,-0.8743466161445821
248,22.0,96,2.9,0.0,0.0,0,0,1,0,0.9749279121818236,-0.22252093395631434,0.29936312297335804,-0.9541392564000488
240,22.0,96,2.9,0.0,0.0,0,0,1,0,0.9749279121818236,-0.22252093395631434,0.10116832198743272,-0.994869323391895
223,21.8,97,1.8,0.0,0.0,0,0,1,0,0.9749279121818236,-0.22252093395631434,-0.10116832198743204,-0.9948693233918952
304,21.9,97,3.2,0.5,0.0,0,0,1,0,0.9749279121818236,-0.22252093395631434,-0.2993631229733582,-0.9541392564000488
562,21.9,97,2.1,0.0,0.0,0,0,1,0,0.9749279121818236,-0.22252093395631434,-0.4853019625310808,-0.8743466161445822
404,21.9,97,2.2,0.0,0.0,0,0,1,0,0.9749279121818236,-0.22252093395631434,-0.651372482722222,-0.7587581226927911
338,21.8,97,2.2,0.5,0.0,0,0,1,0,0.9749279121818236,-0.22252093395631434,-0.7907757369376986,-0.6121059825476627
398,21.8,97,1.3,0.5,0.0,0,0,1,0,0.9749279121818236,-0.22252093395631434,-0.8978045395707417,-0.44039415155763423
399,21.9,97,1.5,0.0,0.0,0,0,1,0,0.9749279121818236,-0.22252093395631434,-0.9680771188662041,-0.2506525322587213
225,22.0,97,0.9,0.0,0.0,0,0,1,0,0.9749279121818236,-0.22252093395631434,-0.9987165071710528,-0.05064916883871355
118,22.0,97,1.6,0.5,0.0,0,0,1,0,0.43388373911755823,-0.900968867902419,0.0,1.0
144,22.0,97,2.1,0.5,0.0,0,0,1,0,0.43388373911755823,-0.900968867902419,0.20129852008866006,0.9795299412524945
78,21.8,97,1.3,1.0,0.0,0,0,1,0,0.43388373911755823,-0.900968867902419,0.39435585511331855,0.9189578116202306
38,21.8,98,0.6,2.5,0.0,0,0,1,0,0.43388373911755823,-0.900968867902419,0.5712682150947923,0.8207634412072763
51,19.2,98,2.4,19.0,0.0,0,0,1,0,0.43388373911755823,-0.900968867902419,0.72479278722912,0.6889669190756866
54,18.8,97,0.9,0.0,0.0,0,0,1,0,0.43388373911755823,-0.900968867902419,0.8486442574947509,0.5289640103269624
69,18.9,98,0.3,0.0,0.0,0,0,1,0,0.43388373911755823,-0.900968867902419,0.9377521321470804,0.3473052528448203
80,19.1,98,0.3,0.0,0.0,0,0,1,0,0.43388373911755823,-0.900968867902419,0.9884683243281114,0.1514277775045767
152,19.7,98,0.5,13.5,0.0,0,0,1,0,0.43388373911755823,-0.900968867902419,0.9987165071710528,-0.05064916883871264
28,19.7,98,0.5,10.0,0.0,0,0,1,0,0.43388373911755823,-0.900968867902419,0.9680771188662043,-0.2506525322587204
141,20.1,98,1.2,2.0,0.0,0,0,1,0,0.43388373911755823,-0.900968867902419,0.8978045395707416,-0.4403941515576344
182,20.4,98,0.9,2.5,0.0,0,0,1,0,0.43388373911755823,-0.900968867902419,0.7907757369376989,-0.6121059825476626
467,21.7,96,0.8,1.5,0.0,0,0,1,0,0.43388373911755823,-0.900968867902419,0.6513724827222223,-0.758758122692791
592,23.4,83,1.7,0.0,0.0,0,0,1,0,0.43388373911755823,-0.900968867902419,0.48530196253108104,-0.8743466161445821
352,23.4,81,0.6,0.0,0.0,0,0,1,0,0.43388373911755823,-0.900968867902419,0.29936312297335804,-0.9541392564000488
186,22.8,95,1.6,0.5,0.0,0,0,1,0,0.43388373911755823,-0.900968867902419,0.10116832198743272,-0.994869323391895
102,22.9,95,0.4,0.0,0.0,0,0,1,0,0.43388373911755823,-0.900968867902419,-0.10116832198743204,-0.9948693233918952
131,22.7,96,0.4,2.5,0.0,0,0,1,0,0.43388373911755823,-0.900968867902419,-0.2993631229733582,-0.9541392564000488
431,22.6,97,1.1,1.5,0.0,0,0,1,0,0.43388373911755823,-0.900968867902419,-0.4853019625310808,-0.8743466161445822
29,22.3,96,2.6,0.0,0.0,0,0,1,0,0.43388373911755823,-0.900968867902419,-0.651372482722222,-0.7587581226927911
17,21.3,97,2.8,12.5,0.0,0,0,1,0,0.43388373911755823,-0.900968867902419,-0.7907757369376986,-0.6121059825476627
18,20.5,97,1.1,4.0,0.0,0,0,1,0,0.43388373911755823,-0.900968867902419,-0.8978045395707417,-0.44039415155763423
26,20.2,98,0.5,6.0,0.0,0,0,1,0,0.43388373911755823,-0.900968867902419,-0.9680771188662041,-0.2506525322587213
35,20.0,98,1.8,2.5,0.0,0,0,1,0,0.43388373911755823,-0.900968867902419,-0.9987165071710528,-0.05064916883871355
129,19.3,97,1.8,1.0,0.0,0,0,1,0,-0.433883739117558,-0.9009688679024191,0.0,1.0
116,19.0,97,1.5,1.0,0.0,0,0,1,0,-0.433883739117558,-0.9009688679024191,0.20129852008866006,0.9795299412524945
48,18.8,98,1.5,0.5,0.0,0,0,1,0,-0.433883739117558,-0.9009688679024191,0.39435585511331855,0.9189578116202306
47,18.3,98,1.6,2.0,0.0,0,0,1,0,-0.433883739117558,-0.9009688679024191,0.5712682150947923,0.8207634412072763
22,18.1,98,1.7,1.0,0.0,0,0,1,0,-0.433883739117558,-0.9009688679024191,0.72479278722912,0.6889669190756866
29,17.8,98,1.0,0.5,0.0,0,0,1,0,-0.433883739117558,-0.9009688679024191,0.8486442574947509,0.5289640103269624
77,17.4,98,0.3,0.0,0.0,0,0,1,0,-0.433883739117558,-0.9009688679024191,0.9377521321470804,0.3473052528448203
210,16.6,98,0.6,0.5,0.0,0,0,1,0,-0.433883739117558,-0.9009688679024191,0.9884683243281114,0.1514277775045767
400,16.4,98,0.3,0.0,0.0,0,0,1,0,-0.433883739117558,-0.9009688679024191,0.9987165071710528,-0.05064916883871264
427,16.6,98,0.6,0.5,0.0,0,0,1,0,-0.433883739117558,-0.9009688679024191,0.9680771188662043,-0.2506525322587204
454,16.3,97,1.0,0.0,0.0,0,0,1,0,-0.433883739117558,-0.9009688679024191,0.8978045395707416,-0.4403941515576344
352,16.6,96,0.7,0.0,0.0,0,0,1,0,-0.433883739117558,-0.9009688679024191,0.7907757369376989,-0.6121059825476626
185,16.6,96,0.8,0.0,0.0,0,0,1,0,-0.433883739117558,-0.9009688679024191,0.6513724827222223,-0.758758122692791
509,16.7,93,1.0,0.5,0.0,0,0,1,0,-0.433883739117558,-0.9009688679024191,0.48530196253108104,-0.8743466161445821
697,16.7,88,1.5,0.0,0.0,0,0,1,0,-0.433883739117558,-0.9009688679024191,0.29936312297335804,-0.9541392564000488
906,16.7,85,1.2,0.0,0.0,0,0,1,0,-0.433883739117558,-0.9009688679024191,0.10116832198743272,-0.994869323391895
1182,17.0,82,1.9,0.0,0.0,0,0,1,0,-0.433883739117558,-0.9009688679024191,-0.10116832198743204,-0.9948693233918952
1551,17.2,81,1.2,0.0,0.0,0,0,1,0,-0.433883739117558,-0.9009688679024191,-0.2993631229733582,-0.9541392564000488
2261,17.5,79,1.5,0.0,0.0,0,0,1,0,-0.433883739117558,-0.9009688679024191,-0.4853019625310808,-0.8743466161445822
1751,17.0,76,1.5,0.0,0.0,0,0,1,0,-0.433883739117558,-0.9009688679024191,-0.651372482722222,-0.7587581226927911
1386,16.2,76,2.1,0.0,0.0,0,0,1,0,-0.433883739117558,-0.9009688679024191,-0.7907757369376986,-0.6121059825476627
1263,15.3,73,2.3,0.0,0.0,0,0,1,0,-0.433883739117558,-0.9009688679024191,-0.8978045395707417,-0.44039415155763423
1221,14.2,73,1.9,0.0,0.0,0,0,1,0,-0.433883739117558,-0.9009688679024191,-0.9680771188662041,-0.2506525322587213
864,13.2,68,1.8,0.0,0.0,0,0,1,0,-0.433883739117558,-0.9009688679024191,-0.9987165071710528,-0.05064916883871355
689,12.2,67,1.2,0.0,0.0,0,0,1,0,-0.9749279121818236,-0.2225209339563146,0.0,1.0
676,11.4,74,1.3,0.0,0.0,0,0,1,0,-0.9749279121818236,-0.2225209339563146,0.20129852008866006,0.9795299412524945
526,11.1,74,1.9,0.0,0.0,0,0,1,0,-0.9749279121818236,-0.2225209339563146,0.39435585511331855,0.9189578116202306
320,10.7,73,1.3,0.0,0.0,0,0,1,0,-0.9749279121818236,-0.2225209339563146,0.5712682150947923,0.8207634412072763
213,10.5,73,1.2,0.0,0.0,0,0,1,0,-0.9749279121818236,-0.2225209339563146,0.72479278722912,0.6889669190756866
198,10.4,71,1.1,0.0,0.0,0,0,1,0,-0.9749279121818236,-0.2225209339563146,0.8486442574947509,0.5289640103269624
234,10.5,70,1.0,0.0,0.0,0,0,1,0,-0.9749279121818236,-0.2225209339563146,0.9377521321470804,0.3473052528448203
436,11.4,0,1.4,0.0,0.0,0,0,1,0,-0.9749279121818236,-0.2225209339563146,0.9884683243281114,0.1514277775045767
766,13.7,57,1.4,0.0,0.0,0,0,1,0,-0.9749279121818236,-0.2225209339563146,0.9987165071710528,-0.05064916883871264
932,15.7,49,1.6,0.0,0.0,0,0,1,0,-0.9749279121818236,-0.2225209339563146,0.9680771188662043,-0.2506525322587204
1051,17.2,45,2.1,0.0,0.0,0,0,1,0,-0.9749279121818236,-0.2225209339563146,0.8978045395707416,-0.4403941515576344
1290,19.0,44,1.4,0.0,0.0,0,0,1,0,-0.9749279121818236,-0.2225209339563146,0.7907757369376989,-0.6121059825476626
1573,20.5,42,2.1,0.0,0.0,0,0,1,0,-0.9749279121818236,-0.2225209339563146,0.6513724827222223,-0.758758122692791
1865,21.9,39,2.0,0.0,0.0,0,0,1,0,-0.9749279121818236,-0.2225209339563146,0.48530196253108104,-0.8743466161445821
2128,22.8,39,2.6,0.0,0.0,0,0,1,0,-0.9749279121818236,-0.2225209339563146,0.29936312297335804,-0.9541392564000488
2268,23.9,37,1.6,0.0,0.0,0,0,1,0,-0.9749279121818236,-0.2225209339563146,0.10116832198743272,-0.994869323391895
2479,24.5,34,1.5,0.0,0.0,0,0,1,0,-0.9749279121818236,-0.2225209339563146,-0.10116832198743204,-0.9948693233918952
2355,24.5,35,1.8,0.0,0.0,0,0,1,0,-0.9749279121818236,-0.2225209339563146,-0.2993631229733582,-0.9541392564000488
2439,24.0,34,1.7,0.0,0.0,0,0,1,0,-0.9749279121818236,-0.2225209339563146,-0.4853019625310808,-0.8743466161445822
2140,22.6,34,1.5,0.0,0.0,0,0,1,0,-0.9749279121818236,-0.2225209339563146,-0.651372482722222,-0.7587581226927911
1872,20.9,34,1.4,0.0,0.0,0,0,1,0,-0.9749279121818236,-0.2225209339563146,-0.7907757369376986,-0.6121059825476627
1780,19.5,34,1.3,0.0,0.0,0,0,1,0,-0.9749279121818236,-0.2225209339563146,-0.8978045395707417,-0.44039415155763423
1595,18.4,34,1.2,0.0,0.0,0,0,1,0,-0.9749279121818236,-0.2225209339563146,-0.9680771188662041,-0.2506525322587213
1169,17.1,37,1.3,0.0,0.0,0,0,1,0,-0.9749279121818236,-0.2225209339563146,-0.9987165071710528,-0.05064916883871355
986,15.8,41,1.2,0.0,0.0,0,0,1,0,-0.7818314824680299,0.6234898018587334,0.0,1.0
713,14.7,43,1.2,0.0,0.0,0,0,1,0,-0.7818314824680299,0.6234898018587334,0.20129852008866006,0.9795299412524945
473,13.9,43,0.9,0.0,0.0,0,0,1,0,-0.7818314824680299,0.6234898018587334,0.39435585511331855,0.9189578116202306
347,13.5,41,1.0,0.0,0.0,0,0,1,0,-0.7818314824680299,0.6234898018587334,0.5712682150947923,0.8207634412072763
205,12.8,44,0.8,0.0,0.0,0,0,1,0,-0.7818314824680299,0.6234898018587334,0.72479278722912,0.6889669190756866
160,12.1,47,1.6,0.0,0.0,0,0,1,0,-0.7818314824680299,0.6234898018587334,0.8486442574947509,0.5289640103269624
190,11.6,46,0.8,0.0,0.0,0,0,1,0,-0.7818314824680299,0.6234898018587334,0.9377521321470804,0.3473052528448203
341,12.3,43,0.6,0.0,0.0,0,0,1,0,-0.7818314824680299,0.6234898018587334,0.9884683243281114,0.1514277775045767
524,14.1,38,1.0,0.0,0.0,0,0,1,0,-0.7818314824680299,0.6234898018587334,0.9987165071710528,-0.05064916883871264
676,16.0,34,1.3,0.0,0.0,0,0,1,0,-0.7818314824680299,0.6234898018587334,0.9680771188662043,-0.2506525322587204
899,17.0,37,1.4,0.0,0.0,0,0,1,0,-0.7818314824680299,0.6234898018587334,0.8978045395707416,-0.4403941515576344
1013,18.7,30,1.9,0.0,0.0,0,0,1,0,-0.7818314824680299,0.6234898018587334,0.7907757369376989,-0.6121059825476626
1313,18.8,31,1.2,0.0,0.0,0,0,1,0,-0.7818314824680299,0.6234898018587334,0.6513724827222223,-0.758758122692791
1559,19.9,33,1.4,0.0,0.0,0,0,1,0,-0.7818314824680299,0.6234898018587334,0.48530196253108104,-0.8743466161445821
1680,20.3,30,1.8,0.0,0.0,0,0,1,0,-0.7818314824680299,0.6234898018587334,0.29936312297335804,-0.9541392564000488
1999,21.0,28,1.7,0.0,0.0,0,0,1,0,-0.7818314824680299,0.6234898018587334,0.10116832198743272,-0.994869323391895
2143,22.2,23,2.2,0.0,0.0,0,0,1,0,-0.7818314824680299,0.6234898018587334,-0.10116832198743204,-0.9948693233918952
2310,22.4,23,2.4,0.0,0.0,0,0,1,0,-0.7818314824680299,0.6234898018587334,-0.2993631229733582,-0.9541392564000488
2403,22.2,22,1.8,0.0,0.0,0,0,1,0,-0.7818314824680299,0.6234898018587334,-0.4853019625310808,-0.8743466161445822
2145,20.8,24,2.0,0.0,0.0,0,0,1,0,-0.7818314824680299,0.6234898018587334,-0.651372482722222,-0.7587581226927911
1846,19.0,26,1.5,0.0,0.0,0,0,1,0,-0.7818314824680299,0.6234898018587334,-0.7907757369376986,-0.6121059825476627
1636,17.8,26,1.3,0.0,0.0,0,0,1,0,-0.7818314824680299,0.6234898018587334,-0.8978045395707417,-0.44039415155763423
1325,16.8,29,1.2,0.0,0.0,0,0,1,0,-0.7818314824680299,0.6234898018587334,-0.9680771188662041,-0.2506525322587213
943,15.8,30,1.1,0.0,0.0,0,0,1,0,-0.7818314824680299,0.6234898018587334,-0.9987165071710528,-0.05064916883871355
666,15.3,29,1.3,0.0,0.0,0,0,1,0,0.0,1.0,0.0,1.0
420,14.5,31,1.1,0.0,0.0,0,0,1,0,0.0,1.0,0.20129852008866006,0.9795299412524945
262,13.9,0,0.9,0.0,0.0,0,0,1,0,0.0,1.0,0.39435585511331855,0.9189578116202306
165,13.0,0,0.8,0.0,0.0,0,0,1,0,0.0,1.0,0.5712682150947923,0.8207634412072763
113,12.4,0,0.8,0.0,0.0,0,0,1,0,0.0,1.0,0.72479278722912,0.6889669190756866
200,11.9,0,1.3,0.0,0.0,0,0,1,0,0.0,1.0,0.8486442574947509,0.5289640103269624
467,11.4,0,0.9,0.0,0.0,0,0,1,0,0.0,1.0,0.9377521321470804,0.3473052528448203
1135,12.3,0,0.9,0.0,0.0,0,0,1,0,0.0,1.0,0.9884683243281114,0.1514277775045767
1785,15.3,30,1.3,0.0,0.0,0,0,1,0,0.0,1.0,0.9987165071710528,-0.05064916883871264
1118,17.7,27,1.3,0.0,0.0,0,0,1,0,0.0,1.0,0.9680771188662043,-0.2506525322587204
962,19.3,27,1.4,0.0,0.0,0,0,1,0,0.0,1.0,0.8978045395707416,-0.4403941515576344
1129,20.9,27,1.7,0.0,0.0,0,0,1,0,0.0,1.0,0.7907757369376989,-0.6121059825476626
1373,21.8,31,2.1,0.0,0.0,0,0,1,0,0.0,1.0,0.6513724827222223,-0.758758122692791
1456,22.8,31,1.9,0.0,0.0,0,0,1,0,0.0,1.0,0.48530196253108104,-0.8743466161445821
1483,23.4,36,2.8,0.0,0.0,0,0,1,0,0.0,1.0,0.29936312297335804,-0.9541392564000488
1612,23.3,38,1.5,0.0,0.0,0,0,1,0,0.0,1.0,0.10116832198743272,-0.994869323391895
1820,22.7,42,1.9,0.0,0.0,0,0,1,0,0.0,1.0,-0.10116832198743204,-0.9948693233918952
2214,22.2,45,2.4,0.0,0.0,0,0,1,0,0.0,1.0,-0.2993631229733582,-0.9541392564000488
3069,21.6,48,2.5,0.0,0.0,0,0,1,0,0.0,1.0,-0.4853019625310808,-0.8743466161445822
2450,19.5,56,1.6,0.0,0.0,0,0,1,0,0.0,1.0,-0.651372482722222,-0.7587581226927911
2167,18.4,59,2.6,0.0,0.0,0,0,1,0,0.0,1.0,-0.7907757369376986,-0.6121059825476627
2065,17.7,63,0.5,0.0,0.0,0,0,1,0,0.0,1.0,-0.8978045395707417,-0.44039415155763423
1832,16.9,65,0.3,0.0,0.0,0,0,1,0,0.0,1.0,-0.9680771188662041,-0.2506525322587213
1273,16.3,70,0.7,0.0,0.0,0,0,1,0,0.0,1.0,-0.9987165071710528,-0.05064916883871355
957,16.0,71,0.5,0.0,0.0,1,0,1,0,0.7818314824680298,0.6234898018587336,0.0,1.0
810,15.9,71,1.1,0.0,0.0,1,0,1,0,0.7818314824680298,0.6234898018587336,0.20129852008866006,0.9795299412524945
590,15.7,74,1.0,0.0,0.0,1,0,1,0,0.7818314824680298,0.6234898018587336,0.39435585511331855,0.9189578116202306
406,15.5,0,0.7,0.0,0.0,1,0,1,0,0.7818314824680298,0.6234898018587336,0.5712682150947923,0.8207634412072763
248,15.6,0,0.5,0.0,0.0,1,0,1,0,0.7818314824680298,0.6234898018587336,0.72479278722912,0.6889669190756866
182,15.7,0,0.6,0.0,0.0,1,0,1,0,0.7818314824680298,0.6234898018587336,0.8486442574947509,0.5289640103269624
277,15.5,0,0.5,0.0,0.0,1,0,1,0,0.7818314824680298,0.6234898018587336,0.9377521321470804,0.3473052528448203
443,16.3,69,0.7,0.0,0.0,1,0,1,0,0.7818314824680298,0.6234898018587336,0.9884683243281114,0.1514277775045767
694,18.2,63,0.8,0.0,0.0,1,0,1,0,0.7818314824680298,0.6234898018587336,0.9987165071710528,-0.05064916883871264
912,19.3,62,0.8,0.0,0.0,1,0,1,0,0.7818314824680298,0.6234898018587336,0.9680771188662043,-0.2506525322587204
1119,20.7,55,1.8,0.0,0.0,1,0,1,0,0.7818314824680298,0.6234898018587336,0.8978045395707416,-0.4403941515576344
1438,21.9,55,1.4,0.0,0.0,1,0,1,0,0.7818314824680298,0.6234898018587336,0.7907757369376989,-0.6121059825476626
1798,22.9,51,1.1,0.0,0.0,1,0,1,0,0.7818314824680298,0.6234898018587336,0.6513724827222223,-0.758758122692791
2000,22.7,52,1.0,0.0,0.0,1,0,1,0,0.7818314824680298,0.6234898018587336,0.48530196253108104,-0.8743466161445821
1407,22.8,53,1.4,0.0,0.0,1,0,1,0,0.7818314824680298,0.6234898018587336,0.29936312297335804,-0.9541392564000488
163,21.1,72,2.7,0.1,0.0,1,0,1,0,0.7818314824680298,0.6234898018587336,0.10116832198743272,-0.994869323391895
86,19.5,80,1.2,0.4,0.0,1,0,1,0,0.7818314824680298,0.6234898018587336,-0.10116832198743204,-0.9948693233918952
50,18.6,84,1.8,1.0,0.0,1,0,1,0,0.7818314824680298,0.6234898018587336,-0.2993631229733582,-0.9541392564000488
30,17.9,93,1.2,2.0,0.0,1,0,1,0,0.7818314824680298,0.6234898018587336,-0.4853019625310808,-0.8743466161445822
45,17.6,93,0.3,1.5,0.0,1,0,1,0,0.7818314824680298,0.6234898018587336,-0.651372482722222,-0.7587581226927911
30,17.2,85,1.4,0.5,0.0,1,0,1,0,0.7818314824680298,0.6234898018587336,-0.7907757369376986,-0.6121059825476627
58,17.0,85,1.1,0.5,0.0,1,0,1,0,0.7818314824680298,0.6234898018587336,-0.8978045395707417,-0.44039415155763423
29,16.8,87,0.6,0.5,0.0,1,0,1,0,0.7818314824680298,0.6234898018587336,-0.9680771188662041,-0.2506525322587213
18,16.3,96,1.1,2.5,0.0,1,0,1,0,0.7818314824680298,0.6234898018587336,-0.9987165071710528,-0.05064916883871355
32,15.8,97,2.4,3.5,0.0,0,0,1,0,0.9749279121818236,-0.22252093395631434,0.0,1.0
25,15.3,97,3.2,3.0,0.0,0,0,1,0,0.9749279121818236,-0.22252093395631434,0.20129852008866006,0.9795299412524945
34,15.0,97,2.5,3.0,0.0,0,0,1,0,0.9749279121818236,-0.22252093395631434,0.39435585511331855,0.9189578116202306
43,14.9,96,2.2,0.5,0.0,0,0,1,0,0.9749279121818236,-0.22252093395631434,0.5712682150947923,0.8207634412072763
59,15.0,97,1.4,0.0,0.0,0,0,1,0,0.9749279121818236,-0.22252093395631434,0.72479278722912,0.6889669190756866
152,14.6,87,2.2,0.0,0.0,0,0,1,0,0.9749279121818236,-0.22252093395631434,0.8486442574947509,0.5289640103269624
436,13.9,83,3.2,0.0,0.0,0,0,1,0,0.9749279121818236,-0.22252093395631434,0.9377521321470804,0.3473052528448203
1241,13.6,75,1.6,0.0,0.0,0,0,1,0,0.9749279121818236,-0.22252093395631434,0.9884683243281114,0.1514277775045767
2035,14.6,70,3.1,0.0,0.0,0,0,1,0,0.9749279121818236,-0.22252093395631434,0.9987165071710528,-0.05064916883871264
1125,16.0,60,1.9,0.0,0.0,0,0,1,0,0.9749279121818236,-0.22252093395631434,0.9680771188662043,-0.2506525322587204
871,17.9,56,3.3,0.0,0.0,0,0,1,0,0.9749279121818236,-0.22252093395631434,0.8978045395707416,-0.4403941515576344
1012,18.9,42,3.8,0.0,0.0,0,0,1,0,0.9749279121818236,-0.22252093395631434,0.7907757369376989,-0.6121059825476626
1216,20.1,37,4.0,0.0,0.0,0,0,1,0,0.9749279121818236,-0.22252093395631434,0.6513724827222223,-0.758758122692791
1167,20.9,33,3.9,0.0,0.0,0,0,1,0,0.9749279121818236,-0.22252093395631434,0.48530196253108104,-0.8743466161445821
1183,22.0,33,3.4,0.0,0.0,0,0,1,0,0.9749279121818236,-0.22252093395631434,0.29936312297335804,-0.9541392564000488
1332,23.0,29,2.9,0.0,0.0,0,0,1,0,0.9749279121818236,-0.22252093395631434,0.10116832198743272,-0.994869323391895
1563,23.0,33,4.2,0.0,0.0,0,0,1,0,0.9749279121818236,-0.22252093395631434,-0.10116832198743204,-0.9948693233918952
2069,22.4,39,3.2,0.0,0.0,0,0,1,0,0.9749279121818236,-0.22252093395631434,-0.2993631229733582,-0.9541392564000488
3123,21.7,40,3.5,0.0,0.0,0,0,1,0,0.9749279121818236,-0.22252093395631434,-0.4853019625310808,-0.8743466161445822
2454,18.8,52,3.4,0.0,0.0,0,0,1,0,0.9749279121818236,-0.22252093395631434,-0.651372482722222,-0.7587581226927911
2001,16.7,61,1.9,0.0,0.0,0,0,1,0,0.9749279121818236,-0.22252093395631434,-0.7907757369376986,-0.6121059825476627
1833,15.4,61,1.1,0.0,0.0,0,0,1,0,0.9749279121818236,-0.22252093395631434,-0.8978045395707417,-0.44039415155763423
1588,14.8,59,1.0,0.0,0.0,0,0,1,0,0.9749279121818236,-0.22252093395631434,-0.9680771188662041,-0.2506525322587213
1080,14.6,54,1.5,0.0,0.0,0,0,1,0,0.9749279121818236,-0.22252093395631434,-0.9987165071710528,-0.05064916883871355
778,13.7,51,1.3,0.0,0.0,0,0,1,0,0.43388373911755823,-0.900968867902419,0.0,1.0
578,12.9,62,0.6,0.0,0.0,0,0,1,0,0.43388373911755823,-0.900968867902419,0.20129852008866006,0.9795299412524945
385,12.5,54,0.7,0.0,0.0,0,0,1,0,0.43388373911755823,-0.900968867902419,0.39435585511331855,0.9189578116202306
265,12.1,64,0.8,0.0,0.0,0,0,1,0,0.43388373911755823,-0.900968867902419,0.5712682150947923,0.8207634412072763
161,11.7,64,1.6,0.0,0.0,0,0,1,0,0.43388373911755823,-0.900968867902419,0.72479278722912,0.6889669190756866
205,11.3,64,1.2,0.0,0.0,0,0,1,0,0.43388373911755823,-0.900968867902419,0.8486442574947509,0.5289640103269624
530,11.4,67,1.0,0.0,0.0,0,0,1,0,0.43388373911755823,-0.900968867902419,0.9377521321470804,0.3473052528448203
1390,12.5,61,1.3,0.0,0.0,0,0,1,0,0.43388373911755823,-0.900968867902419,0.9884683243281114,0.1514277775045767
2081,15.2,50,1.6,0.0,0.0,0,0,1,0,0.43388373911755823,-0.900968867902419,0.9987165071710528,-0.05064916883871264
1226,17.6,30,1.1,0.0,0.0,0,0,1,0,0.43388373911755823,-0.900968867902419,0.9680771188662043,-0.2506525322587204
880,19.9,27,2.7,0.0,0.0,0,0,1,0,0.43388373911755823,-0.900968867902419,0.8978045395707416,-0.4403941515576344
922,21.5,30,2.9,0.0,0.0,0,0,1,0,0.43388373911755823,-0.900968867902419,0.7907757369376989,-0.6121059825476626
1087,22.1,36,5.3,0.0,0.0,0,0,1,0,0.43388373911755823,-0.900968867902419,0.6513724827222223,-0.758758122692791
1078,23.3,35,3.7,0.0,0.0,0,0,1,0,0.43388373911755823,-0.900968867902419,0.48530196253108104,-0.8743466161445821
1059,23.2,36,4.9,0.0,0.0,0,0,1,0,0.43388373911755823,-0.900968867902419,0.29936312297335804,-0.9541392564000488
1174,23.5,36,3.2,0.0,0.0,0,0,1,0,0.43388373911755823,-0.900968867902419,0.10116832198743272,-0.994869323391895
1455,23.5,36,4.0,0.0,0.0,0,0,1,0,0.43388373911755823,-0.900968867902419,-0.10116832198743204,-0.9948693233918952
1863,23.4,38,2.7,0.0,0.0,0,0,1,0,0.43388373911755823,-0.900968867902419,-0.2993631229733582,-0.9541392564000488
2825,22.6,39,2.8,0.0,0.0,0,0,1,0,0.43388373911755823,-0.900968867902419,-0.4853019625310808,-0.8743466161445822
2334,21.1,44,2.6,0.0,0.0,0,0,1,0,0.43388373911755823,-0.900968867902419,-0.651372482722222,-0.7587581226927911
1902,20.0,46,2.6,0.0,0.0,0,0,1,0,0.43388373911755823,-0.900968867902419,-0.7907757369376986,-0.6121059825476627
1838,19.3,50,1.7,0.0,0.0,0,0,1,0,0.43388373911755823,-0.900968867902419,-0.8978045395707417,-0.44039415155763423
1678,18.6,54,2.3,0.0,0.0,0,0,1,0,0.43388373911755823,-0.900968867902419,-0.9680771188662041,-0.2506525322587213
1087,18.1,56,1.6,0.0,0.0,0,0,1,0,0.43388373911755823,-0.900968867902419,-0.9987165071710528,-0.05064916883871355
831,17.6,57,1.8,0.0,0.0,0,0,1,0,-0.433883739117558,-0.9009688679024191,0.0,1.0
610,16.9,61,1.0,0.0,0.0,0,0,1,0,-0.433883739117558,-0.9009688679024191,0.20129852008866006,0.9795299412524945
437,16.1,70,0.6,0.0,0.0,0,0,1,0,-0.433883739117558,-0.9009688679024191,0.39435585511331855,0.9189578116202306
286,15.4,71,0.5,0.0,0.0,0,0,1,0,-0.433883739117558,-0.9009688679024191,0.5712682150947923,0.8207634412072763
188,14.8,71,0.4,0.0,0.0,0,0,1,0,-0.433883739117558,-0.9009688679024191,0.72479278722912,0.6889669190756866
201,14.3,75,0.6,0.0,0.0,0,0,1,0,-0.433883739117558,-0.9009688679024191,0.8486442574947509,0.5289640103269624
531,13.8,74,0.7,0.0,0.0,0,0,1,0,-0.433883739117558,-0.9009688679024191,0.9377521321470804,0.3473052528448203
1250,14.4,66,1.1,0.0,0.0,0,0,1,0,-0.433883739117558,-0.9009688679024191,0.9884683243281114,0.1514277775045767
1996,17.1,57,1.7,0.0,0.0,0,0,1,0,-0.433883739117558,-0.9009688679024191,0.9987165071710528,-0.05064916883871264
1121,19.5,44,1.3,0.0,0.0,0,0,1,0,-0.433883739117558,-0.9009688679024191,0.9680771188662043,-0.2506525322587204
819,21.4,30,2.5,0.0,0.0,0,0,1,0,-0.433883739117558,-0.9009688679024191,0.8978045395707416,-0.4403941515576344
959,23.1,30,2.5,0.0,0.0,0,0,1,0,-0.433883739117558,-0.9009688679024191,0.7907757369376989,-0.6121059825476626
1082,24.4,24,2.9,0.0,0.0,0,0,1,0,-0.433883739117558,-0.9009688679024191,0.6513724827222223,-0.758758122692791
1106,25.6,26,2.7,0.0,0.0,0,0,1,0,-0.433883739117558,-0.9009688679024191,0.48530196253108104,-0.8743466161445821
1161,26.0,23,2.3,0.0,0.0,0,0,1,0,-0.433883739117558,-0.9009688679024191,0.29936312297335804,-0.9541392564000488
1306,25.1,25,2.7,0.0,0.0,0,0,1,0,-0.433883739117558,-0.9009688679024191,0.10116832198743272,-0.994869323391895
1533,24.3,27,4.1,0.0,0.0,0,0,1,0,-0.433883739117558,-0.9009688679024191,-0.10116832198743204,-0.9948693233918952
2013,23.6,28,3.1,0.0,0.0,0,0,1,0,-0.433883739117558,-0.9009688679024191,-0.2993631229733582,-0.9541392564000488
2916,23.3,32,2.6,0.0,0.0,0,0,1,0,-0.433883739117558,-0.9009688679024191,-0.4853019625310808,-0.8743466161445822
2227,22.0,40,1.6,0.0,0.0,0,0,1,0,-0.433883739117558,-0.9009688679024191,-0.651372482722222,-0.7587581226927911
1905,20.4,45,2.0,0.0,0.0,0,0,1,0,-0.433883739117558,-0.9009688679024191,-0.7907757369376986,-0.6121059825476627
1740,19.1,50,1.4,0.0,0.0,0,0,1,0,-0.433883739117558,-0.9009688679024191,-0.8978045395707417,-0.44039415155763423
1630,18.3,54,1.7,0.0,0.0,0,0,1,0,-0.433883739117558,-0.9009688679024191,-0.9680771188662041,-0.2506525322587213
1209,17.6,55,0.5,0.0,0.0,0,0,1,0,-0.433883739117558,-0.9009688679024191,-0.9987165071710528,-0.05064916883871355
987,17.0,59,1.1,0.0,0.0,0,0,1,0,-0.9749279121818236,-0.2225209339563146,0.0,1.0
837,16.2,63,0.7,0.0,0.0,0,0,1,0,-0.9749279121818236,-0.2225209339563146,0.20129852008866006,0.9795299412524945
572,15.8,66,0.6,0.0,0.0,0,0,1,0,-0.9749279121818236,-0.2225209339563146,0.39435585511331855,0.9189578116202306
419,15.3,69,0.5,0.0,0.0,0,0,1,0,-0.9749279121818236,-0.2225209339563146,0.5712682150947923,0.8207634412072763
232,14.8,73,0.5,0.0,0.0,0,0,1,0,-0.9749279121818236,-0.2225209339563146,0.72479278722912,0.6889669190756866
198,14.4,73,0.4,0.0,0.0,0,0,1,0,-0.9749279121818236,-0.2225209339563146,0.8486442574947509,0.5289640103269624
299,14.2,72,0.6,0.0,0.0,0,0,1,0,-0.9749279121818236,-0.2225209339563146,0.9377521321470804,0.3473052528448203
503,15.0,64,0.6,0.0,0.0,0,0,1,0,-0.9749279121818236,-0.2225209339563146,0.9884683243281114,0.1514277775045767
763,17.8,52,0.6,0.0,0.0,0,0,1,0,-0.9749279121818236,-0.2225209339563146,0.9987165071710528,-0.05064916883871264
992,20.6,43,1.1,0.0,0.0,0,0,1,0,-0.9749279121818236,-0.2225209339563146,0.9680771188662043,-0.2506525322587204
1010,23.2,41,1.1,0.0,0.0,0,0,1,0,-0.9749279121818236,-0.2225209339563146,0.8978045395707416,-0.4403941515576344
1164,24.8,34,0.9,0.0,0.0,0,0,1,0,-0.9749279121818236,-0.2225209339563146,0.7907757369376989,-0.6121059825476626
1285,26.2,31,1.2,0.0,0.0,0,0,1,0,-0.9749279121818236,-0.2225209339563146,0.6513724827222223,-0.758758122692791
1441,27.8,31,2.0,0.0,0.0,0,0,1,0,-0.9749279121818236,-0.2225209339563146,0.48530196253108104,-0.8743466161445821
1448,28.3,30,2.3,0.0,0.0,0,0,1,0,-0.9749279121818236,-0.2225209339563146,0.29936312297335804,-0.9541392564000488
1575,29.4,30,2.0,0.0,0.0,0,0,1,0,-0.9749279121818236,-0.2225209339563146,0.10116832198743272,-0.994869323391895
1690,29.0,31,2.9,0.0,0.0,0,0,1,0,-0.9749279121818236,-0.2225209339563146,-0.10116832198743204,-0.9948693233918952
1886,27.9,34,3.8,0.0,0.0,0,0,1,0,-0.9749279121818236,-0.2225209339563146,-0.2993631229733582,-0.9541392564000488
2020,27.0,33,2.2,0.0,0.0,0,0,1,0,-0.9749279121818236,-0.2225209339563146,-0.4853019625310808,-0.8743466161445822
1985,24.9,46,3.1,0.0,0.0,0,0,1,0,-0.9749279121818236,-0.2225209339563146,-0.651372482722222,-0.7587581226927911
1909,22.3,50,2.7,0.0,0.0,0,0,1,0,-0.9749279121818236,-0.2225209339563146,-0.7907757369376986,-0.6121059825476627
1851,21.7,58,1.3,0.0,0.0,0,0,1,0,-0.9749279121818236,-0.2225209339563146,-0.8978045395707417,-0.44039415155763423
1683,21.2,60,1.0,0.0,0.0,0,0,1,0,-0.9749279121818236,-0.2225209339563146,-0.9680771188662041,-0.2506525322587213
1330,20.7,63,0.8,0.0,0.0,0,0,1,0,-0.9749279121818236,-0.2225209339563146,-0.9987165071710528,-0.05064916883871355
1089,20.1,65,1.6,0.0,0.0,0,0,1,0,-0.7818314824680299,0.6234898018587334,0.0,1.0
799,19.8,61,1.4,0.0,0.0,0,0,1,0,-0.7818314824680299,0.6234898018587334,0.20129852008866006,0.9795299412524945
555,19.0,62,1.8,0.0,0.0,0,0,1,0,-0.7818314824680299,0.6234898018587334,0.39435585511331855,0.9189578116202306
423,18.5,62,0.8,0.0,0.0,0,0,1,0,-0.7818314824680299,0.6234898018587334,0.5712682150947923,0.8207634412072763
208,17.9,59,1.3,0.0,0.0,0,0,1,0,-0.7818314824680299,0.6234898018587334,0.72479278722912,0.6889669190756866
174,17.6,0,0.8,0.0,0.0,0,0,1,0,-0.7818314824680299,0.6234898018587334,0.8486442574947509,0.5289640103269624
234,17.3,62,1.4,0.0,0.0,0,0,1,0,-0.7818314824680299,0.6234898018587334,0.9377521321470804,0.3473052528448203
341,17.6,0,1.4,0.0,0.0,0,0,1,0,-0.7818314824680299,0.6234898018587334,0.9884683243281114,0.1514277775045767
608,18.3,51,2.0,0.0,0.0,0,0,1,0,-0.7818314824680299,0.6234898018587334,0.9987165071710528,-0.05064916883871264
762,19.5,43,1.5,0.0,0.0,0,0,1,0,-0.7818314824680299,0.6234898018587334,0.9680771188662043,-0.2506525322587204
821,21.6,33,2.0,0.0,0.0,0,0,1,0,-0.7818314824680299,0.6234898018587334,0.8978045395707416,-0.4403941515576344
1004,22.3,33,1.8,0.0,0.0,0,0,1,0,-0.7818314824680299,0.6234898018587334,0.7907757369376989,-0.6121059825476626
1404,23.4,38,2.8,0.0,0.0,0,0,1,0,-0.7818314824680299,0.6234898018587334,0.6513724827222223,-0.758758122692791
1579,24.3,37,2.3,0.0,0.0,0,0,1,0,-0.7818314824680299,0.6234898018587334,0.48530196253108104,-0.8743466161445821
1730,24.2,36,4.0,0.0,0.0,0,0,1,0,-0.7818314824680299,0.6234898018587334,0.29936312297335804,-0.9541392564000488
2019,23.9,37,2.6,0.0,0.0,0,0,1,0,-0.7818314824680299,0.6234898018587334,0.10116832198743272,-0.994869323391895
2242,24.0,36,1.6,0.0,0.0,0,0,1,0,-0.7818314824680299,0.6234898018587334,-0.10116832198743204,-0.9948693233918952
2307,23.5,32,3.2,0.0,0.0,0,0,1,0,-0.7818314824680299,0.6234898018587334,-0.2993631229733582,-0.9541392564000488
2267,23.0,36,2.8,0.0,0.0,0,0,1,0,-0.7818314824680299,0.6234898018587334,-0.4853019625310808,-0.8743466161445822
2207,21.7,38,2.1,0.0,0.0,0,0,1,0,-0.7818314824680299,0.6234898018587334,-0.651372482722222,-0.7587581226927911
2044,20.6,41,2.3,0.0,0.0,0,0,1,0,-0.7818314824680299,0.6234898018587334,-0.7907757369376986,-0.6121059825476627
1729,19.5,46,1.8,0.0,0.0,0,0,1,0,-0.7818314824680299,0.6234898018587334,-0.8978045395707417,-0.44039415155763423
1374,18.6,50,1.0,0.0,0.0,0,0,1,0,-0.7818314824680299,0.6234898018587334,-0.9680771188662041,-0.2506525322587213
1071,17.9,53,1.9,0.0,0.0,0,0,1,0,-0.7818314824680299,0.6234898018587334,-0.9987165071710528,-0.05064916883871355
770,17.3,55,0.7,0.0,0.0,0,0,1,0,0.0,1.0,0.0,1.0
440,16.7,60,0.8,0.0,0.0,0,0,1,0,0.0,1.0,0.20129852008866006,0.9795299412524945
335,16.5,58,0.3,0.0,0.0,0,0,1,0,0.0,1.0,0.39435585511331855,0.9189578116202306
185,17.1,56,0.4,0.0,0.0,0,0,1,0,0.0,1.0,0.5712682150947923,0.8207634412072763
134,17.2,0,0.4,0.0,0.0,0,0,1,0,0.0,1.0,0.72479278722912,0.6889669190756866
247,16.6,0,0.9,0.0,0.0,0,0,1,0,0.0,1.0,0.8486442574947509,0.5289640103269624
641,16.2,0,0.5,0.0,0.0,0,0,1,0,0.0,1.0,0.9377521321470804,0.3473052528448203
1502,16.8,0,0.8,0.0,0.0,0,0,1,0,0.0,1.0,0.9884683243281114,0.1514277775045767
2194,19.5,50,0.7,0.0,0.0,0,0,1,0,0.0,1.0,0.9987165071710528,-0.05064916883871264
1131,21.7,48,1.1,0.0,0.0,0,0,1,0,0.0,1.0,0.9680771188662043,-0.2506525322587204
828,23.3,49,1.1,0.0,0.0,0,0,1,0,0.0,1.0,0.8978045395707416,-0.4403941515576344
986,25.1,45,0.9,0.0,0.0,0,0,1,0,0.0,1.0,0.7907757369376989,-0.6121059825476626
1139,26.3,44,1.8,0.0,0.0,0,0,1,0,0.0,1.0,0.6513724827222223,-0.758758122692791
1124,27.7,39,1.9,0.0,0.0,0,0,1,0,0.0,1.0,0.48530196253108104,-0.8743466161445821
1128,28.7,36,2.6,0.0,0.0,0,0,1,0,0.0,1.0,0.29936312297335804,-0.9541392564000488
1258,28.4,43,3.1,0.0,0.0,0,0,1,0,0.0,1.0,0.10116832198743272,-0.994869323391895
1497,28.1,43,3.4,0.0,0.0,0,0,1,0,0.0,1.0,-0.10116832198743204,-0.9948693233918952
2060,26.9,45,3.5,0.0,0.0,0,0,1,0,0.0,1.0,-0.2993631229733582,-0.9541392564000488
3245,26.0,39,2.7,0.0,0.0,0,0,1,0,0.0,1.0,-0.4853019625310808,-0.8743466161445822
2656,24.4,44,2.8,0.0,0.0,0,0,1,0,0.0,1.0,-0.651372482722222,-0.7587581226927911
2252,23.0,49,2.4,0.0,0.0,0,0,1,0,0.0,1.0,-0.7907757369376986,-0.6121059825476627
2140,21.8,50,2.1,0.0,0.0,0,0,1,0,0.0,1.0,-0.8978045395707417,-0.44039415155763423
1881,21.1,54,0.6,0.0,0.0,0,0,1,0,0.0,1.0,-0.9680771188662041,-0.2506525322587213
1247,20.9,53,1.6,0.0,0.0,0,0,1,0,0.0,1.0,-0.9987165071710528,-0.05064916883871355
841,20.6,54,2.6,0.0,0.0,0,0,1,0,0.7818314824680298,0.6234898018587336,0.0,1.0
721,20.3,55,1.1,0.0,0.0,0,0,1,0,0.7818314824680298,0.6234898018587336,0.20129852008866006,0.9795299412524945
466,20.2,56,2.3,0.0,0.0,0,0,1,0,0.7818314824680298,0.6234898018587336,0.39435585511331855,0.9189578116202306
285,20.0,58,1.8,0.0,0.0,0,0,1,0,0.7818314824680298,0.6234898018587336,0.5712682150947923,0.8207634412072763
204,19.8,60,1.9,0.0,0.0,0,0,1,0,0.7818314824680298,0.6234898018587336,0.72479278722912,0.6889669190756866
252,19.6,64,0.3,0.0,0.0,0,0,1,0,0.7818314824680298,0.6234898018587336,0.8486442574947509,0.5289640103269624
625,19.5,64,0.4,0.0,0.0,0,0,1,0,0.7818314824680298,0.6234898018587336,0.9377521321470804,0.3473052528448203
1427,19.9,63,1.1,0.0,0.0,0,0,1,0,0.7818314824680298,0.6234898018587336,0.9884683243281114,0.1514277775045767
2234,20.5,66,1.7,0.0,0.0,0,0,1,0,0.7818314824680298,0.6234898018587336,0.9987165071710528,-0.05064916883871264
1192,21.0,67,1.1,0.0,0.0,0,0,1,0,0.7818314824680298,0.6234898018587336,0.9680771188662043,-0.2506525322587204
893,21.6,68,1.6,0.0,0.0,0,0,1,0,0.7818314824680298,0.6234898018587336,0.8978045395707416,-0.4403941515576344
949,23.1,63,2.6,0.0,0.0,0,0,1,0,0.7818314824680298,0.6234898018587336,0.7907757369376989,-0.6121059825476626
1184,23.1,64,2.6,0.0,0.0,0,0,1,0,0.7818314824680298,0.6234898018587336,0.6513724827222223,-0.758758122692791
1103,24.2,58,1.5,0.0,0.0,0,0,1,0,0.7818314824680298,0.6234898018587336,0.48530196253108104,-0.8743466161445821
1174,25.5,53,2.0,0.0,0.0,0,0,1,0,0.7818314824680298,0.6234898018587336,0.29936312297335804,-0.9541392564000488
1234,25.7,56,1.8,0.0,0.0,0,0,1,0,0.7818314824680298,0.6234898018587336,0.10116832198743272,-0.994869323391895
1592,23.6,66,4.2,0.0,0.0,0,0,1,0,0.7818314824680298,0.6234898018587336,-0.10116832198743204,-0.9948693233918952
2022,23.9,65,1.9,0.0,0.0,0,0,1,0,0.7818314824680298,0.6234898018587336,-0.2993631229733582,-0.9541392564000488
2154,23.1,68,2.9,0.0,0.0,0,0,1,0,0.7818314824680298,0.6234898018587336,-0.4853019625310808,-0.8743466161445822
477,22.3,71,2.5,0.0,0.0,0,0,1,0,0.7818314824680298,0.6234898018587336,-0.651372482722222,-0.7587581226927911
422,20.1,88,2.2,1.0,0.0,0,0,1,0,0.7818314824680298,0.6234898018587336,-0.7907757369376986,-0.6121059825476627
1041,19.9,93,1.4,0.0,0.0,0,0,1,0,0.7818314824680298,0.6234898018587336,-0.8978045395707417,-0.44039415155763423
1121,19.9,85,1.7,0.0,0.0,0,0,1,0,0.7818314824680298,0.6234898018587336,-0.9680771188662041,-0.2506525322587213
742,19.5,89,1.7,0.0,0.0,0,0,1,0,0.7818314824680298,0.6234898018587336,-0.9987165071710528,-0.05064916883871355
507,19.1,84,1.6,0.0,0.0,0,0,1,0,0.9749279121818236,-0.22252093395631434,0.0,1.0
570,18.8,84,0.5,0.0,0.0,0,0,1,0,0.9749279121818236,-0.22252093395631434,0.20129852008866006,0.9795299412524945
422,18.7,83,0.6,0.0,0.0,0,0,1,0,0.9749279121818236,-0.22252093395631434,0.39435585511331855,0.9189578116202306
238,18.4,86,0.6,0.0,0.0,0,0,1,0,0.9749279121818236,-0.22252093395631434,0.5712682150947923,0.8207634412072763
167,18.3,84,0.9,0.0,0.0,0,0,1,0,0.9749279121818236,-0.22252093395631434,0.72479278722912,0.6889669190756866
239,18.4,84,0.6,0.0,0.0,0,0,1,0,0.9749279121818236,-0.22252093395631434,0.8486442574947509,0.5289640103269624
505,18.6,84,0.7,0.0,0.0,0,0,1,0,0.9749279121818236,-0.22252093395631434,0.9377521321470804,0.3473052528448203
1150,18.9,85,0.6,0.0,0.0,0,0,1,0,0.9749279121818236,-0.22252093395631434,0.9884683243281114,0.1514277775045767
1937,19.3,83,0.6,0.0,0.0,0,0,1,0,0.9749279121818236,-0.22252093395631434,0.9987165071710528,-0.05064916883871264
1200,19.8,79,1.3,0.0,0.0,0,0,1,0,0.9749279121818236,-0.22252093395631434,0.9680771188662043,-0.2506525322587204
916,21.4,71,1.7,0.0,0.0,0,0,1,0,0.9749279121818236,-0.22252093395631434,0.8978045395707416,-0.4403941515576344
975,22.8,66,2.7,0.0,0.0,0,0,1,0,0.9749279121818236,-0.22252093395631434,0.7907757369376989,-0.6121059825476626
1187,23.2,64,3.0,0.0,0.0,0,0,1,0,0.9749279121818236,-0.22252093395631434,0.6513724827222223,-0.758758122692791
1134,24.0,56,2.6,0.0,0.0,0,0,1,0,0.9749279121818236,-0.22252093395631434,0.48530196253108104,-0.8743466161445821
1119,24.3,58,2.9,0.0,0.0,0,0,1,0,0.9749279121818236,-0.22252093395631434,0.29936312297335804,-0.9541392564000488
1280,24.3,52,3.0,0.0,0.0,0,0,1,0,0.9749279121818236,-0.22252093395631434,0.10116832198743272,-0.994869323391895
1571,24.7,47,3.0,0.0,0.0,0,0,1,0,0.9749279121818236,-0.22252093395631434,-0.10116832198743204,-0.9948693233918952
2166,24.1,41,2.2,0.0,0.0,0,0,1,0,0.9749279121818236,-0.22252093395631434,-0.2993631229733582,-0.9541392564000488
3251,23.6,42,2.1,0.0,0.0,0,0,1,0,0.9749279121818236,-0.22252093395631434,-0.4853019625310808,-0.8743466161445822
2650,21.2,52,3.6,0.0,0.0,0,0,1,0,0.9749279121818236,-0.22252093395631434,-0.651372482722222,-0.7587581226927911
2224,19.1,64,2.6,0.0,0.0,0,0,1,0,0.9749279121818236,-0.22252093395631434,-0.7907757369376986,-0.6121059825476627
2074,18.2,69,2.0,0.0,0.0,0,0,1,0,0.9749279121818236,-0.22252093395631434,-0.8978045395707417,-0.44039415155763423
1732,17.3,76,1.7,0.0,0.0,0,0,1,0,0.9749279121818236,-0.22252093395631434,-0.9680771188662041,-0.2506525322587213
1158,16.4,80,1.5,0.0,0.0,0,0,1,0,0.9749279121818236,-0.22252093395631434,-0.9987165071710528,-0.05064916883871355
844,15.8,82,1.6,0.0,0.0,0,0,1,0,0.43388373911755823,-0.900968867902419,0.0,1.0
610,15.5,82,1.5,0.0,0.0,0,0,1,0,0.43388373911755823,-0.900968867902419,0.20129852008866006,0.9795299412524945
470,15.2,84,0.7,0.0,0.0,0,0,1,0,0.43388373911755823,-0.900968867902419,0.39435585511331855,0.9189578116202306
328,15.0,84,1.3,0.0,0.0,0,0,1,0,0.43388373911755823,-0.900968867902419,0.5712682150947923,0.8207634412072763
188,14.8,85,0.7,0.0,0.0,0,0,1,0,0.43388373911755823,-0.900968867902419,0.72479278722912,0.6889669190756866
265,14.4,82,1.2,0.0,0.0,0,0,1,0,0.43388373911755823,-0.900968867902419,0.8486442574947509,0.5289640103269624
646,14.3,82,0.7,0.0,0.0,0,0,1,0,0.43388373911755823,-0.900968867902419,0.9377521321470804,0.3473052528448203
1401,14.9,71,0.9,0.0,0.0,0,0,1,0,0.43388373911755823,-0.900968867902419,0.9884683243281114,0.1514277775045767
2281,16.9,65,1.6,0.0,0.0,0,0,1,0,0.43388373911755823,-0.900968867902419,0.9987165071710528,-0.05064916883871264
1277,18.8,59,1.6,0.0,0.0,0,0,1,0,0.43388373911755823,-0.900968867902419,0.9680771188662043,-0.2506525322587204
936,20.8,54,1.2,0.0,0.0,0,0,1,0,0.43388373911755823,-0.900968867902419,0.8978045395707416,-0.4403941515576344
979,22.0,54,2.7,0.0,0.0,0,0,1,0,0.43388373911755823,-0.900968867902419,0.7907757369376989,-0.6121059825476626
1134,23.7,44,1.3,0.0,0.0,0,0,1,0,0.43388373911755823,-0.900968867902419,0.6513724827222223,-0.758758122692791
1151,25.0,47,2.5,0.0,0.0,0,0,1,0,0.43388373911755823,-0.900968867902419,0.48530196253108104,-0.8743466161445821
1164,25.9,43,2.7,0.0,0.0,0,0,1,0,0.43388373911755823,-0.900968867902419,0.29936312297335804,-0.9541392564000488
1280,26.9,37,2.7,0.0,0.0,0,0,1,0,0.43388373911755823,-0.900968867902419,0.10116832198743272,-0.994869323391895
1550,27.3,38,2.9,0.0,0.0,0,0,1,0,0.43388373911755823,-0.900968867902419,-0.10116832198743204,-0.9948693233918952
2047,27.2,42,2.9,0.0,0.0,0,0,1,0,0.43388373911755823,-0.900968867902419,-0.2993631229733582,-0.9541392564000488
3119,26.4,42,3.1,0.0,0.0,0,0,1,0,0.43388373911755823,-0.900968867902419,-0.4853019625310808,-0.8743466161445822
2534,25.2,53,3.1,0.0,0.0,0,0,1,0,0.43388373911755823,-0.900968867902419,-0.651372482722222,-0.7587581226927911
2164,23.1,58,2.9,0.0,0.0,0,0,1,0,0.43388373911755823,-0.900968867902419,-0.7907757369376986,-0.6121059825476627
2070,21.9,60,2.5,0.0,0.0,0,0,1,0,0.43388373911755823,-0.900968867902419,-0.8978045395707417,-0.44039415155763423
1900,21.1,59,2.1,0.0,0.0,0,0,1,0,0.43388373911755823,-0.900968867902419,-0.9680771188662041,-0.2506525322587213
1343,20.5,62,2.2,0.0,0.0,0,0,1,0,0.43388373911755823,-0.900968867902419,-0.9987165071710528,-0.05064916883871355
963,20.1,63,1.1,0.0,0.0,0,0,0,1,-0.433883739117558,-0.9009688679024191,0.0,1.0
776,19.5,65,0.4,0.0,0.0,0,0,0,1,-0.433883739117558,-0.9009688679024191,0.20129852008866006,0.9795299412524945
554,19.0,72,1.4,0.0,0.0,0,0,0,1,-0.433883739117558,-0.9009688679024191,0.39435585511331855,0.9189578116202306
366,18.6,72,1.4,0.0,0.0,0,0,0,1,-0.433883739117558,-0.9009688679024191,0.5712682150947923,0.8207634412072763
265,18.1,76,1.8,0.0,0.0,0,0,0,1,-0.433883739117558,-0.9009688679024191,0.72479278722912,0.6889669190756866
306,17.8,75,1.0,0.0,0.0,0,0,0,1,-0.433883739117558,-0.9009688679024191,0.8486442574947509,0.5289640103269624
672,17.5,76,1.2,0.0,0.0,0,0,0,1,-0.433883739117558,-0.9009688679024191,0.9377521321470804,0.3473052528448203
1421,18.1,64,0.6,0.0,0.0,0,0,0,1,-0.433883739117558,-0.9009688679024191,0.9884683243281114,0.1514277775045767
2149,20.6,55,0.7,0.0,0.0,0,0,0,1,-0.433883739117558,-0.9009688679024191,0.9987165071710528,-0.05064916883871264
1219,23.1,52,1.7,0.0,0.0,0,0,0,1,-0.433883739117558,-0.9009688679024191,0.9680771188662043,-0.2506525322587204
862,25.3,45,1.3,0.0,0.0,0,0,0,1,-0.433883739117558,-0.9009688679024191,0.8978045395707416,-0.4403941515576344
1036,26.8,38,2.6,0.0,0.0,0,0,0,1,-0.433883739117558,-0.9009688679024191,0.7907757369376989,-0.6121059825476626
1076,28.2,34,2.6,0.0,0.0,0,0,0,1,-0.433883739117558,-0.9009688679024191,0.6513724827222223,-0.758758122692791
1093,29.4,33,2.2,0.0,0.0,0,0,0,1,-0.433883739117558,-0.9009688679024191,0.48530196253108104,-0.8743466161445821
1071,29.6,31,3.7,0.0,0.0,0,0,0,1,-0.433883739117558,-0.9009688679024191,0.29936312297335804,-0.9541392564000488
1235,29.9,36,3.3,0.0,0.0,0,0,0,1,-0.433883739117558,-0.9009688679024191,0.10116832198743272,-0.994869323391895
1488,29.9,34,3.2,0.0,0.0,0,0,0,1,-0.433883739117558,-0.9009688679024191,-0.10116832198743204,-0.9948693233918952
2123,29.2,35,4.3,0.0,0.0,0,0,0,1,-0.433883739117558,-0.9009688679024191,-0.2993631229733582,-0.9541392564000488
3088,28.5,36,3.0,0.0,0.0,0,0,0,1,-0.433883739117558,-0.9009688679024191,-0.4853019625310808,-0.8743466161445822
2505,26.8,35,1.9,0.0,0.0,0,0,0,1,-0.433883739117558,-0.9009688679024191,-0.651372482722222,-0.7587581226927911
2163,25.0,39,2.8,0.0,0.0,0,0,0,1,-0.433883739117558,-0.9009688679024191,-0.7907757369376986,-0.6121059825476627
2066,23.5,44,1.6,0.0,0.0,0,0,0,1,-0.433883739117558,-0.9009688679024191,-0.8978045395707417,-0.44039415155763423
1991,22.7,44,1.5,0.0,0.0,0,0,0,1,-0.433883739117558,-0.9009688679024191,-0.9680771188662041,-0.2506525322587213
1440,21.8,49,1.6,0.0,0.0,0,0,0,1,-0.433883739117558,-0.9009688679024191,-0.9987165071710528,-0.05064916883871355
1165,20.9,53,1.4,0.0,0.0,0,0,0,1,-0.9749279121818236,-0.2225209339563146,0.0,1.0
989,20.2,57,0.4,0.0,0.0,0,0,0,1,-0.9749279121818236,-0.2225209339563146,0.20129852008866006,0.9795299412524945
677,19.6,60,1.9,0.0,0.0,0,0,0,1,-0.9749279121818236,-0.2225209339563146,0.39435585511331855,0.9189578116202306
475,18.9,63,1.5,0.0,0.0,0,0,0,1,-0.9749279121818236,-0.2225209339563146,0.5712682150947923,0.8207634412072763
312,18.3,66,1.3,0.0,0.0,0,0,0,1,-0.9749279121818236,-0.2225209339563146,0.72479278722912,0.6889669190756866
264,17.8,69,1.1,0.0,0.0,0,0,0,1,-0.9749279121818236,-0.2225209339563146,0.8486442574947509,0.5289640103269624
342,17.7,68,1.3,0.0,0.0,0,0,0,1,-0.9749279121818236,-0.2225209339563146,0.9377521321470804,0.3473052528448203
560,18.1,59,0.6,0.0,0.0,0,0,0,1,-0.9749279121818236,-0.2225209339563146,0.9884683243281114,0.1514277775045767
898,20.4,54,1.0,0.0,0.0,0,0,0,1,-0.9749279121818236,-0.2225209339563146,0.9987165071710528,-0.05064916883871264
1005,23.3,43,1.2,0.0,0.0,0,0,0,1,-0.9749279121818236,-0.2225209339563146,0.9680771188662043,-0.2506525322587204
1044,25.5,33,1.1,0.0,0.0,0,0,0,1,-0.9749279121818236,-0.2225209339563146,0.8978045395707416,-0.4403941515576344
1094,27.3,35,2.3,0.0,0.0,0,0,0,1,-0.9749279121818236,-0.2225209339563146,0.7907757369376989,-0.6121059825476626
1253,28.3,30,3.0,0.0,0.0,0,0,0,1,-0.9749279121818236,-0.2225209339563146,0.6513724827222223,-0.758758122692791
1334,29.6,24,2.4,0.0,0.0,0,0,0,1,-0.9749279121818236,-0.2225209339563146,0.48530196253108104,-0.8743466161445821
1396,29.8,23,3.6,0.0,0.0,0,0,0,1,-0.9749279121818236,-0.2225209339563146,0.29936312297335804,-0.9541392564000488
1535,29.8,24,2.9,0.0,0.0,0,0,0,1,-0.9749279121818236,-0.2225209339563146,0.10116832198743272,-0.994869323391895
1707,29.6,26,3.7,0.0,0.0,0,0,0,1,-0.9749279121818236,-0.2225209339563146,-0.10116832198743204,-0.9948693233918952
2025,28.9,22,2.7,0.0,0.0,0,0,0,1,-0.9749279121818236,-0.2225209339563146,-0.2993631229733582,-0.9541392564000488
2246,27.4,29,3.6,0.0,0.0,0,0,0,1,-0.9749279121818236,-0.2225209339563146,-0.4853019625310808,-0.8743466161445822
2337,25.4,33,2.7,0.0,0.0,0,0,0,1,-0.9749279121818236,-0.2225209339563146,-0.651372482722222,-0.7587581226927911
2338,23.4,38,2.3,0.0,0.0,0,0,0,1,-0.9749279121818236,-0.2225209339563146,-0.7907757369376986,-0.6121059825476627
2238,22.1,44,2.5,0.0,0.0,0,0,0,1,-0.9749279121818236,-0.2225209339563146,-0.8978045395707417,-0.44039415155763423
1969,21.4,48,1.6,0.0,0.0,0,0,0,1,-0.9749279121818236,-0.2225209339563146,-0.9680771188662041,-0.2506525322587213
1490,20.6,52,0.5,0.0,0.0,0,0,0,1,-0.9749279121818236,-0.2225209339563146,-0.9987165071710528,-0.05064916883871355
1248,19.7,55,2.0,0.0,0.0,0,0,0,1,-0.7818314824680299,0.6234898018587334,0.0,1.0
902,19.2,57,0.8,0.0,0.0,0,0,0,1,-0.7818314824680299,0.6234898018587334,0.20129852008866006,0.9795299412524945
673,18.6,60,1.8,0.0,0.0,0,0,0,1,-0.7818314824680299,0.6234898018587334,0.39435585511331855,0.9189578116202306
437,18.0,64,1.3,0.0,0.0,0,0,0,1,-0.7818314824680299,0.6234898018587334,0.5712682150947923,0.8207634412072763
294,17.4,65,0.8,0.0,0.0,0,0,0,1,-0.7818314824680299,0.6234898018587334,0.72479278722912,0.6889669190756866
193,17.1,66,0.3,0.0,0.0,0,0,0,1,-0.7818314824680299,0.6234898018587334,0.8486442574947509,0.5289640103269624
228,16.9,62,0.4,0.0,0.0,0,0,0,1,-0.7818314824680299,0.6234898018587334,0.9377521321470804,0.3473052528448203
423,18.0,54,0.7,0.0,0.0,0,0,0,1,-0.7818314824680299,0.6234898018587334,0.9884683243281114,0.1514277775045767
659,20.3,47,1.5,0.0,0.0,0,0,0,1,-0.7818314824680299,0.6234898018587334,0.9987165071710528,-0.05064916883871264
831,22.7,39,0.7,0.0,0.0,0,0,0,1,-0.7818314824680299,0.6234898018587334,0.9680771188662043,-0.2506525322587204
938,24.8,34,1.3,0.0,0.0,0,0,0,1,-0.7818314824680299,0.6234898018587334,0.8978045395707416,-0.4403941515576344
977,26.7,30,1.1,0.0,0.0,0,0,0,1,-0.7818314824680299,0.6234898018587334,0.7907757369376989,-0.6121059825476626
1134,28.7,27,1.7,0.0,0.0,0,0,0,1,-0.7818314824680299,0.6234898018587334,0.6513724827222223,-0.758758122692791
1393,29.4,24,2.7,0.0,0.0,0,0,0,1,-0.7818314824680299,0.6234898018587334,0.48530196253108104,-0.8743466161445821
1399,29.8,26,2.2,0.0,0.0,0,0,0,1,-0.7818314824680299,0.6234898018587334,0.29936312297335804,-0.9541392564000488
1556,30.7,21,2.5,0.0,0.0,0,0,0,1,-0.7818314824680299,0.6234898018587334,0.10116832198743272,-0.994869323391895
1834,30.4,28,3.6,0.0,0.0,0,0,0,1,-0.7818314824680299,0.6234898018587334,-0.10116832198743204,-0.9948693233918952
2131,29.5,29,4.1,0.0,0.0,0,0,0,1,-0.7818314824680299,0.6234898018587334,-0.2993631229733582,-0.9541392564000488
2349,29.3,25,2.4,0.0,0.0,0,0,0,1,-0.7818314824680299,0.6234898018587334,-0.4853019625310808,-0.8743466161445822
2514,27.4,29,2.4,0.0,0.0,0,0,0,1,-0.7818314824680299,0.6234898018587334,-0.651372482722222,-0.7587581226927911
2460,25.3,32,2.2,0.0,0.0,0,0,0,1,-0.7818314824680299,0.6234898018587334,-0.7907757369376986,-0.6121059825476627
2173,24.2,32,2.1,0.0,0.0,0,0,0,1,-0.7818314824680299,0.6234898018587334,-0.8978045395707417,-0.44039415155763423
1741,23.0,38,1.2,0.0,0.0,0,0,0,1,-0.7818314824680299,0.6234898018587334,-0.9680771188662041,-0.2506525322587213
1274,22.0,44,0.8,0.0,0.0,0,0,0,1,-0.7818314824680299,0.6234898018587334,-0.9987165071710528,-0.05064916883871355
938,21.4,45,1.4,0.0,0.0,0,0,0,1,0.0,1.0,0.0,1.0
596,20.7,47,0.9,0.0,0.0,0,0,0,1,0.0,1.0,0.20129852008866006,0.9795299412524945
351,20.1,49,0.8,0.0,0.0,0,0,0,1,0.0,1.0,0.39435585511331855,0.9189578116202306
244,19.6,51,1.0,0.0,0.0,0,0,0,1,0.0,1.0,0.5712682150947923,0.8207634412072763
172,19.4,56,1.2,0.0,0.0,0,0,0,1,0.0,1.0,0.72479278722912,0.6889669190756866
299,19.2,56,0.9,0.0,0.0,0,0,0,1,0.0,1.0,0.8486442574947509,0.5289640103269624
742,18.9,53,0.3,0.0,0.0,0,0,0,1,0.0,1.0,0.9377521321470804,0.3473052528448203
1505,19.5,52,0.8,0.0,0.0,0,0,0,1,0.0,1.0,0.9884683243281114,0.1514277775045767
2287,22.1,44,1.4,0.0,0.0,0,0,0,1,0.0,1.0,0.9987165071710528,-0.05064916883871264
1243,23.3,37,0.4,0.0,0.0,0,0,0,1,0.0,1.0,0.9680771188662043,-0.2506525322587204
970,25.1,40,2.7,0.0,0.0,0,0,0,1,0.0,1.0,0.8978045395707416,-0.4403941515576344
1008,26.1,37,2.4,0.0,0.0,0,0,0,1,0.0,1.0,0.7907757369376989,-0.6121059825476626
1152,26.3,36,3.1,0.0,0.0,0,0,0,1,0.0,1.0,0.6513724827222223,-0.758758122692791
1085,27.4,30,2.0,0.0,0.0,0,0,0,1,0.0,1.0,0.48530196253108104,-0.8743466161445821
1148,26.5,43,3.9,0.0,0.0,0,0,0,1,0.0,1.0,0.29936312297335804,-0.9541392564000488
1249,25.5,43,2.9,0.0,0.0,0,0,0,1,0.0,1.0,0.10116832198743272,-0.994869323391895
1671,25.5,43,3.2,0.0,0.0,0,0,0,1,0.0,1.0,-0.10116832198743204,-0.9948693233918952
2190,24.9,46,2.0,0.0,0.0,0,0,0,1,0.0,1.0,-0.2993631229733582,-0.9541392564000488
3380,24.4,48,1.9,0.0,0.0,0,0,0,1,0.0,1.0,-0.4853019625310808,-0.8743466161445822
2788,23.9,51,2.3,0.0,0.0,0,0,0,1,0.0,1.0,-0.651372482722222,-0.7587581226927911
2508,23.4,43,1.1,0.0,0.0,0,0,0,1,0.0,1.0,-0.7907757369376986,-0.6121059825476627
2377,22.6,62,1.1,0.0,0.0,0,0,0,1,0.0,1.0,-0.8978045395707417,-0.44039415155763423
2000,22.0,64,1.8,0.0,0.0,0,0,0,1,0.0,1.0,-0.9680771188662041,-0.2506525322587213
1354,21.4,68,2.7,0.0,0.0,0,0,0,1,0.0,1.0,-0.9987165071710528,-0.05064916883871355
927,20.5,71,2.8,0.0,0.0,0,0,0,1,0.7818314824680298,0.6234898018587336,0.0,1.0
742,20.0,67,0.7,0.0,0.0,0,0,0,1,0.7818314824680298,0.6234898018587336,0.20129852008866006,0.9795299412524945
448,19.7,66,0.5,0.0,0.0,0,0,0,1,0.7818314824680298,0.6234898018587336,0.39435585511331855,0.9189578116202306
314,19.1,72,0.6,0.0,0.0,0,0,0,1,0.7818314824680298,0.6234898018587336,0.5712682150947923,0.8207634412072763
214,18.5,72,0.6,0.0,0.0,0,0,0,1,0.7818314824680298,0.6234898018587336,0.72479278722912,0.6889669190756866
282,18.1,73,0.5,0.0,0.0,0,0,0,1,0.7818314824680298,0.6234898018587336,0.8486442574947509,0.5289640103269624
733,17.8,73,0.4,0.0,0.0,0,0,0,1,0.7818314824680298,0.6234898018587336,0.9377521321470804,0.3473052528448203
1602,18.8,64,0.7,0.0,0.0,0,0,0,1,0.7818314824680298,0.6234898018587336,0.9884683243281114,0.1514277775045767
2322,21.5,58,1.1,0.0,0.0,0,0,0,1,0.7818314824680298,0.6234898018587336,0.9987165071710528,-0.05064916883871264
1344,23.5,51,1.4,0.0,0.0,0,0,0,1,0.7818314824680298,0.6234898018587336,0.9680771188662043,-0.2506525322587204
959,25.5,43,1.0,0.0,0.0,0,0,0,1,0.7818314824680298,0.6234898018587336,0.8978045395707416,-0.4403941515576344
974,26.8,37,1.6,0.0,0.0,0,0,0,1,0.7818314824680298,0.6234898018587336,0.7907757369376989,-0.6121059825476626
1111,28.2,35,1.2,0.0,0.0,0,0,0,1,0.7818314824680298,0.6234898018587336,0.6513724827222223,-0.758758122692791
1058,28.6,34,2.0,0.0,0.0,0,0,0,1,0.7818314824680298,0.6234898018587336,0.48530196253108104,-0.8743466161445821
1120,28.9,34,2.7,0.0,0.0,0,0,0,1,0.7818314824680298,0.6234898018587336,0.29936312297335804,-0.9541392564000488
1250,29.0,38,3.4,0.0,0.0,0,0,0,1,0.7818314824680298,0.6234898018587336,0.10116832198743272,-0.994869323391895
1434,28.8,38,3.1,0.0,0.0,0,0,0,1,0.7818314824680298,0.6234898018587336,-0.10116832198743204,-0.9948693233918952
2115,28.1,37,3.6,0.0,0.0,0,0,0,1,0.7818314824680298,0.6234898018587336,-0.2993631229733582,-0.9541392564000488
3227,27.1,40,2.8,0.0,0.0,0,0,0,1,0.7818314824680298,0.6234898018587336,-0.4853019625310808,-0.8743466161445822
2615,25.5,43,3.1,0.0,0.0,0,0,0,1,0.7818314824680298,0.6234898018587336,-0.651372482722222,-0.7587581226927911
2346,24.0,46,2.8,0.0,0.0,0,0,0,1,0.7818314824680298,0.6234898018587336,-0.7907757369376986,-0.6121059825476627
2404,23.3,51,1.7,0.0,0.0,0,0,0,1,0.7818314824680298,0.6234898018587336,-0.8978045395707417,-0.44039415155763423
2237,22.4,54,2.5,0.0,0.0,0,0,0,1,0.7818314824680298,0.6234898018587336,-0.9680771188662041,-0.2506525322587213
1646,21.9,56,0.7,0.0,0.0,0,0,0,1,0.7818314824680298,0.6234898018587336,-0.9987165071710528,-0.05064916883871355
1268,21.2,60,0.9,0.0,0.0,1,0,0,1,0.9749279121818236,-0.22252093395631434,0.0,1.0
1031,20.6,63,0.6,0.0,0.0,1,0,0,1,0.9749279121818236,-0.22252093395631434,0.20129852008866006,0.9795299412524945
792,20.1,65,1.0,0.0,0.0,1,0,0,1,0.9749279121818236,-0.22252093395631434,0.39435585511331855,0.9189578116202306
562,19.6,68,1.7,0.0,0.0,1,0,0,1,0.9749279121818236,-0.22252093395631434,0.5712682150947923,0.8207634412072763
332,19.2,68,0.8,0.0,0.0,1,0,0,1,0.9749279121818236,-0.22252093395631434,0.72479278722912,0.6889669190756866
218,18.7,73,1.4,0.0,0.0,1,0,0,1,0.9749279121818236,-0.22252093395631434,0.8486442574947509,0.5289640103269624
351,18.5,73,1.1,0.0,0.0,1,0,0,1,0.9749279121818236,-0.22252093395631434,0.9377521321470804,0.3473052528448203
536,19.3,63,0.7,0.0,0.0,1,0,0,1,0.9749279121818236,-0.22252093395631434,0.9884683243281114,0.1514277775045767
799,21.2,59,1.2,0.0,0.0,1,0,0,1,0.9749279121818236,-0.22252093395631434,0.9987165071710528,-0.05064916883871264
925,22.9,56,2.3,0.0,0.0,1,0,0,1,0.9749279121818236,-0.22252093395631434,0.9680771188662043,-0.2506525322587204
1087,24.3,53,2.9,0.0,0.0,1,0,0,1,0.9749279121818236,-0.22252093395631434,0.8978045395707416,-0.4403941515576344
1152,25.8,52,2.1,0.0,0.0,1,0,0,1,0.9749279121818236,-0.22252093395631434,0.7907757369376989,-0.6121059825476626
1400,27.3,51,2.8,0.0,0.0,1,0,0,1,0.9749279121818236,-0.22252093395631434,0.6513724827222223,-0.758758122692791
1444,27.3,52,3.1,0.0,0.0,1,0,0,1,0.9749279121818236,-0.22252093395631434,0.48530196253108104,-0.8743466161445821
1603,27.4,50,3.5,0.0,0.0,1,0,0,1,0.9749279121818236,-0.22252093395631434,0.29936312297335804,-0.9541392564000488
1674,27.6,49,3.7,0.0,0.0,1,0,0,1,0.9749279121818236,-0.22252093395631434,0.10116832198743272,-0.994869323391895
1940,27.9,47,2.8,0.0,0.0,1,0,0,1,0.9749279121818236,-0.22252093395631434,-0.10116832198743204,-0.9948693233918952
2104,27.4,48,2.7,0.0,0.0,1,0,0,1,0.9749279121818236,-0.22252093395631434,-0.2993631229733582,-0.9541392564000488
2162,26.6,52,2.5,0.0,0.0,1,0,0,1,0.9749279121818236,-0.22252093395631434,-0.4853019625310808,-0.8743466161445822
2163,24.9,56,3.1,0.0,0.0,1,0,0,1,0.9749279121818236,-0.22252093395631434,-0.651372482722222,-0.7587581226927911
2145,23.4,64,1.8,0.0,0.0,1,0,0,1,0.9749279121818236,-0.22252093395631434,-0.7907757369376986,-0.6121059825476627
1935,22.1,72,2.5,0.0,0.0,1,0,0,1,0.9749279121818236,-0.22252093395631434,-0.8978045395707417,-0.44039415155763423
1624,20.8,78,1.8,0.0,0.0,1,0,0,1,0.9749279121818236,-0.22252093395631434,-0.9680771188662041,-0.2506525322587213
1251,20.1,77,3.1,0.0,0.0,1,0,0,1,0.9749279121818236,-0.22252093395631434,-0.9987165071710528,-0.05064916883871355
978,19.6,82,1.7,0.0,0.0,0,0,0,1,0.43388373911755823,-0.900968867902419,0.0,1.0
606,19.1,86,1.8,0.0,0.0,0,0,0,1,0.43388373911755823,-0.900968867902419,0.20129852008866006,0.9795299412524945
418,18.8,88,0.3,0.0,0.0,0,0,0,1,0.43388373911755823,-0.900968867902419,0.39435585511331855,0.9189578116202306
275,18.4,88,1.6,0.0,0.0,0,0,0,1,0.43388373911755823,-0.900968867902419,0.5712682150947923,0.8207634412072763
191,18.1,88,1.8,0.0,0.0,0,0,0,1,0.43388373911755823,-0.900968867902419,0.72479278722912,0.6889669190756866
288,17.8,91,2.2,0.0,0.0,0,0,0,1,0.43388373911755823,-0.900968867902419,0.8486442574947509,0.5289640103269624
716,18.1,88,1.1,0.0,0.0,0,0,0,1,0.43388373911755823,-0.900968867902419,0.9377521321470804,0.3473052528448203
1551,18.6,85,2.0,0.0,0.0,0,0,0,1,0.43388373911755823,-0.900968867902419,0.9884683243281114,0.1514277775045767
2317,18.9,82,2.3,0.0,0.0,0,0,0,1,0.43388373911755823,-0.900968867902419,0.9987165071710528,-0.05064916883871264
1342,20.5,73,1.6,0.0,0.0,0,0,0,1,0.43388373911755823,-0.900968867902419,0.9680771188662043,-0.2506525322587204
914,22.0,69,2.0,0.0,0.0,0,0,0,1,0.43388373911755823,-0.900968867902419,0.8978045395707416,-0.4403941515576344
967,23.4,62,1.8,0.0,0.0,0,0,0,1,0.43388373911755823,-0.900968867902419,0.7907757369376989,-0.6121059825476626
1099,25.0,56,3.0,0.0,0.0,0,0,0,1,0.43388373911755823,-0.900968867902419,0.6513724827222223,-0.758758122692791
1071,26.7,47,2.4,0.0,0.0,0,0,0,1,0.43388373911755823,-0.900968867902419,0.48530196253108104,-0.8743466161445821
1116,28.2,44,1.7,0.0,0.0,0,0,0,1,0.43388373911755823,-0.900968867902419,0.29936312297335804,-0.9541392564000488
1171,29.3,41,2.0,0.0,0.0,0,0,0,1,0.43388373911755823,-0.900968867902419,0.10116832198743272,-0.994869323391895
1442,29.3,41,2.0,0.0,0.0,0,0,0,1,0.43388373911755823,-0.900968867902419,-0.10116832198743204,-0.9948693233918952
2002,28.2,51,3.3,0.0,0.0,0,0,0,1,0.43388373911755823,-0.900968867902419,-0.2993631229733582,-0.9541392564000488
3221,25.6,57,2.7,0.0,0.0,0,0,0,1,0.43388373911755823,-0.900968867902419,-0.4853019625310808,-0.8743466161445822
2649,24.0,60,2.8,0.0,0.0,0,0,0,1,0.43388373911755823,-0.900968867902419,-0.651372482722222,-0.7587581226927911
2278,22.8,67,1.6,0.0,0.0,0,0,0,1,0.43388373911755823,-0.900968867902419,-0.7907757369376986,-0.6121059825476627
2161,21.5,69,2.6,0.0,0.0,0,0,0,1,0.43388373911755823,-0.900968867902419,-0.8978045395707417,-0.44039415155763423
1939,20.9,71,1.0,0.0,0.0,0,0,0,1,0.43388373911755823,-0.900968867902419,-0.9680771188662041,-0.2506525322587213
1290,20.3,77,1.3,0.0,0.0,0,0,0,1,0.43388373911755823,-0.900968867902419,-0.9987165071710528,-0.05064916883871355
926,19.1,82,2.2,0.0,0.0,0,0,0,1,-0.433883739117558,-0.9009688679024191,0.0,1.0
769,18.8,84,1.7,0.0,0.0,0,0,0,1,-0.433883739117558,-0.9009688679024191,0.20129852008866006,0.9795299412524945
525,18.6,84,2.5,0.0,0.0,0,0,0,1,-0.433883739117558,-0.9009688679024191,0.39435585511331855,0.9189578116202306
365,18.6,83,2.9,0.0,0.0,0,0,0,1,-0.433883739117558,-0.9009688679024191,0.5712682150947923,0.8207634412072763
255,18.5,82,2.0,0.0,0.0,0,0,0,1,-0.433883739117558,-0.9009688679024191,0.72479278722912,0.6889669190756866
299,18.6,81,0.8,0.0,0.0,0,0,0,1,-0.433883739117558,-0.9009688679024191,0.8486442574947509,0.5289640103269624
744,18.8,78,2.0,0.0,0.0,0,0,0,1,-0.433883739117558,-0.9009688679024191,0.9377521321470804,0.3473052528448203
1544,19.1,73,2.0,0.0,0.0,0,0,0,1,-0.433883739117558,-0.9009688679024191,0.9884683243281114,0.1514277775045767
2348,19.7,69,2.0,0.0,0.0,0,0,0,1,-0.433883739117558,-0.9009688679024191,0.9987165071710528,-0.05064916883871264
1283,21.2,62,1.7,0.0,0.0,0,0,0,1,-0.433883739117558,-0.9009688679024191,0.9680771188662043,-0.2506525322587204
1002,21.9,62,1.7,0.0,0.0,0,0,0,1,-0.433883739117558,-0.9009688679024191,0.8978045395707416,-0.4403941515576344
1095,21.9,64,2.4,0.0,0.0,0,0,0,1,-0.433883739117558,-0.9009688679024191,0.7907757369376989,-0.6121059825476626
1256,23.1,56,1.6,0.0,0.0,0,0,0,1,-0.433883739117558,-0.9009688679024191,0.6513724827222223,-0.758758122692791
1314,24.2,58,1.9,0.0,0.0,0,0,0,1,-0.433883739117558,-0.9009688679024191,0.48530196253108104,-0.8743466161445821
1249,25.0,54,2.2,0.0,0.0,0,0,0,1,-0.433883739117558,-0.9009688679024191,0.29936312297335804,-0.9541392564000488
1416,26.2,51,3.3,0.0,0.0,0,0,0,1,-0.433883739117558,-0.9009688679024191,0.10116832198743272,-0.994869323391895
1668,26.6,49,3.2,0.0,0.0,0,0,0,1,-0.433883739117558,-0.9009688679024191,-0.10116832198743204,-0.9948693233918952
2314,26.9,49,2.3,0.0,0.0,0,0,0,1,-0.433883739117558,-0.9009688679024191,-0.2993631229733582,-0.9541392564000488
3309,26.2,54,2.2,0.0,0.0,0,0,0,1,-0.433883739117558,-0.9009688679024191,-0.4853019625310808,-0.8743466161445822
2797,24.5,63,3.1,0.0,0.0,0,0,0,1,-0.433883739117558,-0.9009688679024191,-0.651372482722222,-0.7587581226927911
2476,22.6,71,1.8,0.0,0.0,0,0,0,1,-0.433883739117558,-0.9009688679024191,-0.7907757369376986,-0.6121059825476627
2337,21.2,77,1.7,0.0,0.0,0,0,0,1,-0.433883739117558,-0.9009688679024191,-0.8978045395707417,-0.44039415155763423
2140,20.5,78,0.9,0.0,0.0,0,0,0,1,-0.433883739117558,-0.9009688679024191,-0.9680771188662041,-0.2506525322587213
1672,20.0,79,1.4,0.0,0.0,0,0,0,1,-0.433883739117558,-0.9009688679024191,-0.9987165071710528,-0.05064916883871355
1247,19.7,83,1.5,0.0,0.0,0,0,0,1,-0.9749279121818236,-0.2225209339563146,0.0,1.0
1029,19.7,81,0.6,0.0,0.0,0,0,0,1,-0.9749279121818236,-0.2225209339563146,0.20129852008866006,0.9795299412524945
732,19.4,84,0.7,0.0,0.0,0,0,0,1,-0.9749279121818236,-0.2225209339563146,0.39435585511331855,0.9189578116202306
535,19.1,84,0.6,0.0,0.0,0,0,0,1,-0.9749279121818236,-0.2225209339563146,0.5712682150947923,0.8207634412072763
352,19.0,83,0.4,0.0,0.0,0,0,0,1,-0.9749279121818236,-0.2225209339563146,0.72479278722912,0.6889669190756866
262,19.0,85,0.4,0.0,0.0,0,0,0,1,-0.9749279121818236,-0.2225209339563146,0.8486442574947509,0.5289640103269624
381,19.0,84,0.5,0.0,0.0,0,0,0,1,-0.9749279121818236,-0.2225209339563146,0.9377521321470804,0.3473052528448203
616,20.2,73,1.1,0.0,0.0,0,0,0,1,-0.9749279121818236,-0.2225209339563146,0.9884683243281114,0.1514277775045767
963,21.9,62,0.9,0.0,0.0,0,0,0,1,-0.9749279121818236,-0.2225209339563146,0.9987165071710528,-0.05064916883871264
1102,24.0,55,1.8,0.0,0.0,0,0,0,1,-0.9749279121818236,-0.2225209339563146,0.9680771188662043,-0.2506525322587204
1156,25.8,49,1.3,0.0,0.0,0,0,0,1,-0.9749279121818236,-0.2225209339563146,0.8978045395707416,-0.4403941515576344
1200,27.2,46,1.7,0.0,0.0,0,0,0,1,-0.9749279121818236,-0.2225209339563146,0.7907757369376989,-0.6121059825476626
1462,28.2,42,1.4,0.0,0.0,0,0,0,1,-0.9749279121818236,-0.2225209339563146,0.6513724827222223,-0.758758122692791
1583,28.8,42,2.0,0.0,0.0,0,0,0,1,-0.9749279121818236,-0.2225209339563146,0.48530196253108104,-0.8743466161445821
1744,30.1,35,1.4,0.0,0.0,0,0,0,1,-0.9749279121818236,-0.2225209339563146,0.29936312297335804,-0.9541392564000488
1890,29.6,40,2.5,0.0,0.0,0,0,0,1,-0.9749279121818236,-0.2225209339563146,0.10116832198743272,-0.994869323391895
2297,28.7,40,2.5,0.0,0.0,0,0,0,1,-0.9749279121818236,-0.2225209339563146,-0.10116832198743204,-0.9948693233918952
2355,28.2,39,2.9,0.0,0.0,0,0,0,1,-0.9749279121818236,-0.2225209339563146,-0.2993631229733582,-0.9541392564000488
1934,27.3,42,1.2,0.0,0.0,0,0,0,1,-0.9749279121818236,-0.2225209339563146,-0.4853019625310808,-0.8743466161445822
1058,25.7,47,1.8,0.0,0.0,0,0,0,1,-0.9749279121818236,-0.2225209339563146,-0.651372482722222,-0.7587581226927911
246,23.7,62,1.6,0.4,0.0,0,0,0,1,-0.9749279121818236,-0.2225209339563146,-0.7907757369376986,-0.6121059825476627
225,22.4,72,1.5,0.1,0.0,0,0,0,1,-0.9749279121818236,-0.2225209339563146,-0.8978045395707417,-0.44039415155763423
776,21.0,75,1.3,0.0,0.0,0,0,0,1,-0.9749279121818236,-0.2225209339563146,-0.9680771188662041,-0.2506525322587213
766,20.7,66,1.6,0.0,0.0,0,0,0,1,-0.9749279121818236,-0.2225209339563146,-0.9987165071710528,-0.05064916883871355
483,20.2,66,1.5,0.0,0.0,0,0,0,1,-0.7818314824680299,0.6234898018587334,0.0,1.0
375,19.7,71,1.2,0.5,0.0,0,0,0,1,-0.7818314824680299,0.6234898018587334,0.20129852008866006,0.9795299412524945
162,19.2,69,1.3,0.0,0.0,0,0,0,1,-0.7818314824680299,0.6234898018587334,0.39435585511331855,0.9189578116202306
150,18.6,78,0.8,0.0,0.0,0,0,0,1,-0.7818314824680299,0.6234898018587334,0.5712682150947923,0.8207634412072763
174,18.3,72,1.7,0.0,0.0,0,0,0,1,-0.7818314824680299,0.6234898018587334,0.72479278722912,0.6889669190756866
138,18.4,70,1.4,0.0,0.0,0,0,0,1,-0.7818314824680299,0.6234898018587334,0.8486442574947509,0.5289640103269624
216,18.3,71,0.9,0.0,0.0,0,0,0,1,-0.7818314824680299,0.6234898018587334,0.9377521321470804,0.3473052528448203
313,18.4,68,0.6,0.0,0.0,0,0,0,1,-0.7818314824680299,0.6234898018587334,0.9884683243281114,0.1514277775045767
619,19.0,65,2.0,0.0,0.0,0,0,0,1,-0.7818314824680299,0.6234898018587334,0.9987165071710528,-0.05064916883871264
786,19.2,65,1.4,0.0,0.0,0,0,0,1,-0.7818314824680299,0.6234898018587334,0.9680771188662043,-0.2506525322587204
942,20.2,62,1.8,0.0,0.0,0,0,0,1,-0.7818314824680299,0.6234898018587334,0.8978045395707416,-0.4403941515576344
1074,21.3,56,1.5,0.0,0.0,0,0,0,1,-0.7818314824680299,0.6234898018587334,0.7907757369376989,-0.6121059825476626
1442,23.2,50,2.2,0.0,0.0,0,0,0,1,-0.7818314824680299,0.6234898018587334,0.6513724827222223,-0.758758122692791
1752,24.2,48,1.2,0.0,0.0,0,0,0,1,-0.7818314824680299,0.6234898018587334,0.48530196253108104,-0.8743466161445821
1985,24.1,51,1.1,0.0,0.0,0,0,0,1,-0.7818314824680299,0.6234898018587334,0.29936312297335804,-0.9541392564000488
2182,24.8,49,1.2,0.0,0.0,0,0,0,1,-0.7818314824680299,0.6234898018587334,0.10116832198743272,-0.994869323391895
2333,24.8,51,1.6,0.0,0.0,0,0,0,1,-0.7818314824680299,0.6234898018587334,-0.10116832198743204,-0.9948693233918952
2431,24.6,52,1.3,0.0,0.0,0,0,0,1,-0.7818314824680299,0.6234898018587334,-0.2993631229733582,-0.9541392564000488
2367,24.1,53,1.3,0.0,0.0,0,0,0,1,-0.7818314824680299,0.6234898018587334,-0.4853019625310808,-0.8743466161445822
2267,23.4,55,1.0,0.0,0.0,0,0,0,1,-0.7818314824680299,0.6234898018587334,-0.651372482722222,-0.7587581226927911
2300,22.8,55,1.3,0.0,0.0,0,0,0,1,-0.7818314824680299,0.6234898018587334,-0.7907757369376986,-0.6121059825476627
2026,22.1,55,1.5,0.0,0.0,0,0,0,1,-0.7818314824680299,0.6234898018587334,-0.8978045395707417,-0.44039415155763423
1634,21.5,55,1.8,0.0,0.0,0,0,0,1,-0.7818314824680299,0.6234898018587334,-0.9680771188662041,-0.2506525322587213
1191,20.9,56,1.5,0.0,0.0,0,0,0,1,-0.7818314824680299,0.6234898018587334,-0.9987165071710528,-0.05064916883871355
918,20.3,58,1.4,0.0,0.0,0,0,0,1,0.0,1.0,0.0,1.0
555,19.8,59,1.3,0.0,0.0,0,0,0,1,0.0,1.0,0.20129852008866006,0.9795299412524945
353,19.2,60,1.5,0.0,0.0,0,0,0,1,0.0,1.0,0.39435585511331855,0.9189578116202306
232,18.8,61,1.3,0.0,0.0,0,0,0,1,0.0,1.0,0.5712682150947923,0.8207634412072763
194,18.8,60,1.0,0.0,0.0,0,0,0,1,0.0,1.0,0.72479278722912,0.6889669190756866
324,18.8,61,1.2,0.0,0.0,0,0,0,1,0.0,1.0,0.8486442574947509,0.5289640103269624
807,18.6,61,0.8,0.0,0.0,0,0,0,1,0.0,1.0,0.9377521321470804,0.3473052528448203
1629,19.1,59,1.1,0.0,0.0,0,0,0,1,0.0,1.0,0.9884683243281114,0.1514277775045767
2375,20.7,55,1.5,0.0,0.0,0,0,0,1,0.0,1.0,0.9987165071710528,-0.05064916883871264
1307,22.2,48,1.7,0.0,0.0,0,0,0,1,0.0,1.0,0.9680771188662043,-0.2506525322587204
992,23.7,47,1.3,0.0,0.0,0,0,0,1,0.0,1.0,0.8978045395707416,-0.4403941515576344
1107,23.2,52,1.4,0.0,0.0,0,0,0,1,0.0,1.0,0.7907757369376989,-0.6121059825476626
1204,23.2,52,1.2,0.0,0.0,0,0,0,1,0.0,1.0,0.6513724827222223,-0.758758122692791
1033,23.7,49,1.2,0.0,0.0,0,0,0,1,0.0,1.0,0.48530196253108104,-0.8743466161445821
1075,23.9,47,1.0,0.0,0.0,0,0,0,1,0.0,1.0,0.29936312297335804,-0.9541392564000488
1240,22.2,60,1.3,0.0,0.0,0,0,0,1,0.0,1.0,0.10116832198743272,-0.994869323391895
1220,22.0,60,1.8,0.0,0.0,0,0,0,1,0.0,1.0,-0.10116832198743204,-0.9948693233918952
1475,20.7,72,3.4,0.0,0.0,0,0,0,1,0.0,1.0,-0.2993631229733582,-0.9541392564000488
1491,19.8,80,3.9,0.0,0.0,0,0,0,1,0.0,1.0,-0.4853019625310808,-0.8743466161445822
873,19.4,85,1.2,0.5,0.0,0,0,0,1,0.0,1.0,-0.651372482722222,-0.7587581226927911
1280,19.1,84,1.7,0.0,0.0,0,0,0,1,0.0,1.0,-0.7907757369376986,-0.6121059825476627
1647,19.0,82,1.0,0.0,0.0,0,0,0,1,0.0,1.0,-0.8978045395707417,-0.44039415155763423
1117,19.0,76,0.1,0.0,0.0,0,0,0,1,0.0,1.0,-0.9680771188662041,-0.2506525322587213
384,18.2,93,0.8,3.5,0.0,0,0,0,1,0.0,1.0,-0.9987165071710528,-0.05064916883871355
470,18.0,94,0.7,1.0,0.0,0,0,0,1,0.7818314824680298,0.6234898018587336,0.0,1.0
454,17.7,92,0.9,0.0,0.0,0,0,0,1,0.7818314824680298,0.6234898018587336,0.20129852008866006,0.9795299412524945
385,17.7,87,1.2,0.0,0.0,0,0,0,1,0.7818314824680298,0.6234898018587336,0.39435585511331855,0.9189578116202306
206,17.5,87,0.5,0.0,0.0,0,0,0,1,0.7818314824680298,0.6234898018587336,0.5712682150947923,0.8207634412072763
144,17.5,84,0.8,0.0,0.0,0,0,0,1,0.7818314824680298,0.6234898018587336,0.72479278722912,0.6889669190756866
296,17.2,87,0.6,0.0,0.0,0,0,0,1,0.7818314824680298,0.6234898018587336,0.8486442574947509,0.5289640103269624
740,16.7,85,1.0,0.0,0.0,0,0,0,1,0.7818314824680298,0.6234898018587336,0.9377521321470804,0.3473052528448203
1573,17.1,77,1.5,0.0,0.0,0,0,0,1,0.7818314824680298,0.6234898018587336,0.9884683243281114,0.1514277775045767
2495,19.0,67,1.1,0.0,0.0,0,0,0,1,0.7818314824680298,0.6234898018587336,0.9987165071710528,-0.05064916883871264
1317,21.1,60,0.9,0.0,0.0,0,0,0,1,0.7818314824680298,0.6234898018587336,0.9680771188662043,-0.2506525322587204
971,22.1,53,1.1,0.0,0.0,0,0,0,1,0.7818314824680298,0.6234898018587336,0.8978045395707416,-0.4403941515576344
1092,22.9,54,2.6,0.0,0.0,0,0,0,1,0.7818314824680298,0.6234898018587336,0.7907757369376989,-0.6121059825476626
1202,24.0,51,1.8,0.0,0.0,0,0,0,1,0.7818314824680298,0.6234898018587336,0.6513724827222223,-0.758758122692791
1215,25.7,46,0.8,0.0,0.0,0,0,0,1,0.7818314824680298,0.6234898018587336,0.48530196253108104,-0.8743466161445821
1246,25.6,45,2.2,0.0,0.0,0,0,0,1,0.7818314824680298,0.6234898018587336,0.29936312297335804,-0.9541392564000488
1427,26.2,42,2.7,0.0,0.0,0,0,0,1,0.7818314824680298,0.6234898018587336,0.10116832198743272,-0.994869323391895
1714,26.2,47,3.8,0.0,0.0,0,0,0,1,0.7818314824680298,0.6234898018587336,-0.10116832198743204,-0.9948693233918952
2270,26.4,47,3.0,0.0,0.0,0,0,0,1,0.7818314824680298,0.6234898018587336,-0.2993631229733582,-0.9541392564000488
3404,24.9,53,3.6,0.0,0.0,0,0,0,1,0.7818314824680298,0.6234898018587336,-0.4853019625310808,-0.8743466161445822
2873,23.1,58,2.4,0.0,0.0,0,0,0,1,0.7818314824680298,0.6234898018587336,-0.651372482722222,-0.7587581226927911
2579,21.6,62,3.3,0.0,0.0,0,0,0,1,0.7818314824680298,0.6234898018587336,-0.7907757369376986,-0.6121059825476627
2505,20.6,70,1.8,0.0,0.0,0,0,0,1,0.7818314824680298,0.6234898018587336,-0.8978045395707417,-0.44039415155763423
2309,20.0,70,1.0,0.0,0.0,0,0,0,1,0.7818314824680298,0.6234898018587336,-0.9680771188662041,-0.2506525322587213
1657,19.5,72,0.6,0.0,0.0,0,0,0,1,0.7818314824680298,0.6234898018587336,-0.9987165071710528,-0.05064916883871355
1274,19.3,76,1.2,0.0,0.0,0,0,0,1,0.9749279121818236,-0.22252093395631434,0.0,1.0
1088,18.9,77,0.7,0.0,0.0,0,0,0,1,0.9749279121818236,-0.22252093395631434,0.20129852008866006,0.9795299412524945
847,18.4,75,0.6,0.0,0.0,0,0,0,1,0.9749279121818236,-0.22252093395631434,0.39435585511331855,0.9189578116202306
591,18.5,73,1.0,0.0,0.0,0,0,0,1,0.9749279121818236,-0.22252093395631434,0.5712682150947923,0.8207634412072763
421,18.7,74,0.9,0.0,0.0,0,0,0,1,0.9749279121818236,-0.22252093395631434,0.72479278722912,0.6889669190756866
290,18.6,76,0.4,0.0,0.0,0,0,0,1,0.9749279121818236,-0.22252093395631434,0.8486442574947509,0.5289640103269624
416,18.7,75,0.9,0.0,0.0,0,0,0,1,0.9749279121818236,-0.22252093395631434,0.9377521321470804,0.3473052528448203
657,19.4,69,0.3,0.0,0.0,0,0,0,1,0.9749279121818236,-0.22252093395631434,0.9884683243281114,0.1514277775045767
959,20.7,65,1.5,0.0,0.0,0,0,0,1,0.9749279121818236,-0.22252093395631434,0.9987165071710528,-0.05064916883871264
1111,22.6,59,1.6,0.0,0.0,0,0,0,1,0.9749279121818236,-0.22252093395631434,0.9680771188662043,-0.2506525322587204
1269,23.0,57,2.2,0.0,0.0,0,0,0,1,0.9749279121818236,-0.22252093395631434,0.8978045395707416,-0.4403941515576344
1478,24.5,51,1.5,0.0,0.0,0,0,0,1,0.9749279121818236,-0.22252093395631434,0.7907757369376989,-0.6121059825476626
1747,24.5,56,2.3,0.0,0.0,0,0,0,1,0.9749279121818236,-0.22252093395631434,0.6513724827222223,-0.758758122692791
1834,24.9,52,1.8,0.0,0.0,0,0,0,1,0.9749279121818236,-0.22252093395631434,0.48530196253108104,-0.8743466161445821
2088,26.6,50,2.4,0.0,0.0,0,0,0,1,0.9749279121818236,-0.22252093395631434,0.29936312297335804,-0.9541392564000488
2288,25.5,50,2.2,0.0,0.0,0,0,0,1,0.9749279121818236,-0.22252093395631434,0.10116832198743272,-0.994869323391895
2474,25.8,50,1.7,0.0,0.0,0,0,0,1,0.9749279121818236,-0.22252093395631434,-0.10116832198743204,-0.9948693233918952
2664,25.6,57,3.3,0.0,0.0,0,0,0,1,0.9749279121818236,-0.22252093395631434,-0.2993631229733582,-0.9541392564000488
2479,23.4,63,3.6,0.0,0.0,0,0,0,1,0.9749279121818236,-0.22252093395631434,-0.4853019625310808,-0.8743466161445822
2404,22.8,64,2.3,0.0,0.0,0,0,0,1,0.9749279121818236,-0.22252093395631434,-0.651372482722222,-0.7587581226927911
2276,22.1,65,1.3,0.0,0.0,0,0,0,1,0.9749279121818236,-0.22252093395631434,-0.7907757369376986,-0.6121059825476627
2166,21.8,67,0.0,0.0,0.0,0,0,0,1,0.9749279121818236,-0.22252093395631434,-0.8978045395707417,-0.44039415155763423
1934,21.6,66,1.2,0.0,0.0,0,0,0,1,0.9749279121818236,-0.22252093395631434,-0.9680771188662041,-0.2506525322587213
1394,21.5,62,0.1,0.0,0.0,0,0,0,1,0.9749279121818236,-0.22252093395631434,-0.9987165071710528,-0.05064916883871355
1047,21.1,69,0.5,0.0,0.0,0,0,0,1,0.43388373911755823,-0.900968867902419,0.0,1.0
715,20.8,72,1.0,0.0,0.0,0,0,0,1,0.43388373911755823,-0.900968867902419,0.20129852008866006,0.9795299412524945
453,20.8,73,0.8,0.0,0.0,0,0,0,1,0.43388373911755823,-0.900968867902419,0.39435585511331855,0.9189578116202306
289,20.8,73,0.7,0.0,0.0,0,0,0,1,0.43388373911755823,-0.900968867902419,0.5712682150947923,0.8207634412072763
193,21.0,72,0.8,0.0,0.0,0,0,0,1,0.43388373911755823,-0.900968867902419,0.72479278722912,0.6889669190756866
154,20.3,84,3.2,0.0,0.0,0,0,0,1,0.43388373911755823,-0.900968867902419,0.8486442574947509,0.5289640103269624
100,19.5,95,1.4,1.5,0.0,0,0,0,1,0.43388373911755823,-0.900968867902419,0.9377521321470804,0.3473052528448203
94,19.4,97,0.9,13.5,0.0,0,0,0,1,0.43388373911755823,-0.900968867902419,0.9884683243281114,0.1514277775045767
187,18.9,97,1.2,11.5,0.0,0,0,0,1,0.43388373911755823,-0.900968867902419,0.9987165071710528,-0.05064916883871264
175,19.1,96,0.6,1.5,0.0,0,0,0,1,0.43388373911755823,-0.900968867902419,0.9680771188662043,-0.2506525322587204
532,19.7,94,1.1,1.0,0.0,0,0,0,1,0.43388373911755823,-0.900968867902419,0.8978045395707416,-0.4403941515576344
735,20.5,79,1.7,0.0,0.0,0,0,0,1,0.43388373911755823,-0.900968867902419,0.7907757369376989,-0.6121059825476626
945,21.2,75,0.7,0.0,0.0,0,0,0,1,0.43388373911755823,-0.900968867902419,0.6513724827222223,-0.758758122692791
1056,22.8,67,1.2,0.0,0.0,0,0,0,1,0.43388373911755823,-0.900968867902419,0.48530196253108104,-0.8743466161445821
1153,23.8,62,1.2,0.0,0.0,0,0,0,1,0.43388373911755823,-0.900968867902419,0.29936312297335804,-0.9541392564000488
1292,24.6,57,1.8,0.0,0.0,0,0,0,1,0.43388373911755823,-0.900968867902419,0.10116832198743272,-0.994869323391895
1550,25.0,56,0.7,0.0,0.0,0,0,0,1,0.43388373911755823,-0.900968867902419,-0.10116832198743204,-0.9948693233918952
1934,24.6,57,1.0,0.0,0.0,0,0,0,1,0.43388373911755823,-0.900968867902419,-0.2993631229733582,-0.9541392564000488
2962,24.0,61,1.5,0.0,0.0,0,0,0,1,0.43388373911755823,-0.900968867902419,-0.4853019625310808,-0.8743466161445822
1856,23.6,63,0.6,0.0,0.0,0,0,0,1,0.43388373911755823,-0.900968867902419,-0.651372482722222,-0.7587581226927911
1557,22.6,74,1.2,0.0,0.0,0,0,0,1,0.43388373911755823,-0.900968867902419,-0.7907757369376986,-0.6121059825476627
1807,22.2,72,1.0,0.0,0.0,0,0,0,1,0.43388373911755823,-0.900968867902419,-0.8978045395707417,-0.44039415155763423
1737,21.8,72,1.0,0.0,0.0,0,0,0,1,0.43388373911755823,-0.900968867902419,-0.9680771188662041,-0.2506525322587213
1295,21.6,68,0.8,0.0,0.0,0,0,0,1,0.43388373911755823,-0.900968867902419,-0.9987165071710528,-0.05064916883871355
986,21.0,70,0.9,0.0,0.0,0,0,0,1,-0.433883739117558,-0.9009688679024191,0.0,1.0
717,20.6,65,1.2,0.0,0.0,0,0,0,1,-0.433883739117558,-0.9009688679024191,0.20129852008866006,0.9795299412524945
403,20.1,67,1.1,0.1,0.0,0,0,0,1,-0.433883739117558,-0.9009688679024191,0.39435585511331855,0.9189578116202306
154,18.8,93,1.0,5.4,0.0,0,0,0,1,-0.433883739117558,-0.9009688679024191,0.5712682150947923,0.8207634412072763
72,18.0,93,1.6,10.5,0.0,0,0,0,1,-0.433883739117558,-0.9009688679024191,0.72479278722912,0.6889669190756866
161,17.4,86,1.1,0.5,0.0,0,0,0,1,-0.433883739117558,-0.9009688679024191,0.8486442574947509,0.5289640103269624
609,17.2,83,1.3,0.0,0.0,0,0,0,1,-0.433883739117558,-0.9009688679024191,0.9377521321470804,0.3473052528448203
1467,18.2,75,1.4,0.0,0.0,0,0,0,1,-0.433883739117558,-0.9009688679024191,0.9884683243281114,0.1514277775045767
2328,18.7,71,1.1,0.0,0.0,0,0,0,1,-0.433883739117558,-0.9009688679024191,0.9987165071710528,-0.05064916883871264
1170,20.1,65,1.4,0.0,0.0,0,0,0,1,-0.433883739117558,-0.9009688679024191,0.9680771188662043,-0.2506525322587204
1004,22.0,56,1.5,0.0,0.0,0,0,0,1,-0.433883739117558,-0.9009688679024191,0.8978045395707416,-0.4403941515576344
1118,22.9,57,1.4,0.0,0.0,0,0,0,1,-0.433883739117558,-0.9009688679024191,0.7907757369376989,-0.6121059825476626
1193,24.4,50,1.6,0.0,0.0,0,0,0,1,-0.433883739117558,-0.9009688679024191,0.6513724827222223,-0.758758122692791
1035,25.3,48,1.8,0.0,0.0,0,0,0,1,-0.433883739117558,-0.9009688679024191,0.48530196253108104,-0.8743466161445821
1027,26.4,43,2.1,0.0,0.0,0,0,0,1,-0.433883739117558,-0.9009688679024191,0.29936312297335804,-0.9541392564000488
1461,26.7,40,1.6,0.0,0.0,0,0,0,1,-0.433883739117558,-0.9009688679024191,0.10116832198743272,-0.994869323391895
1726,26.5,45,1.6,0.0,0.0,0,0,0,1,-0.433883739117558,-0.9009688679024191,-0.10116832198743204,-0.9948693233918952
2460,26.1,45,1.4,0.0,0.0,0,0,0,1,-0.433883739117558,-0.9009688679024191,-0.2993631229733582,-0.9541392564000488
2891,25.9,44,1.5,0.0,0.0,0,0,0,1,-0.433883739117558,-0.9009688679024191,-0.4853019625310808,-0.8743466161445822
2984,24.3,48,1.5,0.0,0.0,0,0,0,1,-0.433883739117558,-0.9009688679024191,-0.651372482722222,-0.7587581226927911
2441,22.6,51,1.3,0.0,0.0,0,0,0,1,-0.433883739117558,-0.9009688679024191,-0.7907757369376986,-0.6121059825476627
2337,21.4,54,1.5,0.0,0.0,0,0,0,1,-0.433883739117558,-0.9009688679024191,-0.8978045395707417,-0.44039415155763423
2155,20.4,54,1.4,0.0,0.0,0,0,0,1,-0.433883739117558,-0.9009688679024191,-0.9680771188662041,-0.2506525322587213
1593,19.6,55,1.4,0.0,0.0,0,0,0,1,-0.433883739117558,-0.9009688679024191,-0.9987165071710528,-0.05064916883871355
1217,19.0,57,1.6,0.0,0.0,0,0,0,1,-0.9749279121818236,-0.2225209339563146,0.0,1.0
1056,18.4,59,1.3,0.0,0.0,0,0,0,1,-0.9749279121818236,-0.2225209339563146,0.20129852008866006,0.9795299412524945
764,17.9,60,0.8,0.0,0.0,0,0,0,1,-0.9749279121818236,-0.2225209339563146,0.39435585511331855,0.9189578116202306
518,17.4,61,1.2,0.0,0.0,0,0,0,1,-0.9749279121818236,-0.2225209339563146,0.5712682150947923,0.8207634412072763
317,16.9,63,1.0,0.0,0.0,0,0,0,1,-0.9749279121818236,-0.2225209339563146,0.72479278722912,0.6889669190756866
277,16.6,65,1.2,0.0,0.0,0,0,0,1,-0.9749279121818236,-0.2225209339563146,0.8486442574947509,0.5289640103269624
381,16.3,66,0.7,0.0,0.0,0,0,0,1,-0.9749279121818236,-0.2225209339563146,0.9377521321470804,0.3473052528448203
583,17.0,60,1.1,0.0,0.0,0,0,0,1,-0.9749279121818236,-0.2225209339563146,0.9884683243281114,0.1514277775045767
892,18.7,57,1.0,0.0,0.0,0,0,0,1,-0.9749279121818236,-0.2225209339563146,0.9987165071710528,-0.05064916883871264
1144,20.4,54,1.5,0.0,0.0,0,0,0,1,-0.9749279121818236,-0.2225209339563146,0.9680771188662043,-0.2506525322587204
1166,21.8,46,0.9,0.0,0.0,0,0,0,1,-0.9749279121818236,-0.2225209339563146,0.8978045395707416,-0.4403941515576344
1330,23.4,46,1.6,0.0,0.0,0,0,0,1,-0.9749279121818236,-0.2225209339563146,0.7907757369376989,-0.6121059825476626
1525,24.8,43,1.2,0.0,0.0,0,0,0,1,-0.9749279121818236,-0.2225209339563146,0.6513724827222223,-0.758758122692791
1704,26.2,37,1.2,0.0,0.0,0,0,0,1,-0.9749279121818236,-0.2225209339563146,0.48530196253108104,-0.8743466161445821
1783,27.1,40,1.8,0.0,0.0,0,0,0,1,-0.9749279121818236,-0.2225209339563146,0.29936312297335804,-0.9541392564000488
1861,27.8,41,1.6,0.0,0.0,0,0,0,1,-0.9749279121818236,-0.2225209339563146,0.10116832198743272,-0.994869323391895
1991,28.3,41,2.6,0.0,0.0,0,0,0,1,-0.9749279121818236,-0.2225209339563146,-0.10116832198743204,-0.9948693233918952
2383,28.4,43,2.0,0.0,0.0,0,0,0,1,-0.9749279121818236,-0.2225209339563146,-0.2993631229733582,-0.9541392564000488
2451,28.0,46,2.3,0.0,0.0,0,0,0,1,-0.9749279121818236,-0.2225209339563146,-0.4853019625310808,-0.8743466161445822
2475,27.2,48,1.4,0.0,0.0,0,0,0,1,-0.9749279121818236,-0.2225209339563146,-0.651372482722222,-0.7587581226927911
2497,25.0,60,2.4,0.0,0.0,0,0,0,1,-0.9749279121818236,-0.2225209339563146,-0.7907757369376986,-0.6121059825476627
2435,23.7,64,1.7,0.0,0.0,0,0,0,1,-0.9749279121818236,-0.2225209339563146,-0.8978045395707417,-0.44039415155763423
1995,22.8,69,1.7,0.0,0.0,0,0,0,1,-0.9749279121818236,-0.2225209339563146,-0.9680771188662041,-0.2506525322587213
1615,22.1,73,1.6,0.0,0.0,0,0,0,1,-0.9749279121818236,-0.2225209339563146,-0.9987165071710528,-0.05064916883871355
1394,21.5,76,1.4,0.0,0.0,0,0,0,1,-0.7818314824680299,0.6234898018587334,0.0,1.0
929,20.9,79,2.0,0.0,0.0,0,0,0,1,-0.7818314824680299,0.6234898018587334,0.20129852008866006,0.9795299412524945
755,20.5,76,1.1,0.0,0.0,0,0,0,1,-0.7818314824680299,0.6234898018587334,0.39435585511331855,0.9189578116202306
491,19.9,80,1.6,0.0,0.0,0,0,0,1,-0.7818314824680299,0.6234898018587334,0.5712682150947923,0.8207634412072763
304,19.4,82,0.9,0.0,0.0,0,0,0,1,-0.7818314824680299,0.6234898018587334,0.72479278722912,0.6889669190756866
238,19.0,85,0.8,0.0,0.0,0,0,0,1,-0.7818314824680299,0.6234898018587334,0.8486442574947509,0.5289640103269624
324,18.9,83,0.3,0.0,0.0,0,0,0,1,-0.7818314824680299,0.6234898018587334,0.9377521321470804,0.3473052528448203
475,19.6,75,0.9,0.0,0.0,0,0,0,1,-0.7818314824680299,0.6234898018587334,0.9884683243281114,0.1514277775045767
715,21.1,70,0.3,0.0,0.0,0,0,0,1,-0.7818314824680299,0.6234898018587334,0.9987165071710528,-0.05064916883871264
944,22.5,66,1.2,0.0,0.0,0,0,0,1,-0.7818314824680299,0.6234898018587334,0.9680771188662043,-0.2506525322587204
953,23.0,66,1.1,0.0,0.0,0,0,0,1,-0.7818314824680299,0.6234898018587334,0.8978045395707416,-0.4403941515576344
1146,23.6,63,0.7,0.0,0.0,0,0,0,1,-0.7818314824680299,0.6234898018587334,0.7907757369376989,-0.6121059825476626
1422,24.8,56,0.9,0.0,0.0,0,0,0,1,-0.7818314824680299,0.6234898018587334,0.6513724827222223,-0.758758122692791
1563,25.7,52,1.1,0.0,0.0,0,0,0,1,-0.7818314824680299,0.6234898018587334,0.48530196253108104,-0.8743466161445821
1709,26.8,44,1.6,0.0,0.0,0,0,0,1,-0.7818314824680299,0.6234898018587334,0.29936312297335804,-0.9541392564000488
1979,27.3,51,2.6,0.0,0.0,0,0,0,1,-0.7818314824680299,0.6234898018587334,0.10116832198743272,-0.994869323391895
2235,26.6,51,2.2,0.0,0.0,0,0,0,1,-0.7818314824680299,0.6234898018587334,-0.10116832198743204,-0.9948693233918952
2330,25.6,58,3.3,0.0,0.0,0,0,0,1,-0.7818314824680299,0.6234898018587334,-0.2993631229733582,-0.9541392564000488
2474,25.0,59,3.4,0.0,0.0,0,0,0,1,-0.7818314824680299,0.6234898018587334,-0.4853019625310808,-0.8743466161445822
2481,24.2,62,1.9,0.0,0.0,0,0,0,1,-0.7818314824680299,0.6234898018587334,-0.651372482722222,-0.7587581226927911
2429,23.1,67,2.1,0.0,0.0,0,0,0,1,-0.7818314824680299,0.6234898018587334,-0.7907757369376986,-0.6121059825476627
2055,22.7,66,0.9,0.0,0.0,0,0,0,1,-0.7818314824680299,0.6234898018587334,-0.8978045395707417,-0.44039415155763423
1819,22.2,70,0.5,0.0,0.0,0,0,0,1,-0.7818314824680299,0.6234898018587334,-0.9680771188662041,-0.2506525322587213
1323,21.7,74,1.4,0.0,0.0,0,0,0,1,-0.7818314824680299,0.6234898018587334,-0.9987165071710528,-0.05064916883871355
917,21.3,74,1.4,0.0,0.0,0,0,0,1,0.0,1.0,0.0,1.0
547,21.0,74,0.5,0.0,0.0,0,0,0,1,0.0,1.0,0.20129852008866006,0.9795299412524945
436,20.7,76,0.3,0.0,0.0,0,0,0,1,0.0,1.0,0.39435585511331855,0.9189578116202306
202,20.5,77,0.5,0.0,0.0,0,0,0,1,0.0,1.0,0.5712682150947923,0.8207634412072763
164,20.2,78,0.7,0.0,0.0,0,0,0,1,0.0,1.0,0.72479278722912,0.6889669190756866
383,20.0,80,0.3,0.0,0.0,0,0,0,1,0.0,1.0,0.8486442574947509,0.5289640103269624
779,20.0,78,0.4,0.0,0.0,0,0,0,1,0.0,1.0,0.9377521321470804,0.3473052528448203
1590,20.6,76,0.5,0.0,0.0,0,0,0,1,0.0,1.0,0.9884683243281114,0.1514277775045767
2357,22.7,65,0.7,0.0,0.0,0,0,0,1,0.0,1.0,0.9987165071710528,-0.05064916883871264
1263,24.7,59,1.1,0.0,0.0,0,0,0,1,0.0,1.0,0.9680771188662043,-0.2506525322587204
822,26.1,53,0.9,0.0,0.0,0,0,0,1,0.0,1.0,0.8978045395707416,-0.4403941515576344
915,27.3,45,2.4,0.0,0.0,0,0,0,1,0.0,1.0,0.7907757369376989,-0.6121059825476626
988,28.4,45,2.2,0.0,0.0,0,0,0,1,0.0,1.0,0.6513724827222223,-0.758758122692791
938,29.4,42,1.7,0.0,0.0,0,0,0,1,0.0,1.0,0.48530196253108104,-0.8743466161445821
997,29.8,36,2.0,0.0,0.0,0,0,0,1,0.0,1.0,0.29936312297335804,-0.9541392564000488
1177,30.5,34,2.8,0.0,0.0,0,0,0,1,0.0,1.0,0.10116832198743272,-0.994869323391895
1401,30.5,34,2.9,0.0,0.0,0,0,0,1,0.0,1.0,-0.10116832198743204,-0.9948693233918952
2040,29.5,36,3.7,0.0,0.0,0,0,0,1,0.0,1.0,-0.2993631229733582,-0.9541392564000488
746,29.2,35,2.7,0.0,0.0,0,0,0,1,0.0,1.0,-0.4853019625310808,-0.8743466161445822
1557,28.1,38,2.6,0.0,0.0,0,0,0,1,0.0,1.0,-0.651372482722222,-0.7587581226927911
2515,25.7,43,2.1,0.0,0.0,0,0,0,1,0.0,1.0,-0.7907757369376986,-0.6121059825476627
1702,23.8,48,2.0,0.0,0.0,0,0,0,1,0.0,1.0,-0.8978045395707417,-0.44039415155763423
1373,22.9,56,1.3,0.0,0.0,0,0,0,1,0.0,1.0,-0.9680771188662041,-0.2506525322587213
1732,22.3,59,1.1,0.0,0.0,0,0,0,1,0.0,1.0,-0.9987165071710528,-0.05064916883871355
1055,21.5,63,1.0,0.0,0.0,0,0,0,1,0.7818314824680298,0.6234898018587336,0.0,1.0
766,20.9,66,0.8,0.0,0.0,0,0,0,1,0.7818314824680298,0.6234898018587336,0.20129852008866006,0.9795299412524945
527,20.2,71,1.2,0.0,0.0,0,0,0,1,0.7818314824680298,0.6234898018587336,0.39435585511331855,0.9189578116202306
369,19.9,69,1.4,0.0,0.0,0,0,0,1,0.7818314824680298,0.6234898018587336,0.5712682150947923,0.8207634412072763
268,19.7,73,1.6,0.0,0.0,0,0,0,1,0.7818314824680298,0.6234898018587336,0.72479278722912,0.6889669190756866
317,19.4,77,0.8,0.0,0.0,0,0,0,1,0.7818314824680298,0.6234898018587336,0.8486442574947509,0.5289640103269624
746,19.1,75,0.4,0.0,0.0,0,0,0,1,0.7818314824680298,0.6234898018587336,0.9377521321470804,0.3473052528448203
1616,19.9,72,0.6,0.0,0.0,0,0,0,1,0.7818314824680298,0.6234898018587336,0.9884683243281114,0.1514277775045767
2430,21.1,66,1.0,0.0,0.0,0,0,0,1,0.7818314824680298,0.6234898018587336,0.9987165071710528,-0.05064916883871264
1381,22.4,62,0.9,0.0,0.0,0,0,0,1,0.7818314824680298,0.6234898018587336,0.9680771188662043,-0.2506525322587204
937,23.7,56,1.6,0.0,0.0,0,0,0,1,0.7818314824680298,0.6234898018587336,0.8978045395707416,-0.4403941515576344
1014,24.6,53,1.4,0.0,0.0,0,0,0,1,0.7818314824680298,0.6234898018587336,0.7907757369376989,-0.6121059825476626
1224,25.8,48,1.5,0.0,0.0,0,0,0,1,0.7818314824680298,0.6234898018587336,0.6513724827222223,-0.758758122692791
1230,26.6,46,2.9,0.0,0.0,0,0,0,1,0.7818314824680298,0.6234898018587336,0.48530196253108104,-0.8743466161445821
1258,27.2,44,2.9,0.0,0.0,0,0,0,1,0.7818314824680298,0.6234898018587336,0.29936312297335804,-0.9541392564000488
1363,26.7,42,2.6,0.0,0.0,0,0,0,1,0.7818314824680298,0.6234898018587336,0.10116832198743272,-0.994869323391895
1700,26.1,46,3.0,0.0,0.0,0,0,0,1,0.7818314824680298,0.6234898018587336,-0.10116832198743204,-0.9948693233918952
2328,25.1,51,2.4,0.0,0.0,0,0,0,1,0.7818314824680298,0.6234898018587336,-0.2993631229733582,-0.9541392564000488
3556,24.1,57,2.9,0.0,0.0,0,0,0,1,0.7818314824680298,0.6234898018587336,-0.4853019625310808,-0.8743466161445822
2809,23.3,59,2.6,0.0,0.0,0,0,0,1,0.7818314824680298,0.6234898018587336,-0.651372482722222,-0.7587581226927911
2525,22.4,62,2.2,0.0,0.0,0,0,0,1,0.7818314824680298,0.6234898018587336,-0.7907757369376986,-0.6121059825476627
2378,21.6,66,2.4,0.0,0.0,0,0,0,1,0.7818314824680298,0.6234898018587336,-0.8978045395707417,-0.44039415155763423
2096,20.8,71,2.1,0.0,0.0,0,0,0,1,0.7818314824680298,0.6234898018587336,-0.9680771188662041,-0.2506525322587213
1456,20.1,73,1.9,0.0,0.0,0,0,0,1,0.7818314824680298,0.6234898018587336,-0.9987165071710528,-0.05064916883871355
1030,19.7,71,2.0,0.0,0.0,0,0,0,1,0.9749279121818236,-0.22252093395631434,0.0,1.0
803,19.6,73,1.4,0.0,0.0,0,0,0,1,0.9749279121818236,-0.22252093395631434,0.20129852008866006,0.9795299412524945
576,19.6,78,0.8,0.0,0.0,0,0,0,1,0.9749279121818236,-0.22252093395631434,0.39435585511331855,0.9189578116202306
340,19.4,79,0.8,0.0,0.0,0,0,0,1,0.9749279121818236,-0.22252093395631434,0.5712682150947923,0.8207634412072763
249,19.1,82,1.5,0.0,0.0,0,0,0,1,0.9749279121818236,-0.22252093395631434,0.72479278722912,0.6889669190756866
336,19.1,83,2.0,0.0,0.0,0,0,0,1,0.9749279121818236,-0.22252093395631434,0.8486442574947509,0.5289640103269624
714,19.4,83,1.6,0.0,0.0,0,0,0,1,0.9749279121818236,-0.22252093395631434,0.9377521321470804,0.3473052528448203
1629,20.0,77,1.7,0.0,0.0,0,0,0,1,0.9749279121818236,-0.22252093395631434,0.9884683243281114,0.1514277775045767
2440,20.6,77,1.2,0.0,0.0,0,0,0,1,0.9749279121818236,-0.22252093395631434,0.9987165071710528,-0.05064916883871264
1401,21.1,73,2.0,0.0,0.0,0,0,0,1,0.9749279121818236,-0.22252093395631434,0.9680771188662043,-0.2506525322587204
1002,22.2,70,3.1,0.0,0.0,0,0,0,1,0.9749279121818236,-0.22252093395631434,0.8978045395707416,-0.4403941515576344
1100,23.7,56,2.4,0.0,0.0,0,0,0,1,0.9749279121818236,-0.22252093395631434,0.7907757369376989,-0.6121059825476626
1252,25.2,53,3.3,0.0,0.0,0,0,0,1,0.9749279121818236,-0.22252093395631434,0.6513724827222223,-0.758758122692791
1184,26.2,51,3.2,0.0,0.0,0,0,0,1,0.9749279121818236,-0.22252093395631434,0.48530196253108104,-0.8743466161445821
1158,27.5,47,2.7,0.0,0.0,0,0,0,1,0.9749279121818236,-0.22252093395631434,0.29936312297335804,-0.9541392564000488
1266,27.9,45,3.6,0.0,0.0,0,0,0,1,0.9749279121818236,-0.22252093395631434,0.10116832198743272,-0.994869323391895
1600,28.2,48,3.9,0.0,0.0,0,0,0,1,0.9749279121818236,-0.22252093395631434,-0.10116832198743204,-0.9948693233918952
2289,28.0,50,3.2,0.0,0.0,0,0,0,1,0.9749279121818236,-0.22252093395631434,-0.2993631229733582,-0.9541392564000488
3384,27.0,55,3.1,0.0,0.0,0,0,0,1,0.9749279121818236,-0.22252093395631434,-0.4853019625310808,-0.8743466161445822
2741,25.6,61,2.7,0.0,0.0,0,0,0,1,0.9749279121818236,-0.22252093395631434,-0.651372482722222,-0.7587581226927911
2519,23.3,68,3.6,0.0,0.0,0,0,0,1,0.9749279121818236,-0.22252093395631434,-0.7907757369376986,-0.6121059825476627
2246,21.6,74,3.3,0.0,0.0,0,0,0,1,0.9749279121818236,-0.22252093395631434,-0.8978045395707417,-0.44039415155763423
1979,20.6,78,3.0,0.0,0.0,0,0,0,1,0.9749279121818236,-0.22252093395631434,-0.9680771188662041,-0.2506525322587213
1401,20.1,82,3.6,0.0,0.0,0,0,0,1,0.9749279121818236,-0.22252093395631434,-0.9987165071710528,-0.05064916883871355
1083,20.0,83,2.6,0.0,0.0,0,0,0,1,0.43388373911755823,-0.900968867902419,0.0,1.0
794,20.1,82,1.2,0.0,0.0,0,0,0,1,0.43388373911755823,-0.900968867902419,0.20129852008866006,0.9795299412524945
539,20.2,82,0.9,0.0,0.0,0,0,0,1,0.43388373911755823,-0.900968867902419,0.39435585511331855,0.9189578116202306
394,20.0,83,1.7,0.0,0.0,0,0,0,1,0.43388373911755823,-0.900968867902419,0.5712682150947923,0.8207634412072763
215,19.6,87,1.2,0.0,0.0,0,0,0,1,0.43388373911755823,-0.900968867902419,0.72479278722912,0.6889669190756866
308,19.4,82,2.1,0.0,0.0,0,0,0,1,0.43388373911755823,-0.900968867902419,0.8486442574947509,0.5289640103269624
709,19.5,80,1.6,0.0,0.0,0,0,0,1,0.43388373911755823,-0.900968867902419,0.9377521321470804,0.3473052528448203
1543,19.9,74,1.7,0.0,0.0,0,0,0,1,0.43388373911755823,-0.900968867902419,0.9884683243281114,0.1514277775045767
2370,21.4,65,1.9,0.0,0.0,0,0,0,1,0.43388373911755823,-0.900968867902419,0.9987165071710528,-0.05064916883871264
1360,22.7,59,2.0,0.0,0.0,0,0,0,1,0.43388373911755823,-0.900968867902419,0.9680771188662043,-0.2506525322587204
922,23.9,57,2.1,0.0,0.0,0,0,0,1,0.43388373911755823,-0.900968867902419,0.8978045395707416,-0.4403941515576344
1066,25.5,57,1.8,0.0,0.0,0,0,0,1,0.43388373911755823,-0.900968867902419,0.7907757369376989,-0.6121059825476626
1197,26.4,46,1.4,0.0,0.0,0,0,0,1,0.43388373911755823,-0.900968867902419,0.6513724827222223,-0.758758122692791
1147,27.3,33,3.4,0.0,0.0,0,0,0,1,0.43388373911755823,-0.900968867902419,0.48530196253108104,-0.8743466161445821
1152,28.0,39,2.6,0.0,0.0,0,0,0,1,0.43388373911755823,-0.900968867902419,0.29936312297335804,-0.9541392564000488
1276,28.3,40,3.2,0.0,0.0,0,0,0,1,0.43388373911755823,-0.900968867902419,0.10116832198743272,-0.994869323391895
1473,28.5,42,3.1,0.0,0.0,0,0,0,1,0.43388373911755823,-0.900968867902419,-0.10116832198743204,-0.9948693233918952
2176,28.4,43,3.3,0.0,0.0,0,0,0,1,0.43388373911755823,-0.900968867902419,-0.2993631229733582,-0.9541392564000488
3418,27.8,43,3.0,0.0,0.0,0,0,0,1,0.43388373911755823,-0.900968867902419,-0.4853019625310808,-0.8743466161445822
2811,26.9,42,2.4,0.0,0.0,0,0,0,1,0.43388373911755823,-0.900968867902419,-0.651372482722222,-0.7587581226927911
2556,25.1,55,2.3,0.0,0.0,0,0,0,1,0.43388373911755823,-0.900968867902419,-0.7907757369376986,-0.6121059825476627
2436,23.8,63,1.5,0.0,0.0,0,0,0,1,0.43388373911755823,-0.900968867902419,-0.8978045395707417,-0.44039415155763423
2179,22.8,67,2.1,0.0,0.0,0,0,0,1,0.43388373911755823,-0.900968867902419,-0.9680771188662041,-0.2506525322587213
1497,21.9,59,2.6,0.0,0.0,0,0,0,1,0.43388373911755823,-0.900968867902419,-0.9987165071710528,-0.05064916883871355
1137,20.7,67,1.9,0.0,0.0,0,0,0,1,-0.433883739117558,-0.9009688679024191,0.0,1.0
912,20.2,75,1.4,0.0,0.0,0,0,0,1,-0.433883739117558,-0.9009688679024191,0.20129852008866006,0.9795299412524945
602,19.8,80,1.5,0.0,0.0,0,0,0,1,-0.433883739117558,-0.9009688679024191,0.39435585511331855,0.9189578116202306
413,19.3,85,1.6,0.0,0.0,0,0,0,1,-0.433883739117558,-0.9009688679024191,0.5712682150947923,0.8207634412072763
268,19.1,86,1.4,0.0,0.0,0,0,0,1,-0.433883739117558,-0.9009688679024191,0.72479278722912,0.6889669190756866
336,18.6,85,1.0,0.0,0.0,0,0,0,1,-0.433883739117558,-0.9009688679024191,0.8486442574947509,0.5289640103269624
710,18.2,83,0.6,0.0,0.0,0,0,0,1,-0.433883739117558,-0.9009688679024191,0.9377521321470804,0.3473052528448203
1529,18.8,66,1.1,0.0,0.0,0,0,0,1,-0.433883739117558,-0.9009688679024191,0.9884683243281114,0.1514277775045767
2283,21.9,58,1.2,0.0,0.0,0,0,0,1,-0.433883739117558,-0.9009688679024191,0.9987165071710528,-0.05064916883871264
1284,24.2,47,1.2,0.0,0.0,0,0,0,1,-0.433883739117558,-0.9009688679024191,0.9680771188662043,-0.2506525322587204
902,26.3,34,0.9,0.0,0.0,0,0,0,1,-0.433883739117558,-0.9009688679024191,0.8978045395707416,-0.4403941515576344
1020,28.1,35,1.3,0.0,0.0,0,0,0,1,-0.433883739117558,-0.9009688679024191,0.7907757369376989,-0.6121059825476626
1116,29.8,28,1.3,0.0,0.0,0,0,0,1,-0.433883739117558,-0.9009688679024191,0.6513724827222223,-0.758758122692791
1073,30.6,26,1.2,0.0,0.0,0,0,0,1,-0.433883739117558,-0.9009688679024191,0.48530196253108104,-0.8743466161445821
1087,31.6,25,2.3,0.0,0.0,0,0,0,1,-0.433883739117558,-0.9009688679024191,0.29936312297335804,-0.9541392564000488
1203,31.9,23,1.8,0.0,0.0,0,0,0,1,-0.433883739117558,-0.9009688679024191,0.10116832198743272,-0.994869323391895
1466,30.8,31,3.8,0.0,0.0,0,0,0,1,-0.433883739117558,-0.9009688679024191,-0.10116832198743204,-0.9948693233918952
2146,30.4,28,2.9,0.0,0.0,0,0,0,1,-0.433883739117558,-0.9009688679024191,-0.2993631229733582,-0.9541392564000488
3365,29.3,27,3.4,0.0,0.0,0,0,0,1,-0.433883739117558,-0.9009688679024191,-0.4853019625310808,-0.8743466161445822
2732,27.1,32,3.5,0.0,0.0,0,0,0,1,-0.433883739117558,-0.9009688679024191,-0.651372482722222,-0.7587581226927911
2493,25.4,31,2.5,0.0,0.0,0,0,0,1,-0.433883739117558,-0.9009688679024191,-0.7907757369376986,-0.6121059825476627
2251,24.2,32,1.5,0.0,0.0,0,0,0,1,-0.433883739117558,-0.9009688679024191,-0.8978045395707417,-0.44039415155763423
2103,23.3,32,1.1,0.0,0.0,0,0,0,1,-0.433883739117558,-0.9009688679024191,-0.9680771188662041,-0.2506525322587213
1648,22.9,34,1.1,0.0,0.0,0,0,0,1,-0.433883739117558,-0.9009688679024191,-0.9987165071710528,-0.05064916883871355
1322,22.7,36,1.5,0.0,0.0,0,0,0,1,-0.9749279121818236,-0.2225209339563146,0.0,1.0
1073,22.5,39,1.1,0.0,0.0,0,0,0,1,-0.9749279121818236,-0.2225209339563146,0.20129852008866006,0.9795299412524945
818,22.3,37,1.8,0.0,0.0,0,0,0,1,-0.9749279121818236,-0.2225209339563146,0.39435585511331855,0.9189578116202306
540,22.0,42,0.2,0.0,0.0,0,0,0,1,-0.9749279121818236,-0.2225209339563146,0.5712682150947923,0.8207634412072763
375,21.6,47,0.4,0.0,0.0,0,0,0,1,-0.9749279121818236,-0.2225209339563146,0.72479278722912,0.6889669190756866
339,21.1,48,0.3,0.0,0.0,0,0,0,1,-0.9749279121818236,-0.2225209339563146,0.8486442574947509,0.5289640103269624
417,21.0,48,0.6,0.0,0.0,0,0,0,1,-0.9749279121818236,-0.2225209339563146,0.9377521321470804,0.3473052528448203
622,21.3,44,0.5,0.0,0.0,0,0,0,1,-0.9749279121818236,-0.2225209339563146,0.9884683243281114,0.1514277775045767
934,22.6,42,0.7,0.0,0.0,0,0,0,1,-0.9749279121818236,-0.2225209339563146,0.9987165071710528,-0.05064916883871264
1072,24.3,37,1.1,0.0,0.0,0,0,0,1,-0.9749279121818236,-0.2225209339563146,0.9680771188662043,-0.2506525322587204
1064,25.8,35,1.5,0.0,0.0,0,0,0,1,-0.9749279121818236,-0.2225209339563146,0.8978045395707416,-0.4403941515576344
1229,27.5,31,1.9,0.0,0.0,0,0,0,1,-0.9749279121818236,-0.2225209339563146,0.7907757369376989,-0.6121059825476626
1374,28.4,31,2.7,0.0,0.0,0,0,0,1,-0.9749279121818236,-0.2225209339563146,0.6513724827222223,-0.758758122692791
1483,27.9,41,3.9,0.0,0.0,0,0,0,1,-0.9749279121818236,-0.2225209339563146,0.48530196253108104,-0.8743466161445821
1445,28.0,46,3.6,0.0,0.0,0,0,0,1,-0.9749279121818236,-0.2225209339563146,0.29936312297335804,-0.9541392564000488
1589,28.4,43,3.1,0.0,0.0,0,0,0,1,-0.9749279121818236,-0.2225209339563146,0.10116832198743272,-0.994869323391895
1837,28.3,48,3.1,0.0,0.0,0,0,0,1,-0.9749279121818236,-0.2225209339563146,-0.10116832198743204,-0.9948693233918952
2101,28.1,49,3.2,0.0,0.0,0,0,0,1,-0.9749279121818236,-0.2225209339563146,-0.2993631229733582,-0.9541392564000488
2256,26.3,55,3.2,0.0,0.0,0,0,0,1,-0.9749279121818236,-0.2225209339563146,-0.4853019625310808,-0.8743466161445822
2288,25.7,59,2.8,0.0,0.0,0,0,0,1,-0.9749279121818236,-0.2225209339563146,-0.651372482722222,-0.7587581226927911
2262,24.6,65,2.1,0.0,0.0,0,0,0,1,-0.9749279121818236,-0.2225209339563146,-0.7907757369376986,-0.6121059825476627
2175,23.8,68,2.2,0.0,0.0,0,0,0,1,-0.9749279121818236,-0.2225209339563146,-0.8978045395707417,-0.44039415155763423
1932,23.0,74,2.4,0.0,0.0,0,0,0,1,-0.9749279121818236,-0.2225209339563146,-0.9680771188662041,-0.2506525322587213
1402,22.5,77,2.7,0.0,0.0,0,0,0,1,-0.9749279121818236,-0.2225209339563146,-0.9987165071710528,-0.05064916883871355
849,22.0,81,1.6,0.0,0.0,0,0,0,1,-0.7818314824680299,0.6234898018587334,0.0,1.0
545,21.5,83,1.3,0.0,0.0,0,0,0,1,-0.7818314824680299,0.6234898018587334,0.20129852008866006,0.9795299412524945
1254,20.9,87,1.8,0.0,0.0,0,0,0,1,-0.7818314824680299,0.6234898018587334,0.39435585511331855,0.9189578116202306
644,20.6,91,0.8,0.0,0.0,0,0,0,1,-0.7818314824680299,0.6234898018587334,0.5712682150947923,0.8207634412072763
286,20.5,90,0.8,0.0,0.0,0,0,0,1,-0.7818314824680299,0.6234898018587334,0.72479278722912,0.6889669190756866
235,20.3,87,1.0,0.0,0.0,0,0,0,1,-0.7818314824680299,0.6234898018587334,0.8486442574947509,0.5289640103269624
258,20.2,87,2.0,0.0,0.0,0,0,0,1,-0.7818314824680299,0.6234898018587334,0.9377521321470804,0.3473052528448203
369,20.5,82,0.8,0.0,0.0,0,0,0,1,-0.7818314824680299,0.6234898018587334,0.9884683243281114,0.1514277775045767
561,21.3,78,0.7,0.0,0.0,0,0,0,1,-0.7818314824680299,0.6234898018587334,0.9987165071710528,-0.05064916883871264
734,23.1,68,1.9,0.0,0.0,0,0,0,1,-0.7818314824680299,0.6234898018587334,0.9680771188662043,-0.2506525322587204
763,25.0,60,1.5,0.0,0.0,0,0,0,1,-0.7818314824680299,0.6234898018587334,0.8978045395707416,-0.4403941515576344
870,27.1,52,2.1,0.0,0.0,0,0,0,1,-0.7818314824680299,0.6234898018587334,0.7907757369376989,-0.6121059825476626
1042,28.9,40,2.3,0.0,0.0,0,0,0,1,-0.7818314824680299,0.6234898018587334,0.6513724827222223,-0.758758122692791
1062,30.6,31,2.7,0.0,0.0,0,0,0,1,-0.7818314824680299,0.6234898018587334,0.48530196253108104,-0.8743466161445821
1064,31.6,34,2.9,0.0,0.0,0,0,0,1,-0.7818314824680299,0.6234898018587334,0.29936312297335804,-0.9541392564000488
1213,31.8,31,3.4,0.0,0.0,0,0,0,1,-0.7818314824680299,0.6234898018587334,0.10116832198743272,-0.994869323391895
1471,31.3,32,3.2,0.0,0.0,0,0,0,1,-0.7818314824680299,0.6234898018587334,-0.10116832198743204,-0.9948693233918952
1754,30.9,34,2.5,0.0,0.0,0,0,0,1,-0.7818314824680299,0.6234898018587334,-0.2993631229733582,-0.9541392564000488
2094,29.8,35,3.3,0.0,0.0,0,0,0,1,-0.7818314824680299,0.6234898018587334,-0.4853019625310808,-0.8743466161445822
2290,27.8,41,2.7,0.0,0.0,0,0,0,1,-0.7818314824680299,0.6234898018587334,-0.651372482722222,-0.7587581226927911
2387,26.1,49,1.9,0.0,0.0,0,0,0,1,-0.7818314824680299,0.6234898018587334,-0.7907757369376986,-0.6121059825476627
2153,24.5,71,1.7,0.0,0.0,0,0,0,1,-0.7818314824680299,0.6234898018587334,-0.8978045395707417,-0.44039415155763423
1801,23.9,72,0.8,0.0,0.0,0,0,0,1,-0.7818314824680299,0.6234898018587334,-0.9680771188662041,-0.2506525322587213
1329,23.3,75,2.0,0.0,0.0,0,0,0,1,-0.7818314824680299,0.6234898018587334,-0.9987165071710528,-0.05064916883871355
962,22.9,79,0.6,0.0,0.0,0,0,0,1,0.0,1.0,0.0,1.0
585,22.5,80,1.1,0.0,0.0,0,0,0,1,0.0,1.0,0.20129852008866006,0.9795299412524945
424,22.3,80,0.8,0.0,0.0,0,0,0,1,0.0,1.0,0.39435585511331855,0.9189578116202306
264,22.0,83,0.5,0.0,0.0,0,0,0,1,0.0,1.0,0.5712682150947923,0.8207634412072763
199,21.8,82,0.7,0.0,0.0,0,0,0,1,0.0,1.0,0.72479278722912,0.6889669190756866
338,21.5,84,0.3,0.0,0.0,0,0,0,1,0.0,1.0,0.8486442574947509,0.5289640103269624
785,21.3,81,0.7,0.0,0.0,0,0,0,1,0.0,1.0,0.9377521321470804,0.3473052528448203
1620,22.1,74,0.3,0.0,0.0,0,0,0,1,0.0,1.0,0.9884683243281114,0.1514277775045767
2331,23.8,66,0.9,0.0,0.0,0,0,0,1,0.0,1.0,0.9987165071710528,-0.05064916883871264
1293,25.4,61,1.0,0.0,0.0,0,0,0,1,0.0,1.0,0.9680771188662043,-0.2506525322587204
878,26.4,55,0.9,0.0,0.0,0,0,0,1,0.0,1.0,0.8978045395707416,-0.4403941515576344
968,27.8,46,1.3,0.0,0.0,0,0,0,1,0.0,1.0,0.7907757369376989,-0.6121059825476626
1039,29.8,42,2.1,0.0,0.0,0,0,0,1,0.0,1.0,0.6513724827222223,-0.758758122692791
1073,31.2,36,2.0,0.0,0.0,0,0,0,1,0.0,1.0,0.48530196253108104,-0.8743466161445821
1016,32.3,35,1.8,0.0,0.0,0,0,0,1,0.0,1.0,0.29936312297335804,-0.9541392564000488
1184,32.7,31,1.7,0.0,0.0,0,0,0,1,0.0,1.0,0.10116832198743272,-0.994869323391895
1407,32.2,39,2.8,0.0,0.0,0,0,0,1,0.0,1.0,-0.10116832198743204,-0.9948693233918952
2008,31.5,42,2.3,0.0,0.0,0,0,0,1,0.0,1.0,-0.2993631229733582,-0.9541392564000488
3238,30.7,43,1.6,0.0,0.0,0,0,0,1,0.0,1.0,-0.4853019625310808,-0.8743466161445822
2779,29.8,45,1.5,0.0,0.0,0,0,0,1,0.0,1.0,-0.651372482722222,-0.7587581226927911
2456,28.8,54,1.1,0.0,0.0,0,0,0,1,0.0,1.0,-0.7907757369376986,-0.6121059825476627
2372,27.9,55,0.5,0.0,0.0,0,0,0,1,0.0,1.0,-0.8978045395707417,-0.44039415155763423
2046,27.4,55,0.3,0.0,0.0,0,0,0,1,0.0,1.0,-0.9680771188662041,-0.2506525322587213
1437,27.2,55,0.7,0.0,0.0,0,0,0,1,0.0,1.0,-0.9987165071710528,-0.05064916883871355
1052,26.9,61,1.5,0.0,0.0,0,0,0,1,0.7818314824680298,0.6234898018587336,0.0,1.0
783,26.7,50,1.8,0.0,0.0,0,0,0,1,0.7818314824680298,0.6234898018587336,0.20129852008866006,0.9795299412524945
524,26.1,51,1.7,0.0,0.0,0,0,0,1,0.7818314824680298,0.6234898018587336,0.39435585511331855,0.9189578116202306
353,25.4,50,1.1,0.0,0.0,0,0,0,1,0.7818314824680298,0.6234898018587336,0.5712682150947923,0.8207634412072763
143,24.7,49,1.0,0.0,0.0,0,0,0,1,0.7818314824680298,0.6234898018587336,0.72479278722912,0.6889669190756866
45,23.7,64,0.9,0.1,0.0,0,0,0,1,0.7818314824680298,0.6234898018587336,0.8486442574947509,0.5289640103269624
37,22.5,83,0.8,0.4,0.0,0,0,0,1,0.7818314824680298,0.6234898018587336,0.9377521321470804,0.3473052528448203
49,21.2,87,0.8,1.5,0.0,0,0,0,1,0.7818314824680298,0.6234898018587336,0.9884683243281114,0.1514277775045767
53,20.8,94,1.0,3.5,0.0,0,0,0,1,0.7818314824680298,0.6234898018587336,0.9987165071710528,-0.05064916883871264
19,20.3,96,1.1,6.5,0.0,0,0,0,1,0.7818314824680298,0.6234898018587336,0.9680771188662043,-0.2506525322587204
9,20.3,97,1.0,9.5,0.0,0,0,0,1,0.7818314824680298,0.6234898018587336,0.8978045395707416,-0.4403941515576344
11,20.4,97,1.4,16.0,0.0,0,0,0,1,0.7818314824680298,0.6234898018587336,0.7907757369376989,-0.6121059825476626
10,20.5,97,1.8,5.0,0.0,0,0,0,1,0.7818314824680298,0.6234898018587336,0.6513724827222223,-0.758758122692791
24,20.5,97,1.2,14.5,0.0,0,0,0,1,0.7818314824680298,0.6234898018587336,0.48530196253108104,-0.8743466161445821
26,21.0,97,0.7,2.5,0.0,0,0,0,1,0.7818314824680298,0.6234898018587336,0.29936312297335804,-0.9541392564000488
65,21.5,97,0.6,4.5,0.0,0,0,0,1,0.7818314824680298,0.6234898018587336,0.10116832198743272,-0.994869323391895
56,23.3,96,3.4,1.0,0.0,0,0,0,1,0.7818314824680298,0.6234898018587336,-0.10116832198743204,-0.9948693233918952
113,24.0,95,5.0,2.0,0.0,0,0,0,1,0.7818314824680298,0.6234898018587336,-0.2993631229733582,-0.9541392564000488
156,24.1,95,4.4,1.0,0.0,0,0,0,1,0.7818314824680298,0.6234898018587336,-0.4853019625310808,-0.8743466161445822
203,24.2,94,4.7,1.5,0.0,0,0,0,1,0.7818314824680298,0.6234898018587336,-0.651372482722222,-0.7587581226927911
199,24.1,94,4.5,0.5,0.0,0,0,0,1,0.7818314824680298,0.6234898018587336,-0.7907757369376986,-0.6121059825476627
275,23.5,94,4.6,1.5,0.0,0,0,0,1,0.7818314824680298,0.6234898018587336,-0.8978045395707417,-0.44039415155763423
443,22.4,95,4.1,0.0,0.0,0,0,0,1,0.7818314824680298,0.6234898018587336,-0.9680771188662041,-0.2506525322587213
552,21.6,89,4.3,0.0,0.0,0,0,0,1,0.7818314824680298,0.6234898018587336,-0.9987165071710528,-0.05064916883871355
513,20.5,94,3.7,0.0,0.0,0,0,0,1,0.9749279121818236,-0.22252093395631434,0.0,1.0
254,20.0,96,3.0,0.1,0.0,0,0,0,1,0.9749279121818236,-0.22252093395631434,0.20129852008866006,0.9795299412524945
164,19.6,97,2.6,0.4,0.0,0,0,0,1,0.9749279121818236,-0.22252093395631434,0.39435585511331855,0.9189578116202306
152,19.4,97,2.9,0.0,0.0,0,0,0,1,0.9749279121818236,-0.22252093395631434,0.5712682150947923,0.8207634412072763
110,19.2,97,1.0,0.5,0.0,0,0,0,1,0.9749279121818236,-0.22252093395631434,0.72479278722912,0.6889669190756866
162,19.1,97,1.2,0.0,0.0,0,0,0,1,0.9749279121818236,-0.22252093395631434,0.8486442574947509,0.5289640103269624
417,19.2,97,1.5,0.0,0.0,0,0,0,1,0.9749279121818236,-0.22252093395631434,0.9377521321470804,0.3473052528448203
1084,19.3,98,1.0,0.0,0.0,0,0,0,1,0.9749279121818236,-0.22252093395631434,0.9884683243281114,0.1514277775045767
1995,19.7,97,1.5,0.0,0.0,0,0,0,1,0.9749279121818236,-0.22252093395631434,0.9987165071710528,-0.05064916883871264
1238,20.0,96,1.6,0.0,0.0,0,0,0,1,0.9749279121818236,-0.22252093395631434,0.9680771188662043,-0.2506525322587204
862,21.4,85,1.1,0.0,0.0,0,0,0,1,0.9749279121818236,-0.22252093395631434,0.8978045395707416,-0.4403941515576344
1015,23.4,73,1.3,0.0,0.0,0,0,0,1,0.9749279121818236,-0.22252093395631434,0.7907757369376989,-0.6121059825476626
1145,24.1,73,2.2,0.0,0.0,0,0,0,1,0.9749279121818236,-0.22252093395631434,0.6513724827222223,-0.758758122692791
1234,24.9,69,2.2,0.0,0.0,0,0,0,1,0.9749279121818236,-0.22252093395631434,0.48530196253108104,-0.8743466161445821
1243,24.7,72,2.9,0.0,0.0,0,0,0,1,0.9749279121818236,-0.22252093395631434,0.29936312297335804,-0.9541392564000488
1362,25.5,68,2.4,0.0,0.0,0,0,0,1,0.9749279121818236,-0.22252093395631434,0.10116832198743272,-0.994869323391895
1618,25.0,74,2.2,0.0,0.0,0,0,0,1,0.9749279121818236,-0.22252093395631434,-0.10116832198743204,-0.9948693233918952
2115,25.1,70,2.2,0.0,0.0,0,0,0,1,0.9749279121818236,-0.22252093395631434,-0.2993631229733582,-0.9541392564000488
3172,25.0,69,1.5,0.0,0.0,0,0,0,1,0.9749279121818236,-0.22252093395631434,-0.4853019625310808,-0.8743466161445822
2487,24.9,70,1.8,0.0,0.0,0,0,0,1,0.9749279121818236,-0.22252093395631434,-0.651372482722222,-0.7587581226927911
2274,24.2,72,1.4,0.0,0.0,0,0,0,1,0.9749279121818236,-0.22252093395631434,-0.7907757369376986,-0.6121059825476627
2200,23.3,71,1.3,0.0,0.0,0,0,0,1,0.9749279121818236,-0.22252093395631434,-0.8978045395707417,-0.44039415155763423
1959,22.7,77,2.0,0.0,0.0,0,0,0,1,0.9749279121818236,-0.22252093395631434,-0.9680771188662041,-0.2506525322587213
980,22.3,83,2.6,0.0,0.0,0,0,0,1,0.9749279121818236,-0.22252093395631434,-0.9987165071710528,-0.05064916883871355
561,22.2,84,1.1,0.0,0.0,0,0,0,1,0.43388373911755823,-0.900968867902419,0.0,1.0
1068,22.2,84,0.3,0.0,0.0,0,0,0,1,0.43388373911755823,-0.900968867902419,0.20129852008866006,0.9795299412524945
652,22.4,84,0.6,0.0,0.0,0,0,0,1,0.43388373911755823,-0.900968867902419,0.39435585511331855,0.9189578116202306
344,22.4,86,0.6,0.0,0.0,0,0,0,1,0.43388373911755823,-0.900968867902419,0.5712682150947923,0.8207634412072763
233,22.3,88,0.9,0.0,0.0,0,0,0,1,0.43388373911755823,-0.900968867902419,0.72479278722912,0.6889669190756866
266,22.1,93,0.4,0.0,0.0,0,0,0,1,0.43388373911755823,-0.900968867902419,0.8486442574947509,0.5289640103269624
594,22.0,90,0.4,0.1,0.0,0,0,0,1,0.43388373911755823,-0.900968867902419,0.9377521321470804,0.3473052528448203
1391,22.7,81,0.4,0.0,0.0,0,0,0,1,0.43388373911755823,-0.900968867902419,0.9884683243281114,0.1514277775045767
2288,24.2,73,1.0,0.0,0.0,0,0,0,1,0.43388373911755823,-0.900968867902419,0.9987165071710528,-0.05064916883871264
1246,24.8,75,1.1,0.0,0.0,0,0,0,1,0.43388373911755823,-0.900968867902419,0.9680771188662043,-0.2506525322587204
826,25.3,70,0.6,0.0,0.0,0,0,0,1,0.43388373911755823,-0.900968867902419,0.8978045395707416,-0.4403941515576344
938,26.5,64,1.8,0.0,0.0,0,0,0,1,0.43388373911755823,-0.900968867902419,0.7907757369376989,-0.6121059825476626
1158,27.0,68,2.0,0.0,0.0,0,0,0,1,0.43388373911755823,-0.900968867902419,0.6513724827222223,-0.758758122692791
1040,27.2,68,1.8,0.0,0.0,0,0,0,1,0.43388373911755823,-0.900968867902419,0.48530196253108104,-0.8743466161445821
1030,27.1,72,3.0,0.0,0.0,0,0,0,1,0.43388373911755823,-0.900968867902419,0.29936312297335804,-0.9541392564000488
1209,26.4,76,3.7,0.0,0.0,0,0,0,1,0.43388373911755823,-0.900968867902419,0.10116832198743272,-0.994869323391895
766,25.2,81,3.6,0.0,0.0,0,0,0,1,0.43388373911755823,-0.900968867902419,-0.10116832198743204,-0.9948693233918952
65,22.2,92,1.2,4.9,0.0,0,0,0,1,0.43388373911755823,-0.900968867902419,-0.2993631229733582,-0.9541392564000488
596,20.6,97,0.7,21.5,0.0,0,0,0,1,0.43388373911755823,-0.900968867902419,-0.4853019625310808,-0.8743466161445822
944,20.9,97,1.0,0.0,0.0,0,0,0,1,0.43388373911755823,-0.900968867902419,-0.651372482722222,-0.7587581226927911
1039,21.0,96,0.1,0.0,0.0,0,0,0,1,0.43388373911755823,-0.900968867902419,-0.7907757369376986,-0.6121059825476627
1223,21.3,94,0.3,0.0,0.0,0,0,0,1,0.43388373911755823,-0.900968867902419,-0.8978045395707417,-0.44039415155763423
1239,21.6,94,1.1,0.0,0.0,0,0,0,1,0.43388373911755823,-0.900968867902419,-0.9680771188662041,-0.2506525322587213
931,21.7,96,0.3,0.0,0.0,0,0,0,1,0.43388373911755823,-0.900968867902419,-0.9987165071710528,-0.05064916883871355
470,21.9,95,1.9,0.0,0.0,0,0,0,1,-0.433883739117558,-0.9009688679024191,0.0,1.0
460,22.0,96,0.1,0.1,0.0,0,0,0,1,-0.433883739117558,-0.9009688679024191,0.20129852008866006,0.9795299412524945
345,22.2,96,0.8,0.2,0.0,0,0,0,1,-0.433883739117558,-0.9009688679024191,0.39435585511331855,0.9189578116202306
227,22.3,96,1.2,0.1,0.0,0,0,0,1,-0.433883739117558,-0.9009688679024191,0.5712682150947923,0.8207634412072763
123,22.3,96,0.0,0.1,0.0,0,0,0,1,-0.433883739117558,-0.9009688679024191,0.72479278722912,0.6889669190756866
133,22.1,97,0.5,1.5,0.0,0,0,0,1,-0.433883739117558,-0.9009688679024191,0.8486442574947509,0.5289640103269624
308,21.9,97,0.2,4.5,0.0,0,0,0,1,-0.433883739117558,-0.9009688679024191,0.9377521321470804,0.3473052528448203
883,22.0,97,0.9,0.0,0.0,0,0,0,1,-0.433883739117558,-0.9009688679024191,0.9884683243281114,0.1514277775045767
2028,22.2,95,1.6,0.0,0.0,0,0,0,1,-0.433883739117558,-0.9009688679024191,0.9987165071710528,-0.05064916883871264
1195,22.9,86,1.7,0.0,0.0,0,0,0,1,-0.433883739117558,-0.9009688679024191,0.9680771188662043,-0.2506525322587204
913,24.4,76,2.1,0.0,0.0,0,0,0,1,-0.433883739117558,-0.9009688679024191,0.8978045395707416,-0.4403941515576344
956,24.8,74,1.8,0.0,0.0,0,0,0,1,-0.433883739117558,-0.9009688679024191,0.7907757369376989,-0.6121059825476626
1168,26.1,67,2.2,0.0,0.0,0,0,0,1,-0.433883739117558,-0.9009688679024191,0.6513724827222223,-0.758758122692791
1117,26.8,65,2.0,0.0,0.0,0,0,0,1,-0.433883739117558,-0.9009688679024191,0.48530196253108104,-0.8743466161445821
1175,27.8,57,2.1,0.0,0.0,0,0,0,1,-0.433883739117558,-0.9009688679024191,0.29936312297335804,-0.9541392564000488
1209,28.4,63,2.8,0.0,0.0,0,0,0,1,-0.433883739117558,-0.9009688679024191,0.10116832198743272,-0.994869323391895
1554,29.0,57,2.3,0.0,0.0,0,0,0,1,-0.433883739117558,-0.9009688679024191,-0.10116832198743204,-0.9948693233918952
2099,28.5,60,2.6,0.0,0.0,0,0,0,1,-0.433883739117558,-0.9009688679024191,-0.2993631229733582,-0.9541392564000488
3113,28.1,60,1.9,0.0,0.0,0,0,0,1,-0.433883739117558,-0.9009688679024191,-0.4853019625310808,-0.8743466161445822
2602,27.1,64,1.1,0.0,0.0,0,0,0,1,-0.433883739117558,-0.9009688679024191,-0.651372482722222,-0.7587581226927911
2339,26.2,70,1.5,0.0,0.0,0,0,0,1,-0.433883739117558,-0.9009688679024191,-0.7907757369376986,-0.6121059825476627
2225,25.2,75,1.4,0.0,0.0,0,0,0,1,-0.433883739117558,-0.9009688679024191,-0.8978045395707417,-0.44039415155763423
2103,24.2,80,1.3,0.0,0.0,0,0,0,1,-0.433883739117558,-0.9009688679024191,-0.9680771188662041,-0.2506525322587213
1552,23.5,83,1.4,0.0,0.0,0,0,0,1,-0.433883739117558,-0.9009688679024191,-0.9987165071710528,-0.05064916883871355
1275,23.0,84,1.9,0.0,0.0,0,0,0,1,-0.9749279121818236,-0.2225209339563146,0.0,1.0
1070,22.6,85,0.3,0.0,0.0,0,0,0,1,-0.9749279121818236,-0.2225209339563146,0.20129852008866006,0.9795299412524945
859,22.2,88,1.0,0.0,0.0,0,0,0,1,-0.9749279121818236,-0.2225209339563146,0.39435585511331855,0.9189578116202306
625,21.9,88,0.9,0.0,0.0,0,0,0,1,-0.9749279121818236,-0.2225209339563146,0.5712682150947923,0.8207634412072763
382,21.7,93,0.1,0.0,0.0,0,0,0,1,-0.9749279121818236,-0.2225209339563146,0.72479278722912,0.6889669190756866
247,21.7,88,0.6,0.0,0.0,0,0,0,1,-0.9749279121818236,-0.2225209339563146,0.8486442574947509,0.5289640103269624
310,22.1,85,0.5,0.1,0.0,0,0,0,1,-0.9749279121818236,-0.2225209339563146,0.9377521321470804,0.3473052528448203
468,22.5,86,0.6,0.0,0.0,0,0,0,1,-0.9749279121818236,-0.2225209339563146,0.9884683243281114,0.1514277775045767
825,23.4,81,0.5,0.0,0.0,0,0,0,1,-0.9749279121818236,-0.2225209339563146,0.9987165071710528,-0.05064916883871264
862,24.2,81,0.9,0.0,0.0,0,0,0,1,-0.9749279121818236,-0.2225209339563146,0.9680771188662043,-0.2506525322587204
933,25.1,73,0.9,0.0,0.0,0,0,0,1,-0.9749279121818236,-0.2225209339563146,0.8978045395707416,-0.4403941515576344
871,26.4,71,1.0,0.0,0.0,0,0,0,1,-0.9749279121818236,-0.2225209339563146,0.7907757369376989,-0.6121059825476626
858,25.2,94,2.8,6.4,0.0,0,0,0,1,-0.9749279121818236,-0.2225209339563146,0.6513724827222223,-0.758758122692791
1144,25.6,87,1.7,3.5,0.0,0,0,0,1,-0.9749279121818236,-0.2225209339563146,0.48530196253108104,-0.8743466161445821
1235,27.5,69,0.5,0.0,0.0,0,0,0,1,-0.9749279121818236,-0.2225209339563146,0.29936312297335804,-0.9541392564000488
1311,27.8,71,0.9,0.0,0.0,0,0,0,1,-0.9749279121818236,-0.2225209339563146,0.10116832198743272,-0.994869323391895
1317,27.9,69,0.5,0.0,0.0,0,0,0,1,-0.9749279121818236,-0.2225209339563146,-0.10116832198743204,-0.9948693233918952
1291,27.4,75,2.3,0.0,0.0,0,0,0,1,-0.9749279121818236,-0.2225209339563146,-0.2993631229733582,-0.9541392564000488
306,27.5,79,0.5,0.5,0.0,0,0,0,1,-0.9749279121818236,-0.2225209339563146,-0.4853019625310808,-0.8743466161445822
481,24.3,95,0.5,4.0,0.0,0,0,0,1,-0.9749279121818236,-0.2225209339563146,-0.651372482722222,-0.7587581226927911
778,24.2,88,0.8,0.0,0.0,0,0,0,1,-0.9749279121818236,-0.2225209339563146,-0.7907757369376986,-0.6121059825476627
1005,23.9,84,0.7,0.0,0.0,0,0,0,1,-0.9749279121818236,-0.2225209339563146,-0.8978045395707417,-0.44039415155763423
1107,23.4,88,0.9,0.0,0.0,0,0,0,1,-0.9749279121818236,-0.2225209339563146,-0.9680771188662041,-0.2506525322587213
919,22.9,92,0.6,0.0,0.0,0,0,0,1,-0.9749279121818236,-0.2225209339563146,-0.9987165071710528,-0.05064916883871355
865,22.6,88,0.2,0.0,0.0,0,0,0,1,-0.7818314824680299,0.6234898018587334,0.0,1.0
740,22.7,87,0.5,0.0,0.0,0,0,0,1,-0.7818314824680299,0.6234898018587334,0.20129852008866006,0.9795299412524945
586,22.7,87,0.5,0.0,0.0,0,0,0,1,-0.7818314824680299,0.6234898018587334,0.39435585511331855,0.9189578116202306
368,22.7,86,0.7,0.0,0.0,0,0,0,1,-0.7818314824680299,0.6234898018587334,0.5712682150947923,0.8207634412072763
211,22.7,85,0.7,0.0,0.0,0,0,0,1,-0.7818314824680299,0.6234898018587334,0.72479278722912,0.6889669190756866
54,22.6,86,0.5,0.1,0.0,0,0,0,1,-0.7818314824680299,0.6234898018587334,0.8486442574947509,0.5289640103269624
60,22.3,93,0.6,0.4,0.0,0,0,0,1,-0.7818314824680299,0.6234898018587334,0.9377521321470804,0.3473052528448203
25,22.1,89,0.5,0.5,0.0,0,0,0,1,-0.7818314824680299,0.6234898018587334,0.9884683243281114,0.1514277775045767
20,22.1,93,0.5,1.0,0.0,0,0,0,1,-0.7818314824680299,0.6234898018587334,0.9987165071710528,-0.05064916883871264
9,22.1,94,0.9,1.5,0.0,0,0,0,1,-0.7818314824680299,0.6234898018587334,0.9680771188662043,-0.2506525322587204
13,21.6,97,0.5,12.0,0.0,0,0,0,1,-0.7818314824680299,0.6234898018587334,0.8978045395707416,-0.4403941515576344
11,21.2,97,1.2,18.5,0.0,0,0,0,1,-0.7818314824680299,0.6234898018587334,0.7907757369376989,-0.6121059825476626
9,21.1,97,1.2,7.5,0.0,0,0,0,1,-0.7818314824680299,0.6234898018587334,0.6513724827222223,-0.758758122692791
30,21.2,97,1.1,3.5,0.0,0,0,0,1,-0.7818314824680299,0.6234898018587334,0.48530196253108104,-0.8743466161445821
14,21.5,97,0.7,1.0,0.0,0,0,0,1,-0.7818314824680299,0.6234898018587334,0.29936312297335804,-0.9541392564000488
51,21.8,97,0.7,5.5,0.0,0,0,0,1,-0.7818314824680299,0.6234898018587334,0.10116832198743272,-0.994869323391895
41,22.2,97,1.1,1.0,0.0,0,0,0,1,-0.7818314824680299,0.6234898018587334,-0.10116832198743204,-0.9948693233918952
25,22.4,96,0.4,1.5,0.0,0,0,0,1,-0.7818314824680299,0.6234898018587334,-0.2993631229733582,-0.9541392564000488
17,22.2,96,1.2,3.5,0.0,0,0,0,1,-0.7818314824680299,0.6234898018587334,-0.4853019625310808,-0.8743466161445822
18,21.9,96,1.2,5.5,0.0,0,0,0,1,-0.7818314824680299,0.6234898018587334,-0.651372482722222,-0.7587581226927911
16,21.9,97,1.1,6.0,0.0,0,0,0,1,-0.7818314824680299,0.6234898018587334,-0.7907757369376986,-0.6121059825476627
17,21.8,97,0.6,3.5,0.0,0,0,0,1,-0.7818314824680299,0.6234898018587334,-0.8978045395707417,-0.44039415155763423
16,21.7,97,0.7,3.5,0.0,0,0,0,1,-0.7818314824680299,0.6234898018587334,-0.9680771188662041,-0.2506525322587213
15,21.5,97,1.5,5.0,0.0,0,0,0,1,-0.7818314824680299,0.6234898018587334,-0.9987165071710528,-0.05064916883871355
26,21.4,97,0.6,2.5,0.0,0,0,0,1,0.0,1.0,0.0,1.0
28,21.3,97,1.0,3.0,0.0,0,0,0,1,0.0,1.0,0.20129852008866006,0.9795299412524945
17,21.2,97,0.8,2.0,0.0,0,0,0,1,0.0,1.0,0.39435585511331855,0.9189578116202306
23,21.1,96,2.4,4.5,0.0,0,0,0,1,0.0,1.0,0.5712682150947923,0.8207634412072763
58,20.8,97,1.0,4.0,0.0,0,0,0,1,0.0,1.0,0.72479278722912,0.6889669190756866
28,20.7,97,0.3,0.5,0.0,0,0,0,1,0.0,1.0,0.8486442574947509,0.5289640103269624
40,20.7,97,0.3,1.0,0.0,0,0,0,1,0.0,1.0,0.9377521321470804,0.3473052528448203
126,20.7,97,0.4,0.5,0.0,0,0,0,1,0.0,1.0,0.9884683243281114,0.1514277775045767
104,20.8,96,0.4,1.5,0.0,0,0,0,1,0.0,1.0,0.9987165071710528,-0.05064916883871264
128,21.0,97,1.3,3.0,0.0,0,0,0,1,0.0,1.0,0.9680771188662043,-0.2506525322587204
27,21.4,97,0.6,1.0,0.0,0,0,0,1,0.0,1.0,0.8978045395707416,-0.4403941515576344
153,21.7,97,0.5,8.0,0.0,0,0,0,1,0.0,1.0,0.7907757369376989,-0.6121059825476626
218,22.4,97,1.0,0.0,0.0,0,0,0,1,0.0,1.0,0.6513724827222223,-0.758758122692791
304,22.6,97,0.6,0.5,0.0,0,0,0,1,0.0,1.0,0.48530196253108104,-0.8743466161445821
381,23.3,96,0.3,0.0,0.0,0,0,0,1,0.0,1.0,0.29936312297335804,-0.9541392564000488
619,24.2,93,1.0,0.0,0.0,0,0,0,1,0.0,1.0,0.10116832198743272,-0.994869323391895
839,25.2,87,0.9,0.0,0.0,0,0,0,1,0.0,1.0,-0.10116832198743204,-0.9948693233918952
861,25.3,87,0.6,0.0,0.0,0,0,0,1,0.0,1.0,-0.2993631229733582,-0.9541392564000488
832,24.9,87,1.9,0.0,0.0,0,0,0,1,0.0,1.0,-0.4853019625310808,-0.8743466161445822
44,24.1,93,2.1,1.5,0.0,0,0,0,1,0.0,1.0,-0.651372482722222,-0.7587581226927911
61,23.5,97,0.1,24.0,0.0,0,0,0,1,0.0,1.0,-0.7907757369376986,-0.6121059825476627
72,23.4,98,0.4,1.0,0.0,0,0,0,1,0.0,1.0,-0.8978045395707417,-0.44039415155763423
83,23.4,98,0.3,2.5,0.0,0,0,0,1,0.0,1.0,-0.9680771188662041,-0.2506525322587213
168,23.4,98,0.3,0.5,0.0,0,0,0,1,0.0,1.0,-0.9987165071710528,-0.05064916883871355
349,23.2,98,0.2,0.5,0.0,0,0,0,1,0.7818314824680298,0.6234898018587336,0.0,1.0
407,23.1,98,0.0,0.0,0.0,0,0,0,1,0.7818314824680298,0.6234898018587336,0.20129852008866006,0.9795299412524945
354,23.0,98,0.1,0.0,0.0,0,0,0,1,0.7818314824680298,0.6234898018587336,0.39435585511331855,0.9189578116202306
233,22.8,98,0.0,0.0,0.0,0,0,0,1,0.7818314824680298,0.6234898018587336,0.5712682150947923,0.8207634412072763
149,22.7,97,0.2,0.0,0.0,0,0,0,1,0.7818314824680298,0.6234898018587336,0.72479278722912,0.6889669190756866
224,22.6,97,0.0,0.0,0.0,0,0,0,1,0.7818314824680298,0.6234898018587336,0.8486442574947509,0.5289640103269624
600,22.6,95,0.1,0.0,0.0,0,0,0,1,0.7818314824680298,0.6234898018587336,0.9377521321470804,0.3473052528448203
1308,23.5,86,0.2,0.0,0.0,0,0,0,1,0.7818314824680298,0.6234898018587336,0.9884683243281114,0.1514277775045767
2135,24.3,83,0.5,0.0,0.0,0,0,0,1,0.7818314824680298,0.6234898018587336,0.9987165071710528,-0.05064916883871264
1156,25.7,76,0.8,0.0,0.0,0,0,0,1,0.7818314824680298,0.6234898018587336,0.9680771188662043,-0.2506525322587204
818,27.6,71,1.6,0.0,0.0,0,0,0,1,0.7818314824680298,0.6234898018587336,0.8978045395707416,-0.4403941515576344
906,29.2,66,1.4,0.0,0.0,0,0,0,1,0.7818314824680298,0.6234898018587336,0.7907757369376989,-0.6121059825476626
944,30.1,64,1.2,0.0,0.0,0,0,0,1,0.7818314824680298,0.6234898018587336,0.6513724827222223,-0.758758122692791
994,31.2,54,1.3,0.0,0.0,0,0,0,1,0.7818314824680298,0.6234898018587336,0.48530196253108104,-0.8743466161445821
1001,31.0,56,1.5,0.0,0.0,0,0,0,1,0.7818314824680298,0.6234898018587336,0.29936312297335804,-0.9541392564000488
1069,32.0,54,1.2,0.0,0.0,0,0,0,1,0.7818314824680298,0.6234898018587336,0.10116832198743272,-0.994869323391895
1325,31.3,52,1.2,0.0,0.0,0,0,0,1,0.7818314824680298,0.6234898018587336,-0.10116832198743204,-0.9948693233918952
1783,32.4,50,2.2,0.0,0.0,0,0,0,1,0.7818314824680298,0.6234898018587336,-0.2993631229733582,-0.9541392564000488
2965,32.2,57,1.8,0.0,0.0,0,0,0,1,0.7818314824680298,0.6234898018587336,-0.4853019625310808,-0.8743466161445822
2598,30.4,62,0.9,0.1,0.0,0,0,0,1,0.7818314824680298,0.6234898018587336,-0.651372482722222,-0.7587581226927911
2398,28.8,72,0.9,0.0,0.0,0,0,0,1,0.7818314824680298,0.6234898018587336,-0.7907757369376986,-0.6121059825476627
2264,27.8,72,0.6,0.0,0.0,0,0,0,1,0.7818314824680298,0.6234898018587336,-0.8978045395707417,-0.44039415155763423
1948,26.9,78,0.6,0.0,0.0,0,0,0,1,0.7818314824680298,0.6234898018587336,-0.9680771188662041,-0.2506525322587213
1365,26.4,78,0.3,0.0,0.0,0,0,0,1,0.7818314824680298,0.6234898018587336,-0.9987165071710528,-0.05064916883871355
971,25.9,79,0.3,0.0,0.0,0,0,0,1,0.9749279121818236,-0.22252093395631434,0.0,1.0
796,25.4,79,1.0,0.0,0.0,0,0,0,1,0.9749279121818236,-0.22252093395631434,0.20129852008866006,0.9795299412524945
555,25.1,82,0.2,0.0,0.0,0,0,0,1,0.9749279121818236,-0.22252093395631434,0.39435585511331855,0.9189578116202306
372,24.9,83,0.2,0.0,0.0,0,0,0,1,0.9749279121818236,-0.22252093395631434,0.5712682150947923,0.8207634412072763
234,24.7,82,0.3,0.0,0.0,0,0,0,1,0.9749279121818236,-0.22252093395631434,0.72479278722912,0.6889669190756866
316,24.2,86,0.2,0.0,0.0,0,0,0,1,0.9749279121818236,-0.22252093395631434,0.8486442574947509,0.5289640103269624
747,24.0,84,0.1,0.0,0.0,0,0,0,1,0.9749279121818236,-0.22252093395631434,0.9377521321470804,0.3473052528448203
1450,24.6,78,0.5,0.0,0.0,0,0,0,1,0.9749279121818236,-0.22252093395631434,0.9884683243281114,0.1514277775045767
2215,26.4,64,0.5,0.0,0.0,0,0,0,1,0.9749279121818236,-0.22252093395631434,0.9987165071710528,-0.05064916883871264
1191,27.4,68,0.5,0.0,0.0,0,0,0,1,0.9749279121818236,-0.22252093395631434,0.9680771188662043,-0.2506525322587204
831,28.5,65,1.5,0.0,0.0,0,0,0,1,0.9749279121818236,-0.22252093395631434,0.8978045395707416,-0.4403941515576344
941,30.0,60,2.3,0.0,0.0,0,0,0,1,0.9749279121818236,-0.22252093395631434,0.7907757369376989,-0.6121059825476626
1021,30.5,58,2.5,0.0,0.0,0,0,0,1,0.9749279121818236,-0.22252093395631434,0.6513724827222223,-0.758758122692791
1007,31.0,60,2.6,0.0,0.0,0,0,0,1,0.9749279121818236,-0.22252093395631434,0.48530196253108104,-0.8743466161445821
1005,31.3,58,3.0,0.0,0.0,0,0,0,1,0.9749279121818236,-0.22252093395631434,0.29936312297335804,-0.9541392564000488
1038,31.1,57,3.7,0.0,0.0,0,0,0,1,0.9749279121818236,-0.22252093395631434,0.10116832198743272,-0.994869323391895
1306,31.6,57,2.7,0.0,0.0,0,0,0,1,0.9749279121818236,-0.22252093395631434,-0.10116832198743204,-0.9948693233918952
1856,31.2,56,3.4,0.0,0.0,0,0,0,1,0.9749279121818236,-0.22252093395631434,-0.2993631229733582,-0.9541392564000488
3080,30.0,60,2.5,0.0,0.0,0,0,0,1,0.9749279121818236,-0.22252093395631434,-0.4853019625310808,-0.8743466161445822
2637,28.2,64,2.8,0.0,0.0,0,0,0,1,0.9749279121818236,-0.22252093395631434,-0.651372482722222,-0.7587581226927911
2415,27.1,67,2.9,0.0,0.0,0,0,0,1,0.9749279121818236,-0.22252093395631434,-0.7907757369376986,-0.6121059825476627
2274,26.2,70,2.2,0.0,0.0,0,0,0,1,0.9749279121818236,-0.22252093395631434,-0.8978045395707417,-0.44039415155763423
2091,25.1,73,2.5,0.0,0.0,0,0,0,1,0.9749279121818236,-0.22252093395631434,-0.9680771188662041,-0.2506525322587213
1432,24.7,74,1.4,0.0,0.0,0,0,0,1,0.9749279121818236,-0.22252093395631434,-0.9987165071710528,-0.05064916883871355
1078,24.2,77,1.8,0.0,0.0,0,0,0,1,0.43388373911755823,-0.900968867902419,0.0,1.0
846,23.9,79,1.7,0.0,0.0,0,0,0,1,0.43388373911755823,-0.900968867902419,0.20129852008866006,0.9795299412524945
568,23.6,80,1.5,0.0,0.0,0,0,0,1,0.43388373911755823,-0.900968867902419,0.39435585511331855,0.9189578116202306
376,23.5,81,0.9,0.0,0.0,0,0,0,1,0.43388373911755823,-0.900968867902419,0.5712682150947923,0.8207634412072763
267,23.5,80,0.4,0.0,0.0,0,0,0,1,0.43388373911755823,-0.900968867902419,0.72479278722912,0.6889669190756866
326,23.5,80,0.3,0.0,0.0,0,0,0,1,0.43388373911755823,-0.900968867902419,0.8486442574947509,0.5289640103269624
438,23.5,80,0.3,0.0,0.0,0,0,0,1,0.43388373911755823,-0.900968867902419,0.9377521321470804,0.3473052528448203
828,23.5,90,0.5,0.5,0.0,0,0,0,1,0.43388373911755823,-0.900968867902419,0.9884683243281114,0.1514277775045767
1836,23.6,93,0.9,0.0,0.0,0,0,0,1,0.43388373911755823,-0.900968867902419,0.9987165071710528,-0.05064916883871264
1112,24.2,84,0.9,0.0,0.0,0,0,0,1,0.43388373911755823,-0.900968867902419,0.9680771188662043,-0.2506525322587204
827,25.6,75,1.1,0.0,0.0,0,0,0,1,0.43388373911755823,-0.900968867902419,0.8978045395707416,-0.4403941515576344
890,26.3,71,1.1,0.0,0.0,0,0,0,1,0.43388373911755823,-0.900968867902419,0.7907757369376989,-0.6121059825476626
996,27.0,68,1.1,0.0,0.0,0,0,0,1,0.43388373911755823,-0.900968867902419,0.6513724827222223,-0.758758122692791
929,28.1,67,1.1,0.0,0.0,0,0,0,1,0.43388373911755823,-0.900968867902419,0.48530196253108104,-0.8743466161445821
933,28.3,67,3.0,0.0,0.0,0,0,0,1,0.43388373911755823,-0.900968867902419,0.29936312297335804,-0.9541392564000488
1011,28.8,66,0.9,0.0,0.0,0,0,0,1,0.43388373911755823,-0.900968867902419,0.10116832198743272,-0.994869323391895
1105,28.2,71,1.7,0.0,0.0,0,0,0,1,0.43388373911755823,-0.900968867902419,-0.10116832198743204,-0.9948693233918952
1381,27.3,76,0.9,0.0,0.0,0,0,0,1,0.43388373911755823,-0.900968867902419,-0.2993631229733582,-0.9541392564000488
2594,26.8,71,1.2,0.0,0.0,0,0,0,1,0.43388373911755823,-0.900968867902419,-0.4853019625310808,-0.8743466161445822
2309,26.7,69,1.4,0.0,0.0,0,0,0,1,0.43388373911755823,-0.900968867902419,-0.651372482722222,-0.7587581226927911
2122,25.8,68,1.4,0.0,0.0,0,0,0,1,0.43388373911755823,-0.900968867902419,-0.7907757369376986,-0.6121059825476627
2063,25.2,67,1.5,0.0,0.0,0,0,0,1,0.43388373911755823,-0.900968867902419,-0.8978045395707417,-0.44039415155763423
1941,24.4,67,1.6,0.0,0.0,0,0,0,1,0.43388373911755823,-0.900968867902419,-0.9680771188662041,-0.2506525322587213
1406,23.9,66,1.5,0.0,0.0,0,0,0,1,0.43388373911755823,-0.900968867902419,-0.9987165071710528,-0.05064916883871355
1075,23.5,65,1.9,0.0,0.0,0,0,0,1,-0.433883739117558,-0.9009688679024191,0.0,1.0
839,23.1,66,1.6,0.0,0.0,0,0,0,1,-0.433883739117558,-0.9009688679024191,0.20129852008866006,0.9795299412524945
558,22.8,65,1.8,0.0,0.0,0,0,0,1,-0.433883739117558,-0.9009688679024191,0.39435585511331855,0.9189578116202306
403,22.6,66,1.5,0.0,0.0,0,0,0,1,-0.433883739117558,-0.9009688679024191,0.5712682150947923,0.8207634412072763
273,22.6,66,0.9,0.0,0.0,0,0,0,1,-0.433883739117558,-0.9009688679024191,0.72479278722912,0.6889669190756866
311,22.5,66,1.5,0.0,0.0,0,0,0,1,-0.433883739117558,-0.9009688679024191,0.8486442574947509,0.5289640103269624
723,22.4,65,1.6,0.0,0.0,0,0,0,1,-0.433883739117558,-0.9009688679024191,0.9377521321470804,0.3473052528448203
1449,22.6,63,1.3,0.0,0.0,0,0,0,1,-0.433883739117558,-0.9009688679024191,0.9884683243281114,0.1514277775045767
2273,23.2,60,1.7,0.0,0.0,0,0,0,1,-0.433883739117558,-0.9009688679024191,0.9987165071710528,-0.05064916883871264
1318,23.3,61,1.7,0.0,0.0,0,0,0,1,-0.433883739117558,-0.9009688679024191,0.9680771188662043,-0.2506525322587204
998,23.7,59,1.7,0.0,0.0,0,0,0,1,-0.433883739117558,-0.9009688679024191,0.8978045395707416,-0.4403941515576344
1024,23.9,59,2.1,0.0,0.0,0,0,0,1,-0.433883739117558,-0.9009688679024191,0.7907757369376989,-0.6121059825476626
1216,25.7,57,1.9,0.0,0.0,0,0,0,1,-0.433883739117558,-0.9009688679024191,0.6513724827222223,-0.758758122692791
1210,26.2,53,2.1,0.0,0.0,0,0,0,1,-0.433883739117558,-0.9009688679024191,0.48530196253108104,-0.8743466161445821
1209,27.0,52,2.1,0.0,0.0,0,0,0,1,-0.433883739117558,-0.9009688679024191,0.29936312297335804,-0.9541392564000488
1346,26.9,51,2.0,0.0,0.0,0,0,0,1,-0.433883739117558,-0.9009688679024191,0.10116832198743272,-0.994869323391895
1635,26.6,54,2.3,0.0,0.0,0,0,0,1,-0.433883739117558,-0.9009688679024191,-0.10116832198743204,-0.9948693233918952
2282,26.6,52,2.2,0.0,0.0,0,0,0,1,-0.433883739117558,-0.9009688679024191,-0.2993631229733582,-0.9541392564000488
3196,25.9,52,2.1,0.0,0.0,0,0,0,1,-0.433883739117558,-0.9009688679024191,-0.4853019625310808,-0.8743466161445822
2557,25.0,52,2.2,0.0,0.0,0,0,0,1,-0.433883739117558,-0.9009688679024191,-0.651372482722222,-0.7587581226927911
2223,23.8,55,2.3,0.0,0.0,0,0,0,1,-0.433883739117558,-0.9009688679024191,-0.7907757369376986,-0.6121059825476627
2183,23.1,54,2.1,0.0,0.0,0,0,0,1,-0.433883739117558,-0.9009688679024191,-0.8978045395707417,-0.44039415155763423
1917,22.5,54,2.1,0.0,0.0,0,0,0,1,-0.433883739117558,-0.9009688679024191,-0.9680771188662041,-0.2506525322587213
1458,22.0,55,1.7,0.0,0.0,0,0,0,1,-0.433883739117558,-0.9009688679024191,-0.9987165071710528,-0.05064916883871355
1191,21.5,56,1.8,0.0,0.0,0,0,0,1,-0.9749279121818236,-0.2225209339563146,0.0,1.0
1079,21.1,57,2.0,0.0,0.0,0,0,0,1,-0.9749279121818236,-0.2225209339563146,0.20129852008866006,0.9795299412524945
760,20.7,58,1.5,0.0,0.0,0,0,0,1,-0.9749279121818236,-0.2225209339563146,0.39435585511331855,0.9189578116202306
545,20.4,59,1.0,0.0,0.0,0,0,0,1,-0.9749279121818236,-0.2225209339563146,0.5712682150947923,0.8207634412072763
331,20.0,63,1.8,0.0,0.0,0,0,0,1,-0.9749279121818236,-0.2225209339563146,0.72479278722912,0.6889669190756866
273,19.8,63,1.4,0.0,0.0,0,0,0,1,-0.9749279121818236,-0.2225209339563146,0.8486442574947509,0.5289640103269624
396,19.5,61,1.5,0.0,0.0,0,0,0,1,-0.9749279121818236,-0.2225209339563146,0.9377521321470804,0.3473052528448203
567,19.6,57,1.6,0.0,0.0,0,0,0,1,-0.9749279121818236,-0.2225209339563146,0.9884683243281114,0.1514277775045767
832,21.2,52,1.6,0.0,0.0,0,0,0,1,-0.9749279121818236,-0.2225209339563146,0.9987165071710528,-0.05064916883871264
1009,22.6,51,1.7,0.0,0.0,0,0,0,1,-0.9749279121818236,-0.2225209339563146,0.9680771188662043,-0.2506525322587204
1050,24.0,49,1.7,0.0,0.0,0,0,0,1,-0.9749279121818236,-0.2225209339563146,0.8978045395707416,-0.4403941515576344
1129,25.0,48,1.5,0.0,0.0,0,0,0,1,-0.9749279121818236,-0.2225209339563146,0.7907757369376989,-0.6121059825476626
1328,26.4,47,1.7,0.0,0.0,0,0,0,1,-0.9749279121818236,-0.2225209339563146,0.6513724827222223,-0.758758122692791
1399,27.5,43,2.0,0.0,0.0,0,0,0,1,-0.9749279121818236,-0.2225209339563146,0.48530196253108104,-0.8743466161445821
1430,28.3,43,1.6,0.0,0.0,0,0,0,1,-0.9749279121818236,-0.2225209339563146,0.29936312297335804,-0.9541392564000488
1579,28.7,42,1.3,0.0,0.0,0,0,0,1,-0.9749279121818236,-0.2225209339563146,0.10116832198743272,-0.994869323391895
1764,28.9,44,1.6,0.0,0.0,0,0,0,1,-0.9749279121818236,-0.2225209339563146,-0.10116832198743204,-0.9948693233918952
2020,28.9,45,1.4,0.0,0.0,0,0,0,1,-0.9749279121818236,-0.2225209339563146,-0.2993631229733582,-0.9541392564000488
2238,27.8,48,1.2,0.0,0.0,0,0,0,1,-0.9749279121818236,-0.2225209339563146,-0.4853019625310808,-0.8743466161445822
2352,26.1,51,1.4,0.0,0.0,0,0,0,1,-0.9749279121818236,-0.2225209339563146,-0.651372482722222,-0.7587581226927911
2232,24.6,51,1.7,0.0,0.0,0,0,0,1,-0.9749279121818236,-0.2225209339563146,-0.7907757369376986,-0.6121059825476627
2235,23.4,52,1.4,0.0,0.0,0,0,0,1,-0.9749279121818236,-0.2225209339563146,-0.8978045395707417,-0.44039415155763423
1921,22.6,51,1.7,0.0,0.0,0,0,0,1,-0.9749279121818236,-0.2225209339563146,-0.9680771188662041,-0.2506525322587213
1416,21.7,51,1.7,0.0,0.0,0,0,0,1,-0.9749279121818236,-0.2225209339563146,-0.9987165071710528,-0.05064916883871355
1208,20.7,51,1.7,0.0,0.0,0,0,0,1,-0.7818314824680299,0.6234898018587334,0.0,1.0
946,19.9,52,1.6,0.0,0.0,0,0,0,1,-0.7818314824680299,0.6234898018587334,0.20129852008866006,0.9795299412524945
648,19.3,54,1.4,0.0,0.0,0,0,0,1,-0.7818314824680299,0.6234898018587334,0.39435585511331855,0.9189578116202306
460,18.8,56,1.2,0.0,0.0,0,0,0,1,-0.7818314824680299,0.6234898018587334,0.5712682150947923,0.8207634412072763
277,18.4,57,1.1,0.0,0.0,0,0,0,1,-0.7818314824680299,0.6234898018587334,0.72479278722912,0.6889669190756866
253,18.1,57,1.4,0.0,0.0,0,0,0,1,-0.7818314824680299,0.6234898018587334,0.8486442574947509,0.5289640103269624
267,17.8,58,1.1,0.0,0.0,0,0,0,1,-0.7818314824680299,0.6234898018587334,0.9377521321470804,0.3473052528448203
410,18.2,54,1.2,0.0,0.0,0,0,0,1,-0.7818314824680299,0.6234898018587334,0.9884683243281114,0.1514277775045767
684,19.1,53,1.7,0.0,0.0,0,0,0,1,-0.7818314824680299,0.6234898018587334,0.9987165071710528,-0.05064916883871264
787,20.8,51,1.5,0.0,0.0,0,0,0,1,-0.7818314824680299,0.6234898018587334,0.9680771188662043,-0.2506525322587204
867,22.5,48,1.6,0.0,0.0,0,0,0,1,-0.7818314824680299,0.6234898018587334,0.8978045395707416,-0.4403941515576344
1053,23.8,47,2.1,0.0,0.0,0,0,0,1,-0.7818314824680299,0.6234898018587334,0.7907757369376989,-0.6121059825476626
1237,25.0,46,1.9,0.0,0.0,0,0,0,1,-0.7818314824680299,0.6234898018587334,0.6513724827222223,-0.758758122692791
1442,26.1,45,1.8,0.0,0.0,0,0,0,1,-0.7818314824680299,0.6234898018587334,0.48530196253108104,-0.8743466161445821
1517,27.1,41,1.4,0.0,0.0,0,0,0,1,-0.7818314824680299,0.6234898018587334,0.29936312297335804,-0.9541392564000488
1693,27.6,37,1.9,0.0,0.0,0,0,0,1,-0.7818314824680299,0.6234898018587334,0.10116832198743272,-0.994869323391895
2070,27.9,39,1.2,0.0,0.0,0,0,0,1,-0.7818314824680299,0.6234898018587334,-0.10116832198743204,-0.9948693233918952
2266,27.4,44,1.7,0.0,0.0,0,0,0,1,-0.7818314824680299,0.6234898018587334,-0.2993631229733582,-0.9541392564000488
2351,26.7,48,1.0,0.0,0.0,0,0,0,1,-0.7818314824680299,0.6234898018587334,-0.4853019625310808,-0.8743466161445822
2272,26.3,51,1.7,0.0,0.0,0,0,0,1,-0.7818314824680299,0.6234898018587334,-0.651372482722222,-0.7587581226927911
2348,25.7,53,1.3,0.0,0.0,0,0,0,1,-0.7818314824680299,0.6234898018587334,-0.7907757369376986,-0.6121059825476627
2055,25.3,55,1.4,0.0,0.0,0,0,0,1,-0.7818314824680299,0.6234898018587334,-0.8978045395707417,-0.44039415155763423
1717,25.0,57,1.0,0.0,0.0,0,0,0,1,-0.7818314824680299,0.6234898018587334,-0.9680771188662041,-0.2506525322587213
1252,24.6,60,2.6,0.0,0.0,0,0,0,1,-0.7818314824680299,0.6234898018587334,-0.9987165071710528,-0.05064916883871355
900,24.2,61,1.7,0.0,0.0,0,0,0,1,0.0,1.0,0.0,1.0
554,23.7,64,0.8,0.0,0.0,0,0,0,1,0.0,1.0,0.20129852008866006,0.9795299412524945
387,22.7,63,0.9,0.0,0.0,0,0,0,1,0.0,1.0,0.39435585511331855,0.9189578116202306
285,21.9,63,1.3,0.0,0.0,0,0,0,1,0.0,1.0,0.5712682150947923,0.8207634412072763
206,21.4,63,1.5,0.0,0.0,0,0,0,1,0.0,1.0,0.72479278722912,0.6889669190756866
301,21.1,64,1.5,0.0,0.0,0,0,0,1,0.0,1.0,0.8486442574947509,0.5289640103269624
486,21.0,64,1.0,0.0,0.0,0,0,0,1,0.0,1.0,0.9377521321470804,0.3473052528448203
451,20.9,66,1.4,0.0,0.0,0,0,0,1,0.0,1.0,0.9884683243281114,0.1514277775045767
670,20.7,73,0.8,0.2,0.0,0,0,0,1,0.0,1.0,0.9987165071710528,-0.05064916883871264
575,21.1,72,1.0,0.0,0.0,0,0,0,1,0.0,1.0,0.9680771188662043,-0.2506525322587204
217,21.1,73,1.2,0.0,0.0,0,0,0,1,0.0,1.0,0.8978045395707416,-0.4403941515576344
186,20.6,82,1.0,0.3,0.0,0,0,0,1,0.0,1.0,0.7907757369376989,-0.6121059825476626
71,20.7,83,0.6,0.0,0.0,0,0,0,1,0.0,1.0,0.6513724827222223,-0.758758122692791
99,20.3,87,1.0,0.5,0.0,0,0,0,1,0.0,1.0,0.48530196253108104,-0.8743466161445821
110,20.2,89,1.0,0.5,0.0,0,0,0,1,0.0,1.0,0.29936312297335804,-0.9541392564000488
59,20.3,90,0.9,0.0,0.0,0,0,0,1,0.0,1.0,0.10116832198743272,-0.994869323391895
68,20.2,91,1.2,1.0,0.0,0,0,0,1,0.0,1.0,-0.10116832198743204,-0.9948693233918952
104,20.3,93,1.4,1.0,0.0,0,0,0,1,0.0,1.0,-0.2993631229733582,-0.9541392564000488
140,20.3,93,1.3,0.5,0.0,0,0,0,1,0.0,1.0,-0.4853019625310808,-0.8743466161445822
68,20.4,94,1.1,0.5,0.0,0,0,0,1,0.0,1.0,-0.651372482722222,-0.7587581226927911
48,20.3,95,0.8,1.0,0.0,0,0,0,1,0.0,1.0,-0.7907757369376986,-0.6121059825476627
95,20.3,96,1.0,1.5,0.0,0,0,0,1,0.0,1.0,-0.8978045395707417,-0.44039415155763423
71,20.4,96,1.1,0.5,0.0,0,0,0,1,0.0,1.0,-0.9680771188662041,-0.2506525322587213
40,20.4,96,0.6,1.0,0.0,0,0,0,1,0.0,1.0,-0.9987165071710528,-0.05064916883871355
29,20.4,97,0.3,5.5,0.0,0,0,0,1,0.7818314824680298,0.6234898018587336,0.0,1.0
39,20.4,97,0.3,8.5,0.0,0,0,0,1,0.7818314824680298,0.6234898018587336,0.20129852008866006,0.9795299412524945
84,20.5,98,0.5,6.5,0.0,0,0,0,1,0.7818314824680298,0.6234898018587336,0.39435585511331855,0.9189578116202306
136,20.6,98,0.8,0.5,0.0,0,0,0,1,0.7818314824680298,0.6234898018587336,0.5712682150947923,0.8207634412072763
133,20.6,97,0.5,0.0,0.0,0,0,0,1,0.7818314824680298,0.6234898018587336,0.72479278722912,0.6889669190756866
174,20.6,97,0.6,0.0,0.0,0,0,0,1,0.7818314824680298,0.6234898018587336,0.8486442574947509,0.5289640103269624
534,20.7,97,0.9,0.0,0.0,0,0,0,1,0.7818314824680298,0.6234898018587336,0.9377521321470804,0.3473052528448203
1209,21.1,95,0.4,0.0,0.0,0,0,0,1,0.7818314824680298,0.6234898018587336,0.9884683243281114,0.1514277775045767
2017,21.7,89,0.5,0.0,0.0,0,0,0,1,0.7818314824680298,0.6234898018587336,0.9987165071710528,-0.05064916883871264
1061,22.3,86,1.0,0.0,0.0,0,0,0,1,0.7818314824680298,0.6234898018587336,0.9680771188662043,-0.2506525322587204
768,22.6,85,0.9,0.0,0.0,0,0,0,1,0.7818314824680298,0.6234898018587336,0.8978045395707416,-0.4403941515576344
909,23.2,82,1.1,0.0,0.0,0,0,0,1,0.7818314824680298,0.6234898018587336,0.7907757369376989,-0.6121059825476626
1035,24.1,80,0.8,0.0,0.0,0,0,0,1,0.7818314824680298,0.6234898018587336,0.6513724827222223,-0.758758122692791
1074,25.2,77,1.2,0.0,0.0,0,0,0,1,0.7818314824680298,0.6234898018587336,0.48530196253108104,-0.8743466161445821
1142,25.5,77,0.8,0.0,0.0,0,0,0,1,0.7818314824680298,0.6234898018587336,0.29936312297335804,-0.9541392564000488
1169,25.7,77,0.5,0.0,0.0,0,0,0,1,0.7818314824680298,0.6234898018587336,0.10116832198743272,-0.994869323391895
1462,26.3,74,0.7,0.0,0.0,0,0,0,1,0.7818314824680298,0.6234898018587336,-0.10116832198743204,-0.9948693233918952
1603,26.5,76,1.0,0.0,0.0,0,0,0,1,0.7818314824680298,0.6234898018587336,-0.2993631229733582,-0.9541392564000488
1665,26.2,82,0.4,0.0,0.0,0,0,0,1,0.7818314824680298,0.6234898018587336,-0.4853019625310808,-0.8743466161445822
794,25.7,83,1.1,0.5,0.0,0,0,0,1,0.7818314824680298,0.6234898018587336,-0.651372482722222,-0.7587581226927911
908,25.3,89,0.3,0.0,0.0,0,0,0,1,0.7818314824680298,0.6234898018587336,-0.7907757369376986,-0.6121059825476627
1352,25.1,86,0.3,0.0,0.0,0,0,0,1,0.7818314824680298,0.6234898018587336,-0.8978045395707417,-0.44039415155763423
971,25.0,86,0.5,0.0,0.0,0,0,0,1,0.7818314824680298,0.6234898018587336,-0.9680771188662041,-0.2506525322587213
373,24.9,87,0.5,0.0,0.0,0,0,0,1,0.7818314824680298,0.6234898018587336,-0.9987165071710528,-0.05064916883871355
240,24.6,96,0.7,0.5,0.0,0,0,0,1,0.9749279121818236,-0.22252093395631434,0.0,1.0
240,24.6,96,0.5,0.5,0.0,0,0,0,1,0.9749279121818236,-0.22252093395631434,0.20129852008866006,0.9795299412524945
236,24.5,96,0.5,0.0,0.0,0,0,0,1,0.9749279121818236,-0.22252093395631434,0.39435585511331855,0.9189578116202306
157,24.5,97,0.8,0.5,0.0,0,0,0,1,0.9749279121818236,-0.22252093395631434,0.5712682150947923,0.8207634412072763
71,24.5,97,1.0,0.0,0.0,0,0,0,1,0.9749279121818236,-0.22252093395631434,0.72479278722912,0.6889669190756866
76,24.5,97,0.5,0.5,0.0,0,0,0,1,0.9749279121818236,-0.22252093395631434,0.8486442574947509,0.5289640103269624
187,24.5,97,0.1,0.5,0.0,0,0,0,1,0.9749279121818236,-0.22252093395631434,0.9377521321470804,0.3473052528448203
303,24.6,97,0.3,0.5,0.0,0,0,0,1,0.9749279121818236,-0.22252093395631434,0.9884683243281114,0.1514277775045767
827,25.1,97,0.8,0.0,0.0,0,0,0,1,0.9749279121818236,-0.22252093395631434,0.9987165071710528,-0.05064916883871264
634,25.6,96,0.6,0.0,0.0,0,0,0,1,0.9749279121818236,-0.22252093395631434,0.9680771188662043,-0.2506525322587204
581,26.3,91,0.6,0.5,0.0,0,0,0,1,0.9749279121818236,-0.22252093395631434,0.8978045395707416,-0.4403941515576344
792,27.2,82,0.9,0.0,0.0,0,0,0,1,0.9749279121818236,-0.22252093395631434,0.7907757369376989,-0.6121059825476626
964,28.1,73,2.1,0.0,0.0,0,0,0,1,0.9749279121818236,-0.22252093395631434,0.6513724827222223,-0.758758122692791
991,28.7,69,2.6,0.0,0.0,0,0,0,1,0.9749279121818236,-0.22252093395631434,0.48530196253108104,-0.8743466161445821
1052,29.2,67,2.8,0.0,0.0,0,0,0,1,0.9749279121818236,-0.22252093395631434,0.29936312297335804,-0.9541392564000488
1106,29.4,68,2.3,0.0,0.0,0,0,0,1,0.9749279121818236,-0.22252093395631434,0.10116832198743272,-0.994869323391895
1344,28.7,70,3.2,0.0,0.0,0,0,0,1,0.9749279121818236,-0.22252093395631434,-0.10116832198743204,-0.9948693233918952
1923,28.7,71,2.9,0.0,0.0,0,0,0,1,0.9749279121818236,-0.22252093395631434,-0.2993631229733582,-0.9541392564000488
2931,28.4,75,2.4,0.0,0.0,0,0,0,1,0.9749279121818236,-0.22252093395631434,-0.4853019625310808,-0.8743466161445822
2328,28.2,72,1.6,0.0,0.0,0,0,0,1,0.9749279121818236,-0.22252093395631434,-0.651372482722222,-0.7587581226927911
2048,27.7,76,1.8,0.0,0.0,0,0,0,1,0.9749279121818236,-0.22252093395631434,-0.7907757369376986,-0.6121059825476627
1936,27.3,78,1.2,0.0,0.0,0,0,0,1,0.9749279121818236,-0.22252093395631434,-0.8978045395707417,-0.44039415155763423
1870,27.1,79,1.2,0.0,0.0,0,0,0,1,0.9749279121818236,-0.22252093395631434,-0.9680771188662041,-0.2506525322587213
1298,26.9,79,0.1,0.0,0.0,0,0,0,1,0.9749279121818236,-0.22252093395631434,-0.9987165071710528,-0.05064916883871355
938,26.7,79,0.9,0.0,0.0,0,0,0,1,0.43388373911755823,-0.900968867902419,0.0,1.0
787,26.6,80,0.0,0.0,0.0,0,0,0,1,0.43388373911755823,-0.900968867902419,0.20129852008866006,0.9795299412524945
517,26.3,84,0.3,0.0,0.0,0,0,0,1,0.43388373911755823,-0.900968867902419,0.39435585511331855,0.9189578116202306
322,26.2,83,0.3,0.0,0.0,0,0,0,1,0.43388373911755823,-0.900968867902419,0.5712682150947923,0.8207634412072763
159,26.1,85,0.6,0.0,0.0,0,0,0,1,0.43388373911755823,-0.900968867902419,0.72479278722912,0.6889669190756866
231,25.9,91,0.4,0.5,0.0,0,0,0,1,0.43388373911755823,-0.900968867902419,0.8486442574947509,0.5289640103269624
593,25.6,93,1.1,0.0,0.0,0,0,0,1,0.43388373911755823,-0.900968867902419,0.9377521321470804,0.3473052528448203
1279,25.9,87,1.7,0.0,0.0,0,0,0,1,0.43388373911755823,-0.900968867902419,0.9884683243281114,0.1514277775045767
1811,26.3,84,2.1,0.0,0.0,0,0,0,1,0.43388373911755823,-0.900968867902419,0.9987165071710528,-0.05064916883871264
982,26.5,82,2.7,0.0,0.0,0,0,0,1,0.43388373911755823,-0.900968867902419,0.9680771188662043,-0.2506525322587204
746,26.7,88,1.6,0.5,0.0,0,0,0,1,0.43388373911755823,-0.900968867902419,0.8978045395707416,-0.4403941515576344
805,27.4,78,2.3,0.0,0.0,0,0,0,1,0.43388373911755823,-0.900968867902419,0.7907757369376989,-0.6121059825476626
991,27.4,80,2.7,0.0,0.0,0,0,0,1,0.43388373911755823,-0.900968867902419,0.6513724827222223,-0.758758122692791
959,27.7,76,2.6,0.0,0.0,0,0,0,1,0.43388373911755823,-0.900968867902419,0.48530196253108104,-0.8743466161445821
976,27.8,76,3.1,0.0,0.0,0,0,0,1,0.43388373911755823,-0.900968867902419,0.29936312297335804,-0.9541392564000488
1163,28.0,76,2.3,0.0,0.0,0,0,0,1,0.43388373911755823,-0.900968867902419,0.10116832198743272,-0.994869323391895
1296,28.1,74,2.8,0.0,0.0,0,0,0,1,0.43388373911755823,-0.900968867902419,-0.10116832198743204,-0.9948693233918952
1915,27.9,75,2.5,0.0,0.0,0,0,0,1,0.43388373911755823,-0.900968867902419,-0.2993631229733582,-0.9541392564000488
3016,27.5,77,2.1,0.0,0.0,0,0,0,1,0.43388373911755823,-0.900968867902419,-0.4853019625310808,-0.8743466161445822
2313,27.4,78,1.1,0.0,0.0,0,0,0,1,0.43388373911755823,-0.900968867902419,-0.651372482722222,-0.7587581226927911
2214,26.9,80,1.5,0.0,0.0,0,0,0,1,0.43388373911755823,-0.900968867902419,-0.7907757369376986,-0.6121059825476627
2115,26.3,81,0.8,0.0,0.0,0,0,0,1,0.43388373911755823,-0.900968867902419,-0.8978045395707417,-0.44039415155763423
1945,25.9,83,0.6,0.0,0.0,0,0,0,1,0.43388373911755823,-0.900968867902419,-0.9680771188662041,-0.2506525322587213
1355,25.5,84,0.8,0.0,0.0,0,0,0,1,0.43388373911755823,-0.900968867902419,-0.9987165071710528,-0.05064916883871355
1006,25.1,87,0.4,0.0,0.0,0,0,0,1,-0.433883739117558,-0.9009688679024191,0.0,1.0
760,24.8,89,0.9,0.0,0.0,0,0,0,1,-0.433883739117558,-0.9009688679024191,0.20129852008866006,0.9795299412524945
600,24.9,86,1.3,0.0,0.0,0,0,0,1,-0.433883739117558,-0.9009688679024191,0.39435585511331855,0.9189578116202306
377,24.9,86,2.0,0.0,0.0,0,0,0,1,-0.433883739117558,-0.9009688679024191,0.5712682150947923,0.8207634412072763
241,24.8,86,2.1,0.0,0.0,0,0,0,1,-0.433883739117558,-0.9009688679024191,0.72479278722912,0.6889669190756866
301,24.8,84,1.4,0.0,0.0,0,0,0,1,-0.433883739117558,-0.9009688679024191,0.8486442574947509,0.5289640103269624
665,24.8,84,1.1,0.0,0.0,0,0,0,1,-0.433883739117558,-0.9009688679024191,0.9377521321470804,0.3473052528448203
1321,25.0,83,1.0,0.0,0.0,0,0,0,1,-0.433883739117558,-0.9009688679024191,0.9884683243281114,0.1514277775045767
2114,25.5,80,1.8,0.0,0.0,0,0,0,1,-0.433883739117558,-0.9009688679024191,0.9987165071710528,-0.05064916883871264
1240,26.6,73,2.2,0.0,0.0,0,0,0,1,-0.433883739117558,-0.9009688679024191,0.9680771188662043,-0.2506525322587204
836,27.4,70,2.4,0.0,0.0,0,0,0,1,-0.433883739117558,-0.9009688679024191,0.8978045395707416,-0.4403941515576344
887,27.5,70,2.4,0.0,0.0,0,0,0,1,-0.433883739117558,-0.9009688679024191,0.7907757369376989,-0.6121059825476626
1013,28.3,68,1.9,0.0,0.0,0,0,0,1,-0.433883739117558,-0.9009688679024191,0.6513724827222223,-0.758758122692791
1046,28.9,68,2.8,0.0,0.0,0,0,0,1,-0.433883739117558,-0.9009688679024191,0.48530196253108104,-0.8743466161445821
999,29.5,62,2.7,0.0,0.0,0,0,0,1,-0.433883739117558,-0.9009688679024191,0.29936312297335804,-0.9541392564000488
1094,30.2,62,2.4,0.0,0.0,0,0,0,1,-0.433883739117558,-0.9009688679024191,0.10116832198743272,-0.994869323391895
1291,30.0,67,2.0,0.0,0.0,0,0,0,1,-0.433883739117558,-0.9009688679024191,-0.10116832198743204,-0.9948693233918952
1782,30.1,65,1.8,0.0,0.0,0,0,0,1,-0.433883739117558,-0.9009688679024191,-0.2993631229733582,-0.9541392564000488
2884,30.8,60,2.5,0.0,0.0,0,0,0,1,-0.433883739117558,-0.9009688679024191,-0.4853019625310808,-0.8743466161445822
2320,29.8,68,2.6,0.0,0.0,0,0,0,1,-0.433883739117558,-0.9009688679024191,-0.651372482722222,-0.7587581226927911
2069,28.2,76,2.2,0.0,0.0,0,0,0,1,-0.433883739117558,-0.9009688679024191,-0.7907757369376986,-0.6121059825476627
1924,27.2,80,2.3,0.0,0.0,0,0,0,1,-0.433883739117558,-0.9009688679024191,-0.8978045395707417,-0.44039415155763423
1879,26.7,82,1.3,0.0,0.0,0,0,0,1,-0.433883739117558,-0.9009688679024191,-0.9680771188662041,-0.2506525322587213
1439,26.2,84,1.0,0.0,0.0,0,0,0,1,-0.433883739117558,-0.9009688679024191,-0.9987165071710528,-0.05064916883871355
1169,25.7,85,0.4,0.0,0.0,0,0,0,1,-0.9749279121818236,-0.2225209339563146,0.0,1.0
1062,25.4,85,1.4,0.0,0.0,0,0,0,1,-0.9749279121818236,-0.2225209339563146,0.20129852008866006,0.9795299412524945
783,25.3,85,1.7,0.0,0.0,0,0,0,1,-0.9749279121818236,-0.2225209339563146,0.39435585511331855,0.9189578116202306
545,25.2,83,1.1,0.0,0.0,0,0,0,1,-0.9749279121818236,-0.2225209339563146,0.5712682150947923,0.8207634412072763
307,25.1,82,1.5,0.0,0.0,0,0,0,1,-0.9749279121818236,-0.2225209339563146,0.72479278722912,0.6889669190756866
266,24.8,86,1.6,0.0,0.0,0,0,0,1,-0.9749279121818236,-0.2225209339563146,0.8486442574947509,0.5289640103269624
356,24.6,86,0.4,0.0,0.0,0,0,0,1,-0.9749279121818236,-0.2225209339563146,0.9377521321470804,0.3473052528448203
537,24.9,81,0.3,0.0,0.0,0,0,0,1,-0.9749279121818236,-0.2225209339563146,0.9884683243281114,0.1514277775045767
787,26.1,74,0.7,0.0,0.0,0,0,0,1,-0.9749279121818236,-0.2225209339563146,0.9987165071710528,-0.05064916883871264
909,27.0,70,1.1,0.0,0.0,0,0,0,1,-0.9749279121818236,-0.2225209339563146,0.9680771188662043,-0.2506525322587204
910,27.8,68,2.1,0.0,0.0,0,0,0,1,-0.9749279121818236,-0.2225209339563146,0.8978045395707416,-0.4403941515576344
945,29.0,65,2.0,0.0,0.0,0,0,0,1,-0.9749279121818236,-0.2225209339563146,0.7907757369376989,-0.6121059825476626
1039,30.2,58,2.3,0.0,0.0,0,0,0,1,-0.9749279121818236,-0.2225209339563146,0.6513724827222223,-0.758758122692791
1078,30.7,59,2.3,0.0,0.0,0,0,0,1,-0.9749279121818236,-0.2225209339563146,0.48530196253108104,-0.8743466161445821
1038,30.7,59,2.9,0.0,0.0,0,0,0,1,-0.9749279121818236,-0.2225209339563146,0.29936312297335804,-0.9541392564000488
1058,31.1,59,2.3,0.0,0.0,0,0,0,1,-0.9749279121818236,-0.2225209339563146,0.10116832198743272,-0.994869323391895
1177,31.7,55,2.3,0.0,0.0,0,0,0,1,-0.9749279121818236,-0.2225209339563146,-0.10116832198743204,-0.9948693233918952
1433,31.5,53,3.7,0.0,0.0,0,0,0,1,-0.9749279121818236,-0.2225209339563146,-0.2993631229733582,-0.9541392564000488
1624,31.1,55,2.2,0.0,0.0,0,0,0,1,-0.9749279121818236,-0.2225209339563146,-0.4853019625310808,-0.8743466161445822
1797,30.4,59,2.4,0.0,0.0,0,0,0,1,-0.9749279121818236,-0.2225209339563146,-0.651372482722222,-0.7587581226927911
2023,29.2,63,1.7,0.0,0.0,0,0,0,1,-0.9749279121818236,-0.2225209339563146,-0.7907757369376986,-0.6121059825476627
2011,28.2,64,2.8,0.0,0.0,0,0,0,1,-0.9749279121818236,-0.2225209339563146,-0.8978045395707417,-0.44039415155763423
1682,27.6,70,2.7,0.0,0.0,0,0,0,1,-0.9749279121818236,-0.2225209339563146,-0.9680771188662041,-0.2506525322587213
1278,26.6,80,2.0,0.0,0.0,0,0,0,1,-0.9749279121818236,-0.2225209339563146,-0.9987165071710528,-0.05064916883871355
1143,26.0,82,1.9,0.0,0.0,0,0,0,1,-0.7818314824680299,0.6234898018587334,0.0,1.0
868,25.5,83,2.3,0.0,0.0,0,0,0,1,-0.7818314824680299,0.6234898018587334,0.20129852008866006,0.9795299412524945
632,25.1,85,1.1,0.0,0.0,0,0,0,1,-0.7818314824680299,0.6234898018587334,0.39435585511331855,0.9189578116202306
443,24.8,86,0.2,0.0,0.0,0,0,0,1,-0.7818314824680299,0.6234898018587334,0.5712682150947923,0.8207634412072763
278,24.6,86,0.1,0.0,0.0,0,0,0,1,-0.7818314824680299,0.6234898018587334,0.72479278722912,0.6889669190756866
223,24.5,85,0.7,0.0,0.0,0,0,0,1,-0.7818314824680299,0.6234898018587334,0.8486442574947509,0.5289640103269624
292,24.8,83,0.2,0.0,0.0,0,0,0,1,-0.7818314824680299,0.6234898018587334,0.9377521321470804,0.3473052528448203
402,25.2,80,0.2,0.0,0.0,0,0,0,1,-0.7818314824680299,0.6234898018587334,0.9884683243281114,0.1514277775045767
613,26.2,75,0.9,0.0,0.0,0,0,0,1,-0.7818314824680299,0.6234898018587334,0.9987165071710528,-0.05064916883871264
715,27.0,71,1.0,0.0,0.0,0,0,0,1,-0.7818314824680299,0.6234898018587334,0.9680771188662043,-0.2506525322587204
701,28.5,66,1.7,0.0,0.0,0,0,0,1,-0.7818314824680299,0.6234898018587334,0.8978045395707416,-0.4403941515576344
712,28.7,64,1.3,0.0,0.0,0,0,0,1,-0.7818314824680299,0.6234898018587334,0.7907757369376989,-0.6121059825476626
803,30.1,58,1.6,0.0,0.0,0,0,0,1,-0.7818314824680299,0.6234898018587334,0.6513724827222223,-0.758758122692791
810,31.4,53,3.2,0.0,0.0,0,0,0,1,-0.7818314824680299,0.6234898018587334,0.48530196253108104,-0.8743466161445821
822,32.4,50,2.0,0.0,0.0,0,0,0,1,-0.7818314824680299,0.6234898018587334,0.29936312297335804,-0.9541392564000488
946,32.9,49,2.6,0.0,0.0,0,0,0,1,-0.7818314824680299,0.6234898018587334,0.10116832198743272,-0.994869323391895
1125,32.8,52,3.0,0.0,0.0,0,0,0,1,-0.7818314824680299,0.6234898018587334,-0.10116832198743204,-0.9948693233918952
1247,32.7,52,3.0,0.0,0.0,0,0,0,1,-0.7818314824680299,0.6234898018587334,-0.2993631229733582,-0.9541392564000488
1466,32.2,55,2.4,0.0,0.0,0,0,0,1,-0.7818314824680299,0.6234898018587334,-0.4853019625310808,-0.8743466161445822
1847,31.2,62,2.1,0.0,0.0,0,0,0,1,-0.7818314824680299,0.6234898018587334,-0.651372482722222,-0.7587581226927911
2058,29.2,72,2.1,0.0,0.0,0,0,0,1,-0.7818314824680299,0.6234898018587334,-0.7907757369376986,-0.6121059825476627
1924,28.1,74,3.1,0.0,0.0,0,0,0,1,-0.7818314824680299,0.6234898018587334,-0.8978045395707417,-0.44039415155763423
1607,27.5,77,0.9,0.0,0.0,0,0,0,1,-0.7818314824680299,0.6234898018587334,-0.9680771188662041,-0.2506525322587213
1113,27.0,78,1.6,0.0,0.0,0,0,0,1,-0.7818314824680299,0.6234898018587334,-0.9987165071710528,-0.05064916883871355
732,26.5,81,0.9,0.0,0.0,0,0,0,1,0.0,1.0,0.0,1.0
498,25.9,83,1.3,0.0,0.0,0,0,0,1,0.0,1.0,0.20129852008866006,0.9795299412524945
469,25.4,84,0.6,0.0,0.0,0,0,0,1,0.0,1.0,0.39435585511331855,0.9189578116202306
276,25.1,85,0.7,0.0,0.0,0,0,0,1,0.0,1.0,0.5712682150947923,0.8207634412072763
211,24.6,84,0.7,0.0,0.0,0,0,0,1,0.0,1.0,0.72479278722912,0.6889669190756866
324,24.3,85,1.0,0.0,0.0,0,0,0,1,0.0,1.0,0.8486442574947509,0.5289640103269624
703,24.0,85,0.9,0.0,0.0,0,0,0,1,0.0,1.0,0.9377521321470804,0.3473052528448203
1344,24.5,73,0.9,0.0,0.0,0,0,0,1,0.0,1.0,0.9884683243281114,0.1514277775045767
1935,26.4,69,0.5,0.0,0.0,0,0,0,1,0.0,1.0,0.9987165071710528,-0.05064916883871264
1014,28.0,64,1.0,0.0,0.0,0,0,0,1,0.0,1.0,0.9680771188662043,-0.2506525322587204
678,29.8,54,1.8,0.0,0.0,0,0,0,1,0.0,1.0,0.8978045395707416,-0.4403941515576344
688,31.5,51,2.1,0.0,0.0,0,0,0,1,0.0,1.0,0.7907757369376989,-0.6121059825476626
719,32.4,49,2.0,0.0,0.0,0,0,0,1,0.0,1.0,0.6513724827222223,-0.758758122692791
727,33.0,51,2.5,0.0,0.0,0,0,0,1,0.0,1.0,0.48530196253108104,-0.8743466161445821
691,33.7,45,2.5,0.0,0.0,0,0,0,1,0.0,1.0,0.29936312297335804,-0.9541392564000488
745,33.4,44,3.1,0.0,0.0,0,0,0,1,0.0,1.0,0.10116832198743272,-0.994869323391895
818,33.3,46,3.1,0.0,0.0,0,0,0,1,0.0,1.0,-0.10116832198743204,-0.9948693233918952
1425,33.0,46,3.1,0.0,0.0,0,0,0,1,0.0,1.0,-0.2993631229733582,-0.9541392564000488
2636,32.3,47,3.0,0.0,0.0,0,0,0,1,0.0,1.0,-0.4853019625310808,-0.8743466161445822
2368,31.2,52,2.4,0.0,0.0,0,0,0,1,0.0,1.0,-0.651372482722222,-0.7587581226927911
2362,29.3,58,2.4,0.0,0.0,0,0,0,1,0.0,1.0,-0.7907757369376986,-0.6121059825476627
2241,28.0,64,1.5,0.0,0.0,0,0,0,1,0.0,1.0,-0.8978045395707417,-0.44039415155763423
1934,27.2,69,1.7,0.0,0.0,0,0,0,1,0.0,1.0,-0.9680771188662041,-0.2506525322587213
1285,26.6,75,1.5,0.0,0.0,0,0,0,1,0.0,1.0,-0.9987165071710528,-0.05064916883871355
1003,26.4,76,1.2,0.0,0.0,0,0,0,1,0.7818314824680298,0.6234898018587336,0.0,1.0
692,25.8,78,0.4,0.0,0.0,0,0,0,1,0.7818314824680298,0.6234898018587336,0.20129852008866006,0.9795299412524945
497,25.3,78,1.0,0.0,0.0,0,0,0,1,0.7818314824680298,0.6234898018587336,0.39435585511331855,0.9189578116202306
372,24.8,80,1.0,0.0,0.0,0,0,0,1,0.7818314824680298,0.6234898018587336,0.5712682150947923,0.8207634412072763
222,24.4,80,1.0,0.0,0.0,0,0,0,1,0.7818314824680298,0.6234898018587336,0.72479278722912,0.6889669190756866
372,24.1,81,0.9,0.0,0.0,0,0,0,1,0.7818314824680298,0.6234898018587336,0.8486442574947509,0.5289640103269624
713,24.0,81,0.9,0.0,0.0,0,0,0,1,0.7818314824680298,0.6234898018587336,0.9377521321470804,0.3473052528448203
1356,24.4,75,1.0,0.0,0.0,0,0,0,1,0.7818314824680298,0.6234898018587336,0.9884683243281114,0.1514277775045767
1955,25.8,69,0.8,0.0,0.0,0,0,0,1,0.7818314824680298,0.6234898018587336,0.9987165071710528,-0.05064916883871264
1031,27.5,60,2.2,0.0,0.0,0,0,0,1,0.7818314824680298,0.6234898018587336,0.9680771188662043,-0.2506525322587204
719,29.2,55,1.6,0.0,0.0,0,0,0,1,0.7818314824680298,0.6234898018587336,0.8978045395707416,-0.4403941515576344
797,30.4,53,1.8,0.0,0.0,0,0,0,1,0.7818314824680298,0.6234898018587336,0.7907757369376989,-0.6121059825476626
803,30.8,57,2.3,0.0,0.0,0,0,0,1,0.7818314824680298,0.6234898018587336,0.6513724827222223,-0.758758122692791
763,31.1,53,3.2,0.0,0.0,0,0,0,1,0.7818314824680298,0.6234898018587336,0.48530196253108104,-0.8743466161445821
786,31.8,49,3.5,0.0,0.0,0,0,0,1,0.7818314824680298,0.6234898018587336,0.29936312297335804,-0.9541392564000488
878,31.9,51,3.3,0.0,0.0,0,0,0,1,0.7818314824680298,0.6234898018587336,0.10116832198743272,-0.994869323391895
1062,32.0,51,2.4,0.0,0.0,0,0,0,1,0.7818314824680298,0.6234898018587336,-0.10116832198743204,-0.9948693233918952
1591,31.8,52,2.4,0.0,0.0,0,0,0,1,0.7818314824680298,0.6234898018587336,-0.2993631229733582,-0.9541392564000488
2770,31.3,55,2.5,0.0,0.0,0,0,0,1,0.7818314824680298,0.6234898018587336,-0.4853019625310808,-0.8743466161445822
2326,30.6,57,1.4,0.0,0.0,0,0,0,1,0.7818314824680298,0.6234898018587336,-0.651372482722222,-0.7587581226927911
2174,28.9,64,1.7,0.0,0.0,0,0,0,1,0.7818314824680298,0.6234898018587336,-0.7907757369376986,-0.6121059825476627
2273,27.9,69,1.9,0.0,0.0,0,0,0,1,0.7818314824680298,0.6234898018587336,-0.8978045395707417,-0.44039415155763423
1940,27.2,70,1.9,0.0,0.0,0,0,0,1,0.7818314824680298,0.6234898018587336,-0.9680771188662041,-0.2506525322587213
1340,26.6,76,1.6,0.0,0.0,0,0,0,1,0.7818314824680298,0.6234898018587336,-0.9987165071710528,-0.05064916883871355
1002,26.2,79,0.7,0.0,0.0,0,0,0,1,0.9749279121818236,-0.22252093395631434,0.0,1.0
741,25.7,80,0.2,0.0,0.0,0,0,0,1,0.9749279121818236,-0.22252093395631434,0.20129852008866006,0.9795299412524945
526,25.2,82,0.4,0.0,0.0,0,0,0,1,0.9749279121818236,-0.22252093395631434,0.39435585511331855,0.9189578116202306
381,24.7,84,0.7,0.0,0.0,0,0,0,1,0.9749279121818236,-0.22252093395631434,0.5712682150947923,0.8207634412072763
266,24.3,83,0.7,0.0,0.0,0,0,0,1,0.9749279121818236,-0.22252093395631434,0.72479278722912,0.6889669190756866
327,23.9,83,0.4,0.0,0.0,0,0,0,1,0.9749279121818236,-0.22252093395631434,0.8486442574947509,0.5289640103269624
695,23.7,83,0.1,0.0,0.0,0,0,0,1,0.9749279121818236,-0.22252093395631434,0.9377521321470804,0.3473052528448203
1308,24.2,74,0.7,0.0,0.0,0,0,0,1,0.9749279121818236,-0.22252093395631434,0.9884683243281114,0.1514277775045767
1944,25.8,71,0.4,0.0,0.0,0,0,0,1,0.9749279121818236,-0.22252093395631434,0.9987165071710528,-0.05064916883871264
982,27.2,59,0.4,0.0,0.0,0,0,0,1,0.9749279121818236,-0.22252093395631434,0.9680771188662043,-0.2506525322587204
722,28.9,61,1.5,0.0,0.0,0,0,0,1,0.9749279121818236,-0.22252093395631434,0.8978045395707416,-0.4403941515576344
701,30.2,53,2.2,0.0,0.0,0,0,0,1,0.9749279121818236,-0.22252093395631434,0.7907757369376989,-0.6121059825476626
780,31.2,51,2.0,0.0,0.0,0,0,0,1,0.9749279121818236,-0.22252093395631434,0.6513724827222223,-0.758758122692791
778,32.1,51,2.3,0.0,0.0,0,0,0,1,0.9749279121818236,-0.22252093395631434,0.48530196253108104,-0.8743466161445821
762,32.7,49,1.5,0.0,0.0,0,0,0,1,0.9749279121818236,-0.22252093395631434,0.29936312297335804,-0.9541392564000488
776,32.9,46,2.5,0.0,0.0,0,0,0,1,0.9749279121818236,-0.22252093395631434,0.10116832198743272,-0.994869323391895
912,33.1,42,2.9,0.0,0.0,0,0,0,1,0.9749279121818236,-0.22252093395631434,-0.10116832198743204,-0.9948693233918952
1596,32.6,46,2.8,0.0,0.0,0,0,0,1,0.9749279121818236,-0.22252093395631434,-0.2993631229733582,-0.9541392564000488
2692,32.0,50,2.6,0.0,0.0,0,0,0,1,0.9749279121818236,-0.22252093395631434,-0.4853019625310808,-0.8743466161445822
2281,30.6,54,2.8,0.0,0.0,0,0,0,1,0.9749279121818236,-0.22252093395631434,-0.651372482722222,-0.7587581226927911
2202,28.8,66,1.9,0.0,0.0,0,0,0,1,0.9749279121818236,-0.22252093395631434,-0.7907757369376986,-0.6121059825476627
2188,28.0,69,1.8,0.0,0.0,0,0,0,1,0.9749279121818236,-0.22252093395631434,-0.8978045395707417,-0.44039415155763423
1980,27.2,73,1.5,0.0,0.0,0,0,0,1,0.9749279121818236,-0.22252093395631434,-0.9680771188662041,-0.2506525322587213
1354,26.4,76,0.6,0.0,0.0,0,0,0,1,0.9749279121818236,-0.22252093395631434,-0.9987165071710528,-0.05064916883871355
1068,25.9,76,1.3,0.0,0.0,0,0,0,1,0.43388373911755823,-0.900968867902419,0.0,1.0
824,25.4,79,0.8,0.0,0.0,0,0,0,1,0.43388373911755823,-0.900968867902419,0.20129852008866006,0.9795299412524945
591,24.8,80,1.5,0.0,0.0,0,0,0,1,0.43388373911755823,-0.900968867902419,0.39435585511331855,0.9189578116202306
393,24.4,85,0.6,0.0,0.0,0,0,0,1,0.43388373911755823,-0.900968867902419,0.5712682150947923,0.8207634412072763
231,24.0,87,0.9,0.0,0.0,0,0,0,1,0.43388373911755823,-0.900968867902419,0.72479278722912,0.6889669190756866
329,23.6,88,0.2,0.0,0.0,0,0,0,1,0.43388373911755823,-0.900968867902419,0.8486442574947509,0.5289640103269624
672,23.3,83,0.2,0.0,0.0,0,0,0,1,0.43388373911755823,-0.900968867902419,0.9377521321470804,0.3473052528448203
1315,23.6,75,0.9,0.0,0.0,0,0,0,1,0.43388373911755823,-0.900968867902419,0.9884683243281114,0.1514277775045767
1993,25.5,65,0.9,0.0,0.0,0,0,0,1,0.43388373911755823,-0.900968867902419,0.9987165071710528,-0.05064916883871264
985,27.6,62,1.5,0.0,0.0,0,0,0,1,0.43388373911755823,-0.900968867902419,0.9680771188662043,-0.2506525322587204
695,29.4,56,2.2,0.0,0.0,0,0,0,1,0.43388373911755823,-0.900968867902419,0.8978045395707416,-0.4403941515576344
687,30.7,48,1.6,0.0,0.0,0,0,0,1,0.43388373911755823,-0.900968867902419,0.7907757369376989,-0.6121059825476626
828,31.7,42,2.6,0.0,0.0,0,0,0,1,0.43388373911755823,-0.900968867902419,0.6513724827222223,-0.758758122692791
798,32.6,47,2.7,0.0,0.0,0,0,0,1,0.43388373911755823,-0.900968867902419,0.48530196253108104,-0.8743466161445821
722,33.1,47,2.5,0.0,0.0,0,0,0,1,0.43388373911755823,-0.900968867902419,0.29936312297335804,-0.9541392564000488
827,33.7,41,2.5,0.0,0.0,0,0,0,1,0.43388373911755823,-0.900968867902419,0.10116832198743272,-0.994869323391895
1017,33.7,43,2.7,0.0,0.0,0,0,0,1,0.43388373911755823,-0.900968867902419,-0.10116832198743204,-0.9948693233918952
1536,34.0,44,2.3,0.0,0.0,0,0,0,1,0.43388373911755823,-0.900968867902419,-0.2993631229733582,-0.9541392564000488
2640,33.0,51,2.4,0.0,0.0,0,0,0,1,0.43388373911755823,-0.900968867902419,-0.4853019625310808,-0.8743466161445822
2245,31.6,58,2.3,0.0,0.0,0,0,0,1,0.43388373911755823,-0.900968867902419,-0.651372482722222,-0.7587581226927911
2114,29.8,62,2.9,0.0,0.0,0,0,0,1,0.43388373911755823,-0.900968867902419,-0.7907757369376986,-0.6121059825476627
2122,28.8,69,2.4,0.0,0.0,0,0,0,1,0.43388373911755823,-0.900968867902419,-0.8978045395707417,-0.44039415155763423
1870,28.0,76,1.5,0.0,0.0,0,0,0,1,0.43388373911755823,-0.900968867902419,-0.9680771188662041,-0.2506525322587213
1318,27.2,78,1.9,0.0,0.0,0,0,0,1,0.43388373911755823,-0.900968867902419,-0.9987165071710528,-0.05064916883871355
1041,26.7,80,1.4,0.0,0.0,0,0,0,1,-0.433883739117558,-0.9009688679024191,0.0,1.0
773,26.1,81,1.6,0.0,0.0,0,0,0,1,-0.433883739117558,-0.9009688679024191,0.20129852008866006,0.9795299412524945
557,25.7,84,0.1,0.0,0.0,0,0,0,1,-0.433883739117558,-0.9009688679024191,0.39435585511331855,0.9189578116202306
428,25.4,84,0.9,0.0,0.0,0,0,0,1,-0.433883739117558,-0.9009688679024191,0.5712682150947923,0.8207634412072763
267,25.1,83,0.0,0.0,0.0,0,0,0,1,-0.433883739117558,-0.9009688679024191,0.72479278722912,0.6889669190756866
327,24.9,83,0.3,0.0,0.0,0,0,0,1,-0.433883739117558,-0.9009688679024191,0.8486442574947509,0.5289640103269624
672,24.6,82,0.2,0.0,0.0,0,0,0,1,-0.433883739117558,-0.9009688679024191,0.9377521321470804,0.3473052528448203
1251,25.2,75,0.6,0.0,0.0,0,0,0,1,-0.433883739117558,-0.9009688679024191,0.9884683243281114,0.1514277775045767
1896,26.6,70,1.3,0.0,0.0,0,0,0,1,-0.433883739117558,-0.9009688679024191,0.9987165071710528,-0.05064916883871264
1029,28.4,65,1.2,0.0,0.0,0,0,0,1,-0.433883739117558,-0.9009688679024191,0.9680771188662043,-0.2506525322587204
641,29.8,59,1.2,0.0,0.0,0,0,0,1,-0.433883739117558,-0.9009688679024191,0.8978045395707416,-0.4403941515576344
791,31.6,54,1.3,0.0,0.0,0,0,0,1,-0.433883739117558,-0.9009688679024191,0.7907757369376989,-0.6121059825476626
822,32.6,51,2.1,0.0,0.0,0,0,0,1,-0.433883739117558,-0.9009688679024191,0.6513724827222223,-0.758758122692791
805,32.4,54,2.4,0.0,0.0,0,0,0,1,-0.433883739117558,-0.9009688679024191,0.48530196253108104,-0.8743466161445821
741,33.4,52,2.7,0.0,0.0,0,0,0,1,-0.433883739117558,-0.9009688679024191,0.29936312297335804,-0.9541392564000488
794,34.1,45,2.4,0.0,0.0,0,0,0,1,-0.433883739117558,-0.9009688679024191,0.10116832198743272,-0.994869323391895
928,34.3,45,2.3,0.0,0.0,0,0,0,1,-0.433883739117558,-0.9009688679024191,-0.10116832198743204,-0.9948693233918952
1468,34.3,44,2.1,0.0,0.0,0,0,0,1,-0.433883739117558,-0.9009688679024191,-0.2993631229733582,-0.9541392564000488
2419,33.9,42,2.0,0.0,0.0,0,0,0,1,-0.433883739117558,-0.9009688679024191,-0.4853019625310808,-0.8743466161445822
2084,32.9,44,2.0,0.0,0.0,0,0,0,1,-0.433883739117558,-0.9009688679024191,-0.651372482722222,-0.7587581226927911
1888,30.9,51,2.2,0.0,0.0,0,0,0,1,-0.433883739117558,-0.9009688679024191,-0.7907757369376986,-0.6121059825476627
1869,29.8,59,1.4,0.0,0.0,0,0,0,1,-0.433883739117558,-0.9009688679024191,-0.8978045395707417,-0.44039415155763423
1782,28.8,65,1.3,0.0,0.0,0,0,0,1,-0.433883739117558,-0.9009688679024191,-0.9680771188662041,-0.2506525322587213
1426,28.2,70,1.3,0.0,0.0,0,0,0,1,-0.433883739117558,-0.9009688679024191,-0.9987165071710528,-0.05064916883871355
1132,27.5,73,1.1,0.0,0.0,0,0,0,1,-0.9749279121818236,-0.2225209339563146,0.0,1.0
945,27.0,74,1.1,0.0,0.0,0,0,0,1,-0.9749279121818236,-0.2225209339563146,0.20129852008866006,0.9795299412524945
684,26.4,72,0.2,0.0,0.0,0,0,0,1,-0.9749279121818236,-0.2225209339563146,0.39435585511331855,0.9189578116202306
477,26.1,74,0.1,0.0,0.0,0,0,0,1,-0.9749279121818236,-0.2225209339563146,0.5712682150947923,0.8207634412072763
347,25.6,77,1.2,0.0,0.0,0,0,0,1,-0.9749279121818236,-0.2225209339563146,0.72479278722912,0.6889669190756866
292,25.0,78,0.3,0.0,0.0,0,0,0,1,-0.9749279121818236,-0.2225209339563146,0.8486442574947509,0.5289640103269624
381,24.9,76,0.0,0.0,0.0,0,0,0,1,-0.9749279121818236,-0.2225209339563146,0.9377521321470804,0.3473052528448203
491,25.3,71,0.4,0.0,0.0,0,0,0,1,-0.9749279121818236,-0.2225209339563146,0.9884683243281114,0.1514277775045767
720,27.4,63,0.9,0.0,0.0,0,0,0,1,-0.9749279121818236,-0.2225209339563146,0.9987165071710528,-0.05064916883871264
729,29.6,57,0.9,0.0,0.0,0,0,0,1,-0.9749279121818236,-0.2225209339563146,0.9680771188662043,-0.2506525322587204
699,31.4,51,1.1,0.0,0.0,0,0,0,1,-0.9749279121818236,-0.2225209339563146,0.8978045395707416,-0.4403941515576344
676,32.9,45,2.1,0.0,0.0,0,0,0,1,-0.9749279121818236,-0.2225209339563146,0.7907757369376989,-0.6121059825476626
735,34.2,35,1.8,0.0,0.0,0,0,0,1,-0.9749279121818236,-0.2225209339563146,0.6513724827222223,-0.758758122692791
727,35.2,34,1.8,0.0,0.0,0,0,0,1,-0.9749279121818236,-0.2225209339563146,0.48530196253108104,-0.8743466161445821
682,36.3,34,1.3,0.0,0.0,0,0,0,1,-0.9749279121818236,-0.2225209339563146,0.29936312297335804,-0.9541392564000488
785,36.5,35,3.0,0.0,0.0,0,0,0,1,-0.9749279121818236,-0.2225209339563146,0.10116832198743272,-0.994869323391895
883,36.8,30,2.8,0.0,0.0,0,0,0,1,-0.9749279121818236,-0.2225209339563146,-0.10116832198743204,-0.9948693233918952
1011,36.3,36,3.1,0.0,0.0,0,0,0,1,-0.9749279121818236,-0.2225209339563146,-0.2993631229733582,-0.9541392564000488
1202,35.0,42,2.9,0.0,0.0,0,0,0,1,-0.9749279121818236,-0.2225209339563146,-0.4853019625310808,-0.8743466161445822
1423,33.4,51,2.6,0.0,0.0,0,0,0,1,-0.9749279121818236,-0.2225209339563146,-0.651372482722222,-0.7587581226927911
1655,31.5,53,1.8,0.0,0.0,0,0,0,1,-0.9749279121818236,-0.2225209339563146,-0.7907757369376986,-0.6121059825476627
1731,30.2,54,1.8,0.0,0.0,0,0,0,1,-0.9749279121818236,-0.2225209339563146,-0.8978045395707417,-0.44039415155763423
1588,29.4,55,1.4,0.0,0.0,0,0,0,1,-0.9749279121818236,-0.2225209339563146,-0.9680771188662041,-0.2506525322587213
1288,28.8,56,1.6,0.0,0.0,0,0,0,1,-0.9749279121818236,-0.2225209339563146,-0.9987165071710528,-0.05064916883871355
1088,28.1,56,0.2,0.0,0.0,0,0,0,1,-0.7818314824680299,0.6234898018587334,0.0,1.0
772,27.3,60,0.8,0.0,0.0,0,0,0,1,-0.7818314824680299,0.6234898018587334,0.20129852008866006,0.9795299412524945
587,26.8,63,0.6,0.0,0.0,0,0,0,1,-0.7818314824680299,0.6234898018587334,0.39435585511331855,0.9189578116202306
438,26.3,63,0.2,0.0,0.0,0,0,0,1,-0.7818314824680299,0.6234898018587334,0.5712682150947923,0.8207634412072763
270,25.9,71,0.3,0.0,0.0,0,0,0,1,-0.7818314824680299,0.6234898018587334,0.72479278722912,0.6889669190756866
256,25.5,72,0.4,0.0,0.0,0,0,0,1,-0.7818314824680299,0.6234898018587334,0.8486442574947509,0.5289640103269624
286,25.3,73,0.6,0.0,0.0,0,0,0,1,-0.7818314824680299,0.6234898018587334,0.9377521321470804,0.3473052528448203
360,25.8,67,0.9,0.0,0.0,0,0,0,1,-0.7818314824680299,0.6234898018587334,0.9884683243281114,0.1514277775045767
477,27.9,60,0.6,0.0,0.0,0,0,0,1,-0.7818314824680299,0.6234898018587334,0.9987165071710528,-0.05064916883871264
526,30.5,54,0.9,0.0,0.0,0,0,0,1,-0.7818314824680299,0.6234898018587334,0.9680771188662043,-0.2506525322587204
522,32.2,50,0.8,0.0,0.0,0,0,0,1,-0.7818314824680299,0.6234898018587334,0.8978045395707416,-0.4403941515576344
499,33.8,45,1.9,0.0,0.0,0,0,0,1,-0.7818314824680299,0.6234898018587334,0.7907757369376989,-0.6121059825476626
560,35.5,39,1.9,0.0,0.0,0,0,0,1,-0.7818314824680299,0.6234898018587334,0.6513724827222223,-0.758758122692791
569,36.7,33,1.8,0.0,0.0,0,0,0,1,-0.7818314824680299,0.6234898018587334,0.48530196253108104,-0.8743466161445821
565,37.4,34,2.3,0.0,0.0,0,0,0,1,-0.7818314824680299,0.6234898018587334,0.29936312297335804,-0.9541392564000488
632,37.5,33,2.0,0.0,0.0,0,0,0,1,-0.7818314824680299,0.6234898018587334,0.10116832198743272,-0.994869323391895
771,37.8,31,2.5,0.0,0.0,0,0,0,1,-0.7818314824680299,0.6234898018587334,-0.10116832198743204,-0.9948693233918952
965,37.6,33,2.1,0.0,0.0,0,0,0,1,-0.7818314824680299,0.6234898018587334,-0.2993631229733582,-0.9541392564000488
1212,36.3,35,3.0,0.0,0.0,0,0,0,1,-0.7818314824680299,0.6234898018587334,-0.4853019625310808,-0.8743466161445822
1478,34.5,47,2.8,0.0,0.0,0,0,0,1,-0.7818314824680299,0.6234898018587334,-0.651372482722222,-0.7587581226927911
1688,33.3,50,2.3,0.0,0.0,0,0,0,1,-0.7818314824680299,0.6234898018587334,-0.7907757369376986,-0.6121059825476627
1666,32.3,50,1.7,0.0,0.0,0,0,0,1,-0.7818314824680299,0.6234898018587334,-0.8978045395707417,-0.44039415155763423
1346,31.7,51,1.4,0.0,0.0,0,0,0,1,-0.7818314824680299,0.6234898018587334,-0.9680771188662041,-0.2506525322587213
1030,31.2,52,1.5,0.0,0.0,0,0,0,1,-0.7818314824680299,0.6234898018587334,-0.9987165071710528,-0.05064916883871355
792,30.6,50,2.3,0.0,0.0,0,0,0,1,0.0,1.0,0.0,1.0
542,30.0,52,1.5,0.0,0.0,0,0,0,1,0.0,1.0,0.20129852008866006,0.9795299412524945
382,29.7,53,1.4,0.0,0.0,0,0,0,1,0.0,1.0,0.39435585511331855,0.9189578116202306
238,29.6,50,2.1,0.0,0.0,0,0,0,1,0.0,1.0,0.5712682150947923,0.8207634412072763
174,29.3,51,0.9,0.0,0.0,0,0,0,1,0.0,1.0,0.72479278722912,0.6889669190756866
310,29.3,55,1.6,0.0,0.0,0,0,0,1,0.0,1.0,0.8486442574947509,0.5289640103269624
652,29.2,58,1.7,0.0,0.0,0,0,0,1,0.0,1.0,0.9377521321470804,0.3473052528448203
1241,29.3,58,0.8,0.0,0.0,0,0,0,1,0.0,1.0,0.9884683243281114,0.1514277775045767
1889,30.0,56,0.9,0.0,0.0,0,0,0,1,0.0,1.0,0.9987165071710528,-0.05064916883871264
985,31.0,55,1.5,0.0,0.0,0,0,0,1,0.0,1.0,0.9680771188662043,-0.2506525322587204
636,31.8,51,1.5,0.0,0.0,0,0,0,1,0.0,1.0,0.8978045395707416,-0.4403941515576344
611,32.7,48,2.2,0.0,0.0,0,0,0,1,0.0,1.0,0.7907757369376989,-0.6121059825476626
655,34.1,47,2.3,0.0,0.0,0,0,0,1,0.0,1.0,0.6513724827222223,-0.758758122692791
688,33.8,47,1.7,0.0,0.0,0,0,0,1,0.0,1.0,0.48530196253108104,-0.8743466161445821
670,34.3,45,2.2,0.0,0.0,0,0,0,1,0.0,1.0,0.29936312297335804,-0.9541392564000488
739,35.4,46,2.2,0.0,0.0,0,0,0,1,0.0,1.0,0.10116832198743272,-0.994869323391895
960,34.8,47,2.2,0.0,0.0,0,0,0,1,0.0,1.0,-0.10116832198743204,-0.9948693233918952
1310,34.8,49,3.0,0.0,0.0,0,0,0,1,0.0,1.0,-0.2993631229733582,-0.9541392564000488
2405,33.9,53,3.2,0.0,0.0,0,0,0,1,0.0,1.0,-0.4853019625310808,-0.8743466161445822
2112,32.6,58,3.2,0.0,0.0,0,0,0,1,0.0,1.0,-0.651372482722222,-0.7587581226927911
2051,31.5,61,1.8,0.0,0.0,0,0,0,1,0.0,1.0,-0.7907757369376986,-0.6121059825476627
1994,30.8,60,1.8,0.0,0.0,0,0,0,1,0.0,1.0,-0.8978045395707417,-0.44039415155763423
1697,30.3,60,1.8,0.0,0.0,0,0,0,1,0.0,1.0,-0.9680771188662041,-0.2506525322587213
1157,30.0,58,1.6,0.0,0.0,0,0,0,1,0.0,1.0,-0.9987165071710528,-0.05064916883871355
874,29.6,61,1.0,0.0,0.0,0,0,0,1,0.7818314824680298,0.6234898018587336,0.0,1.0
715,29.1,64,1.2,0.0,0.0,0,0,0,1,0.7818314824680298,0.6234898018587336,0.20129852008866006,0.9795299412524945
487,28.6,66,0.9,0.0,0.0,0,0,0,1,0.7818314824680298,0.6234898018587336,0.39435585511331855,0.9189578116202306
332,28.2,65,0.3,0.0,0.0,0,0,0,1,0.7818314824680298,0.6234898018587336,0.5712682150947923,0.8207634412072763
218,27.8,67,0.2,0.0,0.0,0,0,0,1,0.7818314824680298,0.6234898018587336,0.72479278722912,0.6889669190756866
306,27.5,70,0.1,0.0,0.0,0,0,0,1,0.7818314824680298,0.6234898018587336,0.8486442574947509,0.5289640103269624
673,27.2,71,0.8,0.0,0.0,0,0,0,1,0.7818314824680298,0.6234898018587336,0.9377521321470804,0.3473052528448203
1213,27.8,63,1.2,0.0,0.0,0,0,0,1,0.7818314824680298,0.6234898018587336,0.9884683243281114,0.1514277775045767
1820,29.9,59,0.8,0.0,0.0,0,0,0,1,0.7818314824680298,0.6234898018587336,0.9987165071710528,-0.05064916883871264
926,31.7,59,1.0,0.0,0.0,0,0,0,1,0.7818314824680298,0.6234898018587336,0.9680771188662043,-0.2506525322587204
610,32.4,54,0.9,0.0,0.0,0,0,0,1,0.7818314824680298,0.6234898018587336,0.8978045395707416,-0.4403941515576344
620,33.9,46,1.6,0.0,0.0,0,0,0,1,0.7818314824680298,0.6234898018587336,0.7907757369376989,-0.6121059825476626
671,34.5,50,1.4,0.0,0.0,0,0,0,1,0.7818314824680298,0.6234898018587336,0.6513724827222223,-0.758758122692791
688,36.4,41,1.3,0.0,0.0,0,0,0,1,0.7818314824680298,0.6234898018587336,0.48530196253108104,-0.8743466161445821
649,35.8,49,2.8,0.0,0.0,0,0,0,1,0.7818314824680298,0.6234898018587336,0.29936312297335804,-0.9541392564000488
735,35.8,47,2.2,0.0,0.0,0,0,0,1,0.7818314824680298,0.6234898018587336,0.10116832198743272,-0.994869323391895
834,34.9,51,2.0,0.0,0.0,0,0,0,1,0.7818314824680298,0.6234898018587336,-0.10116832198743204,-0.9948693233918952
1297,34.9,51,2.2,0.0,0.0,0,0,0,1,0.7818314824680298,0.6234898018587336,-0.2993631229733582,-0.9541392564000488
2300,34.9,53,2.2,0.0,0.0,0,0,0,1,0.7818314824680298,0.6234898018587336,-0.4853019625310808,-0.8743466161445822
1968,33.1,57,2.2,0.0,0.0,0,0,0,1,0.7818314824680298,0.6234898018587336,-0.651372482722222,-0.7587581226927911
1834,31.1,63,2.0,0.0,0.0,0,0,0,1,0.7818314824680298,0.6234898018587336,-0.7907757369376986,-0.6121059825476627
1899,30.2,65,2.3,0.0,0.0,0,0,0,1,0.7818314824680298,0.6234898018587336,-0.8978045395707417,-0.44039415155763423
1773,29.8,66,3.2,0.0,0.0,0,0,0,1,0.7818314824680298,0.6234898018587336,-0.9680771188662041,-0.2506525322587213
1193,29.3,66,2.8,0.0,0.0,0,0,0,1,0.7818314824680298,0.6234898018587336,-0.9987165071710528,-0.05064916883871355
939,28.9,66,2.2,0.0,0.0,0,0,0,1,0.9749279121818236,-0.22252093395631434,0.0,1.0
726,28.7,67,2.6,0.0,0.0,0,0,0,1,0.9749279121818236,-0.22252093395631434,0.20129852008866006,0.9795299412524945
499,28.8,68,1.8,0.0,0.0,0,0,0,1,0.9749279121818236,-0.22252093395631434,0.39435585511331855,0.9189578116202306
327,28.9,69,2.8,0.0,0.0,0,0,0,1,0.9749279121818236,-0.22252093395631434,0.5712682150947923,0.8207634412072763
212,28.5,74,2.6,0.0,0.0,0,0,0,1,0.9749279121818236,-0.22252093395631434,0.72479278722912,0.6889669190756866
299,28.3,74,2.4,0.0,0.0,0,0,0,1,0.9749279121818236,-0.22252093395631434,0.8486442574947509,0.5289640103269624
657,28.1,75,1.8,0.0,0.0,0,0,0,1,0.9749279121818236,-0.22252093395631434,0.9377521321470804,0.3473052528448203
1171,28.3,72,2.0,0.0,0.0,0,0,0,1,0.9749279121818236,-0.22252093395631434,0.9884683243281114,0.1514277775045767
1893,28.7,70,3.5,0.0,0.0,0,0,0,1,0.9749279121818236,-0.22252093395631434,0.9987165071710528,-0.05064916883871264
995,29.4,66,2.5,0.0,0.0,0,0,0,1,0.9749279121818236,-0.22252093395631434,0.9680771188662043,-0.2506525322587204
696,30.7,61,2.8,0.0,0.0,0,0,0,1,0.9749279121818236,-0.22252093395631434,0.8978045395707416,-0.4403941515576344
749,30.7,63,3.4,0.0,0.0,0,0,0,1,0.9749279121818236,-0.22252093395631434,0.7907757369376989,-0.6121059825476626
791,31.1,60,2.7,0.0,0.0,0,0,0,1,0.9749279121818236,-0.22252093395631434,0.6513724827222223,-0.758758122692791
783,32.3,56,3.0,0.0,0.0,0,0,0,1,0.9749279121818236,-0.22252093395631434,0.48530196253108104,-0.8743466161445821
754,33.0,53,1.7,0.0,0.0,0,0,0,1,0.9749279121818236,-0.22252093395631434,0.29936312297335804,-0.9541392564000488
781,34.0,50,3.0,0.0,0.0,0,0,0,1,0.9749279121818236,-0.22252093395631434,0.10116832198743272,-0.994869323391895
977,34.1,52,2.5,0.0,0.0,0,0,0,1,0.9749279121818236,-0.22252093395631434,-0.10116832198743204,-0.9948693233918952
1412,33.2,56,2.2,0.0,0.0,0,0,0,1,0.9749279121818236,-0.22252093395631434,-0.2993631229733582,-0.9541392564000488
2416,32.2,58,2.5,0.0,0.0,0,0,0,1,0.9749279121818236,-0.22252093395631434,-0.4853019625310808,-0.8743466161445822
2039,31.7,60,2.3,0.0,0.0,0,0,0,1,0.9749279121818236,-0.22252093395631434,-0.651372482722222,-0.7587581226927911
1935,30.9,67,1.7,0.0,0.0,0,0,0,1,0.9749279121818236,-0.22252093395631434,-0.7907757369376986,-0.6121059825476627
1811,29.7,74,2.2,0.0,0.0,0,0,0,1,0.9749279121818236,-0.22252093395631434,-0.8978045395707417,-0.44039415155763423
1767,28.8,76,2.8,0.0,0.0,0,0,0,1,0.9749279121818236,-0.22252093395631434,-0.9680771188662041,-0.2506525322587213
1289,28.0,77,1.9,0.0,0.0,0,0,0,1,0.9749279121818236,-0.22252093395631434,-0.9987165071710528,-0.05064916883871355
939,27.7,78,1.2,0.0,0.0,0,0,0,1,0.43388373911755823,-0.900968867902419,0.0,1.0
718,27.6,79,1.0,0.0,0.0,0,0,0,1,0.43388373911755823,-0.900968867902419,0.20129852008866006,0.9795299412524945
498,27.6,78,0.1,0.0,0.0,0,0,0,1,0.43388373911755823,-0.900968867902419,0.39435585511331855,0.9189578116202306
355,27.7,76,0.2,0.0,0.0,0,0,0,1,0.43388373911755823,-0.900968867902419,0.5712682150947923,0.8207634412072763
252,27.7,75,1.0,0.0,0.0,0,0,0,1,0.43388373911755823,-0.900968867902419,0.72479278722912,0.6889669190756866
306,27.4,78,0.8,0.0,0.0,0,0,0,1,0.43388373911755823,-0.900968867902419,0.8486442574947509,0.5289640103269624
602,27.4,77,0.7,0.0,0.0,0,0,0,1,0.43388373911755823,-0.900968867902419,0.9377521321470804,0.3473052528448203
1175,27.7,75,1.2,0.0,0.0,0,0,0,1,0.43388373911755823,-0.900968867902419,0.9884683243281114,0.1514277775045767
1823,28.3,72,0.8,0.0,0.0,0,0,0,1,0.43388373911755823,-0.900968867902419,0.9987165071710528,-0.05064916883871264
966,29.1,69,1.0,0.0,0.0,0,0,0,1,0.43388373911755823,-0.900968867902419,0.9680771188662043,-0.2506525322587204
644,29.5,68,1.8,0.0,0.0,0,0,0,1,0.43388373911755823,-0.900968867902419,0.8978045395707416,-0.4403941515576344
614,30.2,67,1.5,0.0,0.0,0,0,0,1,0.43388373911755823,-0.900968867902419,0.7907757369376989,-0.6121059825476626
600,32.0,57,1.6,0.0,0.0,0,0,0,1,0.43388373911755823,-0.900968867902419,0.6513724827222223,-0.758758122692791
628,32.4,54,0.7,0.0,0.0,0,0,0,1,0.43388373911755823,-0.900968867902419,0.48530196253108104,-0.8743466161445821
706,33.0,56,2.5,0.0,0.0,0,0,0,1,0.43388373911755823,-0.900968867902419,0.29936312297335804,-0.9541392564000488
774,33.1,58,1.9,0.0,0.0,0,0,0,1,0.43388373911755823,-0.900968867902419,0.10116832198743272,-0.994869323391895
920,33.5,57,2.8,0.0,0.0,0,0,0,1,0.43388373911755823,-0.900968867902419,-0.10116832198743204,-0.9948693233918952
1394,33.1,59,2.9,0.0,0.0,0,0,0,1,0.43388373911755823,-0.900968867902419,-0.2993631229733582,-0.9541392564000488
2367,33.2,59,1.8,0.0,0.0,0,0,0,1,0.43388373911755823,-0.900968867902419,-0.4853019625310808,-0.8743466161445822
1994,32.3,63,2.1,0.0,0.0,0,0,0,1,0.43388373911755823,-0.900968867902419,-0.651372482722222,-0.7587581226927911
1790,31.0,68,1.4,0.0,0.0,0,0,0,1,0.43388373911755823,-0.900968867902419,-0.7907757369376986,-0.6121059825476627
1868,30.0,74,2.7,0.0,0.0,0,0,0,1,0.43388373911755823,-0.900968867902419,-0.8978045395707417,-0.44039415155763423
1709,29.4,78,1.6,0.0,0.0,0,0,0,1,0.43388373911755823,-0.900968867902419,-0.9680771188662041,-0.2506525322587213
1273,29.0,79,1.2,0.0,0.0,0,0,0,1,0.43388373911755823,-0.900968867902419,-0.9987165071710528,-0.05064916883871355
909,28.6,80,0.6,0.0,0.0,0,0,0,1,-0.433883739117558,-0.9009688679024191,0.0,1.0
747,28.3,78,0.5,0.0,0.0,0,0,0,1,-0.433883739117558,-0.9009688679024191,0.20129852008866006,0.9795299412524945
537,27.8,79,1.4,0.0,0.0,0,0,0,1,-0.433883739117558,-0.9009688679024191,0.39435585511331855,0.9189578116202306
371,27.6,80,1.6,0.0,0.0,0,0,0,1,-0.433883739117558,-0.9009688679024191,0.5712682150947923,0.8207634412072763
218,27.3,85,1.6,0.0,0.0,0,0,0,1,-0.433883739117558,-0.9009688679024191,0.72479278722912,0.6889669190756866
295,27.2,86,0.8,0.0,0.0,0,0,0,1,-0.433883739117558,-0.9009688679024191,0.8486442574947509,0.5289640103269624
647,27.2,85,0.1,0.0,0.0,0,0,0,1,-0.433883739117558,-0.9009688679024191,0.9377521321470804,0.3473052528448203
1111,27.6,80,1.0,0.0,0.0,0,0,0,1,-0.433883739117558,-0.9009688679024191,0.9884683243281114,0.1514277775045767
1763,28.5,76,0.9,0.0,0.0,0,0,0,1,-0.433883739117558,-0.9009688679024191,0.9987165071710528,-0.05064916883871264
934,29.9,69,1.5,0.0,0.0,0,0,0,1,-0.433883739117558,-0.9009688679024191,0.9680771188662043,-0.2506525322587204
639,31.2,61,2.3,0.0,0.0,0,0,0,1,-0.433883739117558,-0.9009688679024191,0.8978045395707416,-0.4403941515576344
619,32.7,56,1.9,0.0,0.0,0,0,0,1,-0.433883739117558,-0.9009688679024191,0.7907757369376989,-0.6121059825476626
714,33.7,53,1.9,0.0,0.0,0,0,0,1,-0.433883739117558,-0.9009688679024191,0.6513724827222223,-0.758758122692791
653,35.3,48,2.5,0.0,0.0,0,0,0,1,-0.433883739117558,-0.9009688679024191,0.48530196253108104,-0.8743466161445821
507,34.1,57,1.8,0.0,0.0,0,0,0,1,-0.433883739117558,-0.9009688679024191,0.29936312297335804,-0.9541392564000488
776,35.3,52,1.9,0.0,0.0,0,0,0,1,-0.433883739117558,-0.9009688679024191,0.10116832198743272,-0.994869323391895
905,35.0,55,2.8,0.0,0.0,0,0,0,1,-0.433883739117558,-0.9009688679024191,-0.10116832198743204,-0.9948693233918952
1289,34.7,59,2.7,0.0,0.0,0,0,0,1,-0.433883739117558,-0.9009688679024191,-0.2993631229733582,-0.9541392564000488
2183,33.7,62,3.2,0.0,0.0,0,0,0,1,-0.433883739117558,-0.9009688679024191,-0.4853019625310808,-0.8743466161445822
1657,32.0,68,3.0,0.0,0.0,0,0,0,1,-0.433883739117558,-0.9009688679024191,-0.651372482722222,-0.7587581226927911
1565,30.7,73,2.8,0.0,0.0,0,0,0,1,-0.433883739117558,-0.9009688679024191,-0.7907757369376986,-0.6121059825476627
1547,30.3,75,1.1,0.0,0.0,0,0,0,1,-0.433883739117558,-0.9009688679024191,-0.8978045395707417,-0.44039415155763423
1507,29.9,74,2.0,0.0,0.0,0,0,0,1,-0.433883739117558,-0.9009688679024191,-0.9680771188662041,-0.2506525322587213
1182,29.7,76,1.2,0.0,0.0,0,0,0,1,-0.433883739117558,-0.9009688679024191,-0.9987165071710528,-0.05064916883871355
992,29.4,78,2.1,0.0,0.0,0,0,0,1,-0.9749279121818236,-0.2225209339563146,0.0,1.0
875,29.1,79,1.3,0.0,0.0,0,0,0,1,-0.9749279121818236,-0.2225209339563146,0.20129852008866006,0.9795299412524945
656,28.8,80,1.9,0.0,0.0,0,0,0,1,-0.9749279121818236,-0.2225209339563146,0.39435585511331855,0.9189578116202306
461,28.5,81,1.2,0.0,0.0,0,0,0,1,-0.9749279121818236,-0.2225209339563146,0.5712682150947923,0.8207634412072763
340,28.3,83,1.7,0.0,0.0,0,0,0,1,-0.9749279121818236,-0.2225209339563146,0.72479278722912,0.6889669190756866
248,28.1,84,0.5,0.0,0.0,0,0,0,1,-0.9749279121818236,-0.2225209339563146,0.8486442574947509,0.5289640103269624
313,28.0,85,0.8,0.0,0.0,0,0,0,1,-0.9749279121818236,-0.2225209339563146,0.9377521321470804,0.3473052528448203
428,28.4,82,0.7,0.0,0.0,0,0,0,1,-0.9749279121818236,-0.2225209339563146,0.9884683243281114,0.1514277775045767
606,29.6,75,0.4,0.0,0.0,0,0,0,1,-0.9749279121818236,-0.2225209339563146,0.9987165071710528,-0.05064916883871264
671,30.6,74,1.4,0.0,0.0,0,0,0,1,-0.9749279121818236,-0.2225209339563146,0.9680771188662043,-0.2506525322587204
654,32.0,65,0.9,0.0,0.0,0,0,0,1,-0.9749279121818236,-0.2225209339563146,0.8978045395707416,-0.4403941515576344
592,32.8,62,0.6,0.0,0.0,0,0,0,1,-0.9749279121818236,-0.2225209339563146,0.7907757369376989,-0.6121059825476626
632,33.6,62,1.9,0.0,0.0,0,0,0,1,-0.9749279121818236,-0.2225209339563146,0.6513724827222223,-0.758758122692791
741,34.2,58,1.8,0.0,0.0,0,0,0,1,-0.9749279121818236,-0.2225209339563146,0.48530196253108104,-0.8743466161445821
314,34.4,65,1.8,0.2,0.0,0,0,0,1,-0.9749279121818236,-0.2225209339563146,0.29936312297335804,-0.9541392564000488
468,28.9,86,2.2,7.3,0.0,0,0,0,1,-0.9749279121818236,-0.2225209339563146,0.10116832198743272,-0.994869323391895
706,28.6,82,3.4,0.0,0.0,0,0,0,1,-0.9749279121818236,-0.2225209339563146,-0.10116832198743204,-0.9948693233918952
863,28.2,83,1.3,0.0,0.0,0,0,0,1,-0.9749279121818236,-0.2225209339563146,-0.2993631229733582,-0.9541392564000488
843,29.0,81,0.8,0.0,0.0,0,0,0,1,-0.9749279121818236,-0.2225209339563146,-0.4853019625310808,-0.8743466161445822
974,29.3,78,0.0,0.0,0.0,0,0,0,1,-0.9749279121818236,-0.2225209339563146,-0.651372482722222,-0.7587581226927911
1095,29.2,82,0.4,0.0,0.0,0,0,0,1,-0.9749279121818236,-0.2225209339563146,-0.7907757369376986,-0.6121059825476627
1211,29.1,78,1.1,0.0,0.0,0,0,0,1,-0.9749279121818236,-0.2225209339563146,-0.8978045395707417,-0.44039415155763423
1158,29.0,74,0.9,0.0,0.0,0,0,0,1,-0.9749279121818236,-0.2225209339563146,-0.9680771188662041,-0.2506525322587213
1039,28.6,74,0.7,0.0,0.0,0,0,0,1,-0.9749279121818236,-0.2225209339563146,-0.9987165071710528,-0.05064916883871355
921,28.4,70,0.9,0.0,0.0,0,0,0,1,-0.7818314824680299,0.6234898018587334,0.0,1.0
636,28.0,71,0.6,0.0,0.0,0,0,0,1,-0.7818314824680299,0.6234898018587334,0.20129852008866006,0.9795299412524945
511,27.7,73,0.4,0.0,0.0,0,0,0,1,-0.7818314824680299,0.6234898018587334,0.39435585511331855,0.9189578116202306
403,27.4,73,0.6,0.0,0.0,0,0,0,1,-0.7818314824680299,0.6234898018587334,0.5712682150947923,0.8207634412072763
245,27.0,74,0.8,0.0,0.0,0,0,0,1,-0.7818314824680299,0.6234898018587334,0.72479278722912,0.6889669190756866
199,26.7,75,0.3,0.0,0.0,0,0,0,1,-0.7818314824680299,0.6234898018587334,0.8486442574947509,0.5289640103269624
266,26.4,76,0.4,0.0,0.0,0,0,0,1,-0.7818314824680299,0.6234898018587334,0.9377521321470804,0.3473052528448203
345,26.9,69,0.8,0.0,0.0,0,0,0,1,-0.7818314824680299,0.6234898018587334,0.9884683243281114,0.1514277775045767
456,28.6,63,0.8,0.0,0.0,0,0,0,1,-0.7818314824680299,0.6234898018587334,0.9987165071710528,-0.05064916883871264
519,30.6,54,1.7,0.0,0.0,0,0,0,1,-0.7818314824680299,0.6234898018587334,0.9680771188662043,-0.2506525322587204
473,32.4,48,1.9,0.0,0.0,0,0,0,1,-0.7818314824680299,0.6234898018587334,0.8978045395707416,-0.4403941515576344
476,33.6,46,1.7,0.0,0.0,0,0,0,1,-0.7818314824680299,0.6234898018587334,0.7907757369376989,-0.6121059825476626
644,33.8,47,1.7,0.0,0.0,0,0,0,1,-0.7818314824680299,0.6234898018587334,0.6513724827222223,-0.758758122692791
622,34.4,41,2.9,0.0,0.0,0,0,0,1,-0.7818314824680299,0.6234898018587334,0.48530196253108104,-0.8743466161445821
630,35.4,43,1.4,0.0,0.0,0,0,0,1,-0.7818314824680299,0.6234898018587334,0.29936312297335804,-0.9541392564000488
713,35.9,37,1.9,0.0,0.0,0,0,0,1,-0.7818314824680299,0.6234898018587334,0.10116832198743272,-0.994869323391895
760,36.0,33,1.4,0.0,0.0,0,0,0,1,-0.7818314824680299,0.6234898018587334,-0.10116832198743204,-0.9948693233918952
895,36.3,36,1.5,0.0,0.0,0,0,0,1,-0.7818314824680299,0.6234898018587334,-0.2993631229733582,-0.9541392564000488
1141,35.8,35,1.3,0.0,0.0,0,0,0,1,-0.7818314824680299,0.6234898018587334,-0.4853019625310808,-0.8743466161445822
1486,34.4,39,1.2,0.0,0.0,0,0,0,1,-0.7818314824680299,0.6234898018587334,-0.651372482722222,-0.7587581226927911
1697,32.3,48,1.4,0.0,0.0,0,0,0,1,-0.7818314824680299,0.6234898018587334,-0.7907757369376986,-0.6121059825476627
1638,31.1,47,1.3,0.0,0.0,0,0,0,1,-0.7818314824680299,0.6234898018587334,-0.8978045395707417,-0.44039415155763423
1406,30.4,45,1.6,0.0,0.0,0,0,0,1,-0.7818314824680299,0.6234898018587334,-0.9680771188662041,-0.2506525322587213
1108,29.9,45,1.4,0.0,0.0,0,0,0,1,-0.7818314824680299,0.6234898018587334,-0.9987165071710528,-0.05064916883871355
810,29.2,50,1.1,0.0,0.0,0,0,0,1,0.0,1.0,0.0,1.0
575,28.5,54,1.1,0.0,0.0,0,0,0,1,0.0,1.0,0.20129852008866006,0.9795299412524945
363,28.0,57,1.2,0.0,0.0,0,0,0,1,0.0,1.0,0.39435585511331855,0.9189578116202306
253,27.4,59,1.4,0.0,0.0,0,0,0,1,0.0,1.0,0.5712682150947923,0.8207634412072763
209,26.7,62,1.0,0.0,0.0,0,0,0,1,0.0,1.0,0.72479278722912,0.6889669190756866
273,26.4,62,0.6,0.0,0.0,0,0,0,1,0.0,1.0,0.8486442574947509,0.5289640103269624
668,26.2,64,1.4,0.0,0.0,0,0,0,1,0.0,1.0,0.9377521321470804,0.3473052528448203
1130,26.8,59,1.1,0.0,0.0,0,0,0,1,0.0,1.0,0.9884683243281114,0.1514277775045767
1646,28.8,56,1.4,0.0,0.0,0,0,0,1,0.0,1.0,0.9987165071710528,-0.05064916883871264
866,30.5,53,1.6,0.0,0.0,0,0,0,1,0.0,1.0,0.9680771188662043,-0.2506525322587204
609,32.0,50,2.1,0.0,0.0,0,0,0,1,0.0,1.0,0.8978045395707416,-0.4403941515576344
623,33.2,46,1.4,0.0,0.0,0,0,0,1,0.0,1.0,0.7907757369376989,-0.6121059825476626
663,33.6,48,1.6,0.0,0.0,0,0,0,1,0.0,1.0,0.6513724827222223,-0.758758122692791
688,34.7,43,1.3,0.0,0.0,0,0,0,1,0.0,1.0,0.48530196253108104,-0.8743466161445821
645,35.3,41,1.3,0.0,0.0,0,0,0,1,0.0,1.0,0.29936312297335804,-0.9541392564000488
666,35.5,43,1.3,0.0,0.0,0,0,0,1,0.0,1.0,0.10116832198743272,-0.994869323391895
845,36.4,40,1.1,0.0,0.0,0,0,0,1,0.0,1.0,-0.10116832198743204,-0.9948693233918952
1224,35.4,44,0.8,0.0,0.0,0,0,0,1,0.0,1.0,-0.2993631229733582,-0.9541392564000488
2347,36.5,38,0.9,0.0,0.0,0,0,0,1,0.0,1.0,-0.4853019625310808,-0.8743466161445822
2016,35.2,43,0.9,0.0,0.0,0,0,0,1,0.0,1.0,-0.651372482722222,-0.7587581226927911
1947,33.9,46,1.4,0.0,0.0,0,0,0,1,0.0,1.0,-0.7907757369376986,-0.6121059825476627
1875,33.1,48,1.1,0.0,0.0,0,0,0,1,0.0,1.0,-0.8978045395707417,-0.44039415155763423
1552,32.5,50,1.2,0.0,0.0,0,0,0,1,0.0,1.0,-0.9680771188662041,-0.2506525322587213
1202,31.7,52,1.2,0.0,0.0,0,0,0,1,0.0,1.0,-0.9987165071710528,-0.05064916883871355
901,31.0,54,0.8,0.0,0.0,0,0,0,1,0.7818314824680298,0.6234898018587336,0.0,1.0
695,30.2,57,0.7,0.0,0.0,0,0,0,1,0.7818314824680298,0.6234898018587336,0.20129852008866006,0.9795299412524945
476,29.8,57,0.8,0.0,0.0,0,0,0,1,0.7818314824680298,0.6234898018587336,0.39435585511331855,0.9189578116202306
334,29.3,57,1.6,0.0,0.0,0,0,0,1,0.7818314824680298,0.6234898018587336,0.5712682150947923,0.8207634412072763
244,28.8,58,0.9,0.0,0.0,0,0,0,1,0.7818314824680298,0.6234898018587336,0.72479278722912,0.6889669190756866
284,28.3,60,1.6,0.0,0.0,0,0,0,1,0.7818314824680298,0.6234898018587336,0.8486442574947509,0.5289640103269624
584,27.9,63,0.5,0.0,0.0,0,0,0,1,0.7818314824680298,0.6234898018587336,0.9377521321470804,0.3473052528448203
1091,27.9,60,1.1,0.0,0.0,0,0,0,1,0.7818314824680298,0.6234898018587336,0.9884683243281114,0.1514277775045767
1665,29.3,51,0.9,0.0,0.0,0,0,0,1,0.7818314824680298,0.6234898018587336,0.9987165071710528,-0.05064916883871264
860,30.9,47,1.0,0.0,0.0,0,0,0,1,0.7818314824680298,0.6234898018587336,0.9680771188662043,-0.2506525322587204
582,32.7,43,1.2,0.0,0.0,0,0,0,1,0.7818314824680298,0.6234898018587336,0.8978045395707416,-0.4403941515576344
583,34.1,40,1.5,0.0,0.0,0,0,0,1,0.7818314824680298,0.6234898018587336,0.7907757369376989,-0.6121059825476626
626,35.2,39,1.2,0.0,0.0,0,0,0,1,0.7818314824680298,0.6234898018587336,0.6513724827222223,-0.758758122692791
623,36.1,38,1.0,0.0,0.0,0,0,0,1,0.7818314824680298,0.6234898018587336,0.48530196253108104,-0.8743466161445821
579,36.4,35,1.3,0.0,0.0,0,0,0,1,0.7818314824680298,0.6234898018587336,0.29936312297335804,-0.9541392564000488
665,37.8,34,1.8,0.0,0.0,0,0,0,1,0.7818314824680298,0.6234898018587336,0.10116832198743272,-0.994869323391895
763,37.0,38,1.2,0.0,0.0,0,0,0,1,0.7818314824680298,0.6234898018587336,-0.10116832198743204,-0.9948693233918952
1184,38.0,36,1.3,0.0,0.0,0,0,0,1,0.7818314824680298,0.6234898018587336,-0.2993631229733582,-0.9541392564000488
2092,36.2,45,2.0,0.0,0.0,0,0,0,1,0.7818314824680298,0.6234898018587336,-0.4853019625310808,-0.8743466161445822
1865,34.9,47,2.4,0.0,0.0,0,0,0,1,0.7818314824680298,0.6234898018587336,-0.651372482722222,-0.7587581226927911
1772,33.5,50,2.1,0.0,0.0,0,0,0,1,0.7818314824680298,0.6234898018587336,-0.7907757369376986,-0.6121059825476627
1719,32.7,51,2.8,0.0,0.0,0,0,0,1,0.7818314824680298,0.6234898018587336,-0.8978045395707417,-0.44039415155763423
1613,31.6,66,3.0,0.0,0.0,0,0,0,1,0.7818314824680298,0.6234898018587336,-0.9680771188662041,-0.2506525322587213
1097,31.0,65,0.5,0.0,0.0,0,0,0,1,0.7818314824680298,0.6234898018587336,-0.9987165071710528,-0.05064916883871355
875,30.5,68,1.9,0.0,0.0,0,0,0,1,0.9749279121818236,-0.22252093395631434,0.0,1.0
724,29.9,70,1.0,0.0,0.0,0,0,0,1,0.9749279121818236,-0.22252093395631434,0.20129852008866006,0.9795299412524945
501,29.5,69,0.8,0.0,0.0,0,0,0,1,0.9749279121818236,-0.22252093395631434,0.39435585511331855,0.9189578116202306
362,29.1,64,0.5,0.0,0.0,0,0,0,1,0.9749279121818236,-0.22252093395631434,0.5712682150947923,0.8207634412072763
250,28.5,69,0.3,0.0,0.0,0,0,0,1,0.9749279121818236,-0.22252093395631434,0.72479278722912,0.6889669190756866
315,28.3,68,0.3,0.0,0.0,0,0,0,1,0.9749279121818236,-0.22252093395631434,0.8486442574947509,0.5289640103269624
622,27.8,73,0.9,0.0,0.0,0,0,0,1,0.9749279121818236,-0.22252093395631434,0.9377521321470804,0.3473052528448203
1061,28.2,68,0.5,0.0,0.0,0,0,0,1,0.9749279121818236,-0.22252093395631434,0.9884683243281114,0.1514277775045767
1550,30.3,59,0.8,0.0,0.0,0,0,0,1,0.9749279121818236,-0.22252093395631434,0.9987165071710528,-0.05064916883871264
853,32.4,53,0.7,0.0,0.0,0,0,0,1,0.9749279121818236,-0.22252093395631434,0.9680771188662043,-0.2506525322587204
540,34.3,45,1.0,0.0,0.0,0,0,0,1,0.9749279121818236,-0.22252093395631434,0.8978045395707416,-0.4403941515576344
521,35.8,41,1.6,0.0,0.0,0,0,0,1,0.9749279121818236,-0.22252093395631434,0.7907757369376989,-0.6121059825476626
569,36.8,39,1.3,0.0,0.0,0,0,0,1,0.9749279121818236,-0.22252093395631434,0.6513724827222223,-0.758758122692791
533,37.9,38,2.3,0.0,0.0,0,0,0,1,0.9749279121818236,-0.22252093395631434,0.48530196253108104,-0.8743466161445821
475,38.7,38,2.4,0.0,0.0,0,0,0,1,0.9749279121818236,-0.22252093395631434,0.29936312297335804,-0.9541392564000488
531,39.3,37,2.3,0.0,0.0,0,0,0,1,0.9749279121818236,-0.22252093395631434,0.10116832198743272,-0.994869323391895
561,39.4,39,2.5,0.0,0.0,0,0,0,1,0.9749279121818236,-0.22252093395631434,-0.10116832198743204,-0.9948693233918952
1033,39.0,41,2.6,0.0,0.0,0,0,0,1,0.9749279121818236,-0.22252093395631434,-0.2993631229733582,-0.9541392564000488
1929,37.8,47,3.8,0.0,0.0,0,0,0,1,0.9749279121818236,-0.22252093395631434,-0.4853019625310808,-0.8743466161445822
1553,36.1,56,3.7,0.0,0.0,0,0,0,1,0.9749279121818236,-0.22252093395631434,-0.651372482722222,-0.7587581226927911
1441,34.5,62,2.8,0.0,0.0,0,0,0,1,0.9749279121818236,-0.22252093395631434,-0.7907757369376986,-0.6121059825476627
1500,33.3,64,3.0,0.0,0.0,0,0,0,1,0.9749279121818236,-0.22252093395631434,-0.8978045395707417,-0.44039415155763423
1367,32.6,64,2.4,0.0,0.0,0,0,0,1,0.9749279121818236,-0.22252093395631434,-0.9680771188662041,-0.2506525322587213
1046,32.3,67,1.0,0.0,0.0,0,0,0,1,0.9749279121818236,-0.22252093395631434,-0.9987165071710528,-0.05064916883871355
850,31.9,67,1.5,0.0,0.0,0,0,0,1,0.43388373911755823,-0.900968867902419,0.0,1.0
647,31.5,69,1.5,0.0,0.0,0,0,0,1,0.43388373911755823,-0.900968867902419,0.20129852008866006,0.9795299412524945
459,31.5,68,0.0,0.0,0.0,0,0,0,1,0.43388373911755823,-0.900968867902419,0.39435585511331855,0.9189578116202306
295,31.1,70,0.4,0.0,0.0,0,0,0,1,0.43388373911755823,-0.900968867902419,0.5712682150947923,0.8207634412072763
215,31.1,54,1.9,0.0,0.0,0,0,0,1,0.43388373911755823,-0.900968867902419,0.72479278722912,0.6889669190756866
265,30.7,57,0.9,0.0,0.0,0,0,0,1,0.43388373911755823,-0.900968867902419,0.8486442574947509,0.5289640103269624
578,30.4,54,1.3,0.0,0.0,0,0,0,1,0.43388373911755823,-0.900968867902419,0.9377521321470804,0.3473052528448203
1006,30.5,53,1.1,0.0,0.0,0,0,0,1,0.43388373911755823,-0.900968867902419,0.9884683243281114,0.1514277775045767
1579,31.6,50,1.1,0.0,0.0,0,0,0,1,0.43388373911755823,-0.900968867902419,0.9987165071710528,-0.05064916883871264
813,32.9,49,1.8,0.0,0.0,0,0,0,1,0.43388373911755823,-0.900968867902419,0.9680771188662043,-0.2506525322587204
549,34.4,46,2.0,0.0,0.0,0,0,0,1,0.43388373911755823,-0.900968867902419,0.8978045395707416,-0.4403941515576344
547,35.3,45,1.7,0.0,0.0,0,0,0,1,0.43388373911755823,-0.900968867902419,0.7907757369376989,-0.6121059825476626
562,36.6,41,2.0,0.0,0.0,0,0,0,1,0.43388373911755823,-0.900968867902419,0.6513724827222223,-0.758758122692791
550,36.7,44,1.4,0.0,0.0,0,0,0,1,0.43388373911755823,-0.900968867902419,0.48530196253108104,-0.8743466161445821
535,37.3,40,1.8,0.0,0.0,0,0,0,1,0.43388373911755823,-0.900968867902419,0.29936312297335804,-0.9541392564000488
605,36.6,44,1.5,0.0,0.0,0,0,0,1,0.43388373911755823,-0.900968867902419,0.10116832198743272,-0.994869323391895
676,37.9,39,1.6,0.0,0.0,0,0,0,1,0.43388373911755823,-0.900968867902419,-0.10116832198743204,-0.9948693233918952
1066,37.4,44,2.3,0.0,0.0,0,0,0,1,0.43388373911755823,-0.900968867902419,-0.2993631229733582,-0.9541392564000488
1881,36.7,47,2.5,0.0,0.0,0,0,0,1,0.43388373911755823,-0.900968867902419,-0.4853019625310808,-0.8743466161445822
1605,35.2,52,2.3,0.0,0.0,0,0,0,1,0.43388373911755823,-0.900968867902419,-0.651372482722222,-0.7587581226927911
1480,33.9,58,2.4,0.0,0.0,0,0,0,1,0.43388373911755823,-0.900968867902419,-0.7907757369376986,-0.6121059825476627
1535,33.3,63,1.2,0.0,0.0,0,0,0,1,0.43388373911755823,-0.900968867902419,-0.8978045395707417,-0.44039415155763423
1375,32.9,64,1.0,0.0,0.0,0,0,0,1,0.43388373911755823,-0.900968867902419,-0.9680771188662041,-0.2506525322587213
1020,32.4,64,1.7,0.0,0.0,0,0,0,1,0.43388373911755823,-0.900968867902419,-0.9987165071710528,-0.05064916883871355
763,32.1,67,1.1,0.0,0.0,0,0,0,1,-0.433883739117558,-0.9009688679024191,0.0,1.0
675,31.7,68,0.3,0.0,0.0,0,0,0,1,-0.433883739117558,-0.9009688679024191,0.20129852008866006,0.9795299412524945
443,31.5,68,0.3,0.0,0.0,0,0,0,1,-0.433883739117558,-0.9009688679024191,0.39435585511331855,0.9189578116202306
327,31.2,68,1.4,0.0,0.0,0,0,0,1,-0.433883739117558,-0.9009688679024191,0.5712682150947923,0.8207634412072763
236,31.0,73,0.5,0.0,0.0,0,0,0,1,-0.433883739117558,-0.9009688679024191,0.72479278722912,0.6889669190756866
266,30.5,72,0.5,0.0,0.0,0,0,0,1,-0.433883739117558,-0.9009688679024191,0.8486442574947509,0.5289640103269624
544,30.5,62,1.3,0.0,0.0,0,0,0,1,-0.433883739117558,-0.9009688679024191,0.9377521321470804,0.3473052528448203
937,30.8,58,1.6,0.0,0.0,0,0,0,1,-0.433883739117558,-0.9009688679024191,0.9884683243281114,0.1514277775045767
1471,31.8,55,1.3,0.0,0.0,0,0,0,1,-0.433883739117558,-0.9009688679024191,0.9987165071710528,-0.05064916883871264
784,33.0,50,1.7,0.0,0.0,0,0,0,1,-0.433883739117558,-0.9009688679024191,0.9680771188662043,-0.2506525322587204
530,34.3,48,2.5,0.0,0.0,0,0,0,1,-0.433883739117558,-0.9009688679024191,0.8978045395707416,-0.4403941515576344
575,35.7,42,1.6,0.0,0.0,0,0,0,1,-0.433883739117558,-0.9009688679024191,0.7907757369376989,-0.6121059825476626
585,36.8,41,2.1,0.0,0.0,0,0,0,1,-0.433883739117558,-0.9009688679024191,0.6513724827222223,-0.758758122692791
585,36.8,44,1.8,0.0,0.0,0,0,0,1,-0.433883739117558,-0.9009688679024191,0.48530196253108104,-0.8743466161445821
575,37.4,40,2.8,0.0,0.0,0,0,0,1,-0.433883739117558,-0.9009688679024191,0.29936312297335804,-0.9541392564000488
600,37.4,44,3.2,0.0,0.0,0,0,0,1,-0.433883739117558,-0.9009688679024191,0.10116832198743272,-0.994869323391895
763,36.7,44,3.5,0.0,0.0,0,0,0,1,-0.433883739117558,-0.9009688679024191,-0.10116832198743204,-0.9948693233918952
1105,35.8,49,3.9,0.0,0.0,0,0,0,1,-0.433883739117558,-0.9009688679024191,-0.2993631229733582,-0.9541392564000488
1920,34.4,53,3.3,0.0,0.0,0,0,0,1,-0.433883739117558,-0.9009688679024191,-0.4853019625310808,-0.8743466161445822
1558,33.5,54,2.7,0.0,0.0,0,0,0,1,-0.433883739117558,-0.9009688679024191,-0.651372482722222,-0.7587581226927911
1517,32.2,58,1.9,0.0,0.0,0,0,0,1,-0.433883739117558,-0.9009688679024191,-0.7907757369376986,-0.6121059825476627
1511,31.2,63,1.7,0.0,0.0,0,0,0,1,-0.433883739117558,-0.9009688679024191,-0.8978045395707417,-0.44039415155763423
1421,30.6,64,1.2,0.0,0.0,0,0,0,1,-0.433883739117558,-0.9009688679024191,-0.9680771188662041,-0.2506525322587213
1103,30.2,62,0.8,0.0,0.0,0,0,0,1,-0.433883739117558,-0.9009688679024191,-0.9987165071710528,-0.05064916883871355
953,30.0,61,1.7,0.0,0.0,0,0,0,1,-0.9749279121818236,-0.2225209339563146,0.0,1.0
872,29.9,61,1.1,0.0,0.0,0,0,0,1,-0.9749279121818236,-0.2225209339563146,0.20129852008866006,0.9795299412524945
594,29.9,59,1.9,0.0,0.0,0,0,0,1,-0.9749279121818236,-0.2225209339563146,0.39435585511331855,0.9189578116202306
435,29.7,57,1.5,0.0,0.0,0,0,0,1,-0.9749279121818236,-0.2225209339563146,0.5712682150947923,0.8207634412072763
304,29.5,60,1.2,0.0,0.0,0,0,0,1,-0.9749279121818236,-0.2225209339563146,0.72479278722912,0.6889669190756866
234,29.2,62,2.1,0.0,0.0,0,0,0,1,-0.9749279121818236,-0.2225209339563146,0.8486442574947509,0.5289640103269624
289,29.1,63,1.6,0.0,0.0,0,0,0,1,-0.9749279121818236,-0.2225209339563146,0.9377521321470804,0.3473052528448203
405,29.4,62,1.9,0.0,0.0,0,0,0,1,-0.9749279121818236,-0.2225209339563146,0.9884683243281114,0.1514277775045767
568,30.2,61,1.8,0.0,0.0,0,0,0,1,-0.9749279121818236,-0.2225209339563146,0.9987165071710528,-0.05064916883871264
598,31.3,58,1.9,0.0,0.0,0,0,0,1,-0.9749279121818236,-0.2225209339563146,0.9680771188662043,-0.2506525322587204
569,32.3,56,1.7,0.0,0.0,0,0,0,1,-0.9749279121818236,-0.2225209339563146,0.8978045395707416,-0.4403941515576344
655,33.4,52,2.8,0.0,0.0,0,0,0,1,-0.9749279121818236,-0.2225209339563146,0.7907757369376989,-0.6121059825476626
640,33.2,52,2.5,0.0,0.0,0,0,0,1,-0.9749279121818236,-0.2225209339563146,0.6513724827222223,-0.758758122692791
703,33.6,54,3.7,0.0,0.0,0,0,0,1,-0.9749279121818236,-0.2225209339563146,0.48530196253108104,-0.8743466161445821
676,33.1,54,4.2,0.0,0.0,0,0,0,1,-0.9749279121818236,-0.2225209339563146,0.29936312297335804,-0.9541392564000488
690,34.7,48,3.6,0.0,0.0,0,0,0,1,-0.9749279121818236,-0.2225209339563146,0.10116832198743272,-0.994869323391895
700,34.5,49,4.0,0.0,0.0,0,0,0,1,-0.9749279121818236,-0.2225209339563146,-0.10116832198743204,-0.9948693233918952
901,34.3,48,3.4,0.0,0.0,0,0,0,1,-0.9749279121818236,-0.2225209339563146,-0.2993631229733582,-0.9541392564000488
1044,33.2,52,3.7,0.0,0.0,0,0,0,1,-0.9749279121818236,-0.2225209339563146,-0.4853019625310808,-0.8743466161445822
1277,32.0,57,2.9,0.0,0.0,0,0,0,1,-0.9749279121818236,-0.2225209339563146,-0.651372482722222,-0.7587581226927911
1387,30.2,66,2.8,0.0,0.0,0,0,0,1,-0.9749279121818236,-0.2225209339563146,-0.7907757369376986,-0.6121059825476627
1377,29.2,73,1.9,0.0,0.0,0,0,0,1,-0.9749279121818236,-0.2225209339563146,-0.8978045395707417,-0.44039415155763423
1337,28.6,74,2.5,0.0,0.0,0,0,0,1,-0.9749279121818236,-0.2225209339563146,-0.9680771188662041,-0.2506525322587213
1155,28.2,78,2.5,0.0,0.0,0,0,0,1,-0.9749279121818236,-0.2225209339563146,-0.9987165071710528,-0.05064916883871355
983,28.0,82,1.4,0.0,0.0,0,0,0,1,-0.7818314824680299,0.6234898018587334,0.0,1.0
758,27.7,83,2.7,0.0,0.0,0,0,0,1,-0.7818314824680299,0.6234898018587334,0.20129852008866006,0.9795299412524945
509,27.5,83,2.7,0.0,0.0,0,0,0,1,-0.7818314824680299,0.6234898018587334,0.39435585511331855,0.9189578116202306
401,27.3,84,1.7,0.0,0.0,0,0,0,1,-0.7818314824680299,0.6234898018587334,0.5712682150947923,0.8207634412072763
253,27.3,83,2.2,0.0,0.0,0,0,0,1,-0.7818314824680299,0.6234898018587334,0.72479278722912,0.6889669190756866
188,27.3,84,0.8,0.0,0.0,0,0,0,1,-0.7818314824680299,0.6234898018587334,0.8486442574947509,0.5289640103269624
222,27.3,83,1.4,0.0,0.0,0,0,0,1,-0.7818314824680299,0.6234898018587334,0.9377521321470804,0.3473052528448203
223,27.5,86,1.8,0.4,0.0,0,0,0,1,-0.7818314824680299,0.6234898018587334,0.9884683243281114,0.1514277775045767
309,27.5,95,0.7,1.6,0.0,0,0,0,1,-0.7818314824680299,0.6234898018587334,0.9987165071710528,-0.05064916883871264
422,29.1,76,2.2,0.0,0.0,0,0,0,1,-0.7818314824680299,0.6234898018587334,0.9680771188662043,-0.2506525322587204
461,29.5,78,2.0,0.0,0.0,0,0,0,1,-0.7818314824680299,0.6234898018587334,0.8978045395707416,-0.4403941515576344
499,31.2,63,2.6,0.0,0.0,0,0,0,1,-0.7818314824680299,0.6234898018587334,0.7907757369376989,-0.6121059825476626
565,32.5,59,3.4,0.0,0.0,0,0,0,1,-0.7818314824680299,0.6234898018587334,0.6513724827222223,-0.758758122692791
600,33.0,56,3.5,0.0,0.0,0,0,0,1,-0.7818314824680299,0.6234898018587334,0.48530196253108104,-0.8743466161445821
639,33.3,55,4.7,0.0,0.0,0,0,0,1,-0.7818314824680299,0.6234898018587334,0.29936312297335804,-0.9541392564000488
712,33.7,55,3.7,0.0,0.0,0,0,0,1,-0.7818314824680299,0.6234898018587334,0.10116832198743272,-0.994869323391895
818,33.6,57,3.5,0.0,0.0,0,0,0,1,-0.7818314824680299,0.6234898018587334,-0.10116832198743204,-0.9948693233918952
978,32.8,61,4.0,0.0,0.0,0,0,0,1,-0.7818314824680299,0.6234898018587334,-0.2993631229733582,-0.9541392564000488
1247,31.8,63,4.0,0.0,0.0,0,0,0,1,-0.7818314824680299,0.6234898018587334,-0.4853019625310808,-0.8743466161445822
1411,30.9,68,3.3,0.0,0.0,0,0,0,1,-0.7818314824680299,0.6234898018587334,-0.651372482722222,-0.7587581226927911
1524,30.0,72,3.5,0.0,0.0,0,0,0,1,-0.7818314824680299,0.6234898018587334,-0.7907757369376986,-0.6121059825476627
1465,29.3,75,3.6,0.0,0.0,0,0,0,1,-0.7818314824680299,0.6234898018587334,-0.8978045395707417,-0.44039415155763423
1286,29.1,77,3.0,0.0,0.0,0,0,0,1,-0.7818314824680299,0.6234898018587334,-0.9680771188662041,-0.2506525322587213
942,28.8,79,1.3,0.0,0.0,0,0,0,1,-0.7818314824680299,0.6234898018587334,-0.9987165071710528,-0.05064916883871355
707,28.7,79,2.2,0.0,0.0,0,0,0,1,0.0,1.0,0.0,1.0
455,28.7,80,1.5,0.0,0.0,0,0,0,1,0.0,1.0,0.20129852008866006,0.9795299412524945
309,28.6,80,1.2,0.0,0.0,0,0,0,1,0.0,1.0,0.39435585511331855,0.9189578116202306
219,28.6,81,1.1,0.0,0.0,0,0,0,1,0.0,1.0,0.5712682150947923,0.8207634412072763
162,28.4,82,0.5,0.0,0.0,0,0,0,1,0.0,1.0,0.72479278722912,0.6889669190756866
258,28.3,83,1.7,0.0,0.0,0,0,0,1,0.0,1.0,0.8486442574947509,0.5289640103269624
546,28.3,83,1.1,0.0,0.0,0,0,0,1,0.0,1.0,0.9377521321470804,0.3473052528448203
699,28.5,82,0.8,0.0,0.0,0,0,0,1,0.0,1.0,0.9884683243281114,0.1514277775045767
797,28.7,86,1.4,0.5,0.0,0,0,0,1,0.0,1.0,0.9987165071710528,-0.05064916883871264
614,28.4,87,1.7,4.0,0.0,0,0,0,1,0.0,1.0,0.9680771188662043,-0.2506525322587204
533,29.8,76,1.4,0.0,0.0,0,0,0,1,0.0,1.0,0.8978045395707416,-0.4403941515576344
569,31.3,70,1.0,0.0,0.0,0,0,0,1,0.0,1.0,0.7907757369376989,-0.6121059825476626
613,33.2,59,2.6,0.0,0.0,0,0,0,1,0.0,1.0,0.6513724827222223,-0.758758122692791
666,34.3,54,2.2,0.0,0.0,0,0,0,1,0.0,1.0,0.48530196253108104,-0.8743466161445821
571,34.0,59,3.2,0.0,0.0,0,0,0,1,0.0,1.0,0.29936312297335804,-0.9541392564000488
646,33.6,58,3.6,0.0,0.0,0,0,0,1,0.0,1.0,0.10116832198743272,-0.994869323391895
752,34.6,55,2.5,0.0,0.0,0,0,0,1,0.0,1.0,-0.10116832198743204,-0.9948693233918952
1063,35.0,53,1.5,0.0,0.0,0,0,0,1,0.0,1.0,-0.2993631229733582,-0.9541392564000488
1956,32.8,63,1.3,0.0,0.0,0,0,0,1,0.0,1.0,-0.4853019625310808,-0.8743466161445822
1548,32.2,65,0.8,0.0,0.0,0,0,0,1,0.0,1.0,-0.651372482722222,-0.7587581226927911
1537,31.3,65,2.0,0.0,0.0,0,0,0,1,0.0,1.0,-0.7907757369376986,-0.6121059825476627
1611,30.6,70,1.6,0.0,0.0,0,0,0,1,0.0,1.0,-0.8978045395707417,-0.44039415155763423
1371,30.1,72,0.4,0.0,0.0,0,0,0,1,0.0,1.0,-0.9680771188662041,-0.2506525322587213
969,29.4,79,1.2,2.0,0.0,0,0,0,1,0.0,1.0,-0.9987165071710528,-0.05064916883871355
842,28.8,72,0.8,0.0,0.0,0,0,0,1,0.7818314824680298,0.6234898018587336,0.0,1.0
619,28.2,68,0.9,0.0,0.0,0,0,0,1,0.7818314824680298,0.6234898018587336,0.20129852008866006,0.9795299412524945
443,27.9,68,0.9,0.0,0.0,0,0,0,1,0.7818314824680298,0.6234898018587336,0.39435585511331855,0.9189578116202306
278,27.6,69,0.9,0.0,0.0,0,0,0,1,0.7818314824680298,0.6234898018587336,0.5712682150947923,0.8207634412072763
201,27.3,68,0.7,0.0,0.0,0,0,0,1,0.7818314824680298,0.6234898018587336,0.72479278722912,0.6889669190756866
273,27.1,69,0.9,0.0,0.0,0,0,0,1,0.7818314824680298,0.6234898018587336,0.8486442574947509,0.5289640103269624
634,26.8,70,0.7,0.0,0.0,0,0,0,1,0.7818314824680298,0.6234898018587336,0.9377521321470804,0.3473052528448203
1059,27.0,69,0.8,0.0,0.0,0,0,0,1,0.7818314824680298,0.6234898018587336,0.9884683243281114,0.1514277775045767
1695,28.5,64,2.0,0.0,0.0,0,0,0,1,0.7818314824680298,0.6234898018587336,0.9987165071710528,-0.05064916883871264
961,29.3,66,1.1,0.0,0.0,0,0,0,1,0.7818314824680298,0.6234898018587336,0.9680771188662043,-0.2506525322587204
635,30.1,65,1.2,0.0,0.0,0,0,0,1,0.7818314824680298,0.6234898018587336,0.8978045395707416,-0.4403941515576344
657,31.4,59,0.8,0.0,0.0,0,0,0,1,0.7818314824680298,0.6234898018587336,0.7907757369376989,-0.6121059825476626
770,31.9,57,0.9,0.0,0.0,0,0,0,1,0.7818314824680298,0.6234898018587336,0.6513724827222223,-0.758758122692791
662,33.0,55,1.0,0.0,0.0,0,0,0,1,0.7818314824680298,0.6234898018587336,0.48530196253108104,-0.8743466161445821
658,34.0,50,1.2,0.0,0.0,0,0,0,1,0.7818314824680298,0.6234898018587336,0.29936312297335804,-0.9541392564000488
698,34.3,49,1.0,0.0,0.0,0,0,0,1,0.7818314824680298,0.6234898018587336,0.10116832198743272,-0.994869323391895
855,35.4,45,2.6,0.0,0.0,0,0,0,1,0.7818314824680298,0.6234898018587336,-0.10116832198743204,-0.9948693233918952
1232,35.6,44,2.4,0.0,0.0,0,0,0,1,0.7818314824680298,0.6234898018587336,-0.2993631229733582,-0.9541392564000488
2274,34.6,50,3.1,0.0,0.0,0,0,0,1,0.7818314824680298,0.6234898018587336,-0.4853019625310808,-0.8743466161445822
1898,32.9,56,2.6,0.0,0.0,0,0,0,1,0.7818314824680298,0.6234898018587336,-0.651372482722222,-0.7587581226927911
1836,31.1,64,2.7,0.0,0.0,0,0,0,1,0.7818314824680298,0.6234898018587336,-0.7907757369376986,-0.6121059825476627
1826,30.3,69,2.2,0.0,0.0,0,0,0,1,0.7818314824680298,0.6234898018587336,-0.8978045395707417,-0.44039415155763423
1664,29.8,75,1.4,0.0,0.0,0,0,0,1,0.7818314824680298,0.6234898018587336,-0.9680771188662041,-0.2506525322587213
1136,29.5,78,1.4,0.0,0.0,0,0,0,1,0.7818314824680298,0.6234898018587336,-0.9987165071710528,-0.05064916883871355
853,29.1,77,2.1,0.0,0.0,0,0,0,1,0.9749279121818236,-0.22252093395631434,0.0,1.0
700,28.5,80,1.5,0.0,0.0,0,0,0,1,0.9749279121818236,-0.22252093395631434,0.20129852008866006,0.9795299412524945
489,28.3,84,2.1,0.0,0.0,0,0,0,1,0.9749279121818236,-0.22252093395631434,0.39435585511331855,0.9189578116202306
322,28.3,84,0.5,0.0,0.0,0,0,0,1,0.9749279121818236,-0.22252093395631434,0.5712682150947923,0.8207634412072763
183,28.0,85,1.0,0.0,0.0,0,0,0,1,0.9749279121818236,-0.22252093395631434,0.72479278722912,0.6889669190756866
260,27.9,84,0.0,0.0,0.0,0,0,0,1,0.9749279121818236,-0.22252093395631434,0.8486442574947509,0.5289640103269624
614,27.6,84,1.2,0.0,0.0,0,0,0,1,0.9749279121818236,-0.22252093395631434,0.9377521321470804,0.3473052528448203
1079,28.2,82,1.5,0.0,0.0,0,0,0,1,0.9749279121818236,-0.22252093395631434,0.9884683243281114,0.1514277775045767
1693,28.6,80,1.6,0.0,0.0,0,0,0,1,0.9749279121818236,-0.22252093395631434,0.9987165071710528,-0.05064916883871264
920,30.2,66,1.4,0.0,0.0,0,0,0,1,0.9749279121818236,-0.22252093395631434,0.9680771188662043,-0.2506525322587204
657,31.6,58,2.3,0.0,0.0,0,0,0,1,0.9749279121818236,-0.22252093395631434,0.8978045395707416,-0.4403941515576344
624,32.7,55,2.7,0.0,0.0,0,0,0,1,0.9749279121818236,-0.22252093395631434,0.7907757369376989,-0.6121059825476626
629,34.1,46,1.6,0.0,0.0,0,0,0,1,0.9749279121818236,-0.22252093395631434,0.6513724827222223,-0.758758122692791
673,34.4,48,2.1,0.0,0.0,0,0,0,1,0.9749279121818236,-0.22252093395631434,0.48530196253108104,-0.8743466161445821
670,33.6,50,3.5,0.0,0.0,0,0,0,1,0.9749279121818236,-0.22252093395631434,0.29936312297335804,-0.9541392564000488
687,34.5,47,3.2,0.0,0.0,0,0,0,1,0.9749279121818236,-0.22252093395631434,0.10116832198743272,-0.994869323391895
839,35.1,40,2.6,0.0,0.0,0,0,0,1,0.9749279121818236,-0.22252093395631434,-0.10116832198743204,-0.9948693233918952
1266,35.0,37,2.6,0.0,0.0,0,0,0,1,0.9749279121818236,-0.22252093395631434,-0.2993631229733582,-0.9541392564000488
2326,34.5,45,2.0,0.0,0.0,0,0,0,1,0.9749279121818236,-0.22252093395631434,-0.4853019625310808,-0.8743466161445822
1983,32.6,60,3.5,0.0,0.0,0,0,0,1,0.9749279121818236,-0.22252093395631434,-0.651372482722222,-0.7587581226927911
1822,31.0,66,2.9,0.0,0.0,0,0,0,1,0.9749279121818236,-0.22252093395631434,-0.7907757369376986,-0.6121059825476627
1783,29.7,71,3.2,0.0,0.0,0,0,0,1,0.9749279121818236,-0.22252093395631434,-0.8978045395707417,-0.44039415155763423
1628,29.5,73,0.9,0.0,0.0,0,0,0,1,0.9749279121818236,-0.22252093395631434,-0.9680771188662041,-0.2506525322587213
1180,29.1,77,0.4,0.0,0.0,0,0,0,1,0.9749279121818236,-0.22252093395631434,-0.9987165071710528,-0.05064916883871355
929,28.9,75,1.6,0.0,0.0,0,0,0,1,0.43388373911755823,-0.900968867902419,0.0,1.0
733,28.8,75,2.1,0.0,0.0,0,0,0,1,0.43388373911755823,-0.900968867902419,0.20129852008866006,0.9795299412524945
466,28.5,79,1.2,0.0,0.0,0,0,0,1,0.43388373911755823,-0.900968867902419,0.39435585511331855,0.9189578116202306
334,28.3,80,1.4,0.0,0.0,0,0,0,1,0.43388373911755823,-0.900968867902419,0.5712682150947923,0.8207634412072763
189,28.1,81,1.5,0.0,0.0,0,0,0,1,0.43388373911755823,-0.900968867902419,0.72479278722912,0.6889669190756866
292,27.8,82,1.0,0.0,0.0,0,0,0,1,0.43388373911755823,-0.900968867902419,0.8486442574947509,0.5289640103269624
619,27.7,84,1.4,0.0,0.0,0,0,0,1,0.43388373911755823,-0.900968867902419,0.9377521321470804,0.3473052528448203
1088,27.9,81,1.8,0.0,0.0,0,0,0,1,0.43388373911755823,-0.900968867902419,0.9884683243281114,0.1514277775045767
1731,28.6,75,1.2,0.0,0.0,0,0,0,1,0.43388373911755823,-0.900968867902419,0.9987165071710528,-0.05064916883871264
977,29.4,64,2.3,0.0,0.0,0,0,0,1,0.43388373911755823,-0.900968867902419,0.9680771188662043,-0.2506525322587204
649,30.4,63,1.8,0.0,0.0,0,0,0,1,0.43388373911755823,-0.900968867902419,0.8978045395707416,-0.4403941515576344
659,30.8,63,2.4,0.0,0.0,0,0,0,1,0.43388373911755823,-0.900968867902419,0.7907757369376989,-0.6121059825476626
484,31.1,63,3.0,0.0,0.0,0,0,0,1,0.43388373911755823,-0.900968867902419,0.6513724827222223,-0.758758122692791
628,29.7,80,1.7,0.4,0.0,0,0,0,1,0.43388373911755823,-0.900968867902419,0.48530196253108104,-0.8743466161445821
561,30.8,69,1.8,0.0,0.0,0,0,0,1,0.43388373911755823,-0.900968867902419,0.29936312297335804,-0.9541392564000488
644,31.2,67,2.7,0.0,0.0,0,0,0,1,0.43388373911755823,-0.900968867902419,0.10116832198743272,-0.994869323391895
559,31.6,73,3.0,0.0,0.0,0,0,0,1,0.43388373911755823,-0.900968867902419,-0.10116832198743204,-0.9948693233918952
740,28.8,83,4.0,1.1,0.0,0,0,0,1,0.43388373911755823,-0.900968867902419,-0.2993631229733582,-0.9541392564000488
1850,28.1,86,2.3,0.5,0.0,0,0,0,1,0.43388373911755823,-0.900968867902419,-0.4853019625310808,-0.8743466161445822
1698,28.2,82,0.4,0.0,0.0,0,0,0,1,0.43388373911755823,-0.900968867902419,-0.651372482722222,-0.7587581226927911
1591,27.9,78,0.6,0.0,0.0,0,0,0,1,0.43388373911755823,-0.900968867902419,-0.7907757369376986,-0.6121059825476627
1654,27.8,82,0.3,0.0,0.0,0,0,0,1,0.43388373911755823,-0.900968867902419,-0.8978045395707417,-0.44039415155763423
1494,27.5,82,0.4,0.0,0.0,0,0,0,1,0.43388373911755823,-0.900968867902419,-0.9680771188662041,-0.2506525322587213
1075,27.3,81,0.0,0.0,0.0,0,0,0,1,0.43388373911755823,-0.900968867902419,-0.9987165071710528,-0.05064916883871355
903,27.1,84,0.2,0.0,0.0,0,0,0,1,-0.433883739117558,-0.9009688679024191,0.0,1.0
708,26.9,84,0.2,0.0,0.0,0,0,0,1,-0.433883739117558,-0.9009688679024191,0.20129852008866006,0.9795299412524945
484,26.9,84,0.8,0.0,0.0,0,0,0,1,-0.433883739117558,-0.9009688679024191,0.39435585511331855,0.9189578116202306
346,26.7,84,0.4,0.0,0.0,0,0,0,1,-0.433883739117558,-0.9009688679024191,0.5712682150947923,0.8207634412072763
214,26.3,85,0.4,0.0,0.0,0,0,0,1,-0.433883739117558,-0.9009688679024191,0.72479278722912,0.6889669190756866
283,26.1,83,0.3,0.0,0.0,0,0,0,1,-0.433883739117558,-0.9009688679024191,0.8486442574947509,0.5289640103269624
645,25.7,83,0.6,0.0,0.0,0,0,0,1,-0.433883739117558,-0.9009688679024191,0.9377521321470804,0.3473052528448203
1027,26.0,78,0.7,0.0,0.0,0,0,0,1,-0.433883739117558,-0.9009688679024191,0.9884683243281114,0.1514277775045767
1728,27.2,69,1.8,0.0,0.0,0,0,0,1,-0.433883739117558,-0.9009688679024191,0.9987165071710528,-0.05064916883871264
892,29.0,64,0.8,0.0,0.0,0,0,0,1,-0.433883739117558,-0.9009688679024191,0.9680771188662043,-0.2506525322587204
683,30.5,58,0.6,0.0,0.0,0,0,0,1,-0.433883739117558,-0.9009688679024191,0.8978045395707416,-0.4403941515576344
697,31.9,53,1.2,0.0,0.0,0,0,0,1,-0.433883739117558,-0.9009688679024191,0.7907757369376989,-0.6121059825476626
721,33.4,47,1.3,0.0,0.0,0,0,0,1,-0.433883739117558,-0.9009688679024191,0.6513724827222223,-0.758758122692791
696,34.2,41,1.7,0.0,0.0,0,0,0,1,-0.433883739117558,-0.9009688679024191,0.48530196253108104,-0.8743466161445821
658,35.1,44,1.6,0.0,0.0,0,0,0,1,-0.433883739117558,-0.9009688679024191,0.29936312297335804,-0.9541392564000488
725,34.8,47,2.4,0.0,0.0,0,0,0,1,-0.433883739117558,-0.9009688679024191,0.10116832198743272,-0.994869323391895
853,36.4,40,3.2,0.0,0.0,0,0,0,1,-0.433883739117558,-0.9009688679024191,-0.10116832198743204,-0.9948693233918952
1293,36.3,40,2.7,0.0,0.0,0,0,0,1,-0.433883739117558,-0.9009688679024191,-0.2993631229733582,-0.9541392564000488
2289,35.2,44,2.6,0.0,0.0,0,0,0,1,-0.433883739117558,-0.9009688679024191,-0.4853019625310808,-0.8743466161445822
1903,33.4,49,2.6,0.0,0.0,0,0,0,1,-0.433883739117558,-0.9009688679024191,-0.651372482722222,-0.7587581226927911
1702,32.2,52,2.3,0.0,0.0,0,0,0,1,-0.433883739117558,-0.9009688679024191,-0.7907757369376986,-0.6121059825476627
1641,31.3,55,0.9,0.0,0.0,0,0,0,1,-0.433883739117558,-0.9009688679024191,-0.8978045395707417,-0.44039415155763423
1544,30.9,54,0.8,0.0,0.0,0,0,0,1,-0.433883739117558,-0.9009688679024191,-0.9680771188662041,-0.2506525322587213
1198,30.4,58,1.4,0.0,0.0,0,0,0,1,-0.433883739117558,-0.9009688679024191,-0.9987165071710528,-0.05064916883871355
1022,29.8,63,2.0,0.0,0.0,0,0,0,1,-0.9749279121818236,-0.2225209339563146,0.0,1.0
881,29.0,67,1.1,0.0,0.0,0,0,0,1,-0.9749279121818236,-0.2225209339563146,0.20129852008866006,0.9795299412524945
691,28.5,68,1.1,0.0,0.0,0,0,0,1,-0.9749279121818236,-0.2225209339563146,0.39435585511331855,0.9189578116202306
441,27.9,69,0.8,0.0,0.0,0,0,0,1,-0.9749279121818236,-0.2225209339563146,0.5712682150947923,0.8207634412072763
266,27.4,69,1.0,0.0,0.0,0,0,0,1,-0.9749279121818236,-0.2225209339563146,0.72479278722912,0.6889669190756866
263,26.9,69,0.7,0.0,0.0,0,0,0,1,-0.9749279121818236,-0.2225209339563146,0.8486442574947509,0.5289640103269624
355,26.5,69,0.8,0.0,0.0,0,0,0,1,-0.9749279121818236,-0.2225209339563146,0.9377521321470804,0.3473052528448203
425,26.7,67,0.8,0.0,0.0,0,0,0,1,-0.9749279121818236,-0.2225209339563146,0.9884683243281114,0.1514277775045767
647,28.0,60,1.0,0.0,0.0,0,0,0,1,-0.9749279121818236,-0.2225209339563146,0.9987165071710528,-0.05064916883871264
672,29.7,58,1.3,0.0,0.0,0,0,0,1,-0.9749279121818236,-0.2225209339563146,0.9680771188662043,-0.2506525322587204
643,31.3,53,1.8,0.0,0.0,0,0,0,1,-0.9749279121818236,-0.2225209339563146,0.8978045395707416,-0.4403941515576344
766,31.5,54,2.5,0.0,0.0,0,0,0,1,-0.9749279121818236,-0.2225209339563146,0.7907757369376989,-0.6121059825476626
759,33.2,50,2.3,0.0,0.0,0,0,0,1,-0.9749279121818236,-0.2225209339563146,0.6513724827222223,-0.758758122692791
830,34.1,45,1.5,0.0,0.0,0,0,0,1,-0.9749279121818236,-0.2225209339563146,0.48530196253108104,-0.8743466161445821
733,34.5,43,2.6,0.0,0.0,0,0,0,1,-0.9749279121818236,-0.2225209339563146,0.29936312297335804,-0.9541392564000488
694,35.0,41,1.5,0.0,0.0,0,0,0,1,-0.9749279121818236,-0.2225209339563146,0.10116832198743272,-0.994869323391895
826,35.6,39,2.7,0.0,0.0,0,0,0,1,-0.9749279121818236,-0.2225209339563146,-0.10116832198743204,-0.9948693233918952
1006,35.8,36,2.2,0.0,0.0,0,0,0,1,-0.9749279121818236,-0.2225209339563146,-0.2993631229733582,-0.9541392564000488
1274,34.4,40,1.8,0.0,0.0,0,0,0,1,-0.9749279121818236,-0.2225209339563146,-0.4853019625310808,-0.8743466161445822
1482,33.8,44,2.2,0.0,0.0,0,0,0,1,-0.9749279121818236,-0.2225209339563146,-0.651372482722222,-0.7587581226927911
1469,32.8,47,1.9,0.0,0.0,0,0,0,1,-0.9749279121818236,-0.2225209339563146,-0.7907757369376986,-0.6121059825476627
1437,31.6,63,1.2,0.0,0.0,0,0,0,1,-0.9749279121818236,-0.2225209339563146,-0.8978045395707417,-0.44039415155763423
1351,31.3,53,2.3,0.0,0.0,0,0,0,1,-0.9749279121818236,-0.2225209339563146,-0.9680771188662041,-0.2506525322587213
1076,30.7,55,1.5,0.0,0.0,0,0,0,1,-0.9749279121818236,-0.2225209339563146,-0.9987165071710528,-0.05064916883871355
997,29.9,56,2.0,0.0,0.0,0,0,0,1,-0.7818314824680299,0.6234898018587334,0.0,1.0
703,29.4,58,1.5,0.0,0.0,0,0,0,1,-0.7818314824680299,0.6234898018587334,0.20129852008866006,0.9795299412524945
554,29.0,60,1.4,0.0,0.0,0,0,0,1,-0.7818314824680299,0.6234898018587334,0.39435585511331855,0.9189578116202306
387,28.5,62,1.6,0.0,0.0,0,0,0,1,-0.7818314824680299,0.6234898018587334,0.5712682150947923,0.8207634412072763
260,28.1,63,0.8,0.0,0.0,0,0,0,1,-0.7818314824680299,0.6234898018587334,0.72479278722912,0.6889669190756866
196,27.7,65,1.4,0.0,0.0,0,0,0,1,-0.7818314824680299,0.6234898018587334,0.8486442574947509,0.5289640103269624
261,27.2,66,0.9,0.0,0.0,0,0,0,1,-0.7818314824680299,0.6234898018587334,0.9377521321470804,0.3473052528448203
316,27.4,61,0.6,0.0,0.0,0,0,0,1,-0.7818314824680299,0.6234898018587334,0.9884683243281114,0.1514277775045767
520,28.6,54,1.1,0.0,0.0,0,0,0,1,-0.7818314824680299,0.6234898018587334,0.9987165071710528,-0.05064916883871264
568,29.7,55,1.6,0.0,0.0,0,0,0,1,-0.7818314824680299,0.6234898018587334,0.9680771188662043,-0.2506525322587204
483,31.6,51,2.3,0.0,0.0,0,0,0,1,-0.7818314824680299,0.6234898018587334,0.8978045395707416,-0.4403941515576344
526,32.8,49,2.8,0.0,0.0,0,0,0,1,-0.7818314824680299,0.6234898018587334,0.7907757369376989,-0.6121059825476626
670,33.8,44,2.0,0.0,0.0,0,0,0,1,-0.7818314824680299,0.6234898018587334,0.6513724827222223,-0.758758122692791
704,34.0,47,1.4,0.0,0.0,0,0,0,1,-0.7818314824680299,0.6234898018587334,0.48530196253108104,-0.8743466161445821
697,35.0,45,2.2,0.0,0.0,0,0,0,1,-0.7818314824680299,0.6234898018587334,0.29936312297335804,-0.9541392564000488
820,34.9,46,2.0,0.0,0.0,0,0,0,1,-0.7818314824680299,0.6234898018587334,0.10116832198743272,-0.994869323391895
959,34.1,47,2.5,0.0,0.0,0,0,0,1,-0.7818314824680299,0.6234898018587334,-0.10116832198743204,-0.9948693233918952
1156,33.7,48,2.3,0.0,0.0,0,0,0,1,-0.7818314824680299,0.6234898018587334,-0.2993631229733582,-0.9541392564000488
1225,33.4,49,1.6,0.0,0.0,0,0,0,1,-0.7818314824680299,0.6234898018587334,-0.4853019625310808,-0.8743466161445822
1117,32.0,76,2.1,1.0,0.0,0,0,0,1,-0.7818314824680299,0.6234898018587334,-0.651372482722222,-0.7587581226927911
1208,29.4,86,1.1,4.0,0.0,0,0,0,1,-0.7818314824680299,0.6234898018587334,-0.7907757369376986,-0.6121059825476627
1337,28.9,83,0.3,0.0,0.0,0,0,0,1,-0.7818314824680299,0.6234898018587334,-0.8978045395707417,-0.44039415155763423
1127,28.8,79,0.2,0.0,0.0,0,0,0,1,-0.7818314824680299,0.6234898018587334,-0.9680771188662041,-0.2506525322587213
707,28.7,81,0.4,0.0,0.0,0,0,0,1,-0.7818314824680299,0.6234898018587334,-0.9987165071710528,-0.05064916883871355
409,28.4,85,1.3,0.0,0.0,0,0,0,1,0.0,1.0,0.0,1.0
231,28.2,88,0.2,1.0,0.0,0,0,0,1,0.0,1.0,0.20129852008866006,0.9795299412524945
212,28.1,78,0.9,0.0,0.0,0,0,0,1,0.0,1.0,0.39435585511331855,0.9189578116202306
196,27.7,88,0.5,0.0,0.0,0,0,0,1,0.0,1.0,0.5712682150947923,0.8207634412072763
151,27.1,91,0.9,0.0,0.0,0,0,0,1,0.0,1.0,0.72479278722912,0.6889669190756866
230,26.8,90,0.6,0.0,0.0,0,0,0,1,0.0,1.0,0.8486442574947509,0.5289640103269624
594,26.7,89,0.6,0.0,0.0,0,0,0,1,0.0,1.0,0.9377521321470804,0.3473052528448203
1065,27.0,86,0.9,0.0,0.0,0,0,0,1,0.0,1.0,0.9884683243281114,0.1514277775045767
1657,28.0,78,1.1,0.0,0.0,0,0,0,1,0.0,1.0,0.9987165071710528,-0.05064916883871264
903,29.4,74,2.0,0.0,0.0,0,0,0,1,0.0,1.0,0.9680771188662043,-0.2506525322587204
639,30.6,67,0.7,0.0,0.0,0,0,0,1,0.0,1.0,0.8978045395707416,-0.4403941515576344
677,31.7,58,1.1,0.0,0.0,0,0,0,1,0.0,1.0,0.7907757369376989,-0.6121059825476626
724,33.4,54,2.6,0.0,0.0,0,0,0,1,0.0,1.0,0.6513724827222223,-0.758758122692791
698,33.0,54,1.7,0.0,0.0,0,0,0,1,0.0,1.0,0.48530196253108104,-0.8743466161445821
651,33.6,55,1.1,0.0,0.0,0,0,0,1,0.0,1.0,0.29936312297335804,-0.9541392564000488
709,34.0,51,1.8,0.0,0.0,0,0,0,1,0.0,1.0,0.10116832198743272,-0.994869323391895
901,33.5,52,2.2,0.0,0.0,0,0,0,1,0.0,1.0,-0.10116832198743204,-0.9948693233918952
1358,33.2,55,2.7,0.0,0.0,0,0,0,1,0.0,1.0,-0.2993631229733582,-0.9541392564000488
2367,33.1,59,3.1,0.0,0.0,0,0,0,1,0.0,1.0,-0.4853019625310808,-0.8743466161445822
2036,32.1,60,2.3,0.0,0.0,0,0,0,1,0.0,1.0,-0.651372482722222,-0.7587581226927911
1847,31.0,64,2.9,0.0,0.0,0,0,0,1,0.0,1.0,-0.7907757369376986,-0.6121059825476627
1851,30.4,66,1.6,0.0,0.0,0,0,0,1,0.0,1.0,-0.8978045395707417,-0.44039415155763423
1635,29.9,60,1.3,0.0,0.0,0,0,0,1,0.0,1.0,-0.9680771188662041,-0.2506525322587213
1086,29.6,63,0.1,0.0,0.0,0,0,0,1,0.0,1.0,-0.9987165071710528,-0.05064916883871355
872,29.3,68,1.6,0.0,0.0,0,0,0,1,0.7818314824680298,0.6234898018587336,0.0,1.0
681,28.9,71,1.2,0.0,0.0,0,0,0,1,0.7818314824680298,0.6234898018587336,0.20129852008866006,0.9795299412524945
467,28.6,70,1.5,0.0,0.0,0,0,0,1,0.7818314824680298,0.6234898018587336,0.39435585511331855,0.9189578116202306
345,28.4,73,1.4,0.0,0.0,0,0,0,1,0.7818314824680298,0.6234898018587336,0.5712682150947923,0.8207634412072763
209,28.1,71,0.4,0.0,0.0,0,0,0,1,0.7818314824680298,0.6234898018587336,0.72479278722912,0.6889669190756866
254,27.9,71,0.3,0.0,0.0,0,0,0,1,0.7818314824680298,0.6234898018587336,0.8486442574947509,0.5289640103269624
643,27.8,71,0.1,0.0,0.0,0,0,0,1,0.7818314824680298,0.6234898018587336,0.9377521321470804,0.3473052528448203
1097,27.9,71,0.4,0.0,0.0,0,0,0,1,0.7818314824680298,0.6234898018587336,0.9884683243281114,0.1514277775045767
1708,29.3,63,0.9,0.0,0.0,0,0,0,1,0.7818314824680298,0.6234898018587336,0.9987165071710528,-0.05064916883871264
944,31.0,56,0.8,0.0,0.0,0,0,0,1,0.7818314824680298,0.6234898018587336,0.9680771188662043,-0.2506525322587204
615,31.7,57,1.3,0.0,0.0,0,0,0,1,0.7818314824680298,0.6234898018587336,0.8978045395707416,-0.4403941515576344
636,32.4,54,1.9,0.0,0.0,0,0,0,1,0.7818314824680298,0.6234898018587336,0.7907757369376989,-0.6121059825476626
699,33.9,49,1.5,0.0,0.0,0,0,0,1,0.7818314824680298,0.6234898018587336,0.6513724827222223,-0.758758122692791
695,35.7,38,2.4,0.0,0.0,0,0,0,1,0.7818314824680298,0.6234898018587336,0.48530196253108104,-0.8743466161445821
627,36.2,41,2.9,0.0,0.0,0,0,0,1,0.7818314824680298,0.6234898018587336,0.29936312297335804,-0.9541392564000488
700,37.2,38,2.5,0.0,0.0,0,0,0,1,0.7818314824680298,0.6234898018587336,0.10116832198743272,-0.994869323391895
920,36.3,41,2.4,0.0,0.0,0,0,0,1,0.7818314824680298,0.6234898018587336,-0.10116832198743204,-0.9948693233918952
1306,34.7,51,3.0,0.0,0.0,0,0,0,1,0.7818314824680298,0.6234898018587336,-0.2993631229733582,-0.9541392564000488
2305,33.7,53,2.4,0.0,0.0,0,0,0,1,0.7818314824680298,0.6234898018587336,-0.4853019625310808,-0.8743466161445822
1972,32.7,56,2.2,0.0,0.0,0,0,0,1,0.7818314824680298,0.6234898018587336,-0.651372482722222,-0.7587581226927911
1705,31.8,59,0.9,0.0,0.0,0,0,0,1,0.7818314824680298,0.6234898018587336,-0.7907757369376986,-0.6121059825476627
1684,31.3,59,0.3,0.0,0.0,0,0,0,1,0.7818314824680298,0.6234898018587336,-0.8978045395707417,-0.44039415155763423
1587,30.9,63,0.7,0.0,0.0,0,0,0,1,0.7818314824680298,0.6234898018587336,-0.9680771188662041,-0.2506525322587213
1165,30.3,65,0.4,0.0,0.0,0,0,0,1,0.7818314824680298,0.6234898018587336,-0.9987165071710528,-0.05064916883871355
1034,30.0,67,0.8,0.0,0.0,1,0,0,1,0.9749279121818236,-0.22252093395631434,0.0,1.0
850,29.6,69,0.4,0.0,0.0,1,0,0,1,0.9749279121818236,-0.22252093395631434,0.20129852008866006,0.9795299412524945
676,29.5,68,0.4,0.0,0.0,1,0,0,1,0.9749279121818236,-0.22252093395631434,0.39435585511331855,0.9189578116202306
474,29.1,70,0.3,0.0,0.0,1,0,0,1,0.9749279121818236,-0.22252093395631434,0.5712682150947923,0.8207634412072763
310,28.8,73,0.5,0.0,0.0,1,0,0,1,0.9749279121818236,-0.22252093395631434,0.72479278722912,0.6889669190756866
227,28.6,73,0.8,0.0,0.0,1,0,0,1,0.9749279121818236,-0.22252093395631434,0.8486442574947509,0.5289640103269624
346,28.4,74,1.0,0.0,0.0,1,0,0,1,0.9749279121818236,-0.22252093395631434,0.9377521321470804,0.3473052528448203
429,28.6,71,0.6,0.0,0.0,1,0,0,1,0.9749279121818236,-0.22252093395631434,0.9884683243281114,0.1514277775045767
553,29.9,60,0.8,0.0,0.0,1,0,0,1,0.9749279121818236,-0.22252093395631434,0.9987165071710528,-0.05064916883871264
563,32.0,53,1.6,0.0,0.0,1,0,0,1,0.9749279121818236,-0.22252093395631434,0.9680771188662043,-0.2506525322587204
547,33.5,49,1.0,0.0,0.0,1,0,0,1,0.9749279121818236,-0.22252093395631434,0.8978045395707416,-0.4403941515576344
586,35.4,44,1.2,0.0,0.0,1,0,0,1,0.9749279121818236,-0.22252093395631434,0.7907757369376989,-0.6121059825476626
563,36.5,41,1.1,0.0,0.0,1,0,0,1,0.9749279121818236,-0.22252093395631434,0.6513724827222223,-0.758758122692791
591,36.9,39,1.5,0.0,0.0,1,0,0,1,0.9749279121818236,-0.22252093395631434,0.48530196253108104,-0.8743466161445821
627,37.2,38,0.9,0.0,0.0,1,0,0,1,0.9749279121818236,-0.22252093395631434,0.29936312297335804,-0.9541392564000488
761,37.4,38,1.4,0.0,0.0,1,0,0,1,0.9749279121818236,-0.22252093395631434,0.10116832198743272,-0.994869323391895
877,36.6,39,0.7,0.0,0.0,1,0,0,1,0.9749279121818236,-0.22252093395631434,-0.10116832198743204,-0.9948693233918952
960,33.6,55,3.9,0.0,0.0,1,0,0,1,0.9749279121818236,-0.22252093395631434,-0.2993631229733582,-0.9541392564000488
925,32.8,63,2.3,0.1,0.0,1,0,0,1,0.9749279121818236,-0.22252093395631434,-0.4853019625310808,-0.8743466161445822
1301,28.7,76,0.7,0.9,0.0,1,0,0,1,0.9749279121818236,-0.22252093395631434,-0.651372482722222,-0.7587581226927911
1500,28.4,69,1.5,0.0,0.0,1,0,0,1,0.9749279121818236,-0.22252093395631434,-0.7907757369376986,-0.6121059825476627
1507,28.6,69,1.3,0.0,0.0,1,0,0,1,0.9749279121818236,-0.22252093395631434,-0.8978045395707417,-0.44039415155763423
1350,28.6,67,1.0,0.0,0.0,1,0,0,1,0.9749279121818236,-0.22252093395631434,-0.9680771188662041,-0.2506525322587213
1008,28.5,69,1.1,0.0,0.0,1,0,0,1,0.9749279121818236,-0.22252093395631434,-0.9987165071710528,-0.05064916883871355
808,28.4,68,0.9,0.0,0.0,0,0,0,1,0.43388373911755823,-0.900968867902419,0.0,1.0
535,28.2,70,1.0,0.0,0.0,0,0,0,1,0.43388373911755823,-0.900968867902419,0.20129852008866006,0.9795299412524945
381,28.1,68,0.8,0.0,0.0,0,0,0,1,0.43388373911755823,-0.900968867902419,0.39435585511331855,0.9189578116202306
252,27.9,68,0.6,0.0,0.0,0,0,0,1,0.43388373911755823,-0.900968867902419,0.5712682150947923,0.8207634412072763
173,27.8,69,0.9,0.0,0.0,0,0,0,1,0.43388373911755823,-0.900968867902419,0.72479278722912,0.6889669190756866
263,28.0,66,0.5,0.0,0.0,0,0,0,1,0.43388373911755823,-0.900968867902419,0.8486442574947509,0.5289640103269624
631,27.5,72,1.1,0.0,0.0,0,0,0,1,0.43388373911755823,-0.900968867902419,0.9377521321470804,0.3473052528448203
1105,27.6,71,1.2,0.0,0.0,0,0,0,1,0.43388373911755823,-0.900968867902419,0.9884683243281114,0.1514277775045767
1660,28.2,68,1.3,0.0,0.0,0,0,0,1,0.43388373911755823,-0.900968867902419,0.9987165071710528,-0.05064916883871264
876,30.6,55,1.1,0.0,0.0,0,0,0,1,0.43388373911755823,-0.900968867902419,0.9680771188662043,-0.2506525322587204
612,31.9,51,2.2,0.0,0.0,0,0,0,1,0.43388373911755823,-0.900968867902419,0.8978045395707416,-0.4403941515576344
672,33.5,48,2.4,0.0,0.0,0,0,0,1,0.43388373911755823,-0.900968867902419,0.7907757369376989,-0.6121059825476626
668,34.5,44,2.2,0.0,0.0,0,0,0,1,0.43388373911755823,-0.900968867902419,0.6513724827222223,-0.758758122692791
652,35.1,39,2.0,0.0,0.0,0,0,0,1,0.43388373911755823,-0.900968867902419,0.48530196253108104,-0.8743466161445821
638,35.3,40,2.0,0.0,0.0,0,0,0,1,0.43388373911755823,-0.900968867902419,0.29936312297335804,-0.9541392564000488
720,35.0,38,2.0,0.0,0.0,0,0,0,1,0.43388373911755823,-0.900968867902419,0.10116832198743272,-0.994869323391895
902,34.5,37,1.9,0.0,0.0,0,0,0,1,0.43388373911755823,-0.900968867902419,-0.10116832198743204,-0.9948693233918952
1384,33.8,37,2.2,0.0,0.0,0,0,0,1,0.43388373911755823,-0.900968867902419,-0.2993631229733582,-0.9541392564000488
2481,32.4,40,2.1,0.0,0.0,0,0,0,1,0.43388373911755823,-0.900968867902419,-0.4853019625310808,-0.8743466161445822
2286,29.8,45,2.5,0.0,0.0,0,0,0,1,0.43388373911755823,-0.900968867902419,-0.651372482722222,-0.7587581226927911
2114,27.9,47,1.9,0.0,0.0,0,0,0,1,0.43388373911755823,-0.900968867902419,-0.7907757369376986,-0.6121059825476627
2127,26.8,46,2.0,0.0,0.0,0,0,0,1,0.43388373911755823,-0.900968867902419,-0.8978045395707417,-0.44039415155763423
1943,25.9,45,2.1,0.0,0.0,0,0,0,1,0.43388373911755823,-0.900968867902419,-0.9680771188662041,-0.2506525322587213
1446,25.0,44,2.2,0.0,0.0,0,0,0,1,0.43388373911755823,-0.900968867902419,-0.9987165071710528,-0.05064916883871355
1109,24.1,45,2.0,0.0,0.0,0,0,0,1,-0.433883739117558,-0.9009688679024191,0.0,1.0
842,23.4,47,2.1,0.0,0.0,0,0,0,1,-0.433883739117558,-0.9009688679024191,0.20129852008866006,0.9795299412524945
572,22.8,50,1.4,0.0,0.0,0,0,0,1,-0.433883739117558,-0.9009688679024191,0.39435585511331855,0.9189578116202306
375,22.4,52,1.3,0.0,0.0,0,0,0,1,-0.433883739117558,-0.9009688679024191,0.5712682150947923,0.8207634412072763
276,22.1,54,1.6,0.0,0.0,0,0,0,1,-0.433883739117558,-0.9009688679024191,0.72479278722912,0.6889669190756866
304,21.8,55,1.9,0.0,0.0,0,0,0,1,-0.433883739117558,-0.9009688679024191,0.8486442574947509,0.5289640103269624
719,21.8,51,2.0,0.0,0.0,0,0,0,1,-0.433883739117558,-0.9009688679024191,0.9377521321470804,0.3473052528448203
1271,22.0,49,1.7,0.0,0.0,0,0,0,1,-0.433883739117558,-0.9009688679024191,0.9884683243281114,0.1514277775045767
1918,23.5,44,1.7,0.0,0.0,0,0,0,1,-0.433883739117558,-0.9009688679024191,0.9987165071710528,-0.05064916883871264
1069,25.5,40,2.6,0.0,0.0,0,0,0,1,-0.433883739117558,-0.9009688679024191,0.9680771188662043,-0.2506525322587204
717,27.0,36,2.2,0.0,0.0,0,0,0,1,-0.433883739117558,-0.9009688679024191,0.8978045395707416,-0.4403941515576344
844,28.8,33,2.2,0.0,0.0,0,0,0,1,-0.433883739117558,-0.9009688679024191,0.7907757369376989,-0.6121059825476626
904,30.3,30,1.9,0.0,0.0,0,0,0,1,-0.433883739117558,-0.9009688679024191,0.6513724827222223,-0.758758122692791
820,31.3,30,2.1,0.0,0.0,0,0,0,1,-0.433883739117558,-0.9009688679024191,0.48530196253108104,-0.8743466161445821
791,32.7,27,2.0,0.0,0.0,0,0,0,1,-0.433883739117558,-0.9009688679024191,0.29936312297335804,-0.9541392564000488
970,33.5,26,2.1,0.0,0.0,0,0,0,1,-0.433883739117558,-0.9009688679024191,0.10116832198743272,-0.994869323391895
1112,33.7,26,1.5,0.0,0.0,0,0,0,1,-0.433883739117558,-0.9009688679024191,-0.10116832198743204,-0.9948693233918952
1666,33.1,27,1.9,0.0,0.0,0,0,0,1,-0.433883739117558,-0.9009688679024191,-0.2993631229733582,-0.9541392564000488
2797,32.5,28,1.4,0.0,0.0,0,0,0,1,-0.433883739117558,-0.9009688679024191,-0.4853019625310808,-0.8743466161445822
2353,31.0,31,1.5,0.0,0.0,0,0,0,1,-0.433883739117558,-0.9009688679024191,-0.651372482722222,-0.7587581226927911
2130,28.4,40,1.7,0.0,0.0,0,0,0,1,-0.433883739117558,-0.9009688679024191,-0.7907757369376986,-0.6121059825476627
2008,27.1,43,1.6,0.0,0.0,0,0,0,1,-0.433883739117558,-0.9009688679024191,-0.8978045395707417,-0.44039415155763423
1787,26.0,45,1.7,0.0,0.0,0,0,0,1,-0.433883739117558,-0.9009688679024191,-0.9680771188662041,-0.2506525322587213
1466,25.2,47,1.2,0.0,0.0,0,0,0,1,-0.433883739117558,-0.9009688679024191,-0.9987165071710528,-0.05064916883871355
1191,24.5,48,1.2,0.0,0.0,0,0,0,1,-0.9749279121818236,-0.2225209339563146,0.0,1.0
969,23.9,51,0.9,0.0,0.0,0,0,0,1,-0.9749279121818236,-0.2225209339563146,0.20129852008866006,0.9795299412524945
698,23.4,53,1.1,0.0,0.0,0,0,0,1,-0.9749279121818236,-0.2225209339563146,0.39435585511331855,0.9189578116202306
483,23.0,54,1.0,0.0,0.0,0,0,0,1,-0.9749279121818236,-0.2225209339563146,0.5712682150947923,0.8207634412072763
316,22.6,55,1.4,0.0,0.0,0,0,0,1,-0.9749279121818236,-0.2225209339563146,0.72479278722912,0.6889669190756866
262,22.0,58,1.0,0.0,0.0,0,0,0,1,-0.9749279121818236,-0.2225209339563146,0.8486442574947509,0.5289640103269624
397,21.6,60,1.0,0.0,0.0,0,0,0,1,-0.9749279121818236,-0.2225209339563146,0.9377521321470804,0.3473052528448203
475,21.7,57,1.3,0.0,0.0,0,0,0,1,-0.9749279121818236,-0.2225209339563146,0.9884683243281114,0.1514277775045767
754,23.2,47,1.0,0.0,0.0,0,0,0,1,-0.9749279121818236,-0.2225209339563146,0.9987165071710528,-0.05064916883871264
771,25.3,42,1.4,0.0,0.0,0,0,0,1,-0.9749279121818236,-0.2225209339563146,0.9680771188662043,-0.2506525322587204
769,27.0,37,1.2,0.0,0.0,0,0,0,1,-0.9749279121818236,-0.2225209339563146,0.8978045395707416,-0.4403941515576344
857,28.4,35,1.6,0.0,0.0,0,0,0,1,-0.9749279121818236,-0.2225209339563146,0.7907757369376989,-0.6121059825476626
952,29.8,33,1.5,0.0,0.0,0,0,0,1,-0.9749279121818236,-0.2225209339563146,0.6513724827222223,-0.758758122692791
1003,31.1,30,1.5,0.0,0.0,0,0,0,1,-0.9749279121818236,-0.2225209339563146,0.48530196253108104,-0.8743466161445821
1121,31.0,31,1.8,0.0,0.0,0,0,0,1,-0.9749279121818236,-0.2225209339563146,0.29936312297335804,-0.9541392564000488
1196,31.7,30,1.9,0.0,0.0,0,0,0,1,-0.9749279121818236,-0.2225209339563146,0.10116832198743272,-0.994869323391895
1398,31.8,33,2.1,0.0,0.0,0,0,0,1,-0.9749279121818236,-0.2225209339563146,-0.10116832198743204,-0.9948693233918952
1806,29.9,39,2.9,0.0,0.0,0,0,0,1,-0.9749279121818236,-0.2225209339563146,-0.2993631229733582,-0.9541392564000488
1979,30.1,37,2.1,0.0,0.0,0,0,0,1,-0.9749279121818236,-0.2225209339563146,-0.4853019625310808,-0.8743466161445822
2127,28.5,45,1.6,0.0,0.0,0,0,0,1,-0.9749279121818236,-0.2225209339563146,-0.651372482722222,-0.7587581226927911
1965,27.6,46,1.2,0.0,0.0,0,0,0,1,-0.9749279121818236,-0.2225209339563146,-0.7907757369376986,-0.6121059825476627
1886,26.8,48,0.9,0.0,0.0,0,0,0,1,-0.9749279121818236,-0.2225209339563146,-0.8978045395707417,-0.44039415155763423
1681,26.3,48,0.8,0.0,0.0,0,0,0,1,-0.9749279121818236,-0.2225209339563146,-0.9680771188662041,-0.2506525322587213
1342,25.9,52,1.3,0.0,0.0,0,0,0,1,-0.9749279121818236,-0.2225209339563146,-0.9987165071710528,-0.05064916883871355
1100,25.3,53,2.4,0.0,0.0,0,0,0,1,-0.7818314824680299,0.6234898018587334,0.0,1.0
844,25.0,57,0.9,0.0,0.0,0,0,0,1,-0.7818314824680299,0.6234898018587334,0.20129852008866006,0.9795299412524945
611,24.5,59,0.3,0.0,0.0,0,0,0,1,-0.7818314824680299,0.6234898018587334,0.39435585511331855,0.9189578116202306
425,24.0,59,0.6,0.0,0.0,0,0,0,1,-0.7818314824680299,0.6234898018587334,0.5712682150947923,0.8207634412072763
264,23.6,61,0.3,0.0,0.0,0,0,0,1,-0.7818314824680299,0.6234898018587334,0.72479278722912,0.6889669190756866
223,23.4,63,0.3,0.0,0.0,0,0,0,1,-0.7818314824680299,0.6234898018587334,0.8486442574947509,0.5289640103269624
260,23.1,64,0.6,0.0,0.0,0,0,0,1,-0.7818314824680299,0.6234898018587334,0.9377521321470804,0.3473052528448203
392,23.3,64,1.0,0.0,0.0,0,0,0,1,-0.7818314824680299,0.6234898018587334,0.9884683243281114,0.1514277775045767
592,24.4,58,0.8,0.0,0.0,0,0,0,1,-0.7818314824680299,0.6234898018587334,0.9987165071710528,-0.05064916883871264
645,26.3,50,0.7,0.0,0.0,0,0,0,1,-0.7818314824680299,0.6234898018587334,0.9680771188662043,-0.2506525322587204
732,27.3,49,0.9,0.0,0.0,0,0,0,1,-0.7818314824680299,0.6234898018587334,0.8978045395707416,-0.4403941515576344
795,28.4,43,1.0,0.0,0.0,0,0,0,1,-0.7818314824680299,0.6234898018587334,0.7907757369376989,-0.6121059825476626
926,30.9,37,1.8,0.0,0.0,0,0,0,1,-0.7818314824680299,0.6234898018587334,0.6513724827222223,-0.758758122692791
943,32.4,33,2.7,0.0,0.0,0,0,0,1,-0.7818314824680299,0.6234898018587334,0.48530196253108104,-0.8743466161445821
972,33.4,31,1.2,0.0,0.0,0,0,0,1,-0.7818314824680299,0.6234898018587334,0.29936312297335804,-0.9541392564000488
1181,33.8,31,1.6,0.0,0.0,0,0,0,1,-0.7818314824680299,0.6234898018587334,0.10116832198743272,-0.994869323391895
1395,33.3,32,2.4,0.0,0.0,0,0,0,1,-0.7818314824680299,0.6234898018587334,-0.10116832198743204,-0.9948693233918952
1721,32.7,33,2.5,0.0,0.0,0,0,0,1,-0.7818314824680299,0.6234898018587334,-0.2993631229733582,-0.9541392564000488
1928,32.3,41,1.9,0.0,0.0,0,0,0,1,-0.7818314824680299,0.6234898018587334,-0.4853019625310808,-0.8743466161445822
2186,29.7,55,2.5,0.0,0.0,0,0,0,1,-0.7818314824680299,0.6234898018587334,-0.651372482722222,-0.7587581226927911
2029,28.5,58,1.4,0.0,0.0,0,0,0,1,-0.7818314824680299,0.6234898018587334,-0.7907757369376986,-0.6121059825476627
1821,27.9,61,0.7,0.0,0.0,0,0,0,1,-0.7818314824680299,0.6234898018587334,-0.8978045395707417,-0.44039415155763423
1546,27.7,62,0.6,0.0,0.0,0,0,0,1,-0.7818314824680299,0.6234898018587334,-0.9680771188662041,-0.2506525322587213
1016,27.5,60,0.3,0.0,0.0,0,0,0,1,-0.7818314824680299,0.6234898018587334,-0.9987165071710528,-0.05064916883871355
818,27.0,62,0.6,0.0,0.0,0,0,0,1,0.0,1.0,0.0,1.0
527,26.6,64,0.2,0.0,0.0,0,0,0,1,0.0,1.0,0.20129852008866006,0.9795299412524945
352,26.3,65,0.3,0.0,0.0,0,0,0,1,0.0,1.0,0.39435585511331855,0.9189578116202306
255,26.1,65,0.6,0.0,0.0,0,0,0,1,0.0,1.0,0.5712682150947923,0.8207634412072763
193,26.2,65,1.1,0.0,0.0,0,0,0,1,0.0,1.0,0.72479278722912,0.6889669190756866
281,25.7,68,0.8,0.0,0.0,0,0,0,1,0.0,1.0,0.8486442574947509,0.5289640103269624
675,25.3,67,1.5,0.0,0.0,0,0,0,1,0.0,1.0,0.9377521321470804,0.3473052528448203
1285,25.4,60,1.4,0.0,0.0,0,0,0,1,0.0,1.0,0.9884683243281114,0.1514277775045767
1912,26.6,54,1.1,0.0,0.0,0,0,0,1,0.0,1.0,0.9987165071710528,-0.05064916883871264
993,27.5,54,1.0,0.0,0.0,0,0,0,1,0.0,1.0,0.9680771188662043,-0.2506525322587204
719,29.3,49,2.0,0.0,0.0,0,0,0,1,0.0,1.0,0.8978045395707416,-0.4403941515576344
766,31.2,45,1.9,0.0,0.0,0,0,0,1,0.0,1.0,0.7907757369376989,-0.6121059825476626
808,31.7,45,2.5,0.0,0.0,0,0,0,1,0.0,1.0,0.6513724827222223,-0.758758122692791
847,31.6,46,2.7,0.0,0.0,0,0,0,1,0.0,1.0,0.48530196253108104,-0.8743466161445821
816,32.1,45,2.8,0.0,0.0,0,0,0,1,0.0,1.0,0.29936312297335804,-0.9541392564000488
992,32.9,45,1.9,0.0,0.0,0,0,0,1,0.0,1.0,0.10116832198743272,-0.994869323391895
1253,32.3,45,2.8,0.0,0.0,0,0,0,1,0.0,1.0,-0.10116832198743204,-0.9948693233918952
1704,32.1,44,2.6,0.0,0.0,0,0,0,1,0.0,1.0,-0.2993631229733582,-0.9541392564000488
2628,31.6,47,2.1,0.0,0.0,0,0,0,1,0.0,1.0,-0.4853019625310808,-0.8743466161445822
2162,30.8,55,1.9,0.0,0.0,0,0,0,1,0.0,1.0,-0.651372482722222,-0.7587581226927911
1999,29.8,61,3.4,0.0,0.0,0,0,0,1,0.0,1.0,-0.7907757369376986,-0.6121059825476627
1971,29.3,63,3.1,0.0,0.0,0,0,0,1,0.0,1.0,-0.8978045395707417,-0.44039415155763423
1630,29.0,63,4.2,0.0,0.0,0,0,0,1,0.0,1.0,-0.9680771188662041,-0.2506525322587213
1241,28.5,62,4.9,0.0,0.0,0,0,0,1,0.0,1.0,-0.9987165071710528,-0.05064916883871355
898,28.3,59,3.7,0.0,0.0,0,0,0,1,0.7818314824680298,0.6234898018587336,0.0,1.0
690,28.0,61,3.9,0.0,0.0,0,0,0,1,0.7818314824680298,0.6234898018587336,0.20129852008866006,0.9795299412524945
376,27.6,60,4.3,0.0,0.0,0,0,0,1,0.7818314824680298,0.6234898018587336,0.39435585511331855,0.9189578116202306
173,26.8,62,4.5,0.1,0.0,0,0,0,1,0.7818314824680298,0.6234898018587336,0.5712682150947923,0.8207634412072763
49,25.3,70,6.9,0.4,0.0,0,0,0,1,0.7818314824680298,0.6234898018587336,0.72479278722912,0.6889669190756866
57,23.8,86,3.6,1.0,0.0,0,0,0,1,0.7818314824680298,0.6234898018587336,0.8486442574947509,0.5289640103269624
73,23.8,89,3.3,1.5,0.0,0,0,0,1,0.7818314824680298,0.6234898018587336,0.9377521321470804,0.3473052528448203
608,23.4,94,2.4,2.0,0.0,0,0,0,1,0.7818314824680298,0.6234898018587336,0.9884683243281114,0.1514277775045767
1530,24.0,84,3.5,0.0,0.0,0,0,0,1,0.7818314824680298,0.6234898018587336,0.9987165071710528,-0.05064916883871264
876,24.4,82,3.0,0.0,0.0,0,0,0,1,0.7818314824680298,0.6234898018587336,0.9680771188662043,-0.2506525322587204
402,24.8,82,3.2,0.0,0.0,0,0,0,1,0.7818314824680298,0.6234898018587336,0.8978045395707416,-0.4403941515576344
681,24.7,85,2.3,0.0,0.0,0,0,0,1,0.7818314824680298,0.6234898018587336,0.7907757369376989,-0.6121059825476626
848,25.7,74,3.4,0.0,0.0,0,0,0,1,0.7818314824680298,0.6234898018587336,0.6513724827222223,-0.758758122692791
827,27.1,66,2.6,0.0,0.0,0,0,0,1,0.7818314824680298,0.6234898018587336,0.48530196253108104,-0.8743466161445821
788,28.5,58,2.6,0.0,0.0,0,0,0,1,0.7818314824680298,0.6234898018587336,0.29936312297335804,-0.9541392564000488
957,29.5,57,2.0,0.0,0.0,0,0,0,1,0.7818314824680298,0.6234898018587336,0.10116832198743272,-0.994869323391895
1112,30.4,53,2.0,0.0,0.0,0,0,0,1,0.7818314824680298,0.6234898018587336,-0.10116832198743204,-0.9948693233918952
1663,30.8,52,2.3,0.0,0.0,0,0,0,1,0.7818314824680298,0.6234898018587336,-0.2993631229733582,-0.9541392564000488
2830,30.3,56,1.7,0.0,0.0,0,0,0,1,0.7818314824680298,0.6234898018587336,-0.4853019625310808,-0.8743466161445822
2364,29.2,62,1.7,0.0,0.0,0,0,0,1,0.7818314824680298,0.6234898018587336,-0.651372482722222,-0.7587581226927911
2169,27.7,69,1.6,0.0,0.0,0,0,0,1,0.7818314824680298,0.6234898018587336,-0.7907757369376986,-0.6121059825476627
2057,26.8,72,0.4,0.0,0.0,0,0,0,1,0.7818314824680298,0.6234898018587336,-0.8978045395707417,-0.44039415155763423
1828,26.1,76,1.2,0.0,0.0,0,0,0,1,0.7818314824680298,0.6234898018587336,-0.9680771188662041,-0.2506525322587213
1277,25.6,75,0.1,0.0,0.0,0,0,0,1,0.7818314824680298,0.6234898018587336,-0.9987165071710528,-0.05064916883871355
1025,25.1,79,0.5,0.0,0.0,0,0,0,1,0.9749279121818236,-0.22252093395631434,0.0,1.0
782,24.6,79,0.6,0.0,0.0,0,0,0,1,0.9749279121818236,-0.22252093395631434,0.20129852008866006,0.9795299412524945
512,24.2,79,0.6,0.0,0.0,0,0,0,1,0.9749279121818236,-0.22252093395631434,0.39435585511331855,0.9189578116202306
346,24.1,80,0.8,0.0,0.0,0,0,0,1,0.9749279121818236,-0.22252093395631434,0.5712682150947923,0.8207634412072763
214,23.6,81,0.8,0.0,0.0,0,0,0,1,0.9749279121818236,-0.22252093395631434,0.72479278722912,0.6889669190756866
289,23.4,82,0.4,0.0,0.0,0,0,0,1,0.9749279121818236,-0.22252093395631434,0.8486442574947509,0.5289640103269624
655,23.7,78,0.3,0.0,0.0,0,0,0,1,0.9749279121818236,-0.22252093395631434,0.9377521321470804,0.3473052528448203
1330,24.3,74,0.6,0.0,0.0,0,0,0,1,0.9749279121818236,-0.22252093395631434,0.9884683243281114,0.1514277775045767
1990,25.7,66,0.9,0.0,0.0,0,0,0,1,0.9749279121818236,-0.22252093395631434,0.9987165071710528,-0.05064916883871264
1015,28.0,56,1.5,0.0,0.0,0,0,0,1,0.9749279121818236,-0.22252093395631434,0.9680771188662043,-0.2506525322587204
700,30.2,52,1.4,0.0,0.0,0,0,0,1,0.9749279121818236,-0.22252093395631434,0.8978045395707416,-0.4403941515576344
710,32.1,49,1.6,0.0,0.0,0,0,0,1,0.9749279121818236,-0.22252093395631434,0.7907757369376989,-0.6121059825476626
784,33.9,45,1.4,0.0,0.0,0,0,0,1,0.9749279121818236,-0.22252093395631434,0.6513724827222223,-0.758758122692791
727,35.3,41,2.1,0.0,0.0,0,0,0,1,0.9749279121818236,-0.22252093395631434,0.48530196253108104,-0.8743466161445821
760,36.2,36,1.5,0.0,0.0,0,0,0,1,0.9749279121818236,-0.22252093395631434,0.29936312297335804,-0.9541392564000488
842,36.8,36,1.0,0.0,0.0,0,0,0,1,0.9749279121818236,-0.22252093395631434,0.10116832198743272,-0.994869323391895
993,37.4,35,1.3,0.0,0.0,0,0,0,1,0.9749279121818236,-0.22252093395631434,-0.10116832198743204,-0.9948693233918952
1495,36.4,39,1.2,0.0,0.0,0,0,0,1,0.9749279121818236,-0.22252093395631434,-0.2993631229733582,-0.9541392564000488
2528,35.4,40,1.0,0.0,0.0,0,0,0,1,0.9749279121818236,-0.22252093395631434,-0.4853019625310808,-0.8743466161445822
2087,35.2,41,0.5,0.0,0.0,0,0,0,1,0.9749279121818236,-0.22252093395631434,-0.651372482722222,-0.7587581226927911
1808,33.2,51,1.0,0.0,0.0,0,0,0,1,0.9749279121818236,-0.22252093395631434,-0.7907757369376986,-0.6121059825476627
1807,33.1,46,2.7,0.0,0.0,0,0,0,1,0.9749279121818236,-0.22252093395631434,-0.8978045395707417,-0.44039415155763423
1556,32.1,47,2.0,0.0,0.0,0,0,0,1,0.9749279121818236,-0.22252093395631434,-0.9680771188662041,-0.2506525322587213
1117,31.2,50,1.8,0.0,0.0,0,0,0,1,0.9749279121818236,-0.22252093395631434,-0.9987165071710528,-0.05064916883871355
908,30.7,52,1.3,0.0,0.0,0,0,0,1,0.43388373911755823,-0.900968867902419,0.0,1.0
745,30.1,54,0.8,0.0,0.0,0,0,0,1,0.43388373911755823,-0.900968867902419,0.20129852008866006,0.9795299412524945
492,29.8,53,1.4,0.0,0.0,0,0,0,1,0.43388373911755823,-0.900968867902419,0.39435585511331855,0.9189578116202306
304,29.7,52,1.4,0.0,0.0,0,0,0,1,0.43388373911755823,-0.900968867902419,0.5712682150947923,0.8207634412072763
168,29.3,54,1.0,0.0,0.0,0,0,0,1,0.43388373911755823,-0.900968867902419,0.72479278722912,0.6889669190756866
185,28.5,57,0.9,0.1,0.0,0,0,0,1,0.43388373911755823,-0.900968867902419,0.8486442574947509,0.5289640103269624
492,28.3,55,1.5,0.0,0.0,0,0,0,1,0.43388373911755823,-0.900968867902419,0.9377521321470804,0.3473052528448203
720,28.3,55,1.1,0.0,0.0,0,0,0,1,0.43388373911755823,-0.900968867902419,0.9884683243281114,0.1514277775045767
1678,28.1,58,1.3,0.0,0.0,0,0,0,1,0.43388373911755823,-0.900968867902419,0.9987165071710528,-0.05064916883871264
924,29.3,54,1.5,0.0,0.0,0,0,0,1,0.43388373911755823,-0.900968867902419,0.9680771188662043,-0.2506525322587204
551,30.2,52,1.8,0.0,0.0,0,0,0,1,0.43388373911755823,-0.900968867902419,0.8978045395707416,-0.4403941515576344
711,29.9,57,1.7,0.1,0.0,0,0,0,1,0.43388373911755823,-0.900968867902419,0.7907757369376989,-0.6121059825476626
769,31.9,49,1.9,0.0,0.0,0,0,0,1,0.43388373911755823,-0.900968867902419,0.6513724827222223,-0.758758122692791
584,31.0,53,1.9,0.0,0.0,0,0,0,1,0.43388373911755823,-0.900968867902419,0.48530196253108104,-0.8743466161445821
740,30.5,59,2.0,0.1,0.0,0,0,0,1,0.43388373911755823,-0.900968867902419,0.29936312297335804,-0.9541392564000488
837,32.0,53,2.1,0.0,0.0,0,0,0,1,0.43388373911755823,-0.900968867902419,0.10116832198743272,-0.994869323391895
944,31.7,56,1.9,0.0,0.0,0,0,0,1,0.43388373911755823,-0.900968867902419,-0.10116832198743204,-0.9948693233918952
1249,30.8,59,2.2,0.0,0.0,0,0,0,1,0.43388373911755823,-0.900968867902419,-0.2993631229733582,-0.9541392564000488
1447,30.6,55,2.3,0.0,0.0,0,0,0,1,0.43388373911755823,-0.900968867902419,-0.4853019625310808,-0.8743466161445822
582,30.0,59,2.2,0.0,0.0,0,0,0,1,0.43388373911755823,-0.900968867902419,-0.651372482722222,-0.7587581226927911
257,29.2,62,2.1,0.1,0.0,0,0,0,1,0.43388373911755823,-0.900968867902419,-0.7907757369376986,-0.6121059825476627
189,27.8,72,2.0,0.1,0.0,0,0,0,1,0.43388373911755823,-0.900968867902419,-0.8978045395707417,-0.44039415155763423
215,26.6,84,1.7,1.5,0.0,0,0,0,1,0.43388373911755823,-0.900968867902419,-0.9680771188662041,-0.2506525322587213
267,26.1,84,1.9,0.5,0.0,0,0,0,1,0.43388373911755823,-0.900968867902419,-0.9987165071710528,-0.05064916883871355
238,25.7,83,2.0,0.5,0.0,0,0,0,1,-0.433883739117558,-0.9009688679024191,0.0,1.0
208,25.7,80,2.0,0.2,0.0,0,0,0,1,-0.433883739117558,-0.9009688679024191,0.20129852008866006,0.9795299412524945
83,25.4,85,2.0,0.8,0.0,0,0,0,1,-0.433883739117558,-0.9009688679024191,0.39435585511331855,0.9189578116202306
62,24.8,87,2.2,1.0,0.0,0,0,0,1,-0.433883739117558,-0.9009688679024191,0.5712682150947923,0.8207634412072763
30,24.5,88,2.0,1.0,0.0,0,0,0,1,-0.433883739117558,-0.9009688679024191,0.72479278722912,0.6889669190756866
45,24.6,88,1.5,0.5,0.0,0,0,0,1,-0.433883739117558,-0.9009688679024191,0.8486442574947509,0.5289640103269624
173,24.9,88,1.1,0.5,0.0,0,0,0,1,-0.433883739117558,-0.9009688679024191,0.9377521321470804,0.3473052528448203
400,24.2,88,2.3,0.0,0.0,0,0,0,1,-0.433883739117558,-0.9009688679024191,0.9884683243281114,0.1514277775045767
578,24.4,86,1.7,0.0,0.0,0,0,0,1,-0.433883739117558,-0.9009688679024191,0.9987165071710528,-0.05064916883871264
484,24.8,85,1.7,0.0,0.0,0,0,0,1,-0.433883739117558,-0.9009688679024191,0.9680771188662043,-0.2506525322587204
286,26.0,77,2.2,0.0,0.0,0,0,0,1,-0.433883739117558,-0.9009688679024191,0.8978045395707416,-0.4403941515576344
415,26.2,76,2.6,0.0,0.0,0,0,0,1,-0.433883739117558,-0.9009688679024191,0.7907757369376989,-0.6121059825476626
355,25.8,81,3.2,0.0,0.0,0,0,0,1,-0.433883739117558,-0.9009688679024191,0.6513724827222223,-0.758758122692791
274,25.8,78,2.8,0.0,0.0,0,0,0,1,-0.433883739117558,-0.9009688679024191,0.48530196253108104,-0.8743466161445821
152,24.4,93,2.9,1.5,0.0,0,0,0,1,-0.433883739117558,-0.9009688679024191,0.29936312297335804,-0.9541392564000488
405,24.0,94,3.1,0.5,0.0,0,0,0,1,-0.433883739117558,-0.9009688679024191,0.10116832198743272,-0.994869323391895
455,24.6,85,2.7,0.0,0.0,0,0,0,1,-0.433883739117558,-0.9009688679024191,-0.10116832198743204,-0.9948693233918952
403,24.1,89,1.9,0.0,0.0,0,0,0,1,-0.433883739117558,-0.9009688679024191,-0.2993631229733582,-0.9541392564000488
916,23.8,95,2.7,1.5,0.0,0,0,0,1,-0.433883739117558,-0.9009688679024191,-0.4853019625310808,-0.8743466161445822
948,23.6,86,3.0,0.0,0.0,0,0,0,1,-0.433883739117558,-0.9009688679024191,-0.651372482722222,-0.7587581226927911
1162,23.5,81,3.5,0.0,0.0,0,0,0,1,-0.433883739117558,-0.9009688679024191,-0.7907757369376986,-0.6121059825476627
1300,23.5,79,3.6,0.0,0.0,0,0,0,1,-0.433883739117558,-0.9009688679024191,-0.8978045395707417,-0.44039415155763423
1202,23.5,79,2.9,0.0,0.0,0,0,0,1,-0.433883739117558,-0.9009688679024191,-0.9680771188662041,-0.2506525322587213
1084,23.4,79,2.7,0.0,0.0,0,0,0,1,-0.433883739117558,-0.9009688679024191,-0.9987165071710528,-0.05064916883871355
980,23.2,81,2.4,0.0,0.0,0,0,0,1,-0.9749279121818236,-0.2225209339563146,0.0,1.0
886,23.0,82,2.1,0.0,0.0,0,0,0,1,-0.9749279121818236,-0.2225209339563146,0.20129852008866006,0.9795299412524945
708,22.9,82,2.1,0.0,0.0,0,0,0,1,-0.9749279121818236,-0.2225209339563146,0.39435585511331855,0.9189578116202306
456,23.1,80,2.0,0.0,0.0,0,0,0,1,-0.9749279121818236,-0.2225209339563146,0.5712682150947923,0.8207634412072763
306,23.2,79,1.8,0.0,0.0,0,0,0,1,-0.9749279121818236,-0.2225209339563146,0.72479278722912,0.6889669190756866
232,23.3,79,1.7,0.0,0.0,0,0,0,1,-0.9749279121818236,-0.2225209339563146,0.8486442574947509,0.5289640103269624
318,23.5,79,2.0,0.0,0.0,0,0,0,1,-0.9749279121818236,-0.2225209339563146,0.9377521321470804,0.3473052528448203
490,23.7,76,1.9,0.0,0.0,0,0,0,1,-0.9749279121818236,-0.2225209339563146,0.9884683243281114,0.1514277775045767
721,24.1,78,2.0,0.0,0.0,0,0,0,1,-0.9749279121818236,-0.2225209339563146,0.9987165071710528,-0.05064916883871264
808,25.3,72,2.4,0.0,0.0,0,0,0,1,-0.9749279121818236,-0.2225209339563146,0.9680771188662043,-0.2506525322587204
858,26.3,67,3.2,0.0,0.0,0,0,0,1,-0.9749279121818236,-0.2225209339563146,0.8978045395707416,-0.4403941515576344
916,28.0,57,3.3,0.0,0.0,0,0,0,1,-0.9749279121818236,-0.2225209339563146,0.7907757369376989,-0.6121059825476626
1070,27.9,55,2.9,0.0,0.0,0,0,0,1,-0.9749279121818236,-0.2225209339563146,0.6513724827222223,-0.758758122692791
1231,28.6,54,2.9,0.0,0.0,0,0,0,1,-0.9749279121818236,-0.2225209339563146,0.48530196253108104,-0.8743466161445821
1261,29.2,52,3.1,0.0,0.0,0,0,0,1,-0.9749279121818236,-0.2225209339563146,0.29936312297335804,-0.9541392564000488
1516,28.1,53,4.5,0.0,0.0,0,0,0,1,-0.9749279121818236,-0.2225209339563146,0.10116832198743272,-0.994869323391895
1592,27.2,58,3.7,0.0,0.0,0,0,0,1,-0.9749279121818236,-0.2225209339563146,-0.10116832198743204,-0.9948693233918952
1797,26.9,60,2.8,0.0,0.0,0,0,0,1,-0.9749279121818236,-0.2225209339563146,-0.2993631229733582,-0.9541392564000488
2080,27.1,56,3.0,0.0,0.0,0,0,0,1,-0.9749279121818236,-0.2225209339563146,-0.4853019625310808,-0.8743466161445822
2043,25.8,62,3.3,0.0,0.0,0,0,0,1,-0.9749279121818236,-0.2225209339563146,-0.651372482722222,-0.7587581226927911
2022,24.6,65,2.9,0.0,0.0,0,0,0,1,-0.9749279121818236,-0.2225209339563146,-0.7907757369376986,-0.6121059825476627
1937,23.9,71,2.3,0.0,0.0,0,0,0,1,-0.9749279121818236,-0.2225209339563146,-0.8978045395707417,-0.44039415155763423
1717,23.4,75,1.6,0.0,0.0,0,0,0,1,-0.9749279121818236,-0.2225209339563146,-0.9680771188662041,-0.2506525322587213
1357,22.9,78,1.4,0.0,0.0,0,0,0,1,-0.9749279121818236,-0.2225209339563146,-0.9987165071710528,-0.05064916883871355
1163,22.8,78,1.5,0.0,0.0,0,0,0,1,-0.7818314824680299,0.6234898018587334,0.0,1.0
769,22.5,80,0.6,0.0,0.0,0,0,0,1,-0.7818314824680299,0.6234898018587334,0.20129852008866006,0.9795299412524945
600,22.1,84,0.6,0.0,0.0,0,0,0,1,-0.7818314824680299,0.6234898018587334,0.39435585511331855,0.9189578116202306
426,21.6,85,0.1,0.0,0.0,0,0,0,1,-0.7818314824680299,0.6234898018587334,0.5712682150947923,0.8207634412072763
290,21.2,86,0.5,0.0,0.0,0,0,0,1,-0.7818314824680299,0.6234898018587334,0.72479278722912,0.6889669190756866
188,20.7,88,0.6,0.0,0.0,0,0,0,1,-0.7818314824680299,0.6234898018587334,0.8486442574947509,0.5289640103269624
243,20.4,88,0.6,0.0,0.0,0,0,0,1,-0.7818314824680299,0.6234898018587334,0.9377521321470804,0.3473052528448203
381,20.7,85,0.5,0.0,0.0,0,0,0,1,-0.7818314824680299,0.6234898018587334,0.9884683243281114,0.1514277775045767
566,22.1,74,1.0,0.0,0.0,0,0,0,1,-0.7818314824680299,0.6234898018587334,0.9987165071710528,-0.05064916883871264
725,24.2,64,1.2,0.0,0.0,0,0,0,1,-0.7818314824680299,0.6234898018587334,0.9680771188662043,-0.2506525322587204
681,26.3,53,1.6,0.0,0.0,0,0,0,1,-0.7818314824680299,0.6234898018587334,0.8978045395707416,-0.4403941515576344
791,28.0,46,1.7,0.0,0.0,0,0,0,1,-0.7818314824680299,0.6234898018587334,0.7907757369376989,-0.6121059825476626
1070,28.9,42,2.0,0.0,0.0,0,0,0,1,-0.7818314824680299,0.6234898018587334,0.6513724827222223,-0.758758122692791
657,27.8,54,3.5,0.0,0.0,0,0,0,1,-0.7818314824680299,0.6234898018587334,0.48530196253108104,-0.8743466161445821
417,25.8,69,3.6,0.1,0.0,0,0,0,1,-0.7818314824680299,0.6234898018587334,0.29936312297335804,-0.9541392564000488
782,24.3,64,1.8,0.0,0.0,0,0,0,1,-0.7818314824680299,0.6234898018587334,0.10116832198743272,-0.994869323391895
1025,23.5,56,2.3,0.1,0.0,0,0,0,1,-0.7818314824680299,0.6234898018587334,-0.10116832198743204,-0.9948693233918952
1399,23.5,58,1.2,0.0,0.0,0,0,0,1,-0.7818314824680299,0.6234898018587334,-0.2993631229733582,-0.9541392564000488
1479,23.4,67,0.6,0.0,0.0,0,0,0,1,-0.7818314824680299,0.6234898018587334,-0.4853019625310808,-0.8743466161445822
1596,22.7,69,1.9,0.0,0.0,0,0,0,1,-0.7818314824680299,0.6234898018587334,-0.651372482722222,-0.7587581226927911
1674,22.4,64,0.8,0.0,0.0,0,0,0,1,-0.7818314824680299,0.6234898018587334,-0.7907757369376986,-0.6121059825476627
1276,22.5,65,1.1,0.0,0.0,0,0,0,1,-0.7818314824680299,0.6234898018587334,-0.8978045395707417,-0.44039415155763423
764,21.2,81,1.0,1.3,0.0,0,0,0,1,-0.7818314824680299,0.6234898018587334,-0.9680771188662041,-0.2506525322587213
348,20.8,84,0.9,0.5,0.0,0,0,0,1,-0.7818314824680299,0.6234898018587334,-0.9987165071710528,-0.05064916883871355
325,20.5,85,1.0,0.0,0.0,0,0,0,1,0.0,1.0,0.0,1.0
61,20.5,89,0.5,1.5,0.0,0,0,0,1,0.0,1.0,0.20129852008866006,0.9795299412524945
44,20.3,97,0.7,1.0,0.0,0,0,0,1,0.0,1.0,0.39435585511331855,0.9189578116202306
22,20.3,97,0.4,1.5,0.0,0,0,0,1,0.0,1.0,0.5712682150947923,0.8207634412072763
27,20.5,97,0.1,3.5,0.0,0,0,0,1,0.0,1.0,0.72479278722912,0.6889669190756866
38,20.5,97,0.4,3.0,0.0,0,0,0,1,0.0,1.0,0.8486442574947509,0.5289640103269624
47,20.6,98,0.7,1.0,0.0,0,0,0,1,0.0,1.0,0.9377521321470804,0.3473052528448203
103,20.8,98,0.5,2.0,0.0,0,0,0,1,0.0,1.0,0.9884683243281114,0.1514277775045767
328,21.3,97,1.3,0.5,0.0,0,0,0,1,0.0,1.0,0.9987165071710528,-0.05064916883871264
75,21.5,97,0.9,0.5,0.0,0,0,0,1,0.0,1.0,0.9680771188662043,-0.2506525322587204
104,21.7,97,1.0,2.5,0.0,0,0,0,1,0.0,1.0,0.8978045395707416,-0.4403941515576344
148,22.0,96,1.6,0.5,0.0,0,0,0,1,0.0,1.0,0.7907757369376989,-0.6121059825476626
137,22.6,90,1.4,1.0,0.0,0,0,0,1,0.0,1.0,0.6513724827222223,-0.758758122692791
149,22.9,92,1.2,0.5,0.0,0,0,0,1,0.0,1.0,0.48530196253108104,-0.8743466161445821
231,23.3,89,1.5,0.5,0.0,0,0,0,1,0.0,1.0,0.29936312297335804,-0.9541392564000488
580,24.4,87,1.5,0.0,0.0,0,0,0,1,0.0,1.0,0.10116832198743272,-0.994869323391895
886,24.7,85,1.2,0.0,0.0,0,0,0,1,0.0,1.0,-0.10116832198743204,-0.9948693233918952
1356,24.9,82,0.9,0.0,0.0,0,0,0,1,0.0,1.0,-0.2993631229733582,-0.9541392564000488
2153,24.8,83,0.8,0.0,0.0,0,0,0,1,0.0,1.0,-0.4853019625310808,-0.8743466161445822
1615,24.7,83,0.4,0.0,0.0,0,0,0,1,0.0,1.0,-0.651372482722222,-0.7587581226927911
1560,24.4,85,0.7,0.0,0.0,0,0,0,1,0.0,1.0,-0.7907757369376986,-0.6121059825476627
1762,23.9,88,0.8,0.0,0.0,0,0,0,1,0.0,1.0,-0.8978045395707417,-0.44039415155763423
1571,23.5,88,0.6,0.0,0.0,0,0,0,1,0.0,1.0,-0.9680771188662041,-0.2506525322587213
1113,23.6,87,0.6,0.0,0.0,0,0,0,1,0.0,1.0,-0.9987165071710528,-0.05064916883871355
870,23.5,88,0.6,0.0,0.0,0,0,0,1,0.7818314824680298,0.6234898018587336,0.0,1.0
653,23.1,94,0.6,0.0,0.0,0,0,0,1,0.7818314824680298,0.6234898018587336,0.20129852008866006,0.9795299412524945
482,23.2,88,0.6,0.0,0.0,0,0,0,1,0.7818314824680298,0.6234898018587336,0.39435585511331855,0.9189578116202306
281,22.9,93,0.6,0.0,0.0,0,0,0,1,0.7818314824680298,0.6234898018587336,0.5712682150947923,0.8207634412072763
200,22.6,95,0.4,0.0,0.0,0,0,0,1,0.7818314824680298,0.6234898018587336,0.72479278722912,0.6889669190756866
218,22.5,96,0.3,0.0,0.0,0,0,0,1,0.7818314824680298,0.6234898018587336,0.8486442574947509,0.5289640103269624
581,22.5,90,0.6,0.0,0.0,0,0,0,1,0.7818314824680298,0.6234898018587336,0.9377521321470804,0.3473052528448203
1182,22.6,88,0.8,0.0,0.0,0,0,0,1,0.7818314824680298,0.6234898018587336,0.9884683243281114,0.1514277775045767
1841,23.4,83,0.8,0.0,0.0,0,0,0,1,0.7818314824680298,0.6234898018587336,0.9987165071710528,-0.05064916883871264
865,24.2,80,1.2,0.0,0.0,0,0,0,1,0.7818314824680298,0.6234898018587336,0.9680771188662043,-0.2506525322587204
670,25.4,75,0.7,0.0,0.0,0,0,0,1,0.7818314824680298,0.6234898018587336,0.8978045395707416,-0.4403941515576344
411,25.9,79,1.7,0.0,0.0,0,0,0,1,0.7818314824680298,0.6234898018587336,0.7907757369376989,-0.6121059825476626
25,25.2,89,1.4,2.0,0.0,0,0,0,1,0.7818314824680298,0.6234898018587336,0.6513724827222223,-0.758758122692791
31,24.6,97,0.5,9.5,0.0,0,0,0,1,0.7818314824680298,0.6234898018587336,0.48530196253108104,-0.8743466161445821
126,24.9,97,0.5,4.0,0.0,0,0,0,1,0.7818314824680298,0.6234898018587336,0.29936312297335804,-0.9541392564000488
122,25.2,96,0.6,0.5,0.0,0,0,0,1,0.7818314824680298,0.6234898018587336,0.10116832198743272,-0.994869323391895
60,25.0,97,0.7,2.5,0.0,0,0,0,1,0.7818314824680298,0.6234898018587336,-0.10116832198743204,-0.9948693233918952
39,24.8,96,1.8,2.5,0.0,0,0,0,1,0.7818314824680298,0.6234898018587336,-0.2993631229733582,-0.9541392564000488
96,24.3,97,0.8,18.5,0.0,0,0,0,1,0.7818314824680298,0.6234898018587336,-0.4853019625310808,-0.8743466161445822
84,23.9,98,0.8,7.0,0.0,0,0,0,1,0.7818314824680298,0.6234898018587336,-0.651372482722222,-0.7587581226927911
10,23.3,97,3.3,15.5,0.0,0,0,0,1,0.7818314824680298,0.6234898018587336,-0.7907757369376986,-0.6121059825476627
122,22.9,98,2.1,29.5,0.0,0,0,0,1,0.7818314824680298,0.6234898018587336,-0.8978045395707417,-0.44039415155763423
64,22.9,97,1.3,0.5,0.0,0,0,0,1,0.7818314824680298,0.6234898018587336,-0.9680771188662041,-0.2506525322587213
59,22.8,97,1.0,3.5,0.0,0,0,0,1,0.7818314824680298,0.6234898018587336,-0.9987165071710528,-0.05064916883871355
208,22.7,96,0.3,1.0,0.0,0,0,0,1,0.9749279121818236,-0.22252093395631434,0.0,1.0
334,22.8,97,0.5,0.5,0.0,0,0,0,1,0.9749279121818236,-0.22252093395631434,0.20129852008866006,0.9795299412524945
243,24.2,91,3.6,0.0,0.0,0,0,0,1,0.9749279121818236,-0.22252093395631434,0.39435585511331855,0.9189578116202306
171,24.5,87,4.3,0.0,0.0,0,0,0,1,0.9749279121818236,-0.22252093395631434,0.5712682150947923,0.8207634412072763
128,24.6,86,4.0,0.0,0.0,0,0,0,1,0.9749279121818236,-0.22252093395631434,0.72479278722912,0.6889669190756866
109,24.6,87,3.6,0.0,0.0,0,0,0,1,0.9749279121818236,-0.22252093395631434,0.8486442574947509,0.5289640103269624
346,24.7,85,3.8,0.0,0.0,0,0,0,1,0.9749279121818236,-0.22252093395631434,0.9377521321470804,0.3473052528448203
862,25.0,85,3.0,0.0,0.0,0,0,0,1,0.9749279121818236,-0.22252093395631434,0.9884683243281114,0.1514277775045767
1595,25.3,83,3.4,0.0,0.0,0,0,0,1,0.9749279121818236,-0.22252093395631434,0.9987165071710528,-0.05064916883871264
867,25.8,79,2.7,0.0,0.0,0,0,0,1,0.9749279121818236,-0.22252093395631434,0.9680771188662043,-0.2506525322587204
642,26.4,78,2.7,0.0,0.0,0,0,0,1,0.9749279121818236,-0.22252093395631434,0.8978045395707416,-0.4403941515576344
671,26.9,74,3.2,0.0,0.0,0,0,0,1,0.9749279121818236,-0.22252093395631434,0.7907757369376989,-0.6121059825476626
648,27.4,72,4.2,0.0,0.0,0,0,0,1,0.9749279121818236,-0.22252093395631434,0.6513724827222223,-0.758758122692791
540,27.1,75,3.7,0.0,0.0,0,0,0,1,0.9749279121818236,-0.22252093395631434,0.48530196253108104,-0.8743466161445821
490,26.8,77,3.5,0.0,0.0,0,0,0,1,0.9749279121818236,-0.22252093395631434,0.29936312297335804,-0.9541392564000488
583,26.9,77,2.5,0.0,0.0,0,0,0,1,0.9749279121818236,-0.22252093395631434,0.10116832198743272,-0.994869323391895
193,27.0,76,3.8,0.0,0.0,0,0,0,1,0.9749279121818236,-0.22252093395631434,-0.10116832198743204,-0.9948693233918952
160,24.6,93,0.9,1.5,0.0,0,0,0,1,0.9749279121818236,-0.22252093395631434,-0.2993631229733582,-0.9541392564000488
57,23.9,96,0.2,1.5,0.0,0,0,0,1,0.9749279121818236,-0.22252093395631434,-0.4853019625310808,-0.8743466161445822
24,23.5,97,0.3,6.5,0.0,0,0,0,1,0.9749279121818236,-0.22252093395631434,-0.651372482722222,-0.7587581226927911
19,23.4,98,0.6,21.0,0.0,0,0,0,1,0.9749279121818236,-0.22252093395631434,-0.7907757369376986,-0.6121059825476627
22,23.7,98,0.6,5.5,0.0,0,0,0,1,0.9749279121818236,-0.22252093395631434,-0.8978045395707417,-0.44039415155763423
74,24.3,97,2.1,4.5,0.0,0,0,0,1,0.9749279121818236,-0.22252093395631434,-0.9680771188662041,-0.2506525322587213
198,24.2,94,0.9,1.0,0.0,0,0,0,1,0.9749279121818236,-0.22252093395631434,-0.9987165071710528,-0.05064916883871355
214,24.7,94,2.8,0.0,0.0,0,0,0,1,0.43388373911755823,-0.900968867902419,0.0,1.0
99,24.9,92,2.2,0.5,0.0,0,0,0,1,0.43388373911755823,-0.900968867902419,0.20129852008866006,0.9795299412524945
80,24.7,96,1.0,6.5,0.0,0,0,0,1,0.43388373911755823,-0.900968867902419,0.39435585511331855,0.9189578116202306
81,24.1,97,2.5,1.5,0.0,0,0,0,1,0.43388373911755823,-0.900968867902419,0.5712682150947923,0.8207634412072763
42,23.9,96,0.4,0.0,0.0,0,0,0,1,0.43388373911755823,-0.900968867902419,0.72479278722912,0.6889669190756866
73,24.0,97,0.9,0.5,0.0,0,0,0,1,0.43388373911755823,-0.900968867902419,0.8486442574947509,0.5289640103269624
285,24.2,96,1.6,0.0,0.0,0,0,0,1,0.43388373911755823,-0.900968867902419,0.9377521321470804,0.3473052528448203
771,24.3,96,1.4,0.0,0.0,0,0,0,1,0.43388373911755823,-0.900968867902419,0.9884683243281114,0.1514277775045767
1330,24.6,96,1.0,0.0,0.0,0,0,0,1,0.43388373911755823,-0.900968867902419,0.9987165071710528,-0.05064916883871264
846,25.0,92,1.1,0.0,0.0,0,0,0,1,0.43388373911755823,-0.900968867902419,0.9680771188662043,-0.2506525322587204
589,26.1,81,1.5,0.0,0.0,0,0,0,1,0.43388373911755823,-0.900968867902419,0.8978045395707416,-0.4403941515576344
716,26.2,82,2.6,0.0,0.0,0,0,0,1,0.43388373911755823,-0.900968867902419,0.7907757369376989,-0.6121059825476626
768,27.0,74,2.5,0.0,0.0,0,0,0,1,0.43388373911755823,-0.900968867902419,0.6513724827222223,-0.758758122692791
865,28.2,66,2.2,0.0,0.0,0,0,0,1,0.43388373911755823,-0.900968867902419,0.48530196253108104,-0.8743466161445821
837,27.5,66,2.8,0.0,0.0,0,0,0,1,0.43388373911755823,-0.900968867902419,0.29936312297335804,-0.9541392564000488
982,27.2,69,3.5,0.0,0.0,0,0,0,1,0.43388373911755823,-0.900968867902419,0.10116832198743272,-0.994869323391895
1142,27.6,68,2.1,0.0,0.0,0,0,0,1,0.43388373911755823,-0.900968867902419,-0.10116832198743204,-0.9948693233918952
1473,26.8,73,2.6,0.0,0.0,0,0,0,1,0.43388373911755823,-0.900968867902419,-0.2993631229733582,-0.9541392564000488
1887,26.1,72,2.4,0.0,0.0,0,0,0,1,0.43388373911755823,-0.900968867902419,-0.4853019625310808,-0.8743466161445822
1707,25.1,74,2.1,0.5,0.0,0,0,0,1,0.43388373911755823,-0.900968867902419,-0.651372482722222,-0.7587581226927911
1685,24.9,70,1.2,0.0,0.0,0,0,0,1,0.43388373911755823,-0.900968867902419,-0.7907757369376986,-0.6121059825476627
1732,24.8,72,1.4,0.0,0.0,0,0,0,1,0.43388373911755823,-0.900968867902419,-0.8978045395707417,-0.44039415155763423
1582,24.6,71,1.5,0.0,0.0,0,0,0,1,0.43388373911755823,-0.900968867902419,-0.9680771188662041,-0.2506525322587213
1173,24.3,71,0.8,0.0,0.0,0,0,0,1,0.43388373911755823,-0.900968867902419,-0.9987165071710528,-0.05064916883871355
861,23.9,75,1.7,0.0,0.0,0,0,0,1,-0.433883739117558,-0.9009688679024191,0.0,1.0
652,23.7,77,1.1,0.0,0.0,0,0,0,1,-0.433883739117558,-0.9009688679024191,0.20129852008866006,0.9795299412524945
381,23.4,79,0.4,0.0,0.0,0,0,0,1,-0.433883739117558,-0.9009688679024191,0.39435585511331855,0.9189578116202306
297,23.3,81,1.7,0.0,0.0,0,0,0,1,-0.433883739117558,-0.9009688679024191,0.5712682150947923,0.8207634412072763
170,23.2,83,1.6,0.0,0.0,0,0,0,1,-0.433883739117558,-0.9009688679024191,0.72479278722912,0.6889669190756866
217,23.1,84,0.5,0.0,0.0,0,0,0,1,-0.433883739117558,-0.9009688679024191,0.8486442574947509,0.5289640103269624
436,22.9,83,0.0,0.0,0.0,0,0,0,1,-0.433883739117558,-0.9009688679024191,0.9377521321470804,0.3473052528448203
828,22.9,83,0.6,0.0,0.0,0,0,0,1,-0.433883739117558,-0.9009688679024191,0.9884683243281114,0.1514277775045767
1686,23.1,80,0.2,0.1,0.0,0,0,0,1,-0.433883739117558,-0.9009688679024191,0.9987165071710528,-0.05064916883871264
1049,24.1,69,0.9,0.0,0.0,0,0,0,1,-0.433883739117558,-0.9009688679024191,0.9680771188662043,-0.2506525322587204
794,25.5,53,2.3,0.0,0.0,0,0,0,1,-0.433883739117558,-0.9009688679024191,0.8978045395707416,-0.4403941515576344
868,26.7,51,2.7,0.0,0.0,0,0,0,1,-0.433883739117558,-0.9009688679024191,0.7907757369376989,-0.6121059825476626
982,27.8,47,2.9,0.0,0.0,0,0,0,1,-0.433883739117558,-0.9009688679024191,0.6513724827222223,-0.758758122692791
965,28.7,46,2.6,0.0,0.0,0,0,0,1,-0.433883739117558,-0.9009688679024191,0.48530196253108104,-0.8743466161445821
987,29.3,41,1.9,0.0,0.0,0,0,0,1,-0.433883739117558,-0.9009688679024191,0.29936312297335804,-0.9541392564000488
1119,30.3,41,2.5,0.0,0.0,0,0,0,1,-0.433883739117558,-0.9009688679024191,0.10116832198743272,-0.994869323391895
1404,29.7,51,3.0,0.0,0.0,0,0,0,1,-0.433883739117558,-0.9009688679024191,-0.10116832198743204,-0.9948693233918952
1869,29.1,49,2.8,0.0,0.0,0,0,0,1,-0.433883739117558,-0.9009688679024191,-0.2993631229733582,-0.9541392564000488
2836,28.4,57,2.4,0.0,0.0,0,0,0,1,-0.433883739117558,-0.9009688679024191,-0.4853019625310808,-0.8743466161445822
2372,26.5,69,2.3,0.0,0.0,0,0,0,1,-0.433883739117558,-0.9009688679024191,-0.651372482722222,-0.7587581226927911
1995,25.4,74,1.6,0.0,0.0,0,0,0,1,-0.433883739117558,-0.9009688679024191,-0.7907757369376986,-0.6121059825476627
1931,24.5,78,1.2,0.0,0.0,0,0,0,1,-0.433883739117558,-0.9009688679024191,-0.8978045395707417,-0.44039415155763423
1789,24.1,80,0.9,0.0,0.0,0,0,0,1,-0.433883739117558,-0.9009688679024191,-0.9680771188662041,-0.2506525322587213
1329,23.8,81,0.6,0.0,0.0,0,0,0,1,-0.433883739117558,-0.9009688679024191,-0.9987165071710528,-0.05064916883871355
1075,23.2,83,0.5,0.0,0.0,0,1,0,0,-0.9749279121818236,-0.2225209339563146,0.0,1.0
975,22.7,83,0.1,0.0,0.0,0,1,0,0,-0.9749279121818236,-0.2225209339563146,0.20129852008866006,0.9795299412524945
785,22.0,86,0.4,0.0,0.0,0,1,0,0,-0.9749279121818236,-0.2225209339563146,0.39435585511331855,0.9189578116202306
514,21.6,87,0.3,0.0,0.0,0,1,0,0,-0.9749279121818236,-0.2225209339563146,0.5712682150947923,0.8207634412072763
338,21.2,88,0.9,0.0,0.0,0,1,0,0,-0.9749279121818236,-0.2225209339563146,0.72479278722912,0.6889669190756866
260,21.1,87,0.6,0.0,0.0,0,1,0,0,-0.9749279121818236,-0.2225209339563146,0.8486442574947509,0.5289640103269624
362,20.9,87,0.7,0.0,0.0,0,1,0,0,-0.9749279121818236,-0.2225209339563146,0.9377521321470804,0.3473052528448203
511,21.1,81,1.0,0.0,0.0,0,1,0,0,-0.9749279121818236,-0.2225209339563146,0.9884683243281114,0.1514277775045767
812,22.3,64,1.7,0.0,0.0,0,1,0,0,-0.9749279121818236,-0.2225209339563146,0.9987165071710528,-0.05064916883871264
925,24.1,56,2.1,0.0,0.0,0,1,0,0,-0.9749279121818236,-0.2225209339563146,0.9680771188662043,-0.2506525322587204
861,26.0,54,1.5,0.0,0.0,0,1,0,0,-0.9749279121818236,-0.2225209339563146,0.8978045395707416,-0.4403941515576344
981,27.6,47,1.2,0.0,0.0,0,1,0,0,-0.9749279121818236,-0.2225209339563146,0.7907757369376989,-0.6121059825476626
1086,28.9,46,1.6,0.0,0.0,0,1,0,0,-0.9749279121818236,-0.2225209339563146,0.6513724827222223,-0.758758122692791
1303,29.4,48,1.9,0.0,0.0,0,1,0,0,-0.9749279121818236,-0.2225209339563146,0.48530196253108104,-0.8743466161445821
1371,29.7,42,1.4,0.0,0.0,0,1,0,0,-0.9749279121818236,-0.2225209339563146,0.29936312297335804,-0.9541392564000488
1480,30.0,45,0.9,0.0,0.0,0,1,0,0,-0.9749279121818236,-0.2225209339563146,0.10116832198743272,-0.994869323391895
1678,30.5,41,1.4,0.0,0.0,0,1,0,0,-0.9749279121818236,-0.2225209339563146,-0.10116832198743204,-0.9948693233918952
1845,29.6,42,1.3,0.0,0.0,0,1,0,0,-0.9749279121818236,-0.2225209339563146,-0.2993631229733582,-0.9541392564000488
1892,28.8,46,1.3,0.0,0.0,0,1,0,0,-0.9749279121818236,-0.2225209339563146,-0.4853019625310808,-0.8743466161445822
1891,27.8,48,1.1,0.0,0.0,0,1,0,0,-0.9749279121818236,-0.2225209339563146,-0.651372482722222,-0.7587581226927911
1440,26.9,49,2.1,0.0,0.0,0,1,0,0,-0.9749279121818236,-0.2225209339563146,-0.7907757369376986,-0.6121059825476627
1110,26.0,52,1.4,0.0,0.0,0,1,0,0,-0.9749279121818236,-0.2225209339563146,-0.8978045395707417,-0.44039415155763423
992,25.1,53,2.0,0.0,0.0,0,1,0,0,-0.9749279121818236,-0.2225209339563146,-0.9680771188662041,-0.2506525322587213
1523,24.4,54,1.6,0.0,0.0,0,1,0,0,-0.9749279121818236,-0.2225209339563146,-0.9987165071710528,-0.05064916883871355
1336,23.5,56,1.5,0.0,0.0,0,1,0,0,-0.7818314824680299,0.6234898018587334,0.0,1.0
930,22.8,59,1.5,0.0,0.0,0,1,0,0,-0.7818314824680299,0.6234898018587334,0.20129852008866006,0.9795299412524945
610,22.0,60,1.2,0.0,0.0,0,1,0,0,-0.7818314824680299,0.6234898018587334,0.39435585511331855,0.9189578116202306
440,21.5,61,1.3,0.0,0.0,0,1,0,0,-0.7818314824680299,0.6234898018587334,0.5712682150947923,0.8207634412072763
255,21.1,62,1.8,0.0,0.0,0,1,0,0,-0.7818314824680299,0.6234898018587334,0.72479278722912,0.6889669190756866
179,20.6,65,1.1,0.0,0.0,0,1,0,0,-0.7818314824680299,0.6234898018587334,0.8486442574947509,0.5289640103269624
249,20.2,66,1.0,0.0,0.0,0,1,0,0,-0.7818314824680299,0.6234898018587334,0.9377521321470804,0.3473052528448203
388,20.2,65,1.4,0.0,0.0,0,1,0,0,-0.7818314824680299,0.6234898018587334,0.9884683243281114,0.1514277775045767
576,21.3,57,1.3,0.0,0.0,0,1,0,0,-0.7818314824680299,0.6234898018587334,0.9987165071710528,-0.05064916883871264
721,23.4,52,1.3,0.0,0.0,0,1,0,0,-0.7818314824680299,0.6234898018587334,0.9680771188662043,-0.2506525322587204
802,25.0,47,1.5,0.0,0.0,0,1,0,0,-0.7818314824680299,0.6234898018587334,0.8978045395707416,-0.4403941515576344
940,26.5,44,1.4,0.0,0.0,0,1,0,0,-0.7818314824680299,0.6234898018587334,0.7907757369376989,-0.6121059825476626
1075,27.5,43,1.4,0.0,0.0,0,1,0,0,-0.7818314824680299,0.6234898018587334,0.6513724827222223,-0.758758122692791
1254,28.5,42,1.7,0.0,0.0,0,1,0,0,-0.7818314824680299,0.6234898018587334,0.48530196253108104,-0.8743466161445821
1395,29.1,43,1.4,0.0,0.0,0,1,0,0,-0.7818314824680299,0.6234898018587334,0.29936312297335804,-0.9541392564000488
1550,29.3,43,1.5,0.0,0.0,0,1,0,0,-0.7818314824680299,0.6234898018587334,0.10116832198743272,-0.994869323391895
1853,29.3,44,1.4,0.0,0.0,0,1,0,0,-0.7818314824680299,0.6234898018587334,-0.10116832198743204,-0.9948693233918952
2069,28.8,47,2.0,0.0,0.0,0,1,0,0,-0.7818314824680299,0.6234898018587334,-0.2993631229733582,-0.9541392564000488
2118,27.9,52,1.7,0.0,0.0,0,1,0,0,-0.7818314824680299,0.6234898018587334,-0.4853019625310808,-0.8743466161445822
1986,27.3,54,1.5,0.0,0.0,0,1,0,0,-0.7818314824680299,0.6234898018587334,-0.651372482722222,-0.7587581226927911
1838,26.9,56,1.6,0.0,0.0,0,1,0,0,-0.7818314824680299,0.6234898018587334,-0.7907757369376986,-0.6121059825476627
1759,26.2,62,2.3,0.0,0.0,0,1,0,0,-0.7818314824680299,0.6234898018587334,-0.8978045395707417,-0.44039415155763423
1511,25.7,64,1.1,0.0,0.0,0,1,0,0,-0.7818314824680299,0.6234898018587334,-0.9680771188662041,-0.2506525322587213
1047,25.1,65,2.2,0.0,0.0,0,1,0,0,-0.7818314824680299,0.6234898018587334,-0.9987165071710528,-0.05064916883871355
763,24.7,67,1.2,0.0,0.0,0,1,0,0,0.0,1.0,0.0,1.0
524,24.5,68,0.5,0.0,0.0,0,1,0,0,0.0,1.0,0.20129852008866006,0.9795299412524945
321,24.3,68,1.0,0.0,0.0,0,1,0,0,0.0,1.0,0.39435585511331855,0.9189578116202306
211,24.2,70,0.3,0.0,0.0,0,1,0,0,0.0,1.0,0.5712682150947923,0.8207634412072763
153,24.0,70,1.2,0.0,0.0,0,1,0,0,0.0,1.0,0.72479278722912,0.6889669190756866
264,23.9,70,1.5,0.0,0.0,0,1,0,0,0.0,1.0,0.8486442574947509,0.5289640103269624
656,23.8,71,1.2,0.0,0.0,0,1,0,0,0.0,1.0,0.9377521321470804,0.3473052528448203
1287,23.9,71,0.4,0.0,0.0,0,1,0,0,0.0,1.0,0.9884683243281114,0.1514277775045767
1580,24.2,70,1.4,0.0,0.0,0,1,0,0,0.0,1.0,0.9987165071710528,-0.05064916883871264
719,23.6,86,1.2,2.0,0.0,0,1,0,0,0.0,1.0,0.9680771188662043,-0.2506525322587204
434,23.3,89,0.7,0.5,0.0,0,1,0,0,0.0,1.0,0.8978045395707416,-0.4403941515576344
443,23.7,86,0.6,0.0,0.0,0,1,0,0,0.0,1.0,0.7907757369376989,-0.6121059825476626
673,23.9,83,1.1,0.0,0.0,0,1,0,0,0.0,1.0,0.6513724827222223,-0.758758122692791
731,24.9,78,1.5,0.0,0.0,0,1,0,0,0.0,1.0,0.48530196253108104,-0.8743466161445821
532,25.6,77,0.8,0.0,0.0,0,1,0,0,0.0,1.0,0.29936312297335804,-0.9541392564000488
137,25.7,81,0.7,0.0,0.0,0,1,0,0,0.0,1.0,0.10116832198743272,-0.994869323391895
39,25.5,91,1.3,3.5,0.0,0,1,0,0,0.0,1.0,-0.10116832198743204,-0.9948693233918952
23,22.7,96,4.9,13.0,0.0,0,1,0,0,0.0,1.0,-0.2993631229733582,-0.9541392564000488
113,21.9,97,1.8,13.0,0.0,0,1,0,0,0.0,1.0,-0.4853019625310808,-0.8743466161445822
73,21.7,97,0.2,1.0,0.0,0,1,0,0,0.0,1.0,-0.651372482722222,-0.7587581226927911
151,21.5,97,0.3,0.5,0.0,0,1,0,0,0.0,1.0,-0.7907757369376986,-0.6121059825476627
110,21.6,97,0.5,0.5,0.0,0,1,0,0,0.0,1.0,-0.8978045395707417,-0.44039415155763423
379,21.7,97,0.4,0.5,0.0,0,1,0,0,0.0,1.0,-0.9680771188662041,-0.2506525322587213
486,21.7,97,0.8,0.0,0.0,0,1,0,0,0.0,1.0,-0.9987165071710528,-0.05064916883871355
500,21.4,97,0.1,0.0,0.0,0,1,0,0,0.7818314824680298,0.6234898018587336,0.0,1.0
486,21.3,97,1.1,0.0,0.0,0,1,0,0,0.7818314824680298,0.6234898018587336,0.20129852008866006,0.9795299412524945
324,20.9,96,0.4,0.0,0.0,0,1,0,0,0.7818314824680298,0.6234898018587336,0.39435585511331855,0.9189578116202306
223,20.6,97,0.2,0.0,0.0,0,1,0,0,0.7818314824680298,0.6234898018587336,0.5712682150947923,0.8207634412072763
186,20.4,97,2.7,0.0,0.0,0,1,0,0,0.7818314824680298,0.6234898018587336,0.72479278722912,0.6889669190756866
219,20.2,97,1.2,0.0,0.0,0,1,0,0,0.7818314824680298,0.6234898018587336,0.8486442574947509,0.5289640103269624
602,20.0,97,0.0,0.0,0.0,0,1,0,0,0.7818314824680298,0.6234898018587336,0.9377521321470804,0.3473052528448203
1289,20.1,97,1.9,0.0,0.0,0,1,0,0,0.7818314824680298,0.6234898018587336,0.9884683243281114,0.1514277775045767
2059,20.5,90,1.9,0.0,0.0,0,1,0,0,0.7818314824680298,0.6234898018587336,0.9987165071710528,-0.05064916883871264
1083,21.6,81,2.3,0.0,0.0,0,1,0,0,0.7818314824680298,0.6234898018587336,0.9680771188662043,-0.2506525322587204
822,23.1,73,3.1,0.0,0.0,0,1,0,0,0.7818314824680298,0.6234898018587336,0.8978045395707416,-0.4403941515576344
940,24.5,64,2.7,0.0,0.0,0,1,0,0,0.7818314824680298,0.6234898018587336,0.7907757369376989,-0.6121059825476626
995,25.8,57,2.8,0.0,0.0,0,1,0,0,0.7818314824680298,0.6234898018587336,0.6513724827222223,-0.758758122692791
997,26.5,58,2.8,0.0,0.0,0,1,0,0,0.7818314824680298,0.6234898018587336,0.48530196253108104,-0.8743466161445821
987,27.4,52,3.8,0.0,0.0,0,1,0,0,0.7818314824680298,0.6234898018587336,0.29936312297335804,-0.9541392564000488
1178,26.7,51,3.4,0.0,0.0,0,1,0,0,0.7818314824680298,0.6234898018587336,0.10116832198743272,-0.994869323391895
1429,27.1,47,4.3,0.0,0.0,0,1,0,0,0.7818314824680298,0.6234898018587336,-0.10116832198743204,-0.9948693233918952
1993,27.6,47,3.3,0.0,0.0,0,1,0,0,0.7818314824680298,0.6234898018587336,-0.2993631229733582,-0.9541392564000488
3166,26.8,53,2.6,0.0,0.0,0,1,0,0,0.7818314824680298,0.6234898018587336,-0.4853019625310808,-0.8743466161445822
2491,25.1,49,3.1,0.0,0.0,0,1,0,0,0.7818314824680298,0.6234898018587336,-0.651372482722222,-0.7587581226927911
2259,23.7,49,3.3,0.0,0.0,0,1,0,0,0.7818314824680298,0.6234898018587336,-0.7907757369376986,-0.6121059825476627
2212,22.9,55,3.0,0.0,0.0,0,1,0,0,0.7818314824680298,0.6234898018587336,-0.8978045395707417,-0.44039415155763423
1856,22.2,58,1.5,0.0,0.0,0,1,0,0,0.7818314824680298,0.6234898018587336,-0.9680771188662041,-0.2506525322587213
1233,21.7,60,0.5,0.0,0.0,0,1,0,0,0.7818314824680298,0.6234898018587336,-0.9987165071710528,-0.05064916883871355
983,21.1,64,1.5,0.0,0.0,0,1,0,0,0.9749279121818236,-0.22252093395631434,0.0,1.0
748,20.9,66,1.1,0.0,0.0,0,1,0,0,0.9749279121818236,-0.22252093395631434,0.20129852008866006,0.9795299412524945
493,20.6,72,0.9,0.0,0.0,0,1,0,0,0.9749279121818236,-0.22252093395631434,0.39435585511331855,0.9189578116202306
376,20.2,77,0.4,0.0,0.0,0,1,0,0,0.9749279121818236,-0.22252093395631434,0.5712682150947923,0.8207634412072763
220,19.9,81,0.2,0.0,0.0,0,1,0,0,0.9749279121818236,-0.22252093395631434,0.72479278722912,0.6889669190756866
249,19.7,82,0.5,0.0,0.0,0,1,0,0,0.9749279121818236,-0.22252093395631434,0.8486442574947509,0.5289640103269624
676,19.8,82,0.5,0.0,0.0,0,1,0,0,0.9749279121818236,-0.22252093395631434,0.9377521321470804,0.3473052528448203
1487,19.8,79,0.9,0.0,0.0,0,1,0,0,0.9749279121818236,-0.22252093395631434,0.9884683243281114,0.1514277775045767
2312,21.2,69,1.9,0.0,0.0,0,1,0,0,0.9749279121818236,-0.22252093395631434,0.9987165071710528,-0.05064916883871264
1195,23.4,59,3.0,0.0,0.0,0,1,0,0,0.9749279121818236,-0.22252093395631434,0.9680771188662043,-0.2506525322587204
847,25.4,49,3.9,0.0,0.0,0,1,0,0,0.9749279121818236,-0.22252093395631434,0.8978045395707416,-0.4403941515576344
937,26.4,47,2.9,0.0,0.0,0,1,0,0,0.9749279121818236,-0.22252093395631434,0.7907757369376989,-0.6121059825476626
1072,27.1,44,5.0,0.0,0.0,0,1,0,0,0.9749279121818236,-0.22252093395631434,0.6513724827222223,-0.758758122692791
1039,27.3,46,4.8,0.0,0.0,0,1,0,0,0.9749279121818236,-0.22252093395631434,0.48530196253108104,-0.8743466161445821
989,27.9,42,5.0,0.0,0.0,0,1,0,0,0.9749279121818236,-0.22252093395631434,0.29936312297335804,-0.9541392564000488
1131,28.1,43,5.1,0.0,0.0,0,1,0,0,0.9749279121818236,-0.22252093395631434,0.10116832198743272,-0.994869323391895
1446,28.2,37,4.0,0.0,0.0,0,1,0,0,0.9749279121818236,-0.22252093395631434,-0.10116832198743204,-0.9948693233918952
2068,27.7,40,5.0,0.0,0.0,0,1,0,0,0.9749279121818236,-0.22252093395631434,-0.2993631229733582,-0.9541392564000488
3160,27.0,45,2.4,0.0,0.0,0,1,0,0,0.9749279121818236,-0.22252093395631434,-0.4853019625310808,-0.8743466161445822
2468,25.4,55,3.2,0.0,0.0,0,1,0,0,0.9749279121818236,-0.22252093395631434,-0.651372482722222,-0.7587581226927911
2177,24.5,64,2.0,0.0,0.0,0,1,0,0,0.9749279121818236,-0.22252093395631434,-0.7907757369376986,-0.6121059825476627
2024,23.9,75,2.3,0.0,0.0,0,1,0,0,0.9749279121818236,-0.22252093395631434,-0.8978045395707417,-0.44039415155763423
1798,23.6,82,1.8,0.0,0.0,0,1,0,0,0.9749279121818236,-0.22252093395631434,-0.9680771188662041,-0.2506525322587213
1219,23.0,83,1.8,0.0,0.0,0,1,0,0,0.9749279121818236,-0.22252093395631434,-0.9987165071710528,-0.05064916883871355
963,22.5,83,0.5,0.0,0.0,0,1,0,0,0.43388373911755823,-0.900968867902419,0.0,1.0
743,21.9,85,0.2,0.0,0.0,0,1,0,0,0.43388373911755823,-0.900968867902419,0.20129852008866006,0.9795299412524945
531,21.6,86,0.2,0.0,0.0,0,1,0,0,0.43388373911755823,-0.900968867902419,0.39435585511331855,0.9189578116202306
320,21.5,85,0.1,0.0,0.0,0,1,0,0,0.43388373911755823,-0.900968867902419,0.5712682150947923,0.8207634412072763
215,21.6,87,0.4,0.0,0.0,0,1,0,0,0.43388373911755823,-0.900968867902419,0.72479278722912,0.6889669190756866
247,21.7,87,0.6,0.0,0.0,0,1,0,0,0.43388373911755823,-0.900968867902419,0.8486442574947509,0.5289640103269624
680,21.4,84,0.8,0.0,0.0,0,1,0,0,0.43388373911755823,-0.900968867902419,0.9377521321470804,0.3473052528448203
1438,20.9,83,0.4,0.0,0.0,0,1,0,0,0.43388373911755823,-0.900968867902419,0.9884683243281114,0.1514277775045767
2270,21.8,77,0.9,0.0,0.0,0,1,0,0,0.43388373911755823,-0.900968867902419,0.9987165071710528,-0.05064916883871264
1186,23.5,72,0.5,0.0,0.0,0,1,0,0,0.43388373911755823,-0.900968867902419,0.9680771188662043,-0.2506525322587204
835,24.6,70,1.2,0.0,0.0,0,1,0,0,0.43388373911755823,-0.900968867902419,0.8978045395707416,-0.4403941515576344
941,25.9,63,2.5,0.0,0.0,0,1,0,0,0.43388373911755823,-0.900968867902419,0.7907757369376989,-0.6121059825476626
1041,26.9,60,2.3,0.0,0.0,0,1,0,0,0.43388373911755823,-0.900968867902419,0.6513724827222223,-0.758758122692791
1049,28.0,52,2.3,0.0,0.0,0,1,0,0,0.43388373911755823,-0.900968867902419,0.48530196253108104,-0.8743466161445821
1032,27.9,47,3.2,0.0,0.0,0,1,0,0,0.43388373911755823,-0.900968867902419,0.29936312297335804,-0.9541392564000488
1089,27.8,48,3.0,0.0,0.0,0,1,0,0,0.43388373911755823,-0.900968867902419,0.10116832198743272,-0.994869323391895
1292,26.9,55,3.9,0.0,0.0,0,1,0,0,0.43388373911755823,-0.900968867902419,-0.10116832198743204,-0.9948693233918952
1525,26.6,63,3.0,0.0,0.0,0,1,0,0,0.43388373911755823,-0.900968867902419,-0.2993631229733582,-0.9541392564000488
2497,25.8,58,2.9,0.0,0.0,0,1,0,0,0.43388373911755823,-0.900968867902419,-0.4853019625310808,-0.8743466161445822
1990,25.3,71,3.3,0.0,0.0,0,1,0,0,0.43388373911755823,-0.900968867902419,-0.651372482722222,-0.7587581226927911
1900,25.1,71,3.6,0.0,0.0,0,1,0,0,0.43388373911755823,-0.900968867902419,-0.7907757369376986,-0.6121059825476627
1851,24.6,70,2.5,0.0,0.0,0,1,0,0,0.43388373911755823,-0.900968867902419,-0.8978045395707417,-0.44039415155763423
1641,24.3,71,2.5,0.0,0.0,0,1,0,0,0.43388373911755823,-0.900968867902419,-0.9680771188662041,-0.2506525322587213
562,23.9,71,4.7,0.0,0.0,0,1,0,0,0.43388373911755823,-0.900968867902419,-0.9987165071710528,-0.05064916883871355
556,21.3,82,3.5,1.0,0.0,0,1,0,0,-0.433883739117558,-0.9009688679024191,0.0,1.0
345,21.6,77,2.6,0.0,0.0,0,1,0,0,-0.433883739117558,-0.9009688679024191,0.20129852008866006,0.9795299412524945
259,21.3,76,2.2,0.5,0.0,0,1,0,0,-0.433883739117558,-0.9009688679024191,0.39435585511331855,0.9189578116202306
259,21.1,75,1.8,0.0,0.0,0,1,0,0,-0.433883739117558,-0.9009688679024191,0.5712682150947923,0.8207634412072763
185,20.8,66,1.5,0.0,0.0,0,1,0,0,-0.433883739117558,-0.9009688679024191,0.72479278722912,0.6889669190756866
247,20.5,67,1.2,0.0,0.0,0,1,0,0,-0.433883739117558,-0.9009688679024191,0.8486442574947509,0.5289640103269624
624,20.2,70,1.6,0.0,0.0,0,1,0,0,-0.433883739117558,-0.9009688679024191,0.9377521321470804,0.3473052528448203
1346,20.3,74,1.8,0.0,0.0,0,1,0,0,-0.433883739117558,-0.9009688679024191,0.9884683243281114,0.1514277775045767
2260,20.5,78,2.5,0.0,0.0,0,1,0,0,-0.433883739117558,-0.9009688679024191,0.9987165071710528,-0.05064916883871264
1194,21.3,63,2.7,0.0,0.0,0,1,0,0,-0.433883739117558,-0.9009688679024191,0.9680771188662043,-0.2506525322587204
896,22.6,58,1.8,0.0,0.0,0,1,0,0,-0.433883739117558,-0.9009688679024191,0.8978045395707416,-0.4403941515576344
988,23.8,51,3.5,0.0,0.0,0,1,0,0,-0.433883739117558,-0.9009688679024191,0.7907757369376989,-0.6121059825476626
1213,24.2,50,3.8,0.0,0.0,0,1,0,0,-0.433883739117558,-0.9009688679024191,0.6513724827222223,-0.758758122692791
1119,24.3,50,2.9,0.0,0.0,0,1,0,0,-0.433883739117558,-0.9009688679024191,0.48530196253108104,-0.8743466161445821
1187,25.2,43,3.2,0.0,0.0,0,1,0,0,-0.433883739117558,-0.9009688679024191,0.29936312297335804,-0.9541392564000488
1391,24.7,44,4.2,0.0,0.0,0,1,0,0,-0.433883739117558,-0.9009688679024191,0.10116832198743272,-0.994869323391895
1577,25.2,39,2.8,0.0,0.0,0,1,0,0,-0.433883739117558,-0.9009688679024191,-0.10116832198743204,-0.9948693233918952
2183,24.5,37,3.2,0.0,0.0,0,1,0,0,-0.433883739117558,-0.9009688679024191,-0.2993631229733582,-0.9541392564000488
3154,24.4,34,2.4,0.0,0.0,0,1,0,0,-0.433883739117558,-0.9009688679024191,-0.4853019625310808,-0.8743466161445822
2365,22.6,39,2.8,0.0,0.0,0,1,0,0,-0.433883739117558,-0.9009688679024191,-0.651372482722222,-0.7587581226927911
1959,21.6,43,1.4,0.0,0.0,0,1,0,0,-0.433883739117558,-0.9009688679024191,-0.7907757369376986,-0.6121059825476627
1915,20.6,48,2.1,0.0,0.0,0,1,0,0,-0.433883739117558,-0.9009688679024191,-0.8978045395707417,-0.44039415155763423
1796,19.8,51,1.2,0.0,0.0,0,1,0,0,-0.433883739117558,-0.9009688679024191,-0.9680771188662041,-0.2506525322587213
1363,19.4,50,2.8,0.0,0.0,0,1,0,0,-0.433883739117558,-0.9009688679024191,-0.9987165071710528,-0.05064916883871355
1107,19.2,53,3.7,0.0,0.0,0,1,0,0,-0.9749279121818236,-0.2225209339563146,0.0,1.0
1001,18.9,55,2.3,0.0,0.0,0,1,0,0,-0.9749279121818236,-0.2225209339563146,0.20129852008866006,0.9795299412524945
692,18.5,57,2.3,0.0,0.0,0,1,0,0,-0.9749279121818236,-0.2225209339563146,0.39435585511331855,0.9189578116202306
504,17.8,60,0.2,0.0,0.0,0,1,0,0,-0.9749279121818236,-0.2225209339563146,0.5712682150947923,0.8207634412072763
285,17.2,66,0.6,0.0,0.0,0,1,0,0,-0.9749279121818236,-0.2225209339563146,0.72479278722912,0.6889669190756866
227,16.7,70,0.8,0.0,0.0,0,1,0,0,-0.9749279121818236,-0.2225209339563146,0.8486442574947509,0.5289640103269624
322,16.2,70,0.3,0.0,0.0,0,1,0,0,-0.9749279121818236,-0.2225209339563146,0.9377521321470804,0.3473052528448203
511,16.0,70,1.1,0.0,0.0,0,1,0,0,-0.9749279121818236,-0.2225209339563146,0.9884683243281114,0.1514277775045767
827,17.1,57,1.0,0.0,0.0,0,1,0,0,-0.9749279121818236,-0.2225209339563146,0.9987165071710528,-0.05064916883871264
956,19.9,51,0.6,0.0,0.0,0,1,0,0,-0.9749279121818236,-0.2225209339563146,0.9680771188662043,-0.2506525322587204
1096,22.2,43,0.9,0.0,0.0,0,1,0,0,-0.9749279121818236,-0.2225209339563146,0.8978045395707416,-0.4403941515576344
1179,24.2,41,1.5,0.0,0.0,0,1,0,0,-0.9749279121818236,-0.2225209339563146,0.7907757369376989,-0.6121059825476626
1273,25.2,36,2.4,0.0,0.0,0,1,0,0,-0.9749279121818236,-0.2225209339563146,0.6513724827222223,-0.758758122692791
1505,26.1,32,3.0,0.0,0.0,0,1,0,0,-0.9749279121818236,-0.2225209339563146,0.48530196253108104,-0.8743466161445821
1554,26.8,31,2.8,0.0,0.0,0,1,0,0,-0.9749279121818236,-0.2225209339563146,0.29936312297335804,-0.9541392564000488
1792,26.9,33,2.9,0.0,0.0,0,1,0,0,-0.9749279121818236,-0.2225209339563146,0.10116832198743272,-0.994869323391895
1943,27.7,32,1.4,0.0,0.0,0,1,0,0,-0.9749279121818236,-0.2225209339563146,-0.10116832198743204,-0.9948693233918952
2167,27.2,35,1.7,0.0,0.0,0,1,0,0,-0.9749279121818236,-0.2225209339563146,-0.2993631229733582,-0.9541392564000488
2255,25.7,38,1.5,0.0,0.0,0,1,0,0,-0.9749279121818236,-0.2225209339563146,-0.4853019625310808,-0.8743466161445822
1978,24.0,41,1.9,0.0,0.0,0,1,0,0,-0.9749279121818236,-0.2225209339563146,-0.651372482722222,-0.7587581226927911
1944,22.8,45,2.0,0.0,0.0,0,1,0,0,-0.9749279121818236,-0.2225209339563146,-0.7907757369376986,-0.6121059825476627
1878,22.1,49,1.7,0.0,0.0,0,1,0,0,-0.9749279121818236,-0.2225209339563146,-0.8978045395707417,-0.44039415155763423
1675,21.5,51,2.0,0.0,0.0,0,1,0,0,-0.9749279121818236,-0.2225209339563146,-0.9680771188662041,-0.2506525322587213
1142,20.7,52,1.4,0.0,0.0,0,1,0,0,-0.9749279121818236,-0.2225209339563146,-0.9987165071710528,-0.05064916883871355
1185,19.6,53,1.5,0.0,0.0,0,1,0,0,-0.7818314824680299,0.6234898018587334,0.0,1.0
835,18.8,54,0.1,0.0,0.0,0,1,0,0,-0.7818314824680299,0.6234898018587334,0.20129852008866006,0.9795299412524945
589,18.1,57,0.3,0.0,0.0,0,1,0,0,-0.7818314824680299,0.6234898018587334,0.39435585511331855,0.9189578116202306
395,17.4,57,0.6,0.0,0.0,0,1,0,0,-0.7818314824680299,0.6234898018587334,0.5712682150947923,0.8207634412072763
264,17.0,59,0.0,0.0,0.0,0,1,0,0,-0.7818314824680299,0.6234898018587334,0.72479278722912,0.6889669190756866
165,16.3,66,0.5,0.0,0.0,0,1,0,0,-0.7818314824680299,0.6234898018587334,0.8486442574947509,0.5289640103269624
255,15.8,69,0.9,0.0,0.0,0,1,0,0,-0.7818314824680299,0.6234898018587334,0.9377521321470804,0.3473052528448203
366,15.7,68,0.9,0.0,0.0,0,1,0,0,-0.7818314824680299,0.6234898018587334,0.9884683243281114,0.1514277775045767
644,17.4,56,0.8,0.0,0.0,0,1,0,0,-0.7818314824680299,0.6234898018587334,0.9987165071710528,-0.05064916883871264
803,20.4,51,1.8,0.0,0.0,0,1,0,0,-0.7818314824680299,0.6234898018587334,0.9680771188662043,-0.2506525322587204
928,22.9,45,1.5,0.0,0.0,0,1,0,0,-0.7818314824680299,0.6234898018587334,0.8978045395707416,-0.4403941515576344
1051,24.4,41,1.3,0.0,0.0,0,1,0,0,-0.7818314824680299,0.6234898018587334,0.7907757369376989,-0.6121059825476626
1220,25.9,39,1.2,0.0,0.0,0,1,0,0,-0.7818314824680299,0.6234898018587334,0.6513724827222223,-0.758758122692791
1432,27.2,32,1.7,0.0,0.0,0,1,0,0,-0.7818314824680299,0.6234898018587334,0.48530196253108104,-0.8743466161445821
1662,28.2,29,2.0,0.0,0.0,0,1,0,0,-0.7818314824680299,0.6234898018587334,0.29936312297335804,-0.9541392564000488
1877,28.9,27,1.8,0.0,0.0,0,1,0,0,-0.7818314824680299,0.6234898018587334,0.10116832198743272,-0.994869323391895
2099,27.1,35,0.9,0.0,0.0,0,1,0,0,-0.7818314824680299,0.6234898018587334,-0.10116832198743204,-0.9948693233918952
2201,27.7,33,1.1,0.0,0.0,0,1,0,0,-0.7818314824680299,0.6234898018587334,-0.2993631229733582,-0.9541392564000488
2368,26.0,35,0.3,0.0,0.0,0,1,0,0,-0.7818314824680299,0.6234898018587334,-0.4853019625310808,-0.8743466161445822
2033,24.1,56,2.5,0.0,0.0,0,1,0,0,-0.7818314824680299,0.6234898018587334,-0.651372482722222,-0.7587581226927911
1930,22.9,58,2.6,0.0,0.0,0,1,0,0,-0.7818314824680299,0.6234898018587334,-0.7907757369376986,-0.6121059825476627
1820,22.2,57,1.2,0.0,0.0,0,1,0,0,-0.7818314824680299,0.6234898018587334,-0.8978045395707417,-0.44039415155763423
1291,21.8,54,1.6,0.0,0.0,0,1,0,0,-0.7818314824680299,0.6234898018587334,-0.9680771188662041,-0.2506525322587213
941,21.2,56,2.5,0.0,0.0,0,1,0,0,-0.7818314824680299,0.6234898018587334,-0.9987165071710528,-0.05064916883871355
792,20.7,57,1.8,0.0,0.0,0,1,0,0,0.0,1.0,0.0,1.0
487,20.5,58,1.7,0.0,0.0,0,1,0,0,0.0,1.0,0.20129852008866006,0.9795299412524945
332,20.0,59,1.5,0.0,0.0,0,1,0,0,0.0,1.0,0.39435585511331855,0.9189578116202306
176,19.7,60,1.9,0.0,0.0,0,1,0,0,0.0,1.0,0.5712682150947923,0.8207634412072763
188,19.4,61,1.6,0.0,0.0,0,1,0,0,0.0,1.0,0.72479278722912,0.6889669190756866
226,19.1,62,1.6,0.0,0.0,0,1,0,0,0.0,1.0,0.8486442574947509,0.5289640103269624
691,18.7,64,0.9,0.0,0.0,0,1,0,0,0.0,1.0,0.9377521321470804,0.3473052528448203
1463,18.9,63,1.8,0.0,0.0,0,1,0,0,0.0,1.0,0.9884683243281114,0.1514277775045767
2278,20.1,57,1.6,0.0,0.0,0,1,0,0,0.0,1.0,0.9987165071710528,-0.05064916883871264
1125,22.3,52,1.9,0.0,0.0,0,1,0,0,0.0,1.0,0.9680771188662043,-0.2506525322587204
862,24.0,47,1.6,0.0,0.0,0,1,0,0,0.0,1.0,0.8978045395707416,-0.4403941515576344
934,25.3,44,1.2,0.0,0.0,0,1,0,0,0.0,1.0,0.7907757369376989,-0.6121059825476626
1095,26.7,40,1.4,0.0,0.0,0,1,0,0,0.0,1.0,0.6513724827222223,-0.758758122692791
1057,27.1,38,1.7,0.0,0.0,0,1,0,0,0.0,1.0,0.48530196253108104,-0.8743466161445821
1064,27.8,37,1.4,0.0,0.0,0,1,0,0,0.0,1.0,0.29936312297335804,-0.9541392564000488
1249,27.6,38,1.4,0.0,0.0,0,1,0,0,0.0,1.0,0.10116832198743272,-0.994869323391895
1467,27.5,39,1.5,0.0,0.0,0,1,0,0,0.0,1.0,-0.10116832198743204,-0.9948693233918952
2147,26.6,40,1.4,0.0,0.0,0,1,0,0,0.0,1.0,-0.2993631229733582,-0.9541392564000488
3298,25.9,42,1.1,0.0,0.0,0,1,0,0,0.0,1.0,-0.4853019625310808,-0.8743466161445822
2518,24.4,47,2.0,0.0,0.0,0,1,0,0,0.0,1.0,-0.651372482722222,-0.7587581226927911
2240,23.4,48,1.8,0.0,0.0,0,1,0,0,0.0,1.0,-0.7907757369376986,-0.6121059825476627
2090,22.5,48,1.4,0.0,0.0,0,1,0,0,0.0,1.0,-0.8978045395707417,-0.44039415155763423
1779,21.7,50,1.6,0.0,0.0,0,1,0,0,0.0,1.0,-0.9680771188662041,-0.2506525322587213
1223,20.8,51,1.7,0.0,0.0,0,1,0,0,0.0,1.0,-0.9987165071710528,-0.05064916883871355
910,20.1,52,1.5,0.0,0.0,0,1,0,0,0.7818314824680298,0.6234898018587336,0.0,1.0
662,19.5,52,1.3,0.0,0.0,0,1,0,0,0.7818314824680298,0.6234898018587336,0.20129852008866006,0.9795299412524945
435,18.9,52,1.1,0.0,0.0,0,1,0,0,0.7818314824680298,0.6234898018587336,0.39435585511331855,0.9189578116202306
261,18.2,52,1.5,0.0,0.0,0,1,0,0,0.7818314824680298,0.6234898018587336,0.5712682150947923,0.8207634412072763
193,17.7,52,1.5,0.0,0.0,0,1,0,0,0.7818314824680298,0.6234898018587336,0.72479278722912,0.6889669190756866
258,17.2,54,1.3,0.0,0.0,0,1,0,0,0.7818314824680298,0.6234898018587336,0.8486442574947509,0.5289640103269624
678,17.0,55,1.2,0.0,0.0,0,1,0,0,0.7818314824680298,0.6234898018587336,0.9377521321470804,0.3473052528448203
1556,16.9,55,1.4,0.0,0.0,0,1,0,0,0.7818314824680298,0.6234898018587336,0.9884683243281114,0.1514277775045767
2369,17.8,53,1.4,0.0,0.0,0,1,0,0,0.7818314824680298,0.6234898018587336,0.9987165071710528,-0.05064916883871264
1234,19.8,49,1.9,0.0,0.0,0,1,0,0,0.7818314824680298,0.6234898018587336,0.9680771188662043,-0.2506525322587204
922,21.9,43,1.1,0.0,0.0,0,1,0,0,0.7818314824680298,0.6234898018587336,0.8978045395707416,-0.4403941515576344
1012,23.7,40,2.0,0.0,0.0,0,1,0,0,0.7818314824680298,0.6234898018587336,0.7907757369376989,-0.6121059825476626
1192,24.5,40,1.3,0.0,0.0,0,1,0,0,0.7818314824680298,0.6234898018587336,0.6513724827222223,-0.758758122692791
1102,25.7,40,2.2,0.0,0.0,0,1,0,0,0.7818314824680298,0.6234898018587336,0.48530196253108104,-0.8743466161445821
1115,25.8,37,1.5,0.0,0.0,0,1,0,0,0.7818314824680298,0.6234898018587336,0.29936312297335804,-0.9541392564000488
1222,26.0,40,1.9,0.0,0.0,0,1,0,0,0.7818314824680298,0.6234898018587336,0.10116832198743272,-0.994869323391895
1527,25.5,44,1.4,0.0,0.0,0,1,0,0,0.7818314824680298,0.6234898018587336,-0.10116832198743204,-0.9948693233918952
2171,25.4,44,1.2,0.0,0.0,0,1,0,0,0.7818314824680298,0.6234898018587336,-0.2993631229733582,-0.9541392564000488
3222,24.7,45,0.7,0.0,0.0,0,1,0,0,0.7818314824680298,0.6234898018587336,-0.4853019625310808,-0.8743466161445822
2455,23.7,49,1.8,0.0,0.0,0,1,0,0,0.7818314824680298,0.6234898018587336,-0.651372482722222,-0.7587581226927911
2072,22.9,48,1.2,0.0,0.0,0,1,0,0,0.7818314824680298,0.6234898018587336,-0.7907757369376986,-0.6121059825476627
2018,22.2,50,1.3,0.0,0.0,0,1,0,0,0.7818314824680298,0.6234898018587336,-0.8978045395707417,-0.44039415155763423
1868,21.6,52,1.9,0.0,0.0,0,1,0,0,0.7818314824680298,0.6234898018587336,-0.9680771188662041,-0.2506525322587213
1240,20.9,53,1.8,0.0,0.0,0,1,0,0,0.7818314824680298,0.6234898018587336,-0.9987165071710528,-0.05064916883871355
949,20.2,54,1.2,0.0,0.0,0,1,0,0,0.9749279121818236,-0.22252093395631434,0.0,1.0
691,19.6,56,1.2,0.0,0.0,0,1,0,0,0.9749279121818236,-0.22252093395631434,0.20129852008866006,0.9795299412524945
462,19.0,56,0.9,0.0,0.0,0,1,0,0,0.9749279121818236,-0.22252093395631434,0.39435585511331855,0.9189578116202306
297,18.4,57,1.3,0.0,0.0,0,1,0,0,0.9749279121818236,-0.22252093395631434,0.5712682150947923,0.8207634412072763
215,18.0,59,1.5,0.0,0.0,0,1,0,0,0.9749279121818236,-0.22252093395631434,0.72479278722912,0.6889669190756866
241,17.5,60,1.6,0.0,0.0,0,1,0,0,0.9749279121818236,-0.22252093395631434,0.8486442574947509,0.5289640103269624
656,17.0,63,1.3,0.0,0.0,0,1,0,0,0.9749279121818236,-0.22252093395631434,0.9377521321470804,0.3473052528448203
1551,16.8,61,1.3,0.0,0.0,0,1,0,0,0.9749279121818236,-0.22252093395631434,0.9884683243281114,0.1514277775045767
2391,18.2,56,1.5,0.0,0.0,0,1,0,0,0.9749279121818236,-0.22252093395631434,0.9987165071710528,-0.05064916883871264
1234,20.8,48,1.1,0.0,0.0,0,1,0,0,0.9749279121818236,-0.22252093395631434,0.9680771188662043,-0.2506525322587204
923,22.7,45,1.5,0.0,0.0,0,1,0,0,0.9749279121818236,-0.22252093395631434,0.8978045395707416,-0.4403941515576344
1017,24.8,44,2.1,0.0,0.0,0,1,0,0,0.9749279121818236,-0.22252093395631434,0.7907757369376989,-0.6121059825476626
1165,26.3,44,1.2,0.0,0.0,0,1,0,0,0.9749279121818236,-0.22252093395631434,0.6513724827222223,-0.758758122692791
1066,26.8,45,1.8,0.0,0.0,0,1,0,0,0.9749279121818236,-0.22252093395631434,0.48530196253108104,-0.8743466161445821
1087,26.9,45,1.6,0.0,0.0,0,1,0,0,0.9749279121818236,-0.22252093395631434,0.29936312297335804,-0.9541392564000488
1251,27.7,41,1.6,0.0,0.0,0,1,0,0,0.9749279121818236,-0.22252093395631434,0.10116832198743272,-0.994869323391895
1494,27.8,42,1.7,0.0,0.0,0,1,0,0,0.9749279121818236,-0.22252093395631434,-0.10116832198743204,-0.9948693233918952
2129,27.8,41,1.9,0.0,0.0,0,1,0,0,0.9749279121818236,-0.22252093395631434,-0.2993631229733582,-0.9541392564000488
3256,27.0,44,1.4,0.0,0.0,0,1,0,0,0.9749279121818236,-0.22252093395631434,-0.4853019625310808,-0.8743466161445822
2443,25.4,50,0.6,0.0,0.0,0,1,0,0,0.9749279121818236,-0.22252093395631434,-0.651372482722222,-0.7587581226927911
2146,24.0,56,0.5,0.0,0.0,0,1,0,0,0.9749279121818236,-0.22252093395631434,-0.7907757369376986,-0.6121059825476627
2012,23.2,57,1.1,0.0,0.0,0,1,0,0,0.9749279121818236,-0.22252093395631434,-0.8978045395707417,-0.44039415155763423
1824,22.6,60,1.0,0.0,0.0,0,1,0,0,0.9749279121818236,-0.22252093395631434,-0.9680771188662041,-0.2506525322587213
1309,22.2,62,0.8,0.0,0.0,0,1,0,0,0.9749279121818236,-0.22252093395631434,-0.9987165071710528,-0.05064916883871355
968,21.9,62,1.0,0.0,0.0,0,1,0,0,0.43388373911755823,-0.900968867902419,0.0,1.0
736,21.5,65,1.0,0.0,0.0,0,1,0,0,0.43388373911755823,-0.900968867902419,0.20129852008866006,0.9795299412524945
437,21.2,66,0.8,0.0,0.0,0,1,0,0,0.43388373911755823,-0.900968867902419,0.39435585511331855,0.9189578116202306
304,20.9,68,1.7,0.0,0.0,0,1,0,0,0.43388373911755823,-0.900968867902419,0.5712682150947923,0.8207634412072763
240,20.7,69,1.3,0.0,0.0,0,1,0,0,0.43388373911755823,-0.900968867902419,0.72479278722912,0.6889669190756866
248,20.5,70,1.2,0.0,0.0,0,1,0,0,0.43388373911755823,-0.900968867902419,0.8486442574947509,0.5289640103269624
655,20.3,71,1.6,0.0,0.0,0,1,0,0,0.43388373911755823,-0.900968867902419,0.9377521321470804,0.3473052528448203
1448,20.5,69,1.4,0.0,0.0,0,1,0,0,0.43388373911755823,-0.900968867902419,0.9884683243281114,0.1514277775045767
2329,20.9,68,1.3,0.0,0.0,0,1,0,0,0.43388373911755823,-0.900968867902419,0.9987165071710528,-0.05064916883871264
1322,21.8,64,1.6,0.0,0.0,0,1,0,0,0.43388373911755823,-0.900968867902419,0.9680771188662043,-0.2506525322587204
915,22.7,61,0.9,0.0,0.0,0,1,0,0,0.43388373911755823,-0.900968867902419,0.8978045395707416,-0.4403941515576344
972,23.5,61,1.2,0.0,0.0,0,1,0,0,0.43388373911755823,-0.900968867902419,0.7907757369376989,-0.6121059825476626
1119,24.3,59,1.5,0.0,0.0,0,1,0,0,0.43388373911755823,-0.900968867902419,0.6513724827222223,-0.758758122692791
1014,25.1,56,2.0,0.0,0.0,0,1,0,0,0.43388373911755823,-0.900968867902419,0.48530196253108104,-0.8743466161445821
1097,27.2,49,1.5,0.0,0.0,0,1,0,0,0.43388373911755823,-0.900968867902419,0.29936312297335804,-0.9541392564000488
1200,27.8,49,1.4,0.0,0.0,0,1,0,0,0.43388373911755823,-0.900968867902419,0.10116832198743272,-0.994869323391895
1436,28.2,48,1.4,0.0,0.0,0,1,0,0,0.43388373911755823,-0.900968867902419,-0.10116832198743204,-0.9948693233918952
2021,27.9,51,1.4,0.0,0.0,0,1,0,0,0.43388373911755823,-0.900968867902419,-0.2993631229733582,-0.9541392564000488
3146,26.7,56,1.8,0.0,0.0,0,1,0,0,0.43388373911755823,-0.900968867902419,-0.4853019625310808,-0.8743466161445822
2365,25.4,61,0.6,0.0,0.0,0,1,0,0,0.43388373911755823,-0.900968867902419,-0.651372482722222,-0.7587581226927911
2003,24.6,62,0.9,0.0,0.0,0,1,0,0,0.43388373911755823,-0.900968867902419,-0.7907757369376986,-0.6121059825476627
2000,23.8,67,0.6,0.0,0.0,0,1,0,0,0.43388373911755823,-0.900968867902419,-0.8978045395707417,-0.44039415155763423
1713,22.8,70,1.0,0.0,0.0,0,1,0,0,0.43388373911755823,-0.900968867902419,-0.9680771188662041,-0.2506525322587213
1303,22.4,73,0.3,0.0,0.0,0,1,0,0,0.43388373911755823,-0.900968867902419,-0.9987165071710528,-0.05064916883871355
971,22.1,74,1.1,0.0,0.0,0,1,0,0,-0.433883739117558,-0.9009688679024191,0.0,1.0
775,21.6,75,1.1,0.0,0.0,0,1,0,0,-0.433883739117558,-0.9009688679024191,0.20129852008866006,0.9795299412524945
482,21.3,75,1.1,0.0,0.0,0,1,0,0,-0.433883739117558,-0.9009688679024191,0.39435585511331855,0.9189578116202306
349,21.0,76,0.7,0.0,0.0,0,1,0,0,-0.433883739117558,-0.9009688679024191,0.5712682150947923,0.8207634412072763
223,20.7,76,1.0,0.0,0.0,0,1,0,0,-0.433883739117558,-0.9009688679024191,0.72479278722912,0.6889669190756866
249,20.7,77,0.9,0.0,0.0,0,1,0,0,-0.433883739117558,-0.9009688679024191,0.8486442574947509,0.5289640103269624
644,20.4,78,1.0,0.0,0.0,0,1,0,0,-0.433883739117558,-0.9009688679024191,0.9377521321470804,0.3473052528448203
1456,20.5,76,1.3,0.0,0.0,0,1,0,0,-0.433883739117558,-0.9009688679024191,0.9884683243281114,0.1514277775045767
2253,21.4,70,1.5,0.0,0.0,0,1,0,0,-0.433883739117558,-0.9009688679024191,0.9987165071710528,-0.05064916883871264
1201,22.3,69,1.3,0.0,0.0,0,1,0,0,-0.433883739117558,-0.9009688679024191,0.9680771188662043,-0.2506525322587204
936,23.3,65,1.4,0.0,0.0,0,1,0,0,-0.433883739117558,-0.9009688679024191,0.8978045395707416,-0.4403941515576344
982,24.0,64,1.3,0.0,0.0,0,1,0,0,-0.433883739117558,-0.9009688679024191,0.7907757369376989,-0.6121059825476626
1088,25.3,56,1.2,0.0,0.0,0,1,0,0,-0.433883739117558,-0.9009688679024191,0.6513724827222223,-0.758758122692791
1155,26.4,57,1.2,0.0,0.0,0,1,0,0,-0.433883739117558,-0.9009688679024191,0.48530196253108104,-0.8743466161445821
1199,26.3,58,1.5,0.0,0.0,0,1,0,0,-0.433883739117558,-0.9009688679024191,0.29936312297335804,-0.9541392564000488
1347,26.6,55,1.8,0.0,0.0,0,1,0,0,-0.433883739117558,-0.9009688679024191,0.10116832198743272,-0.994869323391895
1503,26.3,57,1.6,0.0,0.0,0,1,0,0,-0.433883739117558,-0.9009688679024191,-0.10116832198743204,-0.9948693233918952
2059,25.9,56,1.7,0.0,0.0,0,1,0,0,-0.433883739117558,-0.9009688679024191,-0.2993631229733582,-0.9541392564000488
2826,25.7,57,1.5,0.0,0.0,0,1,0,0,-0.433883739117558,-0.9009688679024191,-0.4853019625310808,-0.8743466161445822
1996,25.3,60,1.2,0.0,0.0,0,1,0,0,-0.433883739117558,-0.9009688679024191,-0.651372482722222,-0.7587581226927911
1869,25.0,61,1.1,0.0,0.0,0,1,0,0,-0.433883739117558,-0.9009688679024191,-0.7907757369376986,-0.6121059825476627
1259,24.7,61,1.6,0.0,0.0,0,1,0,0,-0.433883739117558,-0.9009688679024191,-0.8978045395707417,-0.44039415155763423
567,24.0,73,2.1,0.0,0.0,0,1,0,0,-0.433883739117558,-0.9009688679024191,-0.9680771188662041,-0.2506525322587213
810,22.3,87,1.1,0.5,0.0,0,1,0,0,-0.433883739117558,-0.9009688679024191,-0.9987165071710528,-0.05064916883871355
906,21.8,83,1.5,0.0,0.0,0,1,0,0,-0.9749279121818236,-0.2225209339563146,0.0,1.0
881,21.8,79,1.4,0.0,0.0,0,1,0,0,-0.9749279121818236,-0.2225209339563146,0.20129852008866006,0.9795299412524945
580,21.7,78,1.0,0.0,0.0,0,1,0,0,-0.9749279121818236,-0.2225209339563146,0.39435585511331855,0.9189578116202306
302,21.6,80,1.2,0.0,0.0,0,1,0,0,-0.9749279121818236,-0.2225209339563146,0.5712682150947923,0.8207634412072763
234,21.2,83,0.6,0.1,0.0,0,1,0,0,-0.9749279121818236,-0.2225209339563146,0.72479278722912,0.6889669190756866
169,21.1,82,0.8,0.0,0.0,0,1,0,0,-0.9749279121818236,-0.2225209339563146,0.8486442574947509,0.5289640103269624
272,21.0,84,0.9,0.1,0.0,0,1,0,0,-0.9749279121818236,-0.2225209339563146,0.9377521321470804,0.3473052528448203
453,21.2,84,0.3,0.0,0.0,0,1,0,0,-0.9749279121818236,-0.2225209339563146,0.9884683243281114,0.1514277775045767
829,21.7,78,0.3,0.0,0.0,0,1,0,0,-0.9749279121818236,-0.2225209339563146,0.9987165071710528,-0.05064916883871264
934,22.7,72,1.2,0.0,0.0,0,1,0,0,-0.9749279121818236,-0.2225209339563146,0.9680771188662043,-0.2506525322587204
1017,24.4,65,1.6,0.0,0.0,0,1,0,0,-0.9749279121818236,-0.2225209339563146,0.8978045395707416,-0.4403941515576344
1212,25.2,64,1.2,0.0,0.0,0,1,0,0,-0.9749279121818236,-0.2225209339563146,0.7907757369376989,-0.6121059825476626
1284,25.4,63,0.9,0.0,0.0,0,1,0,0,-0.9749279121818236,-0.2225209339563146,0.6513724827222223,-0.758758122692791
1465,25.8,65,1.0,0.0,0.0,0,1,0,0,-0.9749279121818236,-0.2225209339563146,0.48530196253108104,-0.8743466161445821
1474,25.7,67,1.2,0.0,0.0,0,1,0,0,-0.9749279121818236,-0.2225209339563146,0.29936312297335804,-0.9541392564000488
1077,25.2,71,0.2,0.0,0.0,0,1,0,0,-0.9749279121818236,-0.2225209339563146,0.10116832198743272,-0.994869323391895
1273,24.4,74,0.6,0.0,0.0,0,1,0,0,-0.9749279121818236,-0.2225209339563146,-0.10116832198743204,-0.9948693233918952
1474,24.4,75,0.6,0.0,0.0,0,1,0,0,-0.9749279121818236,-0.2225209339563146,-0.2993631229733582,-0.9541392564000488
1566,24.2,76,1.2,0.0,0.0,0,1,0,0,-0.9749279121818236,-0.2225209339563146,-0.4853019625310808,-0.8743466161445822
1578,23.8,78,2.2,0.0,0.0,0,1,0,0,-0.9749279121818236,-0.2225209339563146,-0.651372482722222,-0.7587581226927911
1613,23.5,80,1.7,0.0,0.0,0,1,0,0,-0.9749279121818236,-0.2225209339563146,-0.7907757369376986,-0.6121059825476627
1710,23.3,80,0.7,0.0,0.0,0,1,0,0,-0.9749279121818236,-0.2225209339563146,-0.8978045395707417,-0.44039415155763423
1566,23.1,79,0.6,0.0,0.0,0,1,0,0,-0.9749279121818236,-0.2225209339563146,-0.9680771188662041,-0.2506525322587213
1210,22.9,81,0.9,0.0,0.0,0,1,0,0,-0.9749279121818236,-0.2225209339563146,-0.9987165071710528,-0.05064916883871355
1014,22.8,82,1.5,0.0,0.0,0,1,0,0,-0.7818314824680299,0.6234898018587334,0.0,1.0
764,22.8,84,0.9,0.0,0.0,0,1,0,0,-0.7818314824680299,0.6234898018587334,0.20129852008866006,0.9795299412524945
432,22.8,85,0.8,0.0,0.0,0,1,0,0,-0.7818314824680299,0.6234898018587334,0.39435585511331855,0.9189578116202306
258,22.6,89,0.6,0.2,0.0,0,1,0,0,-0.7818314824680299,0.6234898018587334,0.5712682150947923,0.8207634412072763
188,22.5,89,0.7,0.3,0.0,0,1,0,0,-0.7818314824680299,0.6234898018587334,0.72479278722912,0.6889669190756866
123,22.2,90,1.4,0.0,0.0,0,1,0,0,-0.7818314824680299,0.6234898018587334,0.8486442574947509,0.5289640103269624
137,22.0,90,1.3,0.0,0.0,0,1,0,0,-0.7818314824680299,0.6234898018587334,0.9377521321470804,0.3473052528448203
258,21.9,95,1.3,0.0,0.0,0,1,0,0,-0.7818314824680299,0.6234898018587334,0.9884683243281114,0.1514277775045767
464,21.9,88,1.6,0.0,0.0,0,1,0,0,-0.7818314824680299,0.6234898018587334,0.9987165071710528,-0.05064916883871264
725,22.3,84,1.9,0.0,0.0,0,1,0,0,-0.7818314824680299,0.6234898018587334,0.9680771188662043,-0.2506525322587204
813,22.9,74,1.3,0.0,0.0,0,1,0,0,-0.7818314824680299,0.6234898018587334,0.8978045395707416,-0.4403941515576344
1014,23.4,61,2.1,0.0,0.0,0,1,0,0,-0.7818314824680299,0.6234898018587334,0.7907757369376989,-0.6121059825476626
989,23.7,64,1.9,0.0,0.0,0,1,0,0,-0.7818314824680299,0.6234898018587334,0.6513724827222223,-0.758758122692791
754,23.6,66,2.1,0.0,0.0,0,1,0,0,-0.7818314824680299,0.6234898018587334,0.48530196253108104,-0.8743466161445821
409,23.4,72,2.2,0.0,0.0,0,1,0,0,-0.7818314824680299,0.6234898018587334,0.29936312297335804,-0.9541392564000488
222,23.2,83,1.5,0.5,0.0,0,1,0,0,-0.7818314824680299,0.6234898018587334,0.10116832198743272,-0.994869323391895
142,22.5,86,2.5,0.0,0.0,0,1,0,0,-0.7818314824680299,0.6234898018587334,-0.10116832198743204,-0.9948693233918952
322,22.0,89,2.2,1.0,0.0,0,1,0,0,-0.7818314824680299,0.6234898018587334,-0.2993631229733582,-0.9541392564000488
520,21.5,89,3.0,0.0,0.0,0,1,0,0,-0.7818314824680299,0.6234898018587334,-0.4853019625310808,-0.8743466161445822
852,21.2,87,2.7,0.0,0.0,0,1,0,0,-0.7818314824680299,0.6234898018587334,-0.651372482722222,-0.7587581226927911
1073,21.1,88,1.7,0.0,0.0,0,1,0,0,-0.7818314824680299,0.6234898018587334,-0.7907757369376986,-0.6121059825476627
1146,21.2,88,1.7,0.0,0.0,0,1,0,0,-0.7818314824680299,0.6234898018587334,-0.8978045395707417,-0.44039415155763423
988,21.4,87,2.4,0.0,0.0,0,1,0,0,-0.7818314824680299,0.6234898018587334,-0.9680771188662041,-0.2506525322587213
571,21.3,80,2.6,0.0,0.0,0,1,0,0,-0.7818314824680299,0.6234898018587334,-0.9987165071710528,-0.05064916883871355
531,21.0,82,1.8,0.0,0.0,0,1,0,0,0.0,1.0,0.0,1.0
337,20.5,73,1.9,0.0,0.0,0,1,0,0,0.0,1.0,0.20129852008866006,0.9795299412524945
227,20.3,81,1.9,0.1,0.0,0,1,0,0,0.0,1.0,0.39435585511331855,0.9189578116202306
186,20.2,82,1.4,0.0,0.0,0,1,0,0,0.0,1.0,0.5712682150947923,0.8207634412072763
160,20.0,81,2.0,0.0,0.0,0,1,0,0,0.0,1.0,0.72479278722912,0.6889669190756866
246,19.4,84,1.6,0.0,0.0,0,1,0,0,0.0,1.0,0.8486442574947509,0.5289640103269624
625,18.8,88,1.2,0.0,0.0,0,1,0,0,0.0,1.0,0.9377521321470804,0.3473052528448203
1487,18.5,88,1.4,0.0,0.0,0,1,0,0,0.0,1.0,0.9884683243281114,0.1514277775045767
2276,18.9,77,0.6,0.0,0.0,0,1,0,0,0.0,1.0,0.9987165071710528,-0.05064916883871264
1185,20.5,66,1.1,0.0,0.0,0,1,0,0,0.0,1.0,0.9680771188662043,-0.2506525322587204
868,21.7,60,1.7,0.0,0.0,0,1,0,0,0.0,1.0,0.8978045395707416,-0.4403941515576344
954,23.8,54,2.1,0.0,0.0,0,1,0,0,0.0,1.0,0.7907757369376989,-0.6121059825476626
1083,25.2,50,1.7,0.0,0.0,0,1,0,0,0.0,1.0,0.6513724827222223,-0.758758122692791
1069,25.6,50,3.8,0.0,0.0,0,1,0,0,0.0,1.0,0.48530196253108104,-0.8743466161445821
1092,26.7,40,3.3,0.0,0.0,0,1,0,0,0.0,1.0,0.29936312297335804,-0.9541392564000488
1207,27.4,33,2.7,0.0,0.0,0,1,0,0,0.0,1.0,0.10116832198743272,-0.994869323391895
1445,27.6,37,2.8,0.0,0.0,0,1,0,0,0.0,1.0,-0.10116832198743204,-0.9948693233918952
2056,27.3,43,2.6,0.0,0.0,0,1,0,0,0.0,1.0,-0.2993631229733582,-0.9541392564000488
3277,25.3,56,2.8,0.0,0.0,0,1,0,0,0.0,1.0,-0.4853019625310808,-0.8743466161445822
2489,23.0,63,3.1,0.0,0.0,0,1,0,0,0.0,1.0,-0.651372482722222,-0.7587581226927911
2232,21.9,65,2.5,0.0,0.0,0,1,0,0,0.0,1.0,-0.7907757369376986,-0.6121059825476627
2100,21.3,66,2.3,0.0,0.0,0,1,0,0,0.0,1.0,-0.8978045395707417,-0.44039415155763423
1865,20.8,65,0.9,0.0,0.0,0,1,0,0,0.0,1.0,-0.9680771188662041,-0.2506525322587213
1293,20.2,68,1.2,0.0,0.0,0,1,0,0,0.0,1.0,-0.9987165071710528,-0.05064916883871355
0,19.5,73,1.2,0.0,0.0,0,1,0,0,0.7818314824680298,0.6234898018587336,0.0,1.0
0,19.3,71,0.4,0.0,0.0,0,1,0,0,0.7818314824680298,0.6234898018587336,0.20129852008866006,0.9795299412524945
0,18.8,74,0.2,0.0,0.0,0,1,0,0,0.7818314824680298,0.6234898018587336,0.39435585511331855,0.9189578116202306
0,18.7,76,0.5,0.0,0.0,0,1,0,0,0.7818314824680298,0.6234898018587336,0.5712682150947923,0.8207634412072763
0,18.3,78,0.4,0.0,0.0,0,1,0,0,0.7818314824680298,0.6234898018587336,0.72479278722912,0.6889669190756866
0,17.9,77,0.5,0.0,0.0,0,1,0,0,0.7818314824680298,0.6234898018587336,0.8486442574947509,0.5289640103269624
0,17.7,77,0.2,0.0,0.0,0,1,0,0,0.7818314824680298,0.6234898018587336,0.9377521321470804,0.3473052528448203
0,17.8,76,0.5,0.0,0.0,0,1,0,0,0.7818314824680298,0.6234898018587336,0.9884683243281114,0.1514277775045767
0,18.7,73,0.9,0.0,0.0,0,1,0,0,0.7818314824680298,0.6234898018587336,0.9987165071710528,-0.05064916883871264
0,20.8,64,1.1,0.0,0.0,0,1,0,0,0.7818314824680298,0.6234898018587336,0.9680771188662043,-0.2506525322587204
0,22.7,54,1.0,0.0,0.0,0,1,0,0,0.7818314824680298,0.6234898018587336,0.8978045395707416,-0.4403941515576344
0,24.1,46,2.1,0.0,0.0,0,1,0,0,0.7818314824680298,0.6234898018587336,0.7907757369376989,-0.6121059825476626
0,24.7,43,1.8,0.0,0.0,0,1,0,0,0.7818314824680298,0.6234898018587336,0.6513724827222223,-0.758758122692791
0,25.6,40,2.5,0.0,0.0,0,1,0,0,0.7818314824680298,0.6234898018587336,0.48530196253108104,-0.8743466161445821
0,26.1,37,2.3,0.0,0.0,0,1,0,0,0.7818314824680298,0.6234898018587336,0.29936312297335804,-0.9541392564000488
0,26.1,43,2.8,0.0,0.0,0,1,0,0,0.7818314824680298,0.6234898018587336,0.10116832198743272,-0.994869323391895
0,26.4,34,2.5,0.0,0.0,0,1,0,0,0.7818314824680298,0.6234898018587336,-0.10116832198743204,-0.9948693233918952
0,25.5,38,2.9,0.0,0.0,0,1,0,0,0.7818314824680298,0.6234898018587336,-0.2993631229733582,-0.9541392564000488
0,24.8,48,1.4,0.0,0.0,0,1,0,0,0.7818314824680298,0.6234898018587336,-0.4853019625310808,-0.8743466161445822
0,23.2,57,2.2,0.0,0.0,0,1,0,0,0.7818314824680298,0.6234898018587336,-0.651372482722222,-0.7587581226927911
0,22.6,58,1.4,0.0,0.0,0,1,0,0,0.7818314824680298,0.6234898018587336,-0.7907757369376986,-0.6121059825476627
0,22.1,61,1.5,0.0,0.0,0,1,0,0,0.7818314824680298,0.6234898018587336,-0.8978045395707417,-0.44039415155763423
0,21.8,65,0.3,0.0,0.0,0,1,0,0,0.7818314824680298,0.6234898018587336,-0.9680771188662041,-0.2506525322587213
0,21.2,69,1.3,0.0,0.0,0,1,0,0,0.7818314824680298,0.6234898018587336,-0.9987165071710528,-0.05064916883871355
0,21.0,66,0.4,0.0,0.0,0,1,0,0,0.9749279121818236,-0.22252093395631434,0.0,1.0
0,20.5,64,0.4,0.0,0.0,0,1,0,0,0.9749279121818236,-0.22252093395631434,0.20129852008866006,0.9795299412524945
0,20.0,70,0.2,0.0,0.0,0,1,0,0,0.9749279121818236,-0.22252093395631434,0.39435585511331855,0.9189578116202306
0,19.7,70,0.5,0.0,0.0,0,1,0,0,0.9749279121818236,-0.22252093395631434,0.5712682150947923,0.8207634412072763
0,19.5,70,0.5,0.0,0.0,0,1,0,0,0.9749279121818236,-0.22252093395631434,0.72479278722912,0.6889669190756866
0,19.3,73,0.9,0.0,0.0,0,1,0,0,0.9749279121818236,-0.22252093395631434,0.8486442574947509,0.5289640103269624
0,19.0,76,0.3,0.0,0.0,0,1,0,0,0.9749279121818236,-0.22252093395631434,0.9377521321470804,0.3473052528448203
0,19.0,74,0.8,0.0,0.0,0,1,0,0,0.9749279121818236,-0.22252093395631434,0.9884683243281114,0.1514277775045767
0,19.8,71,1.1,0.0,0.0,0,1,0,0,0.9749279121818236,-0.22252093395631434,0.9987165071710528,-0.05064916883871264
0,21.5,61,0.8,0.0,0.0,0,1,0,0,0.9749279121818236,-0.22252093395631434,0.9680771188662043,-0.2506525322587204
0,22.9,59,1.1,0.0,0.0,0,1,0,0,0.9749279121818236,-0.22252093395631434,0.8978045395707416,-0.4403941515576344
0,23.6,55,0.6,0.0,0.0,0,1,0,0,0.9749279121818236,-0.22252093395631434,0.7907757369376989,-0.6121059825476626
0,24.9,51,1.2,0.0,0.0,0,1,0,0,0.9749279121818236,-0.22252093395631434,0.6513724827222223,-0.758758122692791
0,26.5,39,1.7,0.0,0.0,0,1,0,0,0.9749279121818236,-0.22252093395631434,0.48530196253108104,-0.8743466161445821
0,26.1,40,1.2,0.0,0.0,0,1,0,0,0.9749279121818236,-0.22252093395631434,0.29936312297335804,-0.9541392564000488
0,25.9,39,1.4,0.0,0.0,0,1,0,0,0.9749279121818236,-0.22252093395631434,0.10116832198743272,-0.994869323391895
0,25.6,41,1.2,0.0,0.0,0,1,0,0,0.9749279121818236,-0.22252093395631434,-0.10116832198743204,-0.9948693233918952
0,25.0,44,1.3,0.0,0.0,0,1,0,0,0.9749279121818236,-0.22252093395631434,-0.2993631229733582,-0.9541392564000488
0,24.0,55,2.2,0.0,0.0,0,1,0,0,0.9749279121818236,-0.22252093395631434,-0.4853019625310808,-0.8743466161445822
0,23.5,58,0.4,0.0,0.0,0,1,0,0,0.9749279121818236,-0.22252093395631434,-0.651372482722222,-0.7587581226927911
0,22.6,67,0.3,0.0,0.0,0,1,0,0,0.9749279121818236,-0.22252093395631434,-0.7907757369376986,-0.6121059825476627
0,21.7,63,1.8,0.1,0.0,0,1,0,0,0.9749279121818236,-0.22252093395631434,-0.8978045395707417,-0.44039415155763423
0,20.9,71,1.6,0.1,0.0,0,1,0,0,0.9749279121818236,-0.22252093395631434,-0.9680771188662041,-0.2506525322587213
0,20.4,57,0.9,0.0,0.0,0,1,0,0,0.9749279121818236,-0.22252093395631434,-0.9987165071710528,-0.05064916883871355
886,20.1,58,0.3,0.0,0.0,0,1,0,0,0.43388373911755823,-0.900968867902419,0.0,1.0
761,20.0,59,1.1,0.0,0.0,0,1,0,0,0.43388373911755823,-0.900968867902419,0.20129852008866006,0.9795299412524945
524,19.9,64,1.5,0.0,0.0,0,1,0,0,0.43388373911755823,-0.900968867902419,0.39435585511331855,0.9189578116202306
294,19.6,72,1.7,0.0,0.0,0,1,0,0,0.43388373911755823,-0.900968867902419,0.5712682150947923,0.8207634412072763
241,19.6,74,1.4,0.0,0.0,0,1,0,0,0.43388373911755823,-0.900968867902419,0.72479278722912,0.6889669190756866
137,19.5,74,1.8,0.0,0.0,0,1,0,0,0.43388373911755823,-0.900968867902419,0.8486442574947509,0.5289640103269624
47,18.8,85,1.4,0.5,0.0,0,1,0,0,0.43388373911755823,-0.900968867902419,0.9377521321470804,0.3473052528448203
130,18.0,95,1.6,1.5,0.0,0,1,0,0,0.43388373911755823,-0.900968867902419,0.9884683243281114,0.1514277775045767
299,18.0,91,1.3,0.5,0.0,0,1,0,0,0.43388373911755823,-0.900968867902419,0.9987165071710528,-0.05064916883871264
89,18.2,93,1.4,1.0,0.0,0,1,0,0,0.43388373911755823,-0.900968867902419,0.9680771188662043,-0.2506525322587204
87,18.4,91,1.2,0.5,0.0,0,1,0,0,0.43388373911755823,-0.900968867902419,0.8978045395707416,-0.4403941515576344
111,18.8,95,1.5,0.0,0.0,0,1,0,0,0.43388373911755823,-0.900968867902419,0.7907757369376989,-0.6121059825476626
180,19.0,91,1.7,0.5,0.0,0,1,0,0,0.43388373911755823,-0.900968867902419,0.6513724827222223,-0.758758122692791
301,18.9,89,2.6,0.0,0.0,0,1,0,0,0.43388373911755823,-0.900968867902419,0.48530196253108104,-0.8743466161445821
573,19.3,83,2.3,0.5,0.0,0,1,0,0,0.43388373911755823,-0.900968867902419,0.29936312297335804,-0.9541392564000488
696,19.4,79,1.4,0.0,0.0,0,1,0,0,0.43388373911755823,-0.900968867902419,0.10116832198743272,-0.994869323391895
912,19.5,75,2.1,0.0,0.0,0,1,0,0,0.43388373911755823,-0.900968867902419,-0.10116832198743204,-0.9948693233918952
1290,19.3,76,2.1,0.0,0.0,0,1,0,0,0.43388373911755823,-0.900968867902419,-0.2993631229733582,-0.9541392564000488
1786,19.1,77,2.5,0.0,0.0,0,1,0,0,0.43388373911755823,-0.900968867902419,-0.4853019625310808,-0.8743466161445822
1272,18.9,78,2.2,0.0,0.0,0,1,0,0,0.43388373911755823,-0.900968867902419,-0.651372482722222,-0.7587581226927911
898,19.1,77,2.2,0.0,0.0,0,1,0,0,0.43388373911755823,-0.900968867902419,-0.7907757369376986,-0.6121059825476627
784,18.7,84,2.7,0.0,0.0,0,1,0,0,0.43388373911755823,-0.900968867902419,-0.8978045395707417,-0.44039415155763423
1049,18.4,85,2.1,0.0,0.0,0,1,0,0,0.43388373911755823,-0.900968867902419,-0.9680771188662041,-0.2506525322587213
935,18.7,80,1.7,0.0,0.0,0,1,0,0,0.43388373911755823,-0.900968867902419,-0.9987165071710528,-0.05064916883871355
809,18.9,78,2.1,0.0,0.0,0,1,0,0,-0.433883739117558,-0.9009688679024191,0.0,1.0
674,19.0,78,1.6,0.0,0.0,0,1,0,0,-0.433883739117558,-0.9009688679024191,0.20129852008866006,0.9795299412524945
122,19.1,78,1.3,0.0,0.0,0,1,0,0,-0.433883739117558,-0.9009688679024191,0.39435585511331855,0.9189578116202306
28,18.5,88,1.2,1.5,0.0,0,1,0,0,-0.433883739117558,-0.9009688679024191,0.5712682150947923,0.8207634412072763
24,17.9,95,1.7,2.5,0.0,0,1,0,0,-0.433883739117558,-0.9009688679024191,0.72479278722912,0.6889669190756866
24,17.8,93,1.8,0.5,0.0,0,1,0,0,-0.433883739117558,-0.9009688679024191,0.8486442574947509,0.5289640103269624
23,17.6,95,1.7,1.5,0.0,0,1,0,0,-0.433883739117558,-0.9009688679024191,0.9377521321470804,0.3473052528448203
45,17.6,96,1.7,5.0,0.0,0,1,0,0,-0.433883739117558,-0.9009688679024191,0.9884683243281114,0.1514277775045767
127,17.8,97,2.0,4.0,0.0,0,1,0,0,-0.433883739117558,-0.9009688679024191,0.9987165071710528,-0.05064916883871264
47,18.2,96,1.3,1.0,0.0,0,1,0,0,-0.433883739117558,-0.9009688679024191,0.9680771188662043,-0.2506525322587204
78,18.4,96,2.0,1.0,0.0,0,1,0,0,-0.433883739117558,-0.9009688679024191,0.8978045395707416,-0.4403941515576344
98,18.9,91,1.8,0.5,0.0,0,1,0,0,-0.433883739117558,-0.9009688679024191,0.7907757369376989,-0.6121059825476626
143,19.1,91,2.0,0.0,0.0,0,1,0,0,-0.433883739117558,-0.9009688679024191,0.6513724827222223,-0.758758122692791
600,19.8,88,0.9,0.0,0.0,0,1,0,0,-0.433883739117558,-0.9009688679024191,0.48530196253108104,-0.8743466161445821
972,21.4,76,1.4,0.5,0.0,0,1,0,0,-0.433883739117558,-0.9009688679024191,0.29936312297335804,-0.9541392564000488
1288,21.8,76,1.4,0.0,0.0,0,1,0,0,-0.433883739117558,-0.9009688679024191,0.10116832198743272,-0.994869323391895
1550,21.5,78,1.2,0.0,0.0,0,1,0,0,-0.433883739117558,-0.9009688679024191,-0.10116832198743204,-0.9948693233918952
1904,21.2,77,1.2,0.0,0.0,0,1,0,0,-0.433883739117558,-0.9009688679024191,-0.2993631229733582,-0.9541392564000488
2235,20.9,77,0.6,0.0,0.0,0,1,0,0,-0.433883739117558,-0.9009688679024191,-0.4853019625310808,-0.8743466161445822
1720,20.3,81,1.0,0.0,0.0,0,1,0,0,-0.433883739117558,-0.9009688679024191,-0.651372482722222,-0.7587581226927911
1551,20.0,82,0.4,0.0,0.0,0,1,0,0,-0.433883739117558,-0.9009688679024191,-0.7907757369376986,-0.6121059825476627
1540,19.9,82,0.6,0.0,0.0,0,1,0,0,-0.433883739117558,-0.9009688679024191,-0.8978045395707417,-0.44039415155763423
1493,19.7,82,0.5,0.0,0.0,0,1,0,0,-0.433883739117558,-0.9009688679024191,-0.9680771188662041,-0.2506525322587213
1171,19.5,82,0.6,0.0,0.0,0,1,0,0,-0.433883739117558,-0.9009688679024191,-0.9987165071710528,-0.05064916883871355
953,19.5,81,1.1,0.0,0.0,0,1,0,0,-0.9749279121818236,-0.2225209339563146,0.0,1.0
875,19.5,83,1.5,0.0,0.0,0,1,0,0,-0.9749279121818236,-0.2225209339563146,0.20129852008866006,0.9795299412524945
655,19.4,85,0.0,0.0,0.0,0,1,0,0,-0.9749279121818236,-0.2225209339563146,0.39435585511331855,0.9189578116202306
458,18.8,90,1.0,0.0,0.0,0,1,0,0,-0.9749279121818236,-0.2225209339563146,0.5712682150947923,0.8207634412072763
96,18.9,88,0.8,0.0,0.0,0,1,0,0,-0.9749279121818236,-0.2225209339563146,0.72479278722912,0.6889669190756866
93,18.8,96,0.2,6.5,0.0,0,1,0,0,-0.9749279121818236,-0.2225209339563146,0.8486442574947509,0.5289640103269624
215,18.4,95,0.1,0.0,0.0,0,1,0,0,-0.9749279121818236,-0.2225209339563146,0.9377521321470804,0.3473052528448203
363,18.1,96,0.9,0.0,0.0,0,1,0,0,-0.9749279121818236,-0.2225209339563146,0.9884683243281114,0.1514277775045767
654,18.2,86,0.0,0.0,0.0,0,1,0,0,-0.9749279121818236,-0.2225209339563146,0.9987165071710528,-0.05064916883871264
810,19.7,78,1.3,0.0,0.0,0,1,0,0,-0.9749279121818236,-0.2225209339563146,0.9680771188662043,-0.2506525322587204
925,21.8,67,1.9,0.0,0.0,0,1,0,0,-0.9749279121818236,-0.2225209339563146,0.8978045395707416,-0.4403941515576344
1062,22.7,55,2.7,0.0,0.0,0,1,0,0,-0.9749279121818236,-0.2225209339563146,0.7907757369376989,-0.6121059825476626
1273,24.2,43,2.2,0.0,0.0,0,1,0,0,-0.9749279121818236,-0.2225209339563146,0.6513724827222223,-0.758758122692791
1409,24.9,32,3.9,0.0,0.0,0,1,0,0,-0.9749279121818236,-0.2225209339563146,0.48530196253108104,-0.8743466161445821
1532,25.2,28,4.4,0.0,0.0,0,1,0,0,-0.9749279121818236,-0.2225209339563146,0.29936312297335804,-0.9541392564000488
1814,25.4,32,3.8,0.0,0.0,0,1,0,0,-0.9749279121818236,-0.2225209339563146,0.10116832198743272,-0.994869323391895
1840,25.3,38,3.0,0.0,0.0,0,1,0,0,-0.9749279121818236,-0.2225209339563146,-0.10116832198743204,-0.9948693233918952
2045,24.6,35,3.6,0.0,0.0,0,1,0,0,-0.9749279121818236,-0.2225209339563146,-0.2993631229733582,-0.9541392564000488
1939,23.2,36,2.8,0.0,0.0,0,1,0,0,-0.9749279121818236,-0.2225209339563146,-0.4853019625310808,-0.8743466161445822
1743,21.3,43,2.8,0.0,0.0,0,1,0,0,-0.9749279121818236,-0.2225209339563146,-0.651372482722222,-0.7587581226927911
1604,20.4,52,1.2,0.0,0.0,0,1,0,0,-0.9749279121818236,-0.2225209339563146,-0.7907757369376986,-0.6121059825476627
1502,19.4,55,0.8,0.0,0.0,0,1,0,0,-0.9749279121818236,-0.2225209339563146,-0.8978045395707417,-0.44039415155763423
1430,18.6,62,0.6,0.0,0.0,0,1,0,0,-0.9749279121818236,-0.2225209339563146,-0.9680771188662041,-0.2506525322587213
1108,17.9,66,1.0,0.0,0.0,0,1,0,0,-0.9749279121818236,-0.2225209339563146,-0.9987165071710528,-0.05064916883871355
880,17.2,69,0.6,0.0,0.0,1,1,0,0,-0.7818314824680299,0.6234898018587334,0.0,1.0
644,16.4,66,0.1,0.0,0.0,1,1,0,0,-0.7818314824680299,0.6234898018587334,0.20129852008866006,0.9795299412524945
489,16.0,72,1.3,0.0,0.0,1,1,0,0,-0.7818314824680299,0.6234898018587334,0.39435585511331855,0.9189578116202306
334,15.8,70,0.8,0.0,0.0,1,1,0,0,-0.7818314824680299,0.6234898018587334,0.5712682150947923,0.8207634412072763
202,16.2,69,0.7,0.0,0.0,1,1,0,0,-0.7818314824680299,0.6234898018587334,0.72479278722912,0.6889669190756866
106,16.3,67,0.8,0.0,0.0,1,1,0,0,-0.7818314824680299,0.6234898018587334,0.8486442574947509,0.5289640103269624
144,16.5,73,1.2,0.0,0.0,1,1,0,0,-0.7818314824680299,0.6234898018587334,0.9377521321470804,0.3473052528448203
261,16.5,74,0.4,0.0,0.0,1,1,0,0,-0.7818314824680299,0.6234898018587334,0.9884683243281114,0.1514277775045767
439,17.0,69,1.2,0.0,0.0,1,1,0,0,-0.7818314824680299,0.6234898018587334,0.9987165071710528,-0.05064916883871264
534,18.4,59,1.0,0.0,0.0,1,1,0,0,-0.7818314824680299,0.6234898018587334,0.9680771188662043,-0.2506525322587204
620,19.3,59,0.2,0.0,0.0,1,1,0,0,-0.7818314824680299,0.6234898018587334,0.8978045395707416,-0.4403941515576344
764,20.1,57,3.0,0.0,0.0,1,1,0,0,-0.7818314824680299,0.6234898018587334,0.7907757369376989,-0.6121059825476626
915,20.8,52,1.2,0.0,0.0,1,1,0,0,-0.7818314824680299,0.6234898018587334,0.6513724827222223,-0.758758122692791
1031,22.7,44,1.4,0.0,0.0,1,1,0,0,-0.7818314824680299,0.6234898018587334,0.48530196253108104,-0.8743466161445821
1136,24.2,40,1.2,0.0,0.0,1,1,0,0,-0.7818314824680299,0.6234898018587334,0.29936312297335804,-0.9541392564000488
1366,25.0,28,2.2,0.0,0.0,1,1,0,0,-0.7818314824680299,0.6234898018587334,0.10116832198743272,-0.994869323391895
1502,24.6,29,4.0,0.0,0.0,1,1,0,0,-0.7818314824680299,0.6234898018587334,-0.10116832198743204,-0.9948693233918952
1591,24.1,41,2.4,0.0,0.0,1,1,0,0,-0.7818314824680299,0.6234898018587334,-0.2993631229733582,-0.9541392564000488
1492,22.3,53,2.7,0.0,0.0,1,1,0,0,-0.7818314824680299,0.6234898018587334,-0.4853019625310808,-0.8743466161445822
1333,21.0,54,2.9,0.0,0.0,1,1,0,0,-0.7818314824680299,0.6234898018587334,-0.651372482722222,-0.7587581226927911
1287,20.2,48,3.3,0.0,0.0,1,1,0,0,-0.7818314824680299,0.6234898018587334,-0.7907757369376986,-0.6121059825476627
1148,19.1,38,2.1,0.0,0.0,1,1,0,0,-0.7818314824680299,0.6234898018587334,-0.8978045395707417,-0.44039415155763423
1074,18.5,40,2.5,0.0,0.0,1,1,0,0,-0.7818314824680299,0.6234898018587334,-0.9680771188662041,-0.2506525322587213
768,17.7,45,1.1,0.0,0.0,1,1,0,0,-0.7818314824680299,0.6234898018587334,-0.9987165071710528,-0.05064916883871355
620,17.2,50,1.7,0.0,0.0,1,1,0,0,0.0,1.0,0.0,1.0
426,16.8,53,2.0,0.0,0.0,1,1,0,0,0.0,1.0,0.20129852008866006,0.9795299412524945
302,16.1,57,0.7,0.0,0.0,1,1,0,0,0.0,1.0,0.39435585511331855,0.9189578116202306
216,15.5,63,0.3,0.0,0.0,1,1,0,0,0.0,1.0,0.5712682150947923,0.8207634412072763
141,14.9,68,0.9,0.0,0.0,1,1,0,0,0.0,1.0,0.72479278722912,0.6889669190756866
105,14.4,66,0.3,0.0,0.0,1,1,0,0,0.0,1.0,0.8486442574947509,0.5289640103269624
141,14.3,66,0.5,0.0,0.0,1,1,0,0,0.0,1.0,0.9377521321470804,0.3473052528448203
205,14.7,61,2.1,0.0,0.0,1,1,0,0,0.0,1.0,0.9884683243281114,0.1514277775045767
296,15.4,52,2.2,0.0,0.0,1,1,0,0,0.0,1.0,0.9987165071710528,-0.05064916883871264
310,17.0,43,2.1,0.0,0.0,1,1,0,0,0.0,1.0,0.9680771188662043,-0.2506525322587204
426,18.5,38,3.3,0.0,0.0,1,1,0,0,0.0,1.0,0.8978045395707416,-0.4403941515576344
588,19.4,31,4.1,0.0,0.0,1,1,0,0,0.0,1.0,0.7907757369376989,-0.6121059825476626
754,20.3,34,2.6,0.0,0.0,1,1,0,0,0.0,1.0,0.6513724827222223,-0.758758122692791
885,20.9,30,3.5,0.0,0.0,1,1,0,0,0.0,1.0,0.48530196253108104,-0.8743466161445821
1099,21.3,30,4.3,0.0,0.0,1,1,0,0,0.0,1.0,0.29936312297335804,-0.9541392564000488
1273,21.8,32,3.3,0.0,0.0,1,1,0,0,0.0,1.0,0.10116832198743272,-0.994869323391895
1433,22.0,31,2.7,0.0,0.0,1,1,0,0,0.0,1.0,-0.10116832198743204,-0.9948693233918952
1442,21.6,32,3.1,0.0,0.0,1,1,0,0,0.0,1.0,-0.2993631229733582,-0.9541392564000488
1237,20.3,35,2.4,0.0,0.0,1,1,0,0,0.0,1.0,-0.4853019625310808,-0.8743466161445822
1280,18.6,54,2.7,0.0,0.0,1,1,0,0,0.0,1.0,-0.651372482722222,-0.7587581226927911
1227,17.6,57,1.4,0.0,0.0,1,1,0,0,0.0,1.0,-0.7907757369376986,-0.6121059825476627
1145,16.8,58,1.2,0.0,0.0,1,1,0,0,0.0,1.0,-0.8978045395707417,-0.44039415155763423
958,16.6,47,3.9,0.0,0.0,1,1,0,0,0.0,1.0,-0.9680771188662041,-0.2506525322587213
750,15.7,51,0.4,0.0,0.0,1,1,0,0,0.0,1.0,-0.9987165071710528,-0.05064916883871355
558,14.7,55,1.6,0.0,0.0,1,1,0,0,0.7818314824680298,0.6234898018587336,0.0,1.0
408,13.8,60,0.8,0.0,0.0,1,1,0,0,0.7818314824680298,0.6234898018587336,0.20129852008866006,0.9795299412524945
292,13.4,62,0.2,0.0,0.0,1,1,0,0,0.7818314824680298,0.6234898018587336,0.39435585511331855,0.9189578116202306
222,12.7,67,0.5,0.0,0.0,1,1,0,0,0.7818314824680298,0.6234898018587336,0.5712682150947923,0.8207634412072763
157,12.0,69,0.5,0.0,0.0,1,1,0,0,0.7818314824680298,0.6234898018587336,0.72479278722912,0.6889669190756866
105,11.5,70,0.5,0.0,0.0,1,1,0,0,0.7818314824680298,0.6234898018587336,0.8486442574947509,0.5289640103269624
132,11.2,70,0.9,0.0,0.0,1,1,0,0,0.7818314824680298,0.6234898018587336,0.9377521321470804,0.3473052528448203
262,10.8,72,0.9,0.0,0.0,1,1,0,0,0.7818314824680298,0.6234898018587336,0.9884683243281114,0.1514277775045767
440,12.0,61,1.3,0.0,0.0,1,1,0,0,0.7818314824680298,0.6234898018587336,0.9987165071710528,-0.05064916883871264
542,15.3,49,1.0,0.0,0.0,1,1,0,0,0.7818314824680298,0.6234898018587336,0.9680771188662043,-0.2506525322587204
667,18.0,44,1.3,0.0,0.0,1,1,0,0,0.7818314824680298,0.6234898018587336,0.8978045395707416,-0.4403941515576344
853,20.1,40,1.6,0.0,0.0,1,1,0,0,0.7818314824680298,0.6234898018587336,0.7907757369376989,-0.6121059825476626
1045,21.7,36,2.0,0.0,0.0,1,1,0,0,0.7818314824680298,0.6234898018587336,0.6513724827222223,-0.758758122692791
1309,22.9,30,2.0,0.0,0.0,1,1,0,0,0.7818314824680298,0.6234898018587336,0.48530196253108104,-0.8743466161445821
1522,23.7,28,1.4,0.0,0.0,1,1,0,0,0.7818314824680298,0.6234898018587336,0.29936312297335804,-0.9541392564000488
1747,24.1,26,1.6,0.0,0.0,1,1,0,0,0.7818314824680298,0.6234898018587336,0.10116832198743272,-0.994869323391895
1955,24.2,28,1.7,0.0,0.0,1,1,0,0,0.7818314824680298,0.6234898018587336,-0.10116832198743204,-0.9948693233918952
2033,22.9,33,1.4,0.0,0.0,1,1,0,0,0.7818314824680298,0.6234898018587336,-0.2993631229733582,-0.9541392564000488
1885,21.6,37,1.0,0.0,0.0,1,1,0,0,0.7818314824680298,0.6234898018587336,-0.4853019625310808,-0.8743466161445822
1608,20.3,39,0.6,0.0,0.0,1,1,0,0,0.7818314824680298,0.6234898018587336,-0.651372482722222,-0.7587581226927911
1583,19.3,45,0.4,0.0,0.0,1,1,0,0,0.7818314824680298,0.6234898018587336,-0.7907757369376986,-0.6121059825476627
1565,18.5,48,1.0,0.0,0.0,1,1,0,0,0.7818314824680298,0.6234898018587336,-0.8978045395707417,-0.44039415155763423
1418,17.7,52,1.0,0.0,0.0,1,1,0,0,0.7818314824680298,0.6234898018587336,-0.9680771188662041,-0.2506525322587213
1042,17.4,49,1.2,0.0,0.0,1,1,0,0,0.7818314824680298,0.6234898018587336,-0.9987165071710528,-0.05064916883871355
880,17.0,51,1.5,0.0,0.0,0,1,0,0,0.9749279121818236,-0.22252093395631434,0.0,1.0
594,16.6,53,1.7,0.0,0.0,0,1,0,0,0.9749279121818236,-0.22252093395631434,0.20129852008866006,0.9795299412524945
453,16.6,54,1.5,0.0,0.0,0,1,0,0,0.9749279121818236,-0.22252093395631434,0.39435585511331855,0.9189578116202306
355,16.5,57,1.6,0.0,0.0,0,1,0,0,0.9749279121818236,-0.22252093395631434,0.5712682150947923,0.8207634412072763
222,16.4,59,1.7,0.0,0.0,0,1,0,0,0.9749279121818236,-0.22252093395631434,0.72479278722912,0.6889669190756866
150,16.3,61,1.5,0.0,0.0,0,1,0,0,0.9749279121818236,-0.22252093395631434,0.8486442574947509,0.5289640103269624
230,16.3,62,2.1,0.0,0.0,0,1,0,0,0.9749279121818236,-0.22252093395631434,0.9377521321470804,0.3473052528448203
335,16.3,62,2.0,0.0,0.0,0,1,0,0,0.9749279121818236,-0.22252093395631434,0.9884683243281114,0.1514277775045767
598,16.7,60,2.0,0.0,0.0,0,1,0,0,0.9749279121818236,-0.22252093395631434,0.9987165071710528,-0.05064916883871264
680,17.7,54,1.8,0.0,0.0,0,1,0,0,0.9749279121818236,-0.22252093395631434,0.9680771188662043,-0.2506525322587204
923,19.4,47,2.3,0.0,0.0,0,1,0,0,0.9749279121818236,-0.22252093395631434,0.8978045395707416,-0.4403941515576344
1152,20.5,42,2.1,0.0,0.0,0,1,0,0,0.9749279121818236,-0.22252093395631434,0.7907757369376989,-0.6121059825476626
1358,22.5,37,1.8,0.0,0.0,0,1,0,0,0.9749279121818236,-0.22252093395631434,0.6513724827222223,-0.758758122692791
1686,23.4,34,2.1,0.0,0.0,0,1,0,0,0.9749279121818236,-0.22252093395631434,0.48530196253108104,-0.8743466161445821
1972,24.1,33,1.3,0.0,0.0,0,1,0,0,0.9749279121818236,-0.22252093395631434,0.29936312297335804,-0.9541392564000488
2170,24.7,35,1.2,0.0,0.0,0,1,0,0,0.9749279121818236,-0.22252093395631434,0.10116832198743272,-0.994869323391895
2270,24.4,35,1.8,0.0,0.0,0,1,0,0,0.9749279121818236,-0.22252093395631434,-0.10116832198743204,-0.9948693233918952
2349,23.6,38,1.4,0.0,0.0,0,1,0,0,0.9749279121818236,-0.22252093395631434,-0.2993631229733582,-0.9541392564000488
2339,22.1,45,1.5,0.0,0.0,0,1,0,0,0.9749279121818236,-0.22252093395631434,-0.4853019625310808,-0.8743466161445822
1937,20.7,46,1.0,0.0,0.0,0,1,0,0,0.9749279121818236,-0.22252093395631434,-0.651372482722222,-0.7587581226927911
1653,20.0,46,2.0,0.0,0.0,0,1,0,0,0.9749279121818236,-0.22252093395631434,-0.7907757369376986,-0.6121059825476627
1529,18.9,43,2.0,0.0,0.0,0,1,0,0,0.9749279121818236,-0.22252093395631434,-0.8978045395707417,-0.44039415155763423
1249,18.1,43,1.7,0.0,0.0,0,1,0,0,0.9749279121818236,-0.22252093395631434,-0.9680771188662041,-0.2506525322587213
934,17.4,46,2.1,0.0,0.0,0,1,0,0,0.9749279121818236,-0.22252093395631434,-0.9987165071710528,-0.05064916883871355
770,16.7,50,1.7,0.0,0.0,0,1,0,0,0.43388373911755823,-0.900968867902419,0.0,1.0
488,16.1,53,1.4,0.0,0.0,0,1,0,0,0.43388373911755823,-0.900968867902419,0.20129852008866006,0.9795299412524945
326,15.7,53,1.4,0.0,0.0,0,1,0,0,0.43388373911755823,-0.900968867902419,0.39435585511331855,0.9189578116202306
178,14.9,57,1.1,0.0,0.0,0,1,0,0,0.43388373911755823,-0.900968867902419,0.5712682150947923,0.8207634412072763
151,14.4,58,1.1,0.0,0.0,0,1,0,0,0.43388373911755823,-0.900968867902419,0.72479278722912,0.6889669190756866
207,13.9,60,0.6,0.0,0.0,0,1,0,0,0.43388373911755823,-0.900968867902419,0.8486442574947509,0.5289640103269624
589,13.4,61,0.8,0.0,0.0,0,1,0,0,0.43388373911755823,-0.900968867902419,0.9377521321470804,0.3473052528448203
1364,13.2,60,0.5,0.0,0.0,0,1,0,0,0.43388373911755823,-0.900968867902419,0.9884683243281114,0.1514277775045767
2129,14.8,51,1.1,0.0,0.0,0,1,0,0,0.43388373911755823,-0.900968867902419,0.9987165071710528,-0.05064916883871264
1120,17.7,48,1.5,0.0,0.0,0,1,0,0,0.43388373911755823,-0.900968867902419,0.9680771188662043,-0.2506525322587204
907,19.9,47,1.8,0.0,0.0,0,1,0,0,0.43388373911755823,-0.900968867902419,0.8978045395707416,-0.4403941515576344
1019,21.3,43,1.7,0.0,0.0,0,1,0,0,0.43388373911755823,-0.900968867902419,0.7907757369376989,-0.6121059825476626
1189,23.2,42,1.4,0.0,0.0,0,1,0,0,0.43388373911755823,-0.900968867902419,0.6513724827222223,-0.758758122692791
1191,23.0,39,1.7,0.0,0.0,0,1,0,0,0.43388373911755823,-0.900968867902419,0.48530196253108104,-0.8743466161445821
1305,24.6,34,1.5,0.0,0.0,0,1,0,0,0.43388373911755823,-0.900968867902419,0.29936312297335804,-0.9541392564000488
1404,23.4,35,1.4,0.0,0.0,0,1,0,0,0.43388373911755823,-0.900968867902419,0.10116832198743272,-0.994869323391895
1636,23.6,31,1.1,0.0,0.0,0,1,0,0,0.43388373911755823,-0.900968867902419,-0.10116832198743204,-0.9948693233918952
2189,24.3,31,1.5,0.0,0.0,0,1,0,0,0.43388373911755823,-0.900968867902419,-0.2993631229733582,-0.9541392564000488
3154,22.5,38,0.8,0.0,0.0,0,1,0,0,0.43388373911755823,-0.900968867902419,-0.4853019625310808,-0.8743466161445822
2422,20.6,44,0.7,0.0,0.0,0,1,0,0,0.43388373911755823,-0.900968867902419,-0.651372482722222,-0.7587581226927911
2098,19.5,47,1.2,0.0,0.0,0,1,0,0,0.43388373911755823,-0.900968867902419,-0.7907757369376986,-0.6121059825476627
1930,18.7,48,1.3,0.0,0.0,0,1,0,0,0.43388373911755823,-0.900968867902419,-0.8978045395707417,-0.44039415155763423
1801,17.9,50,1.0,0.0,0.0,0,1,0,0,0.43388373911755823,-0.900968867902419,-0.9680771188662041,-0.2506525322587213
1222,17.7,51,1.4,0.0,0.0,0,1,0,0,0.43388373911755823,-0.900968867902419,-0.9987165071710528,-0.05064916883871355
0,17.1,52,1.4,0.0,0.0,0,1,0,0,-0.433883739117558,-0.9009688679024191,0.0,1.0
0,16.5,53,1.5,0.0,0.0,0,1,0,0,-0.433883739117558,-0.9009688679024191,0.20129852008866006,0.9795299412524945
0,16.0,56,1.5,0.0,0.0,0,1,0,0,-0.433883739117558,-0.9009688679024191,0.39435585511331855,0.9189578116202306
0,15.3,59,1.6,0.0,0.0,0,1,0,0,-0.433883739117558,-0.9009688679024191,0.5712682150947923,0.8207634412072763
0,14.7,62,1.5,0.0,0.0,0,1,0,0,-0.433883739117558,-0.9009688679024191,0.72479278722912,0.6889669190756866
0,14.5,60,1.4,0.0,0.0,0,1,0,0,-0.433883739117558,-0.9009688679024191,0.8486442574947509,0.5289640103269624
0,14.4,61,1.2,0.0,0.0,0,1,0,0,-0.433883739117558,-0.9009688679024191,0.9377521321470804,0.3473052528448203
0,14.5,62,1.5,0.0,0.0,0,1,0,0,-0.433883739117558,-0.9009688679024191,0.9884683243281114,0.1514277775045767
0,15.2,58,1.7,0.0,0.0,0,1,0,0,-0.433883739117558,-0.9009688679024191,0.9987165071710528,-0.05064916883871264
0,16.5,50,1.2,0.0,0.0,0,1,0,0,-0.433883739117558,-0.9009688679024191,0.9680771188662043,-0.2506525322587204
0,17.4,51,1.3,0.0,0.0,0,1,0,0,-0.433883739117558,-0.9009688679024191,0.8978045395707416,-0.4403941515576344
0,17.9,54,1.4,0.0,0.0,0,1,0,0,-0.433883739117558,-0.9009688679024191,0.7907757369376989,-0.6121059825476626
0,19.0,52,1.2,0.0,0.0,0,1,0,0,-0.433883739117558,-0.9009688679024191,0.6513724827222223,-0.758758122692791
0,19.1,53,1.4,0.0,0.0,0,1,0,0,-0.433883739117558,-0.9009688679024191,0.48530196253108104,-0.8743466161445821
0,19.4,53,1.4,0.0,0.0,0,1,0,0,-0.433883739117558,-0.9009688679024191,0.29936312297335804,-0.9541392564000488
0,20.3,52,1.3,0.0,0.0,0,1,0,0,-0.433883739117558,-0.9009688679024191,0.10116832198743272,-0.994869323391895
0,21.9,46,1.2,0.0,0.0,0,1,0,0,-0.433883739117558,-0.9009688679024191,-0.10116832198743204,-0.9948693233918952
0,21.7,52,1.1,0.0,0.0,0,1,0,0,-0.433883739117558,-0.9009688679024191,-0.2993631229733582,-0.9541392564000488
0,20.4,56,1.7,0.0,0.0,0,1,0,0,-0.433883739117558,-0.9009688679024191,-0.4853019625310808,-0.8743466161445822
0,19.3,61,0.8,0.0,0.0,0,1,0,0,-0.433883739117558,-0.9009688679024191,-0.651372482722222,-0.7587581226927911
0,18.0,67,0.7,0.0,0.0,0,1,0,0,-0.433883739117558,-0.9009688679024191,-0.7907757369376986,-0.6121059825476627
0,17.8,66,1.1,0.0,0.0,0,1,0,0,-0.433883739117558,-0.9009688679024191,-0.8978045395707417,-0.44039415155763423
0,17.1,70,1.0,0.0,0.0,0,1,0,0,-0.433883739117558,-0.9009688679024191,-0.9680771188662041,-0.2506525322587213
0,16.6,69,1.0,0.0,0.0,0,1,0,0,-0.433883739117558,-0.9009688679024191,-0.9987165071710528,-0.05064916883871355
1037,16.6,69,1.0,0.0,0.0,0,1,0,0,-0.9749279121818236,-0.2225209339563146,0.0,1.0
982,16.2,71,0.9,0.0,0.0,0,1,0,0,-0.9749279121818236,-0.2225209339563146,0.20129852008866006,0.9795299412524945
690,15.8,71,1.1,0.0,0.0,0,1,0,0,-0.9749279121818236,-0.2225209339563146,0.39435585511331855,0.9189578116202306
493,15.5,73,1.0,0.0,0.0,0,1,0,0,-0.9749279121818236,-0.2225209339563146,0.5712682150947923,0.8207634412072763
301,15.4,74,0.9,0.0,0.0,0,1,0,0,-0.9749279121818236,-0.2225209339563146,0.72479278722912,0.6889669190756866
208,15.0,77,0.5,0.0,0.0,0,1,0,0,-0.9749279121818236,-0.2225209339563146,0.8486442574947509,0.5289640103269624
290,14.6,81,1.0,0.0,0.0,0,1,0,0,-0.9749279121818236,-0.2225209339563146,0.9377521321470804,0.3473052528448203
513,14.7,76,0.8,0.0,0.0,0,1,0,0,-0.9749279121818236,-0.2225209339563146,0.9884683243281114,0.1514277775045767
848,15.7,65,1.2,0.0,0.0,0,1,0,0,-0.9749279121818236,-0.2225209339563146,0.9987165071710528,-0.05064916883871264
1076,18.3,58,1.4,0.0,0.0,0,1,0,0,-0.9749279121818236,-0.2225209339563146,0.9680771188662043,-0.2506525322587204
1071,20.8,52,1.5,0.0,0.0,0,1,0,0,-0.9749279121818236,-0.2225209339563146,0.8978045395707416,-0.4403941515576344
1284,22.3,50,1.3,0.0,0.0,0,1,0,0,-0.9749279121818236,-0.2225209339563146,0.7907757369376989,-0.6121059825476626
1495,23.8,44,1.7,0.0,0.0,0,1,0,0,-0.9749279121818236,-0.2225209339563146,0.6513724827222223,-0.758758122692791
1752,24.9,40,1.4,0.0,0.0,0,1,0,0,-0.9749279121818236,-0.2225209339563146,0.48530196253108104,-0.8743466161445821
1892,26.2,33,1.8,0.0,0.0,0,1,0,0,-0.9749279121818236,-0.2225209339563146,0.29936312297335804,-0.9541392564000488
2065,26.5,33,1.4,0.0,0.0,0,1,0,0,-0.9749279121818236,-0.2225209339563146,0.10116832198743272,-0.994869323391895
2254,26.6,34,1.3,0.0,0.0,0,1,0,0,-0.9749279121818236,-0.2225209339563146,-0.10116832198743204,-0.9948693233918952
2432,26.3,31,1.0,0.0,0.0,0,1,0,0,-0.9749279121818236,-0.2225209339563146,-0.2993631229733582,-0.9541392564000488
2397,24.8,41,0.5,0.0,0.0,0,1,0,0,-0.9749279121818236,-0.2225209339563146,-0.4853019625310808,-0.8743466161445822
2021,22.5,43,0.4,0.0,0.0,0,1,0,0,-0.9749279121818236,-0.2225209339563146,-0.651372482722222,-0.7587581226927911
1835,21.3,46,0.1,0.0,0.0,0,1,0,0,-0.9749279121818236,-0.2225209339563146,-0.7907757369376986,-0.6121059825476627
1781,20.1,54,1.2,0.0,0.0,0,1,0,0,-0.9749279121818236,-0.2225209339563146,-0.8978045395707417,-0.44039415155763423
1501,19.3,55,0.5,0.0,0.0,0,1,0,0,-0.9749279121818236,-0.2225209339563146,-0.9680771188662041,-0.2506525322587213
1229,18.6,59,0.7,0.0,0.0,0,1,0,0,-0.9749279121818236,-0.2225209339563146,-0.9987165071710528,-0.05064916883871355
0,18.1,60,0.2,0.0,0.0,0,1,0,0,-0.7818314824680299,0.6234898018587334,0.0,1.0
0,17.5,66,0.5,0.0,0.0,0,1,0,0,-0.7818314824680299,0.6234898018587334,0.20129852008866006,0.9795299412524945
0,17.3,68,0.7,0.0,0.0,0,1,0,0,-0.7818314824680299,0.6234898018587334,0.39435585511331855,0.9189578116202306
0,17.0,70,0.9,0.0,0.0,0,1,0,0,-0.7818314824680299,0.6234898018587334,0.5712682150947923,0.8207634412072763
0,16.6,73,0.3,0.0,0.0,0,1,0,0,-0.7818314824680299,0.6234898018587334,0.72479278722912,0.6889669190756866
0,16.1,78,0.4,0.0,0.0,0,1,0,0,-0.7818314824680299,0.6234898018587334,0.8486442574947509,0.5289640103269624
0,15.5,80,0.4,0.0,0.0,0,1,0,0,-0.7818314824680299,0.6234898018587334,0.9377521321470804,0.3473052528448203
0,15.1,81,0.8,0.0,0.0,0,1,0,0,-0.7818314824680299,0.6234898018587334,0.9884683243281114,0.1514277775045767
0,16.2,69,1.1,0.0,0.0,0,1,0,0,-0.7818314824680299,0.6234898018587334,0.9987165071710528,-0.05064916883871264
0,18.5,62,0.5,0.0,0.0,0,1,0,0,-0.7818314824680299,0.6234898018587334,0.9680771188662043,-0.2506525322587204
0,20.7,62,1.3,0.0,0.0,0,1,0,0,-0.7818314824680299,0.6234898018587334,0.8978045395707416,-0.4403941515576344
0,20.2,63,2.8,0.0,0.0,0,1,0,0,-0.7818314824680299,0.6234898018587334,0.7907757369376989,-0.6121059825476626
0,20.8,47,3.1,0.0,0.0,0,1,0,0,-0.7818314824680299,0.6234898018587334,0.6513724827222223,-0.758758122692791
0,21.1,42,4.6,0.0,0.0,0,1,0,0,-0.7818314824680299,0.6234898018587334,0.48530196253108104,-0.8743466161445821
0,21.1,32,4.4,0.0,0.0,0,1,0,0,-0.7818314824680299,0.6234898018587334,0.29936312297335804,-0.9541392564000488
0,21.3,32,3.8,0.0,0.0,0,1,0,0,-0.7818314824680299,0.6234898018587334,0.10116832198743272,-0.994869323391895
0,21.2,28,3.2,0.0,0.0,0,1,0,0,-0.7818314824680299,0.6234898018587334,-0.10116832198743204,-0.9948693233918952
0,20.4,31,3.2,0.0,0.0,0,1,0,0,-0.7818314824680299,0.6234898018587334,-0.2993631229733582,-0.9541392564000488
0,18.3,34,3.3,0.0,0.0,0,1,0,0,-0.7818314824680299,0.6234898018587334,-0.4853019625310808,-0.8743466161445822
0,17.1,35,2.9,0.0,0.0,0,1,0,0,-0.7818314824680299,0.6234898018587334,-0.651372482722222,-0.7587581226927911
0,16.0,39,2.9,0.0,0.0,0,1,0,0,-0.7818314824680299,0.6234898018587334,-0.7907757369376986,-0.6121059825476627
0,15.2,40,3.0,0.0,0.0,0,1,0,0,-0.7818314824680299,0.6234898018587334,-0.8978045395707417,-0.44039415155763423
0,14.6,46,2.2,0.0,0.0,0,1,0,0,-0.7818314824680299,0.6234898018587334,-0.9680771188662041,-0.2506525322587213
0,14.1,53,2.1,0.0,0.0,0,1,0,0,-0.7818314824680299,0.6234898018587334,-0.9987165071710528,-0.05064916883871355
680,14.1,55,2.6,0.0,0.0,0,1,0,0,0.0,1.0,0.0,1.0
402,13.9,57,2.0,0.0,0.0,0,1,0,0,0.0,1.0,0.20129852008866006,0.9795299412524945
262,13.9,56,2.4,0.0,0.0,0,1,0,0,0.0,1.0,0.39435585511331855,0.9189578116202306
179,13.6,56,1.6,0.0,0.0,0,1,0,0,0.0,1.0,0.5712682150947923,0.8207634412072763
143,13.7,56,1.9,0.0,0.0,0,1,0,0,0.0,1.0,0.72479278722912,0.6889669190756866
246,13.7,57,1.8,0.0,0.0,0,1,0,0,0.0,1.0,0.8486442574947509,0.5289640103269624
632,13.3,56,2.3,0.0,0.0,0,1,0,0,0.0,1.0,0.9377521321470804,0.3473052528448203
1429,13.1,58,2.1,0.0,0.0,0,1,0,0,0.0,1.0,0.9884683243281114,0.1514277775045767
2101,13.7,54,2.4,0.0,0.0,0,1,0,0,0.0,1.0,0.9987165071710528,-0.05064916883871264
1106,14.9,50,3.4,0.0,0.0,0,1,0,0,0.0,1.0,0.9680771188662043,-0.2506525322587204
856,16.3,47,3.6,0.0,0.0,0,1,0,0,0.0,1.0,0.8978045395707416,-0.4403941515576344
959,17.0,45,4.5,0.0,0.0,0,1,0,0,0.0,1.0,0.7907757369376989,-0.6121059825476626
1138,18.4,40,3.5,0.0,0.0,0,1,0,0,0.0,1.0,0.6513724827222223,-0.758758122692791
1087,17.6,49,4.7,0.0,0.0,0,1,0,0,0.0,1.0,0.48530196253108104,-0.8743466161445821
1137,19.3,36,3.5,0.0,0.0,0,1,0,0,0.0,1.0,0.29936312297335804,-0.9541392564000488
1258,19.0,40,3.8,0.0,0.0,0,1,0,0,0.0,1.0,0.10116832198743272,-0.994869323391895
1357,17.7,47,3.4,0.0,0.0,0,1,0,0,0.0,1.0,-0.10116832198743204,-0.9948693233918952
1799,17.2,53,2.9,0.0,0.0,0,1,0,0,0.0,1.0,-0.2993631229733582,-0.9541392564000488
2857,16.6,61,2.9,0.0,0.0,0,1,0,0,0.0,1.0,-0.4853019625310808,-0.8743466161445822
2122,16.2,62,2.2,0.0,0.0,0,1,0,0,0.0,1.0,-0.651372482722222,-0.7587581226927911
1824,15.4,63,2.1,0.0,0.0,0,1,0,0,0.0,1.0,-0.7907757369376986,-0.6121059825476627
1777,14.6,66,4.0,0.0,0.0,0,1,0,0,0.0,1.0,-0.8978045395707417,-0.44039415155763423
1501,13.9,69,0.5,0.0,0.0,0,1,0,0,0.0,1.0,-0.9680771188662041,-0.2506525322587213
1057,13.4,69,3.7,0.0,0.0,0,1,0,0,0.0,1.0,-0.9987165071710528,-0.05064916883871355
0,13.0,72,1.8,0.0,0.0,0,1,0,0,0.7818314824680298,0.6234898018587336,0.0,1.0
0,12.5,74,1.9,0.0,0.0,0,1,0,0,0.7818314824680298,0.6234898018587336,0.20129852008866006,0.9795299412524945
0,12.3,75,1.6,0.0,0.0,0,1,0,0,0.7818314824680298,0.6234898018587336,0.39435585511331855,0.9189578116202306
0,11.8,78,0.3,0.0,0.0,0,1,0,0,0.7818314824680298,0.6234898018587336,0.5712682150947923,0.8207634412072763
0,11.2,80,0.3,0.0,0.0,0,1,0,0,0.7818314824680298,0.6234898018587336,0.72479278722912,0.6889669190756866
0,10.8,82,0.3,0.0,0.0,0,1,0,0,0.7818314824680298,0.6234898018587336,0.8486442574947509,0.5289640103269624
0,10.6,81,0.0,0.0,0.0,0,1,0,0,0.7818314824680298,0.6234898018587336,0.9377521321470804,0.3473052528448203
0,10.4,81,0.3,0.0,0.0,0,1,0,0,0.7818314824680298,0.6234898018587336,0.9884683243281114,0.1514277775045767
0,11.2,69,0.9,0.0,0.0,0,1,0,0,0.7818314824680298,0.6234898018587336,0.9987165071710528,-0.05064916883871264
0,13.9,66,1.6,0.0,0.0,0,1,0,0,0.7818314824680298,0.6234898018587336,0.9680771188662043,-0.2506525322587204
0,16.7,58,2.4,0.0,0.0,0,1,0,0,0.7818314824680298,0.6234898018587336,0.8978045395707416,-0.4403941515576344
0,18.3,44,3.0,0.0,0.0,0,1,0,0,0.7818314824680298,0.6234898018587336,0.7907757369376989,-0.6121059825476626
0,19.4,41,3.1,0.0,0.0,0,1,0,0,0.7818314824680298,0.6234898018587336,0.6513724827222223,-0.758758122692791
0,20.4,36,2.6,0.0,0.0,0,1,0,0,0.7818314824680298,0.6234898018587336,0.48530196253108104,-0.8743466161445821
0,21.5,39,2.5,0.0,0.0,0,1,0,0,0.7818314824680298,0.6234898018587336,0.29936312297335804,-0.9541392564000488
0,21.8,38,2.6,0.0,0.0,0,1,0,0,0.7818314824680298,0.6234898018587336,0.10116832198743272,-0.994869323391895
0,21.7,36,3.2,0.0,0.0,0,1,0,0,0.7818314824680298,0.6234898018587336,-0.10116832198743204,-0.9948693233918952
0,21.2,40,2.4,0.0,0.0,0,1,0,0,0.7818314824680298,0.6234898018587336,-0.2993631229733582,-0.9541392564000488
0,19.2,48,2.2,0.0,0.0,0,1,0,0,0.7818314824680298,0.6234898018587336,-0.4853019625310808,-0.8743466161445822
0,17.6,57,1.7,0.0,0.0,0,1,0,0,0.7818314824680298,0.6234898018587336,-0.651372482722222,-0.7587581226927911
0,16.8,62,2.0,0.0,0.0,0,1,0,0,0.7818314824680298,0.6234898018587336,-0.7907757369376986,-0.6121059825476627
0,16.2,65,1.5,0.0,0.0,0,1,0,0,0.7818314824680298,0.6234898018587336,-0.8978045395707417,-0.44039415155763423
0,15.5,69,0.8,0.0,0.0,0,1,0,0,0.7818314824680298,0.6234898018587336,-0.9680771188662041,-0.2506525322587213
0,14.8,68,0.1,0.0,0.0,0,1,0,0,0.7818314824680298,0.6234898018587336,-0.9987165071710528,-0.05064916883871355
1040,14.5,74,0.4,0.0,0.0,1,1,0,0,0.9749279121818236,-0.22252093395631434,0.0,1.0
882,13.8,75,0.5,0.0,0.0,1,1,0,0,0.9749279121818236,-0.22252093395631434,0.20129852008866006,0.9795299412524945
685,13.2,77,1.2,0.0,0.0,1,1,0,0,0.9749279121818236,-0.22252093395631434,0.39435585511331855,0.9189578116202306
497,12.6,78,0.6,0.0,0.0,1,1,0,0,0.9749279121818236,-0.22252093395631434,0.5712682150947923,0.8207634412072763
284,12.1,80,1.2,0.0,0.0,1,1,0,0,0.9749279121818236,-0.22252093395631434,0.72479278722912,0.6889669190756866
173,11.8,82,1.1,0.0,0.0,1,1,0,0,0.9749279121818236,-0.22252093395631434,0.8486442574947509,0.5289640103269624
278,11.4,84,0.3,0.0,0.0,1,1,0,0,0.9749279121818236,-0.22252093395631434,0.9377521321470804,0.3473052528448203
440,11.2,85,0.3,0.0,0.0,1,1,0,0,0.9749279121818236,-0.22252093395631434,0.9884683243281114,0.1514277775045767
762,11.8,73,1.0,0.0,0.0,1,1,0,0,0.9749279121818236,-0.22252093395631434,0.9987165071710528,-0.05064916883871264
966,14.4,61,0.7,0.0,0.0,1,1,0,0,0.9749279121818236,-0.22252093395631434,0.9680771188662043,-0.2506525322587204
1113,17.3,53,0.7,0.0,0.0,1,1,0,0,0.9749279121818236,-0.22252093395631434,0.8978045395707416,-0.4403941515576344
1248,20.3,46,1.6,0.0,0.0,1,1,0,0,0.9749279121818236,-0.22252093395631434,0.7907757369376989,-0.6121059825476626
1634,21.4,40,1.4,0.0,0.0,1,1,0,0,0.9749279121818236,-0.22252093395631434,0.6513724827222223,-0.758758122692791
1849,22.5,40,2.6,0.0,0.0,1,1,0,0,0.9749279121818236,-0.22252093395631434,0.48530196253108104,-0.8743466161445821
1995,23.4,35,1.6,0.0,0.0,1,1,0,0,0.9749279121818236,-0.22252093395631434,0.29936312297335804,-0.9541392564000488
2200,24.1,34,2.0,0.0,0.0,1,1,0,0,0.9749279121818236,-0.22252093395631434,0.10116832198743272,-0.994869323391895
2112,24.0,34,2.7,0.0,0.0,1,1,0,0,0.9749279121818236,-0.22252093395631434,-0.10116832198743204,-0.9948693233918952
2400,23.3,36,1.7,0.0,0.0,1,1,0,0,0.9749279121818236,-0.22252093395631434,-0.2993631229733582,-0.9541392564000488
2235,21.5,43,1.8,0.0,0.0,1,1,0,0,0.9749279121818236,-0.22252093395631434,-0.4853019625310808,-0.8743466161445822
1792,20.0,49,1.5,0.0,0.0,1,1,0,0,0.9749279121818236,-0.22252093395631434,-0.651372482722222,-0.7587581226927911
1744,18.6,55,1.5,0.0,0.0,1,1,0,0,0.9749279121818236,-0.22252093395631434,-0.7907757369376986,-0.6121059825476627
1594,17.6,59,1.6,0.0,0.0,1,1,0,0,0.9749279121818236,-0.22252093395631434,-0.8978045395707417,-0.44039415155763423
1393,16.9,63,0.2,0.0,0.0,1,1,0,0,0.9749279121818236,-0.22252093395631434,-0.9680771188662041,-0.2506525322587213
1033,16.1,63,0.6,0.0,0.0,1,1,0,0,0.9749279121818236,-0.22252093395631434,-0.9987165071710528,-0.05064916883871355
0,15.5,65,0.8,0.0,0.0,0,1,0,0,0.43388373911755823,-0.900968867902419,0.0,1.0
0,14.7,69,0.6,0.0,0.0,0,1,0,0,0.43388373911755823,-0.900968867902419,0.20129852008866006,0.9795299412524945
0,14.0,73,0.5,0.0,0.0,0,1,0,0,0.43388373911755823,-0.900968867902419,0.39435585511331855,0.9189578116202306
0,13.6,75,0.8,0.0,0.0,0,1,0,0,0.43388373911755823,-0.900968867902419,0.5712682150947923,0.8207634412072763
0,13.3,75,0.4,0.0,0.0,0,1,0,0,0.43388373911755823,-0.900968867902419,0.72479278722912,0.6889669190756866
0,13.2,73,0.9,0.0,0.0,0,1,0,0,0.43388373911755823,-0.900968867902419,0.8486442574947509,0.5289640103269624
0,13.2,73,1.1,0.0,0.0,0,1,0,0,0.43388373911755823,-0.900968867902419,0.9377521321470804,0.3473052528448203
0,13.2,75,0.8,0.0,0.0,0,1,0,0,0.43388373911755823,-0.900968867902419,0.9884683243281114,0.1514277775045767
0,13.9,68,0.9,0.0,0.0,0,1,0,0,0.43388373911755823,-0.900968867902419,0.9987165071710528,-0.05064916883871264
0,16.7,58,1.8,0.0,0.0,0,1,0,0,0.43388373911755823,-0.900968867902419,0.9680771188662043,-0.2506525322587204
0,19.0,49,1.7,0.0,0.0,0,1,0,0,0.43388373911755823,-0.900968867902419,0.8978045395707416,-0.4403941515576344
0,21.3,41,1.9,0.0,0.0,0,1,0,0,0.43388373911755823,-0.900968867902419,0.7907757369376989,-0.6121059825476626
0,23.2,38,1.7,0.0,0.0,0,1,0,0,0.43388373911755823,-0.900968867902419,0.6513724827222223,-0.758758122692791
0,23.4,39,1.4,0.0,0.0,0,1,0,0,0.43388373911755823,-0.900968867902419,0.48530196253108104,-0.8743466161445821
0,24.3,39,1.7,0.0,0.0,0,1,0,0,0.43388373911755823,-0.900968867902419,0.29936312297335804,-0.9541392564000488
0,25.3,39,1.6,0.0,0.0,0,1,0,0,0.43388373911755823,-0.900968867902419,0.10116832198743272,-0.994869323391895
0,25.1,41,1.0,0.0,0.0,0,1,0,0,0.43388373911755823,-0.900968867902419,-0.10116832198743204,-0.9948693233918952
0,24.2,44,1.5,0.0,0.0,0,1,0,0,0.43388373911755823,-0.900968867902419,-0.2993631229733582,-0.9541392564000488
0,23.1,48,1.3,0.0,0.0,0,1,0,0,0.43388373911755823,-0.900968867902419,-0.4853019625310808,-0.8743466161445822
0,22.3,50,1.4,0.0,0.0,0,1,0,0,0.43388373911755823,-0.900968867902419,-0.651372482722222,-0.7587581226927911
0,21.3,53,1.8,0.0,0.0,0,1,0,0,0.43388373911755823,-0.900968867902419,-0.7907757369376986,-0.6121059825476627
0,20.5,57,2.0,0.0,0.0,0,1,0,0,0.43388373911755823,-0.900968867902419,-0.8978045395707417,-0.44039415155763423
0,19.8,60,1.6,0.0,0.0,0,1,0,0,0.43388373911755823,-0.900968867902419,-0.9680771188662041,-0.2506525322587213
0,19.4,62,1.7,0.0,0.0,0,1,0,0,0.43388373911755823,-0.900968867902419,-0.9987165071710528,-0.05064916883871355
973,19.0,64,1.9,0.0,0.0,0,1,0,0,-0.433883739117558,-0.9009688679024191,0.0,1.0
735,18.6,66,1.7,0.0,0.0,0,1,0,0,-0.433883739117558,-0.9009688679024191,0.20129852008866006,0.9795299412524945
515,18.2,64,2.0,0.0,0.0,0,1,0,0,-0.433883739117558,-0.9009688679024191,0.39435585511331855,0.9189578116202306
329,18.0,61,1.8,0.0,0.0,0,1,0,0,-0.433883739117558,-0.9009688679024191,0.5712682150947923,0.8207634412072763
221,17.7,57,1.3,0.0,0.0,0,1,0,0,-0.433883739117558,-0.9009688679024191,0.72479278722912,0.6889669190756866
223,17.6,57,1.1,0.0,0.0,0,1,0,0,-0.433883739117558,-0.9009688679024191,0.8486442574947509,0.5289640103269624
531,17.7,55,1.5,0.0,0.0,0,1,0,0,-0.433883739117558,-0.9009688679024191,0.9377521321470804,0.3473052528448203
282,17.7,56,1.3,0.0,0.0,0,1,0,0,-0.433883739117558,-0.9009688679024191,0.9884683243281114,0.1514277775045767
208,16.9,72,1.3,0.3,0.0,0,1,0,0,-0.433883739117558,-0.9009688679024191,0.9987165071710528,-0.05064916883871264
47,16.3,85,1.8,1.2,0.0,0,1,0,0,-0.433883739117558,-0.9009688679024191,0.9680771188662043,-0.2506525322587204
33,15.8,89,1.8,1.5,0.0,0,1,0,0,-0.433883739117558,-0.9009688679024191,0.8978045395707416,-0.4403941515576344
29,16.1,89,2.4,1.5,0.0,0,1,0,0,-0.433883739117558,-0.9009688679024191,0.7907757369376989,-0.6121059825476626
23,16.6,90,1.7,2.0,0.0,0,1,0,0,-0.433883739117558,-0.9009688679024191,0.6513724827222223,-0.758758122692791
22,16.9,95,1.6,4.0,0.0,0,1,0,0,-0.433883739117558,-0.9009688679024191,0.48530196253108104,-0.8743466161445821
17,17.2,95,1.6,2.5,0.0,0,1,0,0,-0.433883739117558,-0.9009688679024191,0.29936312297335804,-0.9541392564000488
8,17.2,96,0.6,4.0,0.0,0,1,0,0,-0.433883739117558,-0.9009688679024191,0.10116832198743272,-0.994869323391895
28,17.1,97,1.7,6.0,0.0,0,1,0,0,-0.433883739117558,-0.9009688679024191,-0.10116832198743204,-0.9948693233918952
66,16.9,97,2.1,5.5,0.0,0,1,0,0,-0.433883739117558,-0.9009688679024191,-0.2993631229733582,-0.9541392564000488
74,16.7,96,1.6,1.0,0.0,0,1,0,0,-0.433883739117558,-0.9009688679024191,-0.4853019625310808,-0.8743466161445822
55,16.6,96,2.4,1.5,0.0,0,1,0,0,-0.433883739117558,-0.9009688679024191,-0.651372482722222,-0.7587581226927911
44,16.5,96,2.7,1.0,0.0,0,1,0,0,-0.433883739117558,-0.9009688679024191,-0.7907757369376986,-0.6121059825476627
32,16.5,96,2.2,1.5,0.0,0,1,0,0,-0.433883739117558,-0.9009688679024191,-0.8978045395707417,-0.44039415155763423
23,16.2,92,2.6,1.5,0.0,0,1,0,0,-0.433883739117558,-0.9009688679024191,-0.9680771188662041,-0.2506525322587213
4,16.3,91,1.8,0.5,0.0,0,1,0,0,-0.433883739117558,-0.9009688679024191,-0.9987165071710528,-0.05064916883871355
0,16.4,94,1.8,1.0,0.0,0,1,0,0,-0.9749279121818236,-0.2225209339563146,0.0,1.0
0,16.7,89,2.4,1.0,0.0,0,1,0,0,-0.9749279121818236,-0.2225209339563146,0.20129852008866006,0.9795299412524945
0,16.9,88,2.5,1.5,0.0,0,1,0,0,-0.9749279121818236,-0.2225209339563146,0.39435585511331855,0.9189578116202306
0,16.8,90,3.3,2.0,0.0,0,1,0,0,-0.9749279121818236,-0.2225209339563146,0.5712682150947923,0.8207634412072763
0,16.9,89,2.7,2.5,0.0,0,1,0,0,-0.9749279121818236,-0.2225209339563146,0.72479278722912,0.6889669190756866
0,16.7,93,2.8,4.5,0.0,0,1,0,0,-0.9749279121818236,-0.2225209339563146,0.8486442574947509,0.5289640103269624
0,16.5,96,2.3,8.5,0.0,0,1,0,0,-0.9749279121818236,-0.2225209339563146,0.9377521321470804,0.3473052528448203
5,16.5,97,2.3,9.5,0.0,0,1,0,0,-0.9749279121818236,-0.2225209339563146,0.9884683243281114,0.1514277775045767
6,16.6,97,2.0,9.0,0.0,0,1,0,0,-0.9749279121818236,-0.2225209339563146,0.9987165071710528,-0.05064916883871264
5,16.7,97,2.9,6.0,0.0,0,1,0,0,-0.9749279121818236,-0.2225209339563146,0.9680771188662043,-0.2506525322587204
2,17.0,97,1.5,6.0,0.0,0,1,0,0,-0.9749279121818236,-0.2225209339563146,0.8978045395707416,-0.4403941515576344
20,17.5,95,2.0,3.5,0.0,0,1,0,0,-0.9749279121818236,-0.2225209339563146,0.7907757369376989,-0.6121059825476626
130,18.0,92,2.9,1.0,0.0,0,1,0,0,-0.9749279121818236,-0.2225209339563146,0.6513724827222223,-0.758758122692791
529,17.7,89,5.0,0.5,0.0,0,1,0,0,-0.9749279121818236,-0.2225209339563146,0.48530196253108104,-0.8743466161445821
941,19.3,79,3.6,0.0,0.0,0,1,0,0,-0.9749279121818236,-0.2225209339563146,0.29936312297335804,-0.9541392564000488
1236,21.0,67,4.1,0.0,0.0,0,1,0,0,-0.9749279121818236,-0.2225209339563146,0.10116832198743272,-0.994869323391895
1601,21.5,62,3.4,0.0,0.0,0,1,0,0,-0.9749279121818236,-0.2225209339563146,-0.10116832198743204,-0.9948693233918952
1870,21.1,64,1.2,0.0,0.0,0,1,0,0,-0.9749279121818236,-0.2225209339563146,-0.2993631229733582,-0.9541392564000488
2012,20.5,66,1.2,0.0,0.0,0,1,0,0,-0.9749279121818236,-0.2225209339563146,-0.4853019625310808,-0.8743466161445822
1761,19.7,72,0.6,0.0,0.0,0,1,0,0,-0.9749279121818236,-0.2225209339563146,-0.651372482722222,-0.7587581226927911
1567,19.4,67,0.8,0.0,0.0,0,1,0,0,-0.9749279121818236,-0.2225209339563146,-0.7907757369376986,-0.6121059825476627
1731,18.5,78,0.1,0.0,0.0,0,1,0,0,-0.9749279121818236,-0.2225209339563146,-0.8978045395707417,-0.44039415155763423
1459,17.7,78,0.3,0.0,0.0,0,1,0,0,-0.9749279121818236,-0.2225209339563146,-0.9680771188662041,-0.2506525322587213
1162,16.9,84,0.9,0.0,0.0,0,1,0,0,-0.9749279121818236,-0.2225209339563146,-0.9987165071710528,-0.05064916883871355
1049,16.3,86,0.3,0.0,0.0,0,1,0,0,-0.7818314824680299,0.6234898018587334,0.0,1.0
768,16.0,88,1.2,0.0,0.0,0,1,0,0,-0.7818314824680299,0.6234898018587334,0.20129852008866006,0.9795299412524945
538,15.7,88,0.4,0.0,0.0,0,1,0,0,-0.7818314824680299,0.6234898018587334,0.39435585511331855,0.9189578116202306
372,15.5,88,1.7,0.0,0.0,0,1,0,0,-0.7818314824680299,0.6234898018587334,0.5712682150947923,0.8207634412072763
255,15.1,90,1.2,0.0,0.0,0,1,0,0,-0.7818314824680299,0.6234898018587334,0.72479278722912,0.6889669190756866
146,15.1,89,1.1,0.0,0.0,0,1,0,0,-0.7818314824680299,0.6234898018587334,0.8486442574947509,0.5289640103269624
189,14.8,89,0.2,0.0,0.0,0,1,0,0,-0.7818314824680299,0.6234898018587334,0.9377521321470804,0.3473052528448203
345,14.3,89,0.6,0.0,0.0,0,1,0,0,-0.7818314824680299,0.6234898018587334,0.9884683243281114,0.1514277775045767
589,14.6,71,1.0,0.0,0.0,0,1,0,0,-0.7818314824680299,0.6234898018587334,0.9987165071710528,-0.05064916883871264
753,16.2,60,1.9,0.0,0.0,0,1,0,0,-0.7818314824680299,0.6234898018587334,0.9680771188662043,-0.2506525322587204
932,18.1,56,2.6,0.0,0.0,0,1,0,0,-0.7818314824680299,0.6234898018587334,0.8978045395707416,-0.4403941515576344
1188,19.1,56,2.4,0.0,0.0,0,1,0,0,-0.7818314824680299,0.6234898018587334,0.7907757369376989,-0.6121059825476626
1516,19.8,46,2.5,0.0,0.0,0,1,0,0,-0.7818314824680299,0.6234898018587334,0.6513724827222223,-0.758758122692791
1714,20.1,41,3.0,0.0,0.0,0,1,0,0,-0.7818314824680299,0.6234898018587334,0.48530196253108104,-0.8743466161445821
1987,20.2,42,2.8,0.0,0.0,0,1,0,0,-0.7818314824680299,0.6234898018587334,0.29936312297335804,-0.9541392564000488
2167,20.4,36,2.8,0.0,0.0,0,1,0,0,-0.7818314824680299,0.6234898018587334,0.10116832198743272,-0.994869323391895
2270,20.7,34,2.0,0.0,0.0,0,1,0,0,-0.7818314824680299,0.6234898018587334,-0.10116832198743204,-0.9948693233918952
2255,19.4,32,3.2,0.0,0.0,0,1,0,0,-0.7818314824680299,0.6234898018587334,-0.2993631229733582,-0.9541392564000488
2069,17.9,29,2.8,0.0,0.0,0,1,0,0,-0.7818314824680299,0.6234898018587334,-0.4853019625310808,-0.8743466161445822
1608,16.6,36,1.4,0.0,0.0,0,1,0,0,-0.7818314824680299,0.6234898018587334,-0.651372482722222,-0.7587581226927911
1519,15.5,37,1.9,0.0,0.0,0,1,0,0,-0.7818314824680299,0.6234898018587334,-0.7907757369376986,-0.6121059825476627
1385,14.4,36,1.0,0.0,0.0,0,1,0,0,-0.7818314824680299,0.6234898018587334,-0.8978045395707417,-0.44039415155763423
1160,13.6,38,1.5,0.0,0.0,0,1,0,0,-0.7818314824680299,0.6234898018587334,-0.9680771188662041,-0.2506525322587213
840,12.9,38,1.5,0.0,0.0,0,1,0,0,-0.7818314824680299,0.6234898018587334,-0.9987165071710528,-0.05064916883871355
711,12.3,44,0.8,0.0,0.0,0,1,0,0,0.0,1.0,0.0,1.0
390,11.7,52,1.1,0.0,0.0,0,1,0,0,0.0,1.0,0.20129852008866006,0.9795299412524945
265,11.1,56,1.4,0.0,0.0,0,1,0,0,0.0,1.0,0.39435585511331855,0.9189578116202306
192,10.8,59,0.5,0.0,0.0,0,1,0,0,0.0,1.0,0.5712682150947923,0.8207634412072763
123,10.4,61,0.6,0.0,0.0,0,1,0,0,0.0,1.0,0.72479278722912,0.6889669190756866
215,9.8,63,0.5,0.0,0.0,0,1,0,0,0.0,1.0,0.8486442574947509,0.5289640103269624
503,9.5,68,0.9,0.0,0.0,0,1,0,0,0.0,1.0,0.9377521321470804,0.3473052528448203
1206,9.2,72,1.0,0.0,0.0,0,1,0,0,0.0,1.0,0.9884683243281114,0.1514277775045767
2005,9.9,66,1.2,0.0,0.0,0,1,0,0,0.0,1.0,0.9987165071710528,-0.05064916883871264
1166,12.2,51,0.7,0.0,0.0,0,1,0,0,0.0,1.0,0.9680771188662043,-0.2506525322587204
943,15.0,44,0.5,0.0,0.0,0,1,0,0,0.0,1.0,0.8978045395707416,-0.4403941515576344
1117,17.9,39,1.3,0.0,0.0,0,1,0,0,0.0,1.0,0.7907757369376989,-0.6121059825476626
1238,19.2,31,0.5,0.0,0.0,0,1,0,0,0.0,1.0,0.6513724827222223,-0.758758122692791
1303,20.2,28,1.3,0.0,0.0,0,1,0,0,0.0,1.0,0.48530196253108104,-0.8743466161445821
1358,20.2,24,1.5,0.0,0.0,0,1,0,0,0.0,1.0,0.29936312297335804,-0.9541392564000488
1502,20.6,26,1.2,0.0,0.0,0,1,0,0,0.0,1.0,0.10116832198743272,-0.994869323391895
1603,20.3,25,1.8,0.0,0.0,0,1,0,0,0.0,1.0,-0.10116832198743204,-0.9948693233918952
2127,20.0,28,0.7,0.0,0.0,0,1,0,0,0.0,1.0,-0.2993631229733582,-0.9541392564000488
2787,18.1,39,1.0,0.0,0.0,0,1,0,0,0.0,1.0,-0.4853019625310808,-0.8743466161445822
2150,16.4,42,1.8,0.0,0.0,0,1,0,0,0.0,1.0,-0.651372482722222,-0.7587581226927911
1838,15.5,45,2.2,0.0,0.0,0,1,0,0,0.0,1.0,-0.7907757369376986,-0.6121059825476627
1788,15.1,48,2.6,0.0,0.0,0,1,0,0,0.0,1.0,-0.8978045395707417,-0.44039415155763423
1636,14.4,49,1.1,0.0,0.0,0,1,0,0,0.0,1.0,-0.9680771188662041,-0.2506525322587213
1196,13.5,55,0.5,0.0,0.0,0,1,0,0,0.0,1.0,-0.9987165071710528,-0.05064916883871355
0,12.6,54,0.2,0.0,0.0,1,1,0,0,0.7818314824680298,0.6234898018587336,0.0,1.0
0,12.0,58,0.7,0.0,0.0,1,1,0,0,0.7818314824680298,0.6234898018587336,0.20129852008866006,0.9795299412524945
0,11.4,65,1.1,0.0,0.0,1,1,0,0,0.7818314824680298,0.6234898018587336,0.39435585511331855,0.9189578116202306
0,11.0,66,0.9,0.0,0.0,1,1,0,0,0.7818314824680298,0.6234898018587336,0.5712682150947923,0.8207634412072763
0,11.0,63,0.8,0.0,0.0,1,1,0,0,0.7818314824680298,0.6234898018587336,0.72479278722912,0.6889669190756866
0,10.8,64,0.8,0.0,0.0,1,1,0,0,0.7818314824680298,0.6234898018587336,0.8486442574947509,0.5289640103269624
0,10.8,69,0.8,0.0,0.0,1,1,0,0,0.7818314824680298,0.6234898018587336,0.9377521321470804,0.3473052528448203
0,10.9,70,0.7,0.0,0.0,1,1,0,0,0.7818314824680298,0.6234898018587336,0.9884683243281114,0.1514277775045767
0,11.4,66,0.8,0.0,0.0,1,1,0,0,0.7818314824680298,0.6234898018587336,0.9987165071710528,-0.05064916883871264
0,12.8,57,1.2,0.0,0.0,1,1,0,0,0.7818314824680298,0.6234898018587336,0.9680771188662043,-0.2506525322587204
0,14.8,51,1.0,0.0,0.0,1,1,0,0,0.7818314824680298,0.6234898018587336,0.8978045395707416,-0.4403941515576344
0,16.4,45,0.7,0.0,0.0,1,1,0,0,0.7818314824680298,0.6234898018587336,0.7907757369376989,-0.6121059825476626
0,18.3,40,0.6,0.0,0.0,1,1,0,0,0.7818314824680298,0.6234898018587336,0.6513724827222223,-0.758758122692791
0,19.2,39,1.0,0.0,0.0,1,1,0,0,0.7818314824680298,0.6234898018587336,0.48530196253108104,-0.8743466161445821
0,18.8,39,1.6,0.0,0.0,1,1,0,0,0.7818314824680298,0.6234898018587336,0.29936312297335804,-0.9541392564000488
0,18.3,40,1.2,0.0,0.0,1,1,0,0,0.7818314824680298,0.6234898018587336,0.10116832198743272,-0.994869323391895
0,19.0,39,1.4,0.0,0.0,1,1,0,0,0.7818314824680298,0.6234898018587336,-0.10116832198743204,-0.9948693233918952
0,18.4,39,2.1,0.0,0.0,1,1,0,0,0.7818314824680298,0.6234898018587336,-0.2993631229733582,-0.9541392564000488
0,17.7,43,1.5,0.0,0.0,1,1,0,0,0.7818314824680298,0.6234898018587336,-0.4853019625310808,-0.8743466161445822
0,17.3,47,2.2,0.0,0.0,1,1,0,0,0.7818314824680298,0.6234898018587336,-0.651372482722222,-0.7587581226927911
0,17.0,49,1.4,0.0,0.0,1,1,0,0,0.7818314824680298,0.6234898018587336,-0.7907757369376986,-0.6121059825476627
0,16.8,52,1.6,0.0,0.0,1,1,0,0,0.7818314824680298,0.6234898018587336,-0.8978045395707417,-0.44039415155763423
0,16.7,55,1.9,0.0,0.0,1,1,0,0,0.7818314824680298,0.6234898018587336,-0.9680771188662041,-0.2506525322587213
0,16.6,53,1.1,0.0,0.0,1,1,0,0,0.7818314824680298,0.6234898018587336,-0.9987165071710528,-0.05064916883871355
643,16.6,53,0.9,0.0,0.0,0,1,0,0,0.9749279121818236,-0.22252093395631434,0.0,1.0
144,16.6,57,1.5,0.0,0.0,0,1,0,0,0.9749279121818236,-0.22252093395631434,0.20129852008866006,0.9795299412524945
55,14.4,91,0.4,4.5,0.0,0,1,0,0,0.9749279121818236,-0.22252093395631434,0.39435585511331855,0.9189578116202306
90,14.3,95,1.0,2.5,0.0,0,1,0,0,0.9749279121818236,-0.22252093395631434,0.5712682150947923,0.8207634412072763
82,14.3,92,2.0,0.0,0.0,0,1,0,0,0.9749279121818236,-0.22252093395631434,0.72479278722912,0.6889669190756866
152,13.6,89,2.7,0.0,0.0,0,1,0,0,0.9749279121818236,-0.22252093395631434,0.8486442574947509,0.5289640103269624
441,12.6,86,1.9,0.0,0.0,0,1,0,0,0.9749279121818236,-0.22252093395631434,0.9377521321470804,0.3473052528448203
1220,12.3,84,3.2,0.0,0.0,0,1,0,0,0.9749279121818236,-0.22252093395631434,0.9884683243281114,0.1514277775045767
2082,11.8,80,3.7,0.0,0.0,0,1,0,0,0.9749279121818236,-0.22252093395631434,0.9987165071710528,-0.05064916883871264
1097,12.0,72,3.3,0.0,0.0,0,1,0,0,0.9749279121818236,-0.22252093395631434,0.9680771188662043,-0.2506525322587204
792,12.0,61,4.1,0.0,0.0,0,1,0,0,0.9749279121818236,-0.22252093395631434,0.8978045395707416,-0.4403941515576344
914,12.7,50,3.3,0.0,0.0,0,1,0,0,0.9749279121818236,-0.22252093395631434,0.7907757369376989,-0.6121059825476626
1006,13.7,43,3.4,0.0,0.0,0,1,0,0,0.9749279121818236,-0.22252093395631434,0.6513724827222223,-0.758758122692791
1015,14.3,43,3.6,0.0,0.0,0,1,0,0,0.9749279121818236,-0.22252093395631434,0.48530196253108104,-0.8743466161445821
1041,14.0,43,2.8,0.0,0.0,0,1,0,0,0.9749279121818236,-0.22252093395631434,0.29936312297335804,-0.9541392564000488
1171,13.7,44,3.9,0.0,0.0,0,1,0,0,0.9749279121818236,-0.22252093395631434,0.10116832198743272,-0.994869323391895
1363,13.8,43,3.7,0.0,0.0,0,1,0,0,0.9749279121818236,-0.22252093395631434,-0.10116832198743204,-0.9948693233918952
1775,13.1,45,3.1,0.0,0.0,0,1,0,0,0.9749279121818236,-0.22252093395631434,-0.2993631229733582,-0.9541392564000488
2514,12.2,45,3.1,0.0,0.0,0,1,0,0,0.9749279121818236,-0.22252093395631434,-0.4853019625310808,-0.8743466161445822
1723,11.3,50,1.1,0.0,0.0,0,1,0,0,0.9749279121818236,-0.22252093395631434,-0.651372482722222,-0.7587581226927911
1489,10.6,48,2.0,0.0,0.0,0,1,0,0,0.9749279121818236,-0.22252093395631434,-0.7907757369376986,-0.6121059825476627
1445,9.9,50,1.2,0.0,0.0,0,1,0,0,0.9749279121818236,-0.22252093395631434,-0.8978045395707417,-0.44039415155763423
1255,9.2,55,0.9,0.0,0.0,0,1,0,0,0.9749279121818236,-0.22252093395631434,-0.9680771188662041,-0.2506525322587213
901,8.5,52,0.6,0.0,0.0,0,1,0,0,0.9749279121818236,-0.22252093395631434,-0.9987165071710528,-0.05064916883871355
707,7.9,53,0.9,0.0,0.0,0,1,0,0,0.43388373911755823,-0.900968867902419,0.0,1.0
541,7.3,59,0.1,0.0,0.0,0,1,0,0,0.43388373911755823,-0.900968867902419,0.20129852008866006,0.9795299412524945
341,7.1,64,0.9,0.0,0.0,0,1,0,0,0.43388373911755823,-0.900968867902419,0.39435585511331855,0.9189578116202306
218,6.7,71,1.0,0.0,0.0,0,1,0,0,0.43388373911755823,-0.900968867902419,0.5712682150947923,0.8207634412072763
145,6.6,69,0.9,0.0,0.0,0,1,0,0,0.43388373911755823,-0.900968867902419,0.72479278722912,0.6889669190756866
197,6.6,73,1.1,0.0,0.0,0,1,0,0,0.43388373911755823,-0.900968867902419,0.8486442574947509,0.5289640103269624
518,6.6,65,1.6,0.0,0.0,0,1,0,0,0.43388373911755823,-0.900968867902419,0.9377521321470804,0.3473052528448203
1233,6.3,65,1.0,0.0,0.0,0,1,0,0,0.43388373911755823,-0.900968867902419,0.9884683243281114,0.1514277775045767
2000,7.0,56,3.1,0.0,0.0,0,1,0,0,0.43388373911755823,-0.900968867902419,0.9987165071710528,-0.05064916883871264
1070,8.4,49,2.6,0.0,0.0,0,1,0,0,0.43388373911755823,-0.900968867902419,0.9680771188662043,-0.2506525322587204
792,10.2,44,2.3,0.0,0.0,0,1,0,0,0.43388373911755823,-0.900968867902419,0.8978045395707416,-0.4403941515576344
926,11.7,36,4.3,0.0,0.0,0,1,0,0,0.43388373911755823,-0.900968867902419,0.7907757369376989,-0.6121059825476626
967,13.2,31,3.8,0.0,0.0,0,1,0,0,0.43388373911755823,-0.900968867902419,0.6513724827222223,-0.758758122692791
1000,13.5,32,5.0,0.0,0.0,0,1,0,0,0.43388373911755823,-0.900968867902419,0.48530196253108104,-0.8743466161445821
991,13.4,32,4.9,0.0,0.0,0,1,0,0,0.43388373911755823,-0.900968867902419,0.29936312297335804,-0.9541392564000488
1054,13.0,39,3.7,0.0,0.0,0,1,0,0,0.43388373911755823,-0.900968867902419,0.10116832198743272,-0.994869323391895
1284,13.8,36,2.9,0.0,0.0,0,1,0,0,0.43388373911755823,-0.900968867902419,-0.10116832198743204,-0.9948693233918952
1685,13.2,36,3.6,0.0,0.0,0,1,0,0,0.43388373911755823,-0.900968867902419,-0.2993631229733582,-0.9541392564000488
2378,12.1,40,2.4,0.0,0.0,0,1,0,0,0.43388373911755823,-0.900968867902419,-0.4853019625310808,-0.8743466161445822
1614,11.1,43,2.0,0.0,0.0,0,1,0,0,0.43388373911755823,-0.900968867902419,-0.651372482722222,-0.7587581226927911
1389,10.2,46,0.2,0.0,0.0,0,1,0,0,0.43388373911755823,-0.900968867902419,-0.7907757369376986,-0.6121059825476627
1398,9.3,52,1.5,0.0,0.0,0,1,0,0,0.43388373911755823,-0.900968867902419,-0.8978045395707417,-0.44039415155763423
1221,8.8,55,1.6,0.0,0.0,0,1,0,0,0.43388373911755823,-0.900968867902419,-0.9680771188662041,-0.2506525322587213
857,8.4,60,1.5,0.0,0.0,0,1,0,0,0.43388373911755823,-0.900968867902419,-0.9987165071710528,-0.05064916883871355
706,8.2,61,1.3,0.0,0.0,0,1,0,0,-0.433883739117558,-0.9009688679024191,0.0,1.0
531,7.6,63,1.2,0.0,0.0,0,1,0,0,-0.433883739117558,-0.9009688679024191,0.20129852008866006,0.9795299412524945
409,7.1,61,0.6,0.0,0.0,0,1,0,0,-0.433883739117558,-0.9009688679024191,0.39435585511331855,0.9189578116202306
225,6.5,69,0.3,0.0,0.0,0,1,0,0,-0.433883739117558,-0.9009688679024191,0.5712682150947923,0.8207634412072763
168,6.2,71,1.1,0.0,0.0,0,1,0,0,-0.433883739117558,-0.9009688679024191,0.72479278722912,0.6889669190756866
183,6.0,72,1.3,0.0,0.0,0,1,0,0,-0.433883739117558,-0.9009688679024191,0.8486442574947509,0.5289640103269624
412,5.8,67,1.1,0.0,0.0,0,1,0,0,-0.433883739117558,-0.9009688679024191,0.9377521321470804,0.3473052528448203
1142,5.3,73,0.7,0.0,0.0,0,1,0,0,-0.433883739117558,-0.9009688679024191,0.9884683243281114,0.1514277775045767
1996,6.0,64,1.1,0.0,0.0,0,1,0,0,-0.433883739117558,-0.9009688679024191,0.9987165071710528,-0.05064916883871264
1106,8.6,50,0.8,0.0,0.0,0,1,0,0,-0.433883739117558,-0.9009688679024191,0.9680771188662043,-0.2506525322587204
877,11.6,40,1.7,0.0,0.0,0,1,0,0,-0.433883739117558,-0.9009688679024191,0.8978045395707416,-0.4403941515576344
959,13.0,38,2.7,0.0,0.0,0,1,0,0,-0.433883739117558,-0.9009688679024191,0.7907757369376989,-0.6121059825476626
1073,14.7,38,1.0,0.0,0.0,0,1,0,0,-0.433883739117558,-0.9009688679024191,0.6513724827222223,-0.758758122692791
1110,15.8,36,1.5,0.0,0.0,0,1,0,0,-0.433883739117558,-0.9009688679024191,0.48530196253108104,-0.8743466161445821
1187,16.5,32,1.4,0.0,0.0,0,1,0,0,-0.433883739117558,-0.9009688679024191,0.29936312297335804,-0.9541392564000488
1322,17.1,33,2.1,0.0,0.0,0,1,0,0,-0.433883739117558,-0.9009688679024191,0.10116832198743272,-0.994869323391895
1488,16.9,34,1.2,0.0,0.0,0,1,0,0,-0.433883739117558,-0.9009688679024191,-0.10116832198743204,-0.9948693233918952
1902,16.3,39,1.7,0.0,0.0,0,1,0,0,-0.433883739117558,-0.9009688679024191,-0.2993631229733582,-0.9541392564000488
2618,14.3,46,1.3,0.0,0.0,0,1,0,0,-0.433883739117558,-0.9009688679024191,-0.4853019625310808,-0.8743466161445822
1804,12.9,50,1.4,0.0,0.0,0,1,0,0,-0.433883739117558,-0.9009688679024191,-0.651372482722222,-0.7587581226927911
1440,11.8,53,1.5,0.0,0.0,0,1,0,0,-0.433883739117558,-0.9009688679024191,-0.7907757369376986,-0.6121059825476627
1292,11.0,60,1.1,0.0,0.0,0,1,0,0,-0.433883739117558,-0.9009688679024191,-0.8978045395707417,-0.44039415155763423
1347,10.5,62,1.2,0.0,0.0,0,1,0,0,-0.433883739117558,-0.9009688679024191,-0.9680771188662041,-0.2506525322587213
940,9.8,66,0.5,0.0,0.0,0,1,0,0,-0.433883739117558,-0.9009688679024191,-0.9987165071710528,-0.05064916883871355
835,9.1,69,0.9,0.0,0.0,0,1,0,0,-0.9749279121818236,-0.2225209339563146,0.0,1.0
739,8.5,70,0.2,0.0,0.0,0,1,0,0,-0.9749279121818236,-0.2225209339563146,0.20129852008866006,0.9795299412524945
512,8.0,74,0.5,0.0,0.0,0,1,0,0,-0.9749279121818236,-0.2225209339563146,0.39435585511331855,0.9189578116202306
374,7.6,78,0.7,0.0,0.0,0,1,0,0,-0.9749279121818236,-0.2225209339563146,0.5712682150947923,0.8207634412072763
226,7.1,79,1.2,0.0,0.0,0,1,0,0,-0.9749279121818236,-0.2225209339563146,0.72479278722912,0.6889669190756866
148,6.7,81,1.1,0.0,0.0,0,1,0,0,-0.9749279121818236,-0.2225209339563146,0.8486442574947509,0.5289640103269624
209,6.6,80,1.0,0.0,0.0,0,1,0,0,-0.9749279121818236,-0.2225209339563146,0.9377521321470804,0.3473052528448203
412,6.2,83,0.8,0.0,0.0,0,1,0,0,-0.9749279121818236,-0.2225209339563146,0.9884683243281114,0.1514277775045767
728,7.4,70,0.5,0.0,0.0,0,1,0,0,-0.9749279121818236,-0.2225209339563146,0.9987165071710528,-0.05064916883871264
853,10.0,56,1.0,0.0,0.0,0,1,0,0,-0.9749279121818236,-0.2225209339563146,0.9680771188662043,-0.2506525322587204
1037,12.6,50,1.4,0.0,0.0,0,1,0,0,-0.9749279121818236,-0.2225209339563146,0.8978045395707416,-0.4403941515576344
1179,15.2,44,1.2,0.0,0.0,0,1,0,0,-0.9749279121818236,-0.2225209339563146,0.7907757369376989,-0.6121059825476626
1402,16.6,36,0.7,0.0,0.0,0,1,0,0,-0.9749279121818236,-0.2225209339563146,0.6513724827222223,-0.758758122692791
1652,18.3,33,1.9,0.0,0.0,0,1,0,0,-0.9749279121818236,-0.2225209339563146,0.48530196253108104,-0.8743466161445821
1712,19.3,27,1.3,0.0,0.0,0,1,0,0,-0.9749279121818236,-0.2225209339563146,0.29936312297335804,-0.9541392564000488
1846,19.8,29,2.0,0.0,0.0,0,1,0,0,-0.9749279121818236,-0.2225209339563146,0.10116832198743272,-0.994869323391895
1916,19.4,29,1.2,0.0,0.0,0,1,0,0,-0.9749279121818236,-0.2225209339563146,-0.10116832198743204,-0.9948693233918952
1995,18.7,33,1.1,0.0,0.0,0,1,0,0,-0.9749279121818236,-0.2225209339563146,-0.2993631229733582,-0.9541392564000488
1695,16.5,38,1.6,0.0,0.0,0,1,0,0,-0.9749279121818236,-0.2225209339563146,-0.4853019625310808,-0.8743466161445822
1381,14.8,47,1.3,0.0,0.0,0,1,0,0,-0.9749279121818236,-0.2225209339563146,-0.651372482722222,-0.7587581226927911
1261,13.8,52,1.6,0.0,0.0,0,1,0,0,-0.9749279121818236,-0.2225209339563146,-0.7907757369376986,-0.6121059825476627
1312,12.6,56,1.1,0.0,0.0,0,1,0,0,-0.9749279121818236,-0.2225209339563146,-0.8978045395707417,-0.44039415155763423
1147,11.7,60,0.5,0.0,0.0,0,1,0,0,-0.9749279121818236,-0.2225209339563146,-0.9680771188662041,-0.2506525322587213
971,11.0,62,0.3,0.0,0.0,0,1,0,0,-0.9749279121818236,-0.2225209339563146,-0.9987165071710528,-0.05064916883871355
811,10.4,59,0.0,0.0,0.0,0,1,0,0,-0.7818314824680299,0.6234898018587334,0.0,1.0
584,9.5,65,0.9,0.0,0.0,0,1,0,0,-0.7818314824680299,0.6234898018587334,0.20129852008866006,0.9795299412524945
429,9.1,68,0.3,0.0,0.0,0,1,0,0,-0.7818314824680299,0.6234898018587334,0.39435585511331855,0.9189578116202306
308,8.4,73,0.4,0.0,0.0,0,1,0,0,-0.7818314824680299,0.6234898018587334,0.5712682150947923,0.8207634412072763
185,7.9,76,1.3,0.0,0.0,0,1,0,0,-0.7818314824680299,0.6234898018587334,0.72479278722912,0.6889669190756866
110,7.6,79,0.3,0.0,0.0,0,1,0,0,-0.7818314824680299,0.6234898018587334,0.8486442574947509,0.5289640103269624
150,7.2,80,0.7,0.0,0.0,0,1,0,0,-0.7818314824680299,0.6234898018587334,0.9377521321470804,0.3473052528448203
304,6.9,81,0.8,0.0,0.0,0,1,0,0,-0.7818314824680299,0.6234898018587334,0.9884683243281114,0.1514277775045767
556,7.5,72,1.1,0.0,0.0,0,1,0,0,-0.7818314824680299,0.6234898018587334,0.9987165071710528,-0.05064916883871264
775,10.1,60,0.8,0.0,0.0,0,1,0,0,-0.7818314824680299,0.6234898018587334,0.9680771188662043,-0.2506525322587204
847,13.3,47,0.5,0.0,0.0,0,1,0,0,-0.7818314824680299,0.6234898018587334,0.8978045395707416,-0.4403941515576344
1056,16.2,41,1.0,0.0,0.0,0,1,0,0,-0.7818314824680299,0.6234898018587334,0.7907757369376989,-0.6121059825476626
1394,17.2,33,1.1,0.0,0.0,0,1,0,0,-0.7818314824680299,0.6234898018587334,0.6513724827222223,-0.758758122692791
1593,18.1,32,1.5,0.0,0.0,0,1,0,0,-0.7818314824680299,0.6234898018587334,0.48530196253108104,-0.8743466161445821
1767,18.9,31,2.6,0.0,0.0,0,1,0,0,-0.7818314824680299,0.6234898018587334,0.29936312297335804,-0.9541392564000488
1948,20.1,32,2.4,0.0,0.0,0,1,0,0,-0.7818314824680299,0.6234898018587334,0.10116832198743272,-0.994869323391895
2097,19.1,31,2.1,0.0,0.0,0,1,0,0,-0.7818314824680299,0.6234898018587334,-0.10116832198743204,-0.9948693233918952
1990,18.2,43,2.3,0.0,0.0,0,1,0,0,-0.7818314824680299,0.6234898018587334,-0.2993631229733582,-0.9541392564000488
1662,16.2,58,2.4,0.0,0.0,0,1,0,0,-0.7818314824680299,0.6234898018587334,-0.4853019625310808,-0.8743466161445822
1377,15.1,60,2.9,0.0,0.0,0,1,0,0,-0.7818314824680299,0.6234898018587334,-0.651372482722222,-0.7587581226927911
1306,14.4,61,2.3,0.0,0.0,0,1,0,0,-0.7818314824680299,0.6234898018587334,-0.7907757369376986,-0.6121059825476627
1261,13.8,66,2.4,0.0,0.0,0,1,0,0,-0.7818314824680299,0.6234898018587334,-0.8978045395707417,-0.44039415155763423
1029,13.5,71,1.7,0.0,0.0,0,1,0,0,-0.7818314824680299,0.6234898018587334,-0.9680771188662041,-0.2506525322587213
810,13.2,73,1.2,0.0,0.0,0,1,0,0,-0.7818314824680299,0.6234898018587334,-0.9987165071710528,-0.05064916883871355
638,12.6,78,1.3,0.0,0.0,0,1,0,0,0.0,1.0,0.0,1.0
393,12.2,80,1.4,0.0,0.0,0,1,0,0,0.0,1.0,0.20129852008866006,0.9795299412524945
272,11.8,82,0.7,0.0,0.0,0,1,0,0,0.0,1.0,0.39435585511331855,0.9189578116202306
171,11.3,85,0.0,0.0,0.0,0,1,0,0,0.0,1.0,0.5712682150947923,0.8207634412072763
152,11.0,82,0.1,0.0,0.0,0,1,0,0,0.0,1.0,0.72479278722912,0.6889669190756866
209,11.1,79,0.3,0.0,0.0,0,1,0,0,0.0,1.0,0.8486442574947509,0.5289640103269624
504,11.2,81,0.2,0.0,0.0,0,1,0,0,0.0,1.0,0.9377521321470804,0.3473052528448203
1271,11.5,81,0.8,0.0,0.0,0,1,0,0,0.0,1.0,0.9884683243281114,0.1514277775045767
2070,12.0,77,0.4,0.0,0.0,0,1,0,0,0.0,1.0,0.9987165071710528,-0.05064916883871264
1119,12.8,74,0.5,0.0,0.0,0,1,0,0,0.0,1.0,0.9680771188662043,-0.2506525322587204
837,14.1,66,0.6,0.0,0.0,0,1,0,0,0.0,1.0,0.8978045395707416,-0.4403941515576344
910,16.7,65,1.5,0.0,0.0,0,1,0,0,0.0,1.0,0.7907757369376989,-0.6121059825476626
1052,19.0,60,1.8,0.0,0.0,0,1,0,0,0.0,1.0,0.6513724827222223,-0.758758122692791
1058,19.7,52,2.1,0.0,0.0,0,1,0,0,0.0,1.0,0.48530196253108104,-0.8743466161445821
1121,20.0,48,2.1,0.0,0.0,0,1,0,0,0.0,1.0,0.29936312297335804,-0.9541392564000488
1183,20.4,43,1.7,0.0,0.0,0,1,0,0,0.0,1.0,0.10116832198743272,-0.994869323391895
1413,20.3,44,2.2,0.0,0.0,0,1,0,0,0.0,1.0,-0.10116832198743204,-0.9948693233918952
1773,19.3,49,2.8,0.0,0.0,0,1,0,0,0.0,1.0,-0.2993631229733582,-0.9541392564000488
2635,18.0,66,2.3,0.0,0.0,0,1,0,0,0.0,1.0,-0.4853019625310808,-0.8743466161445822
1911,16.9,74,1.8,0.0,0.0,0,1,0,0,0.0,1.0,-0.651372482722222,-0.7587581226927911
1659,15.9,81,2.8,0.0,0.0,0,1,0,0,0.0,1.0,-0.7907757369376986,-0.6121059825476627
1556,15.5,86,1.3,0.0,0.0,0,1,0,0,0.0,1.0,-0.8978045395707417,-0.44039415155763423
1377,14.8,83,1.5,0.0,0.0,0,1,0,0,0.0,1.0,-0.9680771188662041,-0.2506525322587213
914,14.1,74,1.5,0.0,0.0,0,1,0,0,0.0,1.0,-0.9987165071710528,-0.05064916883871355
726,13.3,64,1.7,0.0,0.0,0,1,0,0,0.7818314824680298,0.6234898018587336,0.0,1.0
568,12.4,65,1.1,0.0,0.0,0,1,0,0,0.7818314824680298,0.6234898018587336,0.20129852008866006,0.9795299412524945
427,11.7,70,1.0,0.0,0.0,0,1,0,0,0.7818314824680298,0.6234898018587336,0.39435585511331855,0.9189578116202306
253,11.5,61,1.4,0.0,0.0,0,1,0,0,0.7818314824680298,0.6234898018587336,0.5712682150947923,0.8207634412072763
145,11.0,69,0.6,0.0,0.0,0,1,0,0,0.7818314824680298,0.6234898018587336,0.72479278722912,0.6889669190756866
202,10.2,70,1.5,0.0,0.0,0,1,0,0,0.7818314824680298,0.6234898018587336,0.8486442574947509,0.5289640103269624
491,10.1,71,0.2,0.0,0.0,0,1,0,0,0.7818314824680298,0.6234898018587336,0.9377521321470804,0.3473052528448203
1216,10.2,68,0.4,0.0,0.0,0,1,0,0,0.7818314824680298,0.6234898018587336,0.9884683243281114,0.1514277775045767
2134,10.4,63,0.6,0.0,0.0,0,1,0,0,0.7818314824680298,0.6234898018587336,0.9987165071710528,-0.05064916883871264
1177,11.8,55,0.7,0.0,0.0,0,1,0,0,0.7818314824680298,0.6234898018587336,0.9680771188662043,-0.2506525322587204
854,14.4,45,0.6,0.0,0.0,0,1,0,0,0.7818314824680298,0.6234898018587336,0.8978045395707416,-0.4403941515576344
914,16.5,39,0.7,0.0,0.0,0,1,0,0,0.7818314824680298,0.6234898018587336,0.7907757369376989,-0.6121059825476626
1063,18.8,35,1.2,0.0,0.0,0,1,0,0,0.7818314824680298,0.6234898018587336,0.6513724827222223,-0.758758122692791
1108,19.4,31,2.0,0.0,0.0,0,1,0,0,0.7818314824680298,0.6234898018587336,0.48530196253108104,-0.8743466161445821
1113,19.9,29,1.9,0.0,0.0,0,1,0,0,0.7818314824680298,0.6234898018587336,0.29936312297335804,-0.9541392564000488
1203,19.9,31,2.0,0.0,0.0,0,1,0,0,0.7818314824680298,0.6234898018587336,0.10116832198743272,-0.994869323391895
1407,19.5,32,2.1,0.0,0.0,0,1,0,0,0.7818314824680298,0.6234898018587336,-0.10116832198743204,-0.9948693233918952
1811,18.4,38,1.8,0.0,0.0,0,1,0,0,0.7818314824680298,0.6234898018587336,-0.2993631229733582,-0.9541392564000488
2716,16.9,47,1.4,0.0,0.0,0,1,0,0,0.7818314824680298,0.6234898018587336,-0.4853019625310808,-0.8743466161445822
1867,15.5,63,1.7,0.0,0.0,0,1,0,0,0.7818314824680298,0.6234898018587336,-0.651372482722222,-0.7587581226927911
1568,14.8,68,2.0,0.0,0.0,0,1,0,0,0.7818314824680298,0.6234898018587336,-0.7907757369376986,-0.6121059825476627
1618,14.3,72,1.0,0.0,0.0,0,1,0,0,0.7818314824680298,0.6234898018587336,-0.8978045395707417,-0.44039415155763423
1425,13.6,71,0.6,0.0,0.0,0,1,0,0,0.7818314824680298,0.6234898018587336,-0.9680771188662041,-0.2506525322587213
950,12.9,78,0.6,0.0,0.0,0,1,0,0,0.7818314824680298,0.6234898018587336,-0.9987165071710528,-0.05064916883871355
739,12.3,75,1.2,0.0,0.0,0,1,0,0,0.9749279121818236,-0.22252093395631434,0.0,1.0
600,11.5,74,1.2,0.0,0.0,0,1,0,0,0.9749279121818236,-0.22252093395631434,0.20129852008866006,0.9795299412524945
381,10.8,77,0.3,0.0,0.0,0,1,0,0,0.9749279121818236,-0.22252093395631434,0.39435585511331855,0.9189578116202306
239,10.2,80,0.3,0.0,0.0,0,1,0,0,0.9749279121818236,-0.22252093395631434,0.5712682150947923,0.8207634412072763
157,9.7,76,0.0,0.0,0.0,0,1,0,0,0.9749279121818236,-0.22252093395631434,0.72479278722912,0.6889669190756866
210,9.2,77,0.0,0.0,0.0,0,1,0,0,0.9749279121818236,-0.22252093395631434,0.8486442574947509,0.5289640103269624
503,8.8,77,0.2,0.0,0.0,0,1,0,0,0.9749279121818236,-0.22252093395631434,0.9377521321470804,0.3473052528448203
1213,8.6,77,0.7,0.0,0.0,0,1,0,0,0.9749279121818236,-0.22252093395631434,0.9884683243281114,0.1514277775045767
2202,9.2,68,0.2,0.0,0.0,0,1,0,0,0.9749279121818236,-0.22252093395631434,0.9987165071710528,-0.05064916883871264
1200,11.2,63,1.1,0.0,0.0,0,1,0,0,0.9749279121818236,-0.22252093395631434,0.9680771188662043,-0.2506525322587204
842,14.0,58,1.6,0.0,0.0,0,1,0,0,0.9749279121818236,-0.22252093395631434,0.8978045395707416,-0.4403941515576344
961,15.5,25,2.5,0.0,0.0,0,1,0,0,0.9749279121818236,-0.22252093395631434,0.7907757369376989,-0.6121059825476626
1088,16.2,29,2.5,0.0,0.0,0,1,0,0,0.9749279121818236,-0.22252093395631434,0.6513724827222223,-0.758758122692791
1115,17.7,25,2.1,0.0,0.0,0,1,0,0,0.9749279121818236,-0.22252093395631434,0.48530196253108104,-0.8743466161445821
1083,18.3,24,1.7,0.0,0.0,0,1,0,0,0.9749279121818236,-0.22252093395631434,0.29936312297335804,-0.9541392564000488
1175,18.3,21,2.7,0.0,0.0,0,1,0,0,0.9749279121818236,-0.22252093395631434,0.10116832198743272,-0.994869323391895
1409,18.0,26,2.1,0.0,0.0,0,1,0,0,0.9749279121818236,-0.22252093395631434,-0.10116832198743204,-0.9948693233918952
1896,16.9,34,2.5,0.0,0.0,0,1,0,0,0.9749279121818236,-0.22252093395631434,-0.2993631229733582,-0.9541392564000488
2445,14.6,39,2.3,0.0,0.0,0,1,0,0,0.9749279121818236,-0.22252093395631434,-0.4853019625310808,-0.8743466161445822
1819,13.2,42,1.3,0.0,0.0,0,1,0,0,0.9749279121818236,-0.22252093395631434,-0.651372482722222,-0.7587581226927911
1558,12.2,47,1.1,0.0,0.0,0,1,0,0,0.9749279121818236,-0.22252093395631434,-0.7907757369376986,-0.6121059825476627
1493,10.8,53,0.9,0.0,0.0,0,1,0,0,0.9749279121818236,-0.22252093395631434,-0.8978045395707417,-0.44039415155763423
1278,9.9,50,0.1,0.0,0.0,0,1,0,0,0.9749279121818236,-0.22252093395631434,-0.9680771188662041,-0.2506525322587213
896,9.7,56,0.7,0.0,0.0,0,1,0,0,0.9749279121818236,-0.22252093395631434,-0.9987165071710528,-0.05064916883871355
694,9.2,64,0.7,0.0,0.0,0,1,0,0,0.43388373911755823,-0.900968867902419,0.0,1.0
579,9.0,66,0.7,0.0,0.0,0,1,0,0,0.43388373911755823,-0.900968867902419,0.20129852008866006,0.9795299412524945
385,8.7,71,0.8,0.0,0.0,0,1,0,0,0.43388373911755823,-0.900968867902419,0.39435585511331855,0.9189578116202306
244,8.6,74,0.6,0.0,0.0,0,1,0,0,0.43388373911755823,-0.900968867902419,0.5712682150947923,0.8207634412072763
165,8.1,78,0.6,0.0,0.0,0,1,0,0,0.43388373911755823,-0.900968867902419,0.72479278722912,0.6889669190756866
185,7.8,81,1.1,0.0,0.0,0,1,0,0,0.43388373911755823,-0.900968867902419,0.8486442574947509,0.5289640103269624
458,7.6,82,0.3,0.0,0.0,0,1,0,0,0.43388373911755823,-0.900968867902419,0.9377521321470804,0.3473052528448203
1191,7.7,81,0.4,0.0,0.0,0,1,0,0,0.43388373911755823,-0.900968867902419,0.9884683243281114,0.1514277775045767
2154,8.5,77,0.5,0.0,0.0,0,1,0,0,0.43388373911755823,-0.900968867902419,0.9987165071710528,-0.05064916883871264
1165,10.9,60,0.9,0.0,0.0,0,1,0,0,0.43388373911755823,-0.900968867902419,0.9680771188662043,-0.2506525322587204
864,13.7,57,1.2,0.0,0.0,0,1,0,0,0.43388373911755823,-0.900968867902419,0.8978045395707416,-0.4403941515576344
917,15.0,52,1.4,0.0,0.0,0,1,0,0,0.43388373911755823,-0.900968867902419,0.7907757369376989,-0.6121059825476626
1132,16.8,50,1.6,0.0,0.0,0,1,0,0,0.43388373911755823,-0.900968867902419,0.6513724827222223,-0.758758122692791
1152,18.1,43,2.2,0.0,0.0,0,1,0,0,0.43388373911755823,-0.900968867902419,0.48530196253108104,-0.8743466161445821
1122,18.7,39,1.3,0.0,0.0,0,1,0,0,0.43388373911755823,-0.900968867902419,0.29936312297335804,-0.9541392564000488
1203,19.0,38,1.9,0.0,0.0,0,1,0,0,0.43388373911755823,-0.900968867902419,0.10116832198743272,-0.994869323391895
1473,18.5,40,1.8,0.0,0.0,0,1,0,0,0.43388373911755823,-0.900968867902419,-0.10116832198743204,-0.9948693233918952
1804,16.9,44,1.6,0.0,0.0,0,1,0,0,0.43388373911755823,-0.900968867902419,-0.2993631229733582,-0.9541392564000488
2499,15.7,45,2.5,0.0,0.0,0,1,0,0,0.43388373911755823,-0.900968867902419,-0.4853019625310808,-0.8743466161445822
1878,14.9,49,2.1,0.0,0.0,0,1,0,0,0.43388373911755823,-0.900968867902419,-0.651372482722222,-0.7587581226927911
1528,13.8,56,1.9,0.0,0.0,0,1,0,0,0.43388373911755823,-0.900968867902419,-0.7907757369376986,-0.6121059825476627
1466,12.6,60,0.5,0.0,0.0,0,1,0,0,0.43388373911755823,-0.900968867902419,-0.8978045395707417,-0.44039415155763423
1302,11.6,61,0.2,0.0,0.0,0,1,0,0,0.43388373911755823,-0.900968867902419,-0.9680771188662041,-0.2506525322587213
944,10.9,64,0.2,0.0,0.0,0,1,0,0,0.43388373911755823,-0.900968867902419,-0.9987165071710528,-0.05064916883871355
783,10.3,67,1.5,0.0,0.0,0,1,0,0,-0.433883739117558,-0.9009688679024191,0.0,1.0
653,9.8,68,1.7,0.0,0.0,0,1,0,0,-0.433883739117558,-0.9009688679024191,0.20129852008866006,0.9795299412524945
433,9.2,72,1.5,0.0,0.0,0,1,0,0,-0.433883739117558,-0.9009688679024191,0.39435585511331855,0.9189578116202306
262,8.5,74,1.3,0.0,0.0,0,1,0,0,-0.433883739117558,-0.9009688679024191,0.5712682150947923,0.8207634412072763
184,8.1,76,0.3,0.0,0.0,0,1,0,0,-0.433883739117558,-0.9009688679024191,0.72479278722912,0.6889669190756866
162,7.7,73,0.0,0.0,0.0,0,1,0,0,-0.433883739117558,-0.9009688679024191,0.8486442574947509,0.5289640103269624
491,7.2,77,0.5,0.0,0.0,0,1,0,0,-0.433883739117558,-0.9009688679024191,0.9377521321470804,0.3473052528448203
1188,7.3,72,0.4,0.0,0.0,0,1,0,0,-0.433883739117558,-0.9009688679024191,0.9884683243281114,0.1514277775045767
2113,7.9,63,0.6,0.0,0.0,0,1,0,0,-0.433883739117558,-0.9009688679024191,0.9987165071710528,-0.05064916883871264
1191,11.1,53,1.0,0.0,0.0,0,1,0,0,-0.433883739117558,-0.9009688679024191,0.9680771188662043,-0.2506525322587204
850,13.8,44,1.5,0.0,0.0,0,1,0,0,-0.433883739117558,-0.9009688679024191,0.8978045395707416,-0.4403941515576344
981,16.4,35,1.1,0.0,0.0,0,1,0,0,-0.433883739117558,-0.9009688679024191,0.7907757369376989,-0.6121059825476626
1161,17.4,33,1.1,0.0,0.0,0,1,0,0,-0.433883739117558,-0.9009688679024191,0.6513724827222223,-0.758758122692791
1190,18.9,33,1.8,0.0,0.0,0,1,0,0,-0.433883739117558,-0.9009688679024191,0.48530196253108104,-0.8743466161445821
1221,19.8,32,2.3,0.0,0.0,0,1,0,0,-0.433883739117558,-0.9009688679024191,0.29936312297335804,-0.9541392564000488
1390,19.7,30,3.0,0.0,0.0,0,1,0,0,-0.433883739117558,-0.9009688679024191,0.10116832198743272,-0.994869323391895
1527,19.3,29,2.8,0.0,0.0,0,1,0,0,-0.433883739117558,-0.9009688679024191,-0.10116832198743204,-0.9948693233918952
1939,18.5,35,2.2,0.0,0.0,0,1,0,0,-0.433883739117558,-0.9009688679024191,-0.2993631229733582,-0.9541392564000488
2631,16.6,40,2.4,0.0,0.0,0,1,0,0,-0.433883739117558,-0.9009688679024191,-0.4853019625310808,-0.8743466161445822
1769,15.3,53,2.4,0.0,0.0,0,1,0,0,-0.433883739117558,-0.9009688679024191,-0.651372482722222,-0.7587581226927911
1512,14.2,56,1.8,0.0,0.0,0,1,0,0,-0.433883739117558,-0.9009688679024191,-0.7907757369376986,-0.6121059825476627
1457,13.3,56,1.1,0.0,0.0,0,1,0,0,-0.433883739117558,-0.9009688679024191,-0.8978045395707417,-0.44039415155763423
1331,12.3,65,1.7,0.0,0.0,0,1,0,0,-0.433883739117558,-0.9009688679024191,-0.9680771188662041,-0.2506525322587213
1018,11.7,70,1.7,0.0,0.0,0,1,0,0,-0.433883739117558,-0.9009688679024191,-0.9987165071710528,-0.05064916883871355
891,11.3,71,1.2,0.0,0.0,0,1,0,0,-0.9749279121818236,-0.2225209339563146,0.0,1.0
774,10.9,72,0.0,0.0,0.0,0,1,0,0,-0.9749279121818236,-0.2225209339563146,0.20129852008866006,0.9795299412524945
522,10.1,78,0.1,0.0,0.0,0,1,0,0,-0.9749279121818236,-0.2225209339563146,0.39435585511331855,0.9189578116202306
386,9.5,77,0.4,0.0,0.0,0,1,0,0,-0.9749279121818236,-0.2225209339563146,0.5712682150947923,0.8207634412072763
246,8.9,75,0.4,0.0,0.0,0,1,0,0,-0.9749279121818236,-0.2225209339563146,0.72479278722912,0.6889669190756866
154,8.1,76,0.6,0.0,0.0,0,1,0,0,-0.9749279121818236,-0.2225209339563146,0.8486442574947509,0.5289640103269624
219,7.5,79,0.6,0.0,0.0,0,1,0,0,-0.9749279121818236,-0.2225209339563146,0.9377521321470804,0.3473052528448203
427,7.0,82,0.5,0.0,0.0,0,1,0,0,-0.9749279121818236,-0.2225209339563146,0.9884683243281114,0.1514277775045767
784,7.8,70,1.4,0.0,0.0,0,1,0,0,-0.9749279121818236,-0.2225209339563146,0.9987165071710528,-0.05064916883871264
921,10.4,60,1.3,0.0,0.0,0,1,0,0,-0.9749279121818236,-0.2225209339563146,0.9680771188662043,-0.2506525322587204
997,13.0,49,0.5,0.0,0.0,0,1,0,0,-0.9749279121818236,-0.2225209339563146,0.8978045395707416,-0.4403941515576344
1175,16.2,39,1.6,0.0,0.0,0,1,0,0,-0.9749279121818236,-0.2225209339563146,0.7907757369376989,-0.6121059825476626
1407,17.7,33,2.2,0.0,0.0,0,1,0,0,-0.9749279121818236,-0.2225209339563146,0.6513724827222223,-0.758758122692791
1585,19.4,26,1.1,0.0,0.0,0,1,0,0,-0.9749279121818236,-0.2225209339563146,0.48530196253108104,-0.8743466161445821
1649,20.0,22,1.6,0.0,0.0,0,1,0,0,-0.9749279121818236,-0.2225209339563146,0.29936312297335804,-0.9541392564000488
1760,21.3,24,1.5,0.0,0.0,0,1,0,0,-0.9749279121818236,-0.2225209339563146,0.10116832198743272,-0.994869323391895
1813,20.9,20,2.0,0.0,0.0,0,1,0,0,-0.9749279121818236,-0.2225209339563146,-0.10116832198743204,-0.9948693233918952
1949,19.2,23,1.5,0.0,0.0,0,1,0,0,-0.9749279121818236,-0.2225209339563146,-0.2993631229733582,-0.9541392564000488
1707,16.6,41,2.4,0.0,0.0,0,1,0,0,-0.9749279121818236,-0.2225209339563146,-0.4853019625310808,-0.8743466161445822
1407,14.6,48,1.9,0.0,0.0,0,1,0,0,-0.9749279121818236,-0.2225209339563146,-0.651372482722222,-0.7587581226927911
1270,13.7,51,1.0,0.0,0.0,0,1,0,0,-0.9749279121818236,-0.2225209339563146,-0.7907757369376986,-0.6121059825476627
1249,13.3,55,2.0,0.0,0.0,0,1,0,0,-0.9749279121818236,-0.2225209339563146,-0.8978045395707417,-0.44039415155763423
1141,12.7,58,0.0,0.0,0.0,0,1,0,0,-0.9749279121818236,-0.2225209339563146,-0.9680771188662041,-0.2506525322587213
922,11.7,58,0.0,0.0,0.0,0,1,0,0,-0.9749279121818236,-0.2225209339563146,-0.9987165071710528,-0.05064916883871355
848,11.2,62,0.0,0.0,0.0,0,1,0,0,-0.7818314824680299,0.6234898018587334,0.0,1.0
622,10.6,60,0.5,0.0,0.0,0,1,0,0,-0.7818314824680299,0.6234898018587334,0.20129852008866006,0.9795299412524945
428,9.8,63,0.6,0.0,0.0,0,1,0,0,-0.7818314824680299,0.6234898018587334,0.39435585511331855,0.9189578116202306
342,9.2,68,0.4,0.0,0.0,0,1,0,0,-0.7818314824680299,0.6234898018587334,0.5712682150947923,0.8207634412072763
206,8.8,71,0.9,0.0,0.0,0,1,0,0,-0.7818314824680299,0.6234898018587334,0.72479278722912,0.6889669190756866
146,8.2,73,1.3,0.0,0.0,0,1,0,0,-0.7818314824680299,0.6234898018587334,0.8486442574947509,0.5289640103269624
172,7.6,75,0.6,0.0,0.0,0,1,0,0,-0.7818314824680299,0.6234898018587334,0.9377521321470804,0.3473052528448203
315,7.2,76,0.5,0.0,0.0,0,1,0,0,-0.7818314824680299,0.6234898018587334,0.9884683243281114,0.1514277775045767
534,7.9,67,1.1,0.0,0.0,0,1,0,0,-0.7818314824680299,0.6234898018587334,0.9987165071710528,-0.05064916883871264
679,10.5,56,1.2,0.0,0.0,0,1,0,0,-0.7818314824680299,0.6234898018587334,0.9680771188662043,-0.2506525322587204
936,13.4,46,0.8,0.0,0.0,0,1,0,0,-0.7818314824680299,0.6234898018587334,0.8978045395707416,-0.4403941515576344
1055,16.8,38,1.5,0.0,0.0,0,1,0,0,-0.7818314824680299,0.6234898018587334,0.7907757369376989,-0.6121059825476626
1417,18.4,28,1.9,0.0,0.0,0,1,0,0,-0.7818314824680299,0.6234898018587334,0.6513724827222223,-0.758758122692791
1519,19.3,24,1.5,0.0,0.0,0,1,0,0,-0.7818314824680299,0.6234898018587334,0.48530196253108104,-0.8743466161445821
1642,20.1,23,2.3,0.0,0.0,0,1,0,0,-0.7818314824680299,0.6234898018587334,0.29936312297335804,-0.9541392564000488
1891,20.9,23,1.5,0.0,0.0,0,1,0,0,-0.7818314824680299,0.6234898018587334,0.10116832198743272,-0.994869323391895
1976,20.2,24,2.5,0.0,0.0,0,1,0,0,-0.7818314824680299,0.6234898018587334,-0.10116832198743204,-0.9948693233918952
1883,18.8,24,2.1,0.0,0.0,0,1,0,0,-0.7818314824680299,0.6234898018587334,-0.2993631229733582,-0.9541392564000488
1618,16.2,41,1.4,0.0,0.0,0,1,0,0,-0.7818314824680299,0.6234898018587334,-0.4853019625310808,-0.8743466161445822
1464,14.9,46,1.4,0.0,0.0,0,1,0,0,-0.7818314824680299,0.6234898018587334,-0.651372482722222,-0.7587581226927911
1306,13.8,52,1.6,0.0,0.0,0,1,0,0,-0.7818314824680299,0.6234898018587334,-0.7907757369376986,-0.6121059825476627
1158,13.0,49,1.0,0.0,0.0,0,1,0,0,-0.7818314824680299,0.6234898018587334,-0.8978045395707417,-0.44039415155763423
1025,12.2,57,0.0,0.0,0.0,0,1,0,0,-0.7818314824680299,0.6234898018587334,-0.9680771188662041,-0.2506525322587213
724,11.8,56,0.0,0.0,0.0,0,1,0,0,-0.7818314824680299,0.6234898018587334,-0.9987165071710528,-0.05064916883871355
623,11.4,56,0.2,0.0,0.0,0,1,0,0,0.0,1.0,0.0,1.0
372,10.7,57,0.9,0.0,0.0,0,1,0,0,0.0,1.0,0.20129852008866006,0.9795299412524945
253,10.5,57,0.2,0.0,0.0,0,1,0,0,0.0,1.0,0.39435585511331855,0.9189578116202306
175,10.2,60,1.0,0.0,0.0,0,1,0,0,0.0,1.0,0.5712682150947923,0.8207634412072763
110,10.0,62,0.6,0.0,0.0,0,1,0,0,0.0,1.0,0.72479278722912,0.6889669190756866
202,9.4,65,0.8,0.0,0.0,0,1,0,0,0.0,1.0,0.8486442574947509,0.5289640103269624
513,9.2,65,0.8,0.0,0.0,0,1,0,0,0.0,1.0,0.9377521321470804,0.3473052528448203
1244,8.9,67,0.8,0.0,0.0,0,1,0,0,0.0,1.0,0.9884683243281114,0.1514277775045767
2111,9.7,58,0.6,0.0,0.0,0,1,0,0,0.0,1.0,0.9987165071710528,-0.05064916883871264
1104,11.9,50,1.1,0.0,0.0,0,1,0,0,0.0,1.0,0.9680771188662043,-0.2506525322587204
817,14.6,43,0.7,0.0,0.0,0,1,0,0,0.0,1.0,0.8978045395707416,-0.4403941515576344
941,16.7,37,0.7,0.0,0.0,0,1,0,0,0.0,1.0,0.7907757369376989,-0.6121059825476626
1034,18.2,34,1.0,0.0,0.0,0,1,0,0,0.0,1.0,0.6513724827222223,-0.758758122692791
1064,19.4,35,1.2,0.0,0.0,0,1,0,0,0.0,1.0,0.48530196253108104,-0.8743466161445821
1122,20.6,30,2.2,0.0,0.0,0,1,0,0,0.0,1.0,0.29936312297335804,-0.9541392564000488
1167,20.2,31,1.6,0.0,0.0,0,1,0,0,0.0,1.0,0.10116832198743272,-0.994869323391895
1464,19.7,34,1.6,0.0,0.0,0,1,0,0,0.0,1.0,-0.10116832198743204,-0.9948693233918952
1904,18.9,35,1.7,0.0,0.0,0,1,0,0,0.0,1.0,-0.2993631229733582,-0.9541392564000488
2613,17.3,43,0.9,0.0,0.0,0,1,0,0,0.0,1.0,-0.4853019625310808,-0.8743466161445822
1860,15.6,44,1.5,0.0,0.0,0,1,0,0,0.0,1.0,-0.651372482722222,-0.7587581226927911
1593,14.5,51,1.4,0.0,0.0,0,1,0,0,0.0,1.0,-0.7907757369376986,-0.6121059825476627
1513,13.4,56,0.7,0.0,0.0,0,1,0,0,0.0,1.0,-0.8978045395707417,-0.44039415155763423
1360,12.7,60,0.0,0.0,0.0,0,1,0,0,0.0,1.0,-0.9680771188662041,-0.2506525322587213
916,12.0,59,0.4,0.0,0.0,0,1,0,0,0.0,1.0,-0.9987165071710528,-0.05064916883871355
726,11.6,61,0.7,0.0,0.0,0,1,0,0,0.7818314824680298,0.6234898018587336,0.0,1.0
547,11.1,62,0.2,0.0,0.0,0,1,0,0,0.7818314824680298,0.6234898018587336,0.20129852008866006,0.9795299412524945
356,10.6,68,0.9,0.0,0.0,0,1,0,0,0.7818314824680298,0.6234898018587336,0.39435585511331855,0.9189578116202306
243,10.1,70,1.1,0.0,0.0,0,1,0,0,0.7818314824680298,0.6234898018587336,0.5712682150947923,0.8207634412072763
170,10.0,73,0.9,0.0,0.0,0,1,0,0,0.7818314824680298,0.6234898018587336,0.72479278722912,0.6889669190756866
193,10.0,73,0.5,0.0,0.0,0,1,0,0,0.7818314824680298,0.6234898018587336,0.8486442574947509,0.5289640103269624
456,9.9,75,1.0,0.0,0.0,0,1,0,0,0.7818314824680298,0.6234898018587336,0.9377521321470804,0.3473052528448203
839,10.4,71,0.6,0.0,0.0,0,1,0,0,0.7818314824680298,0.6234898018587336,0.9884683243281114,0.1514277775045767
1423,11.0,78,0.8,0.0,0.0,0,1,0,0,0.7818314824680298,0.6234898018587336,0.9987165071710528,-0.05064916883871264
1026,11.7,77,0.8,0.0,0.0,0,1,0,0,0.7818314824680298,0.6234898018587336,0.9680771188662043,-0.2506525322587204
735,13.8,65,1.1,0.0,0.0,0,1,0,0,0.7818314824680298,0.6234898018587336,0.8978045395707416,-0.4403941515576344
81,13.0,70,5.0,0.0,0.0,0,1,0,0,0.7818314824680298,0.6234898018587336,0.7907757369376989,-0.6121059825476626
363,11.5,90,1.2,5.0,0.0,0,1,0,0,0.7818314824680298,0.6234898018587336,0.6513724827222223,-0.758758122692791
652,13.5,82,0.8,0.0,0.0,0,1,0,0,0.7818314824680298,0.6234898018587336,0.48530196253108104,-0.8743466161445821
837,15.1,71,0.9,0.0,0.0,0,1,0,0,0.7818314824680298,0.6234898018587336,0.29936312297335804,-0.9541392564000488
1010,16.6,68,1.5,0.0,0.0,0,1,0,0,0.7818314824680298,0.6234898018587336,0.10116832198743272,-0.994869323391895
1294,16.1,70,1.3,0.0,0.0,0,1,0,0,0.7818314824680298,0.6234898018587336,-0.10116832198743204,-0.9948693233918952
1604,15.7,63,3.2,0.0,0.0,0,1,0,0,0.7818314824680298,0.6234898018587336,-0.2993631229733582,-0.9541392564000488
2415,14.5,71,2.1,0.0,0.0,0,1,0,0,0.7818314824680298,0.6234898018587336,-0.4853019625310808,-0.8743466161445822
1685,14.0,70,1.6,0.0,0.0,0,1,0,0,0.7818314824680298,0.6234898018587336,-0.651372482722222,-0.7587581226927911
1433,13.6,70,1.4,0.0,0.0,0,1,0,0,0.7818314824680298,0.6234898018587336,-0.7907757369376986,-0.6121059825476627
1380,12.6,70,1.2,0.0,0.0,0,1,0,0,0.7818314824680298,0.6234898018587336,-0.8978045395707417,-0.44039415155763423
1257,12.3,73,0.9,0.0,0.0,0,1,0,0,0.7818314824680298,0.6234898018587336,-0.9680771188662041,-0.2506525322587213
876,11.2,78,0.5,0.0,0.0,0,1,0,0,0.7818314824680298,0.6234898018587336,-0.9987165071710528,-0.05064916883871355
708,10.8,80,1.0,0.0,0.0,0,1,0,0,0.9749279121818236,-0.22252093395631434,0.0,1.0
573,10.2,84,1.2,0.0,0.0,0,1,0,0,0.9749279121818236,-0.22252093395631434,0.20129852008866006,0.9795299412524945
371,9.5,87,1.0,0.0,0.0,0,1,0,0,0.9749279121818236,-0.22252093395631434,0.39435585511331855,0.9189578116202306
249,9.4,85,1.6,0.0,0.0,0,1,0,0,0.9749279121818236,-0.22252093395631434,0.5712682150947923,0.8207634412072763
162,9.0,87,0.6,0.0,0.0,0,1,0,0,0.9749279121818236,-0.22252093395631434,0.72479278722912,0.6889669190756866
164,8.5,87,1.2,0.0,0.0,0,1,0,0,0.9749279121818236,-0.22252093395631434,0.8486442574947509,0.5289640103269624
453,8.1,88,0.9,0.0,0.0,0,1,0,0,0.9749279121818236,-0.22252093395631434,0.9377521321470804,0.3473052528448203
1165,7.8,90,0.6,0.0,0.0,0,1,0,0,0.9749279121818236,-0.22252093395631434,0.9884683243281114,0.1514277775045767
2108,8.1,85,1.2,0.0,0.0,0,1,0,0,0.9749279121818236,-0.22252093395631434,0.9987165071710528,-0.05064916883871264
1151,10.1,72,1.1,0.0,0.0,0,1,0,0,0.9749279121818236,-0.22252093395631434,0.9680771188662043,-0.2506525322587204
811,13.0,63,0.9,0.0,0.0,0,1,0,0,0.9749279121818236,-0.22252093395631434,0.8978045395707416,-0.4403941515576344
940,15.7,53,1.0,0.0,0.0,0,1,0,0,0.9749279121818236,-0.22252093395631434,0.7907757369376989,-0.6121059825476626
1126,16.8,48,1.6,0.0,0.0,0,1,0,0,0.9749279121818236,-0.22252093395631434,0.6513724827222223,-0.758758122692791
1106,17.2,43,2.3,0.0,0.0,0,1,0,0,0.9749279121818236,-0.22252093395631434,0.48530196253108104,-0.8743466161445821
1150,17.6,39,2.5,0.0,0.0,0,1,0,0,0.9749279121818236,-0.22252093395631434,0.29936312297335804,-0.9541392564000488
1161,18.0,40,3.0,0.0,0.0,0,1,0,0,0.9749279121818236,-0.22252093395631434,0.10116832198743272,-0.994869323391895
1492,18.2,42,1.3,0.0,0.0,0,1,0,0,0.9749279121818236,-0.22252093395631434,-0.10116832198743204,-0.9948693233918952
1904,17.0,47,2.2,0.0,0.0,0,1,0,0,0.9749279121818236,-0.22252093395631434,-0.2993631229733582,-0.9541392564000488
2612,15.1,53,1.7,0.0,0.0,0,1,0,0,0.9749279121818236,-0.22252093395631434,-0.4853019625310808,-0.8743466161445822
1827,13.9,61,1.9,0.0,0.0,0,1,0,0,0.9749279121818236,-0.22252093395631434,-0.651372482722222,-0.7587581226927911
1556,13.1,63,0.4,0.0,0.0,0,1,0,0,0.9749279121818236,-0.22252093395631434,-0.7907757369376986,-0.6121059825476627
1464,12.1,67,1.0,0.0,0.0,0,1,0,0,0.9749279121818236,-0.22252093395631434,-0.8978045395707417,-0.44039415155763423
1281,11.6,71,0.2,0.0,0.0,0,1,0,0,0.9749279121818236,-0.22252093395631434,-0.9680771188662041,-0.2506525322587213
884,11.0,74,0.1,0.0,0.0,0,1,0,0,0.9749279121818236,-0.22252093395631434,-0.9987165071710528,-0.05064916883871355
729,10.5,75,0.3,0.0,0.0,0,1,0,0,0.43388373911755823,-0.900968867902419,0.0,1.0
572,10.0,78,0.4,0.0,0.0,0,1,0,0,0.43388373911755823,-0.900968867902419,0.20129852008866006,0.9795299412524945
421,9.1,79,0.5,0.0,0.0,0,1,0,0,0.43388373911755823,-0.900968867902419,0.39435585511331855,0.9189578116202306
266,9.1,79,0.2,0.0,0.0,0,1,0,0,0.43388373911755823,-0.900968867902419,0.5712682150947923,0.8207634412072763
161,8.5,83,1.2,0.0,0.0,0,1,0,0,0.43388373911755823,-0.900968867902419,0.72479278722912,0.6889669190756866
193,7.8,85,0.9,0.0,0.0,0,1,0,0,0.43388373911755823,-0.900968867902419,0.8486442574947509,0.5289640103269624
450,7.5,86,1.3,0.0,0.0,0,1,0,0,0.43388373911755823,-0.900968867902419,0.9377521321470804,0.3473052528448203
1251,7.3,85,1.4,0.0,0.0,0,1,0,0,0.43388373911755823,-0.900968867902419,0.9884683243281114,0.1514277775045767
2070,7.9,76,1.2,0.0,0.0,0,1,0,0,0.43388373911755823,-0.900968867902419,0.9987165071710528,-0.05064916883871264
1168,10.3,64,1.0,0.0,0.0,0,1,0,0,0.43388373911755823,-0.900968867902419,0.9680771188662043,-0.2506525322587204
779,13.4,53,1.1,0.0,0.0,0,1,0,0,0.43388373911755823,-0.900968867902419,0.8978045395707416,-0.4403941515576344
956,16.4,43,0.7,0.0,0.0,0,1,0,0,0.43388373911755823,-0.900968867902419,0.7907757369376989,-0.6121059825476626
1188,18.2,37,1.4,0.0,0.0,0,1,0,0,0.43388373911755823,-0.900968867902419,0.6513724827222223,-0.758758122692791
1154,19.4,32,1.1,0.0,0.0,0,1,0,0,0.43388373911755823,-0.900968867902419,0.48530196253108104,-0.8743466161445821
1192,20.6,31,1.4,0.0,0.0,0,1,0,0,0.43388373911755823,-0.900968867902419,0.29936312297335804,-0.9541392564000488
1275,20.6,32,1.4,0.0,0.0,0,1,0,0,0.43388373911755823,-0.900968867902419,0.10116832198743272,-0.994869323391895
1528,20.4,32,0.9,0.0,0.0,0,1,0,0,0.43388373911755823,-0.900968867902419,-0.10116832198743204,-0.9948693233918952
1961,19.2,36,0.7,0.0,0.0,0,1,0,0,0.43388373911755823,-0.900968867902419,-0.2993631229733582,-0.9541392564000488
2632,17.3,39,1.3,0.0,0.0,0,1,0,0,0.43388373911755823,-0.900968867902419,-0.4853019625310808,-0.8743466161445822
1968,16.4,47,1.0,0.0,0.0,0,1,0,0,0.43388373911755823,-0.900968867902419,-0.651372482722222,-0.7587581226927911
1596,15.3,50,0.5,0.0,0.0,0,1,0,0,0.43388373911755823,-0.900968867902419,-0.7907757369376986,-0.6121059825476627
1513,14.5,50,0.7,0.0,0.0,0,1,0,0,0.43388373911755823,-0.900968867902419,-0.8978045395707417,-0.44039415155763423
1316,13.6,56,1.0,0.0,0.0,0,1,0,0,0.43388373911755823,-0.900968867902419,-0.9680771188662041,-0.2506525322587213
919,12.5,59,0.8,0.0,0.0,0,1,0,0,0.43388373911755823,-0.900968867902419,-0.9987165071710528,-0.05064916883871355
753,12.5,57,0.9,0.0,0.0,0,1,0,0,-0.433883739117558,-0.9009688679024191,0.0,1.0
629,12.7,56,1.2,0.0,0.0,0,1,0,0,-0.433883739117558,-0.9009688679024191,0.20129852008866006,0.9795299412524945
434,12.8,59,0.9,0.0,0.0,0,1,0,0,-0.433883739117558,-0.9009688679024191,0.39435585511331855,0.9189578116202306
327,12.8,57,0.5,0.0,0.0,0,1,0,0,-0.433883739117558,-0.9009688679024191,0.5712682150947923,0.8207634412072763
185,12.6,60,0.6,0.0,0.0,0,1,0,0,-0.433883739117558,-0.9009688679024191,0.72479278722912,0.6889669190756866
178,12.4,60,0.8,0.0,0.0,0,1,0,0,-0.433883739117558,-0.9009688679024191,0.8486442574947509,0.5289640103269624
376,12.6,64,1.3,0.0,0.0,0,1,0,0,-0.433883739117558,-0.9009688679024191,0.9377521321470804,0.3473052528448203
556,12.6,63,0.8,0.0,0.0,0,1,0,0,-0.433883739117558,-0.9009688679024191,0.9884683243281114,0.1514277775045767
556,12.1,81,0.8,0.5,0.0,0,1,0,0,-0.433883739117558,-0.9009688679024191,0.9987165071710528,-0.05064916883871264
144,12.0,86,0.8,0.5,0.0,0,1,0,0,-0.433883739117558,-0.9009688679024191,0.9680771188662043,-0.2506525322587204
191,12.9,84,1.0,0.0,0.0,0,1,0,0,-0.433883739117558,-0.9009688679024191,0.8978045395707416,-0.4403941515576344
54,12.4,87,1.0,1.0,0.0,0,1,0,0,-0.433883739117558,-0.9009688679024191,0.7907757369376989,-0.6121059825476626
29,12.4,90,1.1,1.0,0.0,0,1,0,0,-0.433883739117558,-0.9009688679024191,0.6513724827222223,-0.758758122692791
18,12.6,87,2.3,1.5,0.0,0,1,0,0,-0.433883739117558,-0.9009688679024191,0.48530196253108104,-0.8743466161445821
147,12.7,95,1.9,5.5,0.0,0,1,0,0,-0.433883739117558,-0.9009688679024191,0.29936312297335804,-0.9541392564000488
576,14.0,87,1.2,1.0,0.0,0,1,0,0,-0.433883739117558,-0.9009688679024191,0.10116832198743272,-0.994869323391895
900,14.5,81,1.8,0.0,0.0,0,1,0,0,-0.433883739117558,-0.9009688679024191,-0.10116832198743204,-0.9948693233918952
1386,14.3,77,2.9,0.0,0.0,0,1,0,0,-0.433883739117558,-0.9009688679024191,-0.2993631229733582,-0.9541392564000488
1882,13.1,74,1.6,0.0,0.0,0,1,0,0,-0.433883739117558,-0.9009688679024191,-0.4853019625310808,-0.8743466161445822
1228,12.9,66,2.5,0.0,0.0,0,1,0,0,-0.433883739117558,-0.9009688679024191,-0.651372482722222,-0.7587581226927911
1003,12.2,67,5.4,0.0,0.0,0,1,0,0,-0.433883739117558,-0.9009688679024191,-0.7907757369376986,-0.6121059825476627
542,10.6,70,2.4,0.0,0.0,0,1,0,0,-0.433883739117558,-0.9009688679024191,-0.8978045395707417,-0.44039415155763423
680,10.5,72,2.4,0.0,0.0,0,1,0,0,-0.433883739117558,-0.9009688679024191,-0.9680771188662041,-0.2506525322587213
603,10.2,64,3.9,0.0,0.0,0,1,0,0,-0.433883739117558,-0.9009688679024191,-0.9987165071710528,-0.05064916883871355
640,9.9,65,3.2,0.0,0.0,0,1,0,0,-0.9749279121818236,-0.2225209339563146,0.0,1.0
585,9.9,62,3.5,0.0,0.0,0,1,0,0,-0.9749279121818236,-0.2225209339563146,0.20129852008866006,0.9795299412524945
478,9.5,58,3.0,0.0,0.0,0,1,0,0,-0.9749279121818236,-0.2225209339563146,0.39435585511331855,0.9189578116202306
346,9.1,60,2.8,0.0,0.0,0,1,0,0,-0.9749279121818236,-0.2225209339563146,0.5712682150947923,0.8207634412072763
233,8.8,61,2.8,0.0,0.0,0,1,0,0,-0.9749279121818236,-0.2225209339563146,0.72479278722912,0.6889669190756866
146,8.0,65,1.6,0.0,0.0,0,1,0,0,-0.9749279121818236,-0.2225209339563146,0.8486442574947509,0.5289640103269624
197,7.4,66,2.3,0.0,0.0,0,1,0,0,-0.9749279121818236,-0.2225209339563146,0.9377521321470804,0.3473052528448203
388,7.3,65,3.2,0.0,0.0,0,1,0,0,-0.9749279121818236,-0.2225209339563146,0.9884683243281114,0.1514277775045767
713,7.7,62,2.4,0.0,0.0,0,1,0,0,-0.9749279121818236,-0.2225209339563146,0.9987165071710528,-0.05064916883871264
785,8.3,55,4.0,0.0,0.0,0,1,0,0,-0.9749279121818236,-0.2225209339563146,0.9680771188662043,-0.2506525322587204
898,9.5,46,3.7,0.0,0.0,0,1,0,0,-0.9749279121818236,-0.2225209339563146,0.8978045395707416,-0.4403941515576344
996,10.4,42,4.1,0.0,0.0,0,1,0,0,-0.9749279121818236,-0.2225209339563146,0.7907757369376989,-0.6121059825476626
1076,10.4,41,4.9,0.0,0.0,0,1,0,0,-0.9749279121818236,-0.2225209339563146,0.6513724827222223,-0.758758122692791
1118,10.6,38,4.6,0.0,0.0,0,1,0,0,-0.9749279121818236,-0.2225209339563146,0.48530196253108104,-0.8743466161445821
1183,10.8,37,4.4,0.0,0.0,0,1,0,0,-0.9749279121818236,-0.2225209339563146,0.29936312297335804,-0.9541392564000488
1254,11.4,32,3.8,0.0,0.0,0,1,0,0,-0.9749279121818236,-0.2225209339563146,0.10116832198743272,-0.994869323391895
1308,10.6,35,3.3,0.0,0.0,0,1,0,0,-0.9749279121818236,-0.2225209339563146,-0.10116832198743204,-0.9948693233918952
1176,9.5,34,5.7,0.0,0.0,0,1,0,0,-0.9749279121818236,-0.2225209339563146,-0.2993631229733582,-0.9541392564000488
1054,8.9,39,3.5,0.0,0.0,0,1,0,0,-0.9749279121818236,-0.2225209339563146,-0.4853019625310808,-0.8743466161445822
864,8.0,42,2.9,0.0,0.0,0,1,0,0,-0.9749279121818236,-0.2225209339563146,-0.651372482722222,-0.7587581226927911
775,7.6,44,4.2,0.0,0.0,0,1,0,0,-0.9749279121818236,-0.2225209339563146,-0.7907757369376986,-0.6121059825476627
775,7.3,49,3.4,0.0,0.0,0,1,0,0,-0.9749279121818236,-0.2225209339563146,-0.8978045395707417,-0.44039415155763423
752,6.6,51,1.8,0.0,0.0,0,1,0,0,-0.9749279121818236,-0.2225209339563146,-0.9680771188662041,-0.2506525322587213
658,6.3,52,1.8,0.0,0.0,0,1,0,0,-0.9749279121818236,-0.2225209339563146,-0.9987165071710528,-0.05064916883871355
699,6.7,55,1.5,0.0,0.0,0,1,0,0,-0.7818314824680299,0.6234898018587334,0.0,1.0
531,6.9,55,1.8,0.0,0.0,0,1,0,0,-0.7818314824680299,0.6234898018587334,0.20129852008866006,0.9795299412524945
450,6.6,59,0.4,0.0,0.0,0,1,0,0,-0.7818314824680299,0.6234898018587334,0.39435585511331855,0.9189578116202306
299,6.2,59,0.6,0.0,0.0,0,1,0,0,-0.7818314824680299,0.6234898018587334,0.5712682150947923,0.8207634412072763
148,6.8,65,1.1,0.0,0.0,0,1,0,0,-0.7818314824680299,0.6234898018587334,0.72479278722912,0.6889669190756866
27,7.2,68,2.5,0.0,0.0,0,1,0,0,-0.7818314824680299,0.6234898018587334,0.8486442574947509,0.5289640103269624
55,6.9,86,1.7,1.5,0.0,0,1,0,0,-0.7818314824680299,0.6234898018587334,0.9377521321470804,0.3473052528448203
134,6.9,88,0.9,0.0,0.0,0,1,0,0,-0.7818314824680299,0.6234898018587334,0.9884683243281114,0.1514277775045767
74,6.8,89,1.4,0.0,0.0,0,1,0,0,-0.7818314824680299,0.6234898018587334,0.9987165071710528,-0.05064916883871264
195,7.3,90,1.1,2.5,0.0,0,1,0,0,-0.7818314824680299,0.6234898018587334,0.9680771188662043,-0.2506525322587204
330,8.2,89,0.4,0.0,0.0,0,1,0,0,-0.7818314824680299,0.6234898018587334,0.8978045395707416,-0.4403941515576344
544,9.4,86,1.2,0.0,0.0,0,1,0,0,-0.7818314824680299,0.6234898018587334,0.7907757369376989,-0.6121059825476626
630,11.9,74,1.6,0.0,0.0,0,1,0,0,-0.7818314824680299,0.6234898018587334,0.6513724827222223,-0.758758122692791
916,12.1,75,1.2,0.0,0.0,0,1,0,0,-0.7818314824680299,0.6234898018587334,0.48530196253108104,-0.8743466161445821
962,12.4,72,1.9,0.0,0.0,0,1,0,0,-0.7818314824680299,0.6234898018587334,0.29936312297335804,-0.9541392564000488
948,12.2,67,3.3,0.0,0.0,0,1,0,0,-0.7818314824680299,0.6234898018587334,0.10116832198743272,-0.994869323391895
385,12.2,65,1.9,0.0,0.0,0,1,0,0,-0.7818314824680299,0.6234898018587334,-0.10116832198743204,-0.9948693233918952
535,9.4,85,1.2,1.5,0.0,0,1,0,0,-0.7818314824680299,0.6234898018587334,-0.2993631229733582,-0.9541392564000488
651,8.9,85,1.8,0.0,0.0,0,1,0,0,-0.7818314824680299,0.6234898018587334,-0.4853019625310808,-0.8743466161445822
645,8.4,85,1.2,0.0,0.0,0,1,0,0,-0.7818314824680299,0.6234898018587334,-0.651372482722222,-0.7587581226927911
624,8.2,82,2.8,0.0,0.0,0,1,0,0,-0.7818314824680299,0.6234898018587334,-0.7907757369376986,-0.6121059825476627
670,7.6,75,1.1,0.0,0.0,0,1,0,0,-0.7818314824680299,0.6234898018587334,-0.8978045395707417,-0.44039415155763423
625,6.7,76,0.6,0.0,0.0,0,1,0,0,-0.7818314824680299,0.6234898018587334,-0.9680771188662041,-0.2506525322587213
512,6.0,74,1.1,0.0,0.0,0,1,0,0,-0.7818314824680299,0.6234898018587334,-0.9987165071710528,-0.05064916883871355
434,5.3,81,1.7,0.0,0.0,0,1,0,0,0.0,1.0,0.0,1.0
326,5.1,83,1.1,0.0,0.0,0,1,0,0,0.0,1.0,0.20129852008866006,0.9795299412524945
184,4.7,81,1.0,0.0,0.0,0,1,0,0,0.0,1.0,0.39435585511331855,0.9189578116202306
123,5.0,67,0.8,0.0,0.0,0,1,0,0,0.0,1.0,0.5712682150947923,0.8207634412072763
117,5.6,66,0.7,0.0,0.0,0,1,0,0,0.0,1.0,0.72479278722912,0.6889669190756866
161,5.1,76,0.7,0.0,0.0,0,1,0,0,0.0,1.0,0.8486442574947509,0.5289640103269624
436,4.7,76,0.6,0.0,0.0,0,1,0,0,0.0,1.0,0.9377521321470804,0.3473052528448203
1070,4.6,76,0.7,0.0,0.0,0,1,0,0,0.0,1.0,0.9884683243281114,0.1514277775045767
1888,5.1,67,0.3,0.0,0.0,0,1,0,0,0.0,1.0,0.9987165071710528,-0.05064916883871264
1021,7.5,53,1.6,0.0,0.0,0,1,0,0,0.0,1.0,0.9680771188662043,-0.2506525322587204
771,9.6,43,1.8,0.0,0.0,0,1,0,0,0.0,1.0,0.8978045395707416,-0.4403941515576344
796,11.0,46,2.6,0.0,0.0,0,1,0,0,0.0,1.0,0.7907757369376989,-0.6121059825476626
737,10.8,49,2.7,0.0,0.0,0,1,0,0,0.0,1.0,0.6513724827222223,-0.758758122692791
815,10.4,49,2.7,0.0,0.0,0,1,0,0,0.0,1.0,0.48530196253108104,-0.8743466161445821
838,11.3,39,3.7,0.0,0.0,0,1,0,0,0.0,1.0,0.29936312297335804,-0.9541392564000488
884,11.0,46,3.4,0.0,0.0,0,1,0,0,0.0,1.0,0.10116832198743272,-0.994869323391895
1069,11.3,41,3.6,0.0,0.0,0,1,0,0,0.0,1.0,-0.10116832198743204,-0.9948693233918952
1274,10.0,43,4.9,0.0,0.0,0,1,0,0,0.0,1.0,-0.2993631229733582,-0.9541392564000488
1987,9.4,51,3.4,0.0,0.0,0,1,0,0,0.0,1.0,-0.4853019625310808,-0.8743466161445822
1377,8.1,53,3.7,0.0,0.0,0,1,0,0,0.0,1.0,-0.651372482722222,-0.7587581226927911
1026,6.8,59,3.2,0.0,0.0,0,1,0,0,0.0,1.0,-0.7907757369376986,-0.6121059825476627
979,5.7,61,2.3,0.0,0.0,0,1,0,0,0.0,1.0,-0.8978045395707417,-0.44039415155763423
906,5.1,58,2.2,0.0,0.0,0,1,0,0,0.0,1.0,-0.9680771188662041,-0.2506525322587213
658,4.3,58,1.4,0.0,0.0,0,1,0,0,0.0,1.0,-0.9987165071710528,-0.05064916883871355
488,3.4,55,1.5,0.0,0.0,0,1,0,0,0.7818314824680298,0.6234898018587336,0.0,1.0
440,3.0,55,1.0,0.0,0.0,0,1,0,0,0.7818314824680298,0.6234898018587336,0.20129852008866006,0.9795299412524945
283,2.1,56,0.5,0.0,0.0,0,1,0,0,0.7818314824680298,0.6234898018587336,0.39435585511331855,0.9189578116202306
182,1.7,59,0.5,0.0,0.0,0,1,0,0,0.7818314824680298,0.6234898018587336,0.5712682150947923,0.8207634412072763
150,1.6,63,0.3,0.0,0.0,0,1,0,0,0.7818314824680298,0.6234898018587336,0.72479278722912,0.6889669190756866
162,1.1,68,0.6,0.0,0.0,0,1,0,0,0.7818314824680298,0.6234898018587336,0.8486442574947509,0.5289640103269624
394,0.8,69,1.4,0.0,0.0,0,1,0,0,0.7818314824680298,0.6234898018587336,0.9377521321470804,0.3473052528448203
1005,1.3,65,1.2,0.0,0.0,0,1,0,0,0.7818314824680298,0.6234898018587336,0.9884683243281114,0.1514277775045767
1883,1.4,58,0.9,0.0,0.0,0,1,0,0,0.7818314824680298,0.6234898018587336,0.9987165071710528,-0.05064916883871264
982,3.7,49,1.9,0.0,0.0,0,1,0,0,0.7818314824680298,0.6234898018587336,0.9680771188662043,-0.2506525322587204
684,6.1,38,2.5,0.0,0.0,0,1,0,0,0.7818314824680298,0.6234898018587336,0.8978045395707416,-0.4403941515576344
782,7.5,36,1.4,0.0,0.0,0,1,0,0,0.7818314824680298,0.6234898018587336,0.7907757369376989,-0.6121059825476626
881,8.5,34,1.5,0.0,0.0,0,1,0,0,0.7818314824680298,0.6234898018587336,0.6513724827222223,-0.758758122692791
847,9.8,33,1.8,0.0,0.0,0,1,0,0,0.7818314824680298,0.6234898018587336,0.48530196253108104,-0.8743466161445821
903,10.7,33,1.7,0.0,0.0,0,1,0,0,0.7818314824680298,0.6234898018587336,0.29936312297335804,-0.9541392564000488
965,10.9,33,2.6,0.0,0.0,0,1,0,0,0.7818314824680298,0.6234898018587336,0.10116832198743272,-0.994869323391895
1110,11.0,34,2.3,0.0,0.0,0,1,0,0,0.7818314824680298,0.6234898018587336,-0.10116832198743204,-0.9948693233918952
1357,9.9,40,2.6,0.0,0.0,0,1,0,0,0.7818314824680298,0.6234898018587336,-0.2993631229733582,-0.9541392564000488
2074,8.4,52,2.6,0.0,0.0,0,1,0,0,0.7818314824680298,0.6234898018587336,-0.4853019625310808,-0.8743466161445822
1442,8.0,52,2.1,0.0,0.0,0,1,0,0,0.7818314824680298,0.6234898018587336,-0.651372482722222,-0.7587581226927911
1186,7.6,59,1.1,0.0,0.0,0,1,0,0,0.7818314824680298,0.6234898018587336,-0.7907757369376986,-0.6121059825476627
1147,7.6,55,2.0,0.0,0.0,0,1,0,0,0.7818314824680298,0.6234898018587336,-0.8978045395707417,-0.44039415155763423
948,7.6,50,1.8,0.0,0.0,0,1,0,0,0.7818314824680298,0.6234898018587336,-0.9680771188662041,-0.2506525322587213
527,7.7,50,1.0,0.0,0.0,0,1,0,0,0.7818314824680298,0.6234898018587336,-0.9987165071710528,-0.05064916883871355
294,7.1,59,1.7,0.0,0.0,0,1,0,0,0.9749279121818236,-0.22252093395631434,0.0,1.0
324,6.6,66,1.0,0.0,0.0,0,1,0,0,0.9749279121818236,-0.22252093395631434,0.20129852008866006,0.9795299412524945
287,6.4,65,0.0,0.0,0.0,0,1,0,0,0.9749279121818236,-0.22252093395631434,0.39435585511331855,0.9189578116202306
227,5.6,69,0.1,0.0,0.0,0,1,0,0,0.9749279121818236,-0.22252093395631434,0.5712682150947923,0.8207634412072763
146,5.0,71,1.4,0.0,0.0,0,1,0,0,0.9749279121818236,-0.22252093395631434,0.72479278722912,0.6889669190756866
141,4.1,74,0.9,0.0,0.0,0,1,0,0,0.9749279121818236,-0.22252093395631434,0.8486442574947509,0.5289640103269624
402,3.6,75,0.8,0.0,0.0,0,1,0,0,0.9749279121818236,-0.22252093395631434,0.9377521321470804,0.3473052528448203
1060,3.2,74,0.9,0.0,0.0,0,1,0,0,0.9749279121818236,-0.22252093395631434,0.9884683243281114,0.1514277775045767
1907,3.7,67,1.8,0.0,0.0,0,1,0,0,0.9749279121818236,-0.22252093395631434,0.9987165071710528,-0.05064916883871264
996,5.1,56,1.8,0.0,0.0,0,1,0,0,0.9749279121818236,-0.22252093395631434,0.9680771188662043,-0.2506525322587204
717,7.2,49,2.2,0.0,0.0,0,1,0,0,0.9749279121818236,-0.22252093395631434,0.8978045395707416,-0.4403941515576344
818,8.7,41,2.6,0.0,0.0,0,1,0,0,0.9749279121818236,-0.22252093395631434,0.7907757369376989,-0.6121059825476626
907,10.0,39,2.0,0.0,0.0,0,1,0,0,0.9749279121818236,-0.22252093395631434,0.6513724827222223,-0.758758122692791
983,11.2,34,2.6,0.0,0.0,0,1,0,0,0.9749279121818236,-0.22252093395631434,0.48530196253108104,-0.8743466161445821
963,11.9,34,2.4,0.0,0.0,0,1,0,0,0.9749279121818236,-0.22252093395631434,0.29936312297335804,-0.9541392564000488
994,12.0,35,3.0,0.0,0.0,0,1,0,0,0.9749279121818236,-0.22252093395631434,0.10116832198743272,-0.994869323391895
1185,11.8,34,2.3,0.0,0.0,0,1,0,0,0.9749279121818236,-0.22252093395631434,-0.10116832198743204,-0.9948693233918952
1462,11.3,41,1.8,0.0,0.0,0,1,0,0,0.9749279121818236,-0.22252093395631434,-0.2993631229733582,-0.9541392564000488
2094,9.4,48,2.0,0.0,0.0,0,1,0,0,0.9749279121818236,-0.22252093395631434,-0.4853019625310808,-0.8743466161445822
1507,8.4,53,1.0,0.0,0.0,0,1,0,0,0.9749279121818236,-0.22252093395631434,-0.651372482722222,-0.7587581226927911
1176,7.6,59,0.7,0.0,0.0,0,1,0,0,0.9749279121818236,-0.22252093395631434,-0.7907757369376986,-0.6121059825476627
1069,7.6,59,3.0,0.0,0.0,0,1,0,0,0.9749279121818236,-0.22252093395631434,-0.8978045395707417,-0.44039415155763423
1088,6.8,58,2.2,0.0,0.0,0,1,0,0,0.9749279121818236,-0.22252093395631434,-0.9680771188662041,-0.2506525322587213
798,6.4,60,1.8,0.0,0.0,0,1,0,0,0.9749279121818236,-0.22252093395631434,-0.9987165071710528,-0.05064916883871355
584,5.7,62,2.3,0.0,0.0,0,1,0,0,0.43388373911755823,-0.900968867902419,0.0,1.0
524,5.1,65,1.6,0.0,0.0,0,1,0,0,0.43388373911755823,-0.900968867902419,0.20129852008866006,0.9795299412524945
362,4.4,64,1.4,0.0,0.0,0,1,0,0,0.43388373911755823,-0.900968867902419,0.39435585511331855,0.9189578116202306
242,4.2,65,0.7,0.0,0.0,0,1,0,0,0.43388373911755823,-0.900968867902419,0.5712682150947923,0.8207634412072763
147,3.6,70,0.8,0.0,0.0,0,1,0,0,0.43388373911755823,-0.900968867902419,0.72479278722912,0.6889669190756866
154,3.3,72,0.0,0.0,0.0,0,1,0,0,0.43388373911755823,-0.900968867902419,0.8486442574947509,0.5289640103269624
433,2.9,75,0.2,0.0,0.0,0,1,0,0,0.43388373911755823,-0.900968867902419,0.9377521321470804,0.3473052528448203
1055,2.5,75,0.5,0.0,0.0,0,1,0,0,0.43388373911755823,-0.900968867902419,0.9884683243281114,0.1514277775045767
1899,2.8,74,0.9,0.0,0.0,0,1,0,0,0.43388373911755823,-0.900968867902419,0.9987165071710528,-0.05064916883871264
1011,4.7,60,0.9,0.0,0.0,0,1,0,0,0.43388373911755823,-0.900968867902419,0.9680771188662043,-0.2506525322587204
696,8.1,51,0.7,0.0,0.0,0,1,0,0,0.43388373911755823,-0.900968867902419,0.8978045395707416,-0.4403941515576344
852,11.1,46,1.6,0.0,0.0,0,1,0,0,0.43388373911755823,-0.900968867902419,0.7907757369376989,-0.6121059825476626
926,12.6,36,2.6,0.0,0.0,0,1,0,0,0.43388373911755823,-0.900968867902419,0.6513724827222223,-0.758758122692791
968,13.6,32,1.8,0.0,0.0,0,1,0,0,0.43388373911755823,-0.900968867902419,0.48530196253108104,-0.8743466161445821
1040,14.9,31,2.5,0.0,0.0,0,1,0,0,0.43388373911755823,-0.900968867902419,0.29936312297335804,-0.9541392564000488
1094,14.8,30,2.7,0.0,0.0,0,1,0,0,0.43388373911755823,-0.900968867902419,0.10116832198743272,-0.994869323391895
1206,14.7,32,2.0,0.0,0.0,0,1,0,0,0.43388373911755823,-0.900968867902419,-0.10116832198743204,-0.9948693233918952
1569,13.7,37,1.4,0.0,0.0,0,1,0,0,0.43388373911755823,-0.900968867902419,-0.2993631229733582,-0.9541392564000488
2254,11.8,43,1.3,0.0,0.0,0,1,0,0,0.43388373911755823,-0.900968867902419,-0.4853019625310808,-0.8743466161445822
1561,10.5,49,1.2,0.0,0.0,0,1,0,0,0.43388373911755823,-0.900968867902419,-0.651372482722222,-0.7587581226927911
1269,9.9,53,1.7,0.0,0.0,0,1,0,0,0.43388373911755823,-0.900968867902419,-0.7907757369376986,-0.6121059825476627
1197,9.3,54,1.1,0.0,0.0,0,1,0,0,0.43388373911755823,-0.900968867902419,-0.8978045395707417,-0.44039415155763423
1115,8.3,61,0.2,0.0,0.0,0,1,0,0,0.43388373911755823,-0.900968867902419,-0.9680771188662041,-0.2506525322587213
806,7.8,63,0.4,0.0,0.0,0,1,0,0,0.43388373911755823,-0.900968867902419,-0.9987165071710528,-0.05064916883871355
642,7.2,64,1.0,0.0,0.0,0,1,0,0,-0.433883739117558,-0.9009688679024191,0.0,1.0
560,6.6,69,0.0,0.0,0.0,0,1,0,0,-0.433883739117558,-0.9009688679024191,0.20129852008866006,0.9795299412524945
369,6.1,68,0.5,0.0,0.0,0,1,0,0,-0.433883739117558,-0.9009688679024191,0.39435585511331855,0.9189578116202306
251,5.7,72,0.8,0.0,0.0,0,1,0,0,-0.433883739117558,-0.9009688679024191,0.5712682150947923,0.8207634412072763
166,5.2,74,1.3,0.0,0.0,0,1,0,0,-0.433883739117558,-0.9009688679024191,0.72479278722912,0.6889669190756866
153,4.8,75,0.7,0.0,0.0,0,1,0,0,-0.433883739117558,-0.9009688679024191,0.8486442574947509,0.5289640103269624
403,4.5,77,1.0,0.0,0.0,0,1,0,0,-0.433883739117558,-0.9009688679024191,0.9377521321470804,0.3473052528448203
1024,4.1,75,0.8,0.0,0.0,0,1,0,0,-0.433883739117558,-0.9009688679024191,0.9884683243281114,0.1514277775045767
1906,4.7,72,1.0,0.0,0.0,0,1,0,0,-0.433883739117558,-0.9009688679024191,0.9987165071710528,-0.05064916883871264
1027,7.0,57,0.7,0.0,0.0,0,1,0,0,-0.433883739117558,-0.9009688679024191,0.9680771188662043,-0.2506525322587204
751,10.0,49,1.2,0.0,0.0,0,1,0,0,-0.433883739117558,-0.9009688679024191,0.8978045395707416,-0.4403941515576344
880,12.8,44,1.0,0.0,0.0,0,1,0,0,-0.433883739117558,-0.9009688679024191,0.7907757369376989,-0.6121059825476626
1023,14.9,40,1.1,0.0,0.0,0,1,0,0,-0.433883739117558,-0.9009688679024191,0.6513724827222223,-0.758758122692791
1130,16.5,37,1.2,0.0,0.0,0,1,0,0,-0.433883739117558,-0.9009688679024191,0.48530196253108104,-0.8743466161445821
1160,18.0,31,1.2,0.0,0.0,0,1,0,0,-0.433883739117558,-0.9009688679024191,0.29936312297335804,-0.9541392564000488
1251,18.6,31,1.4,0.0,0.0,0,1,0,0,-0.433883739117558,-0.9009688679024191,0.10116832198743272,-0.994869323391895
1424,18.8,32,1.4,0.0,0.0,0,1,0,0,-0.433883739117558,-0.9009688679024191,-0.10116832198743204,-0.9948693233918952
1730,17.0,36,1.5,0.0,0.0,0,1,0,0,-0.433883739117558,-0.9009688679024191,-0.2993631229733582,-0.9541392564000488
2314,14.6,42,1.4,0.0,0.0,0,1,0,0,-0.433883739117558,-0.9009688679024191,-0.4853019625310808,-0.8743466161445822
1568,12.8,40,1.4,0.0,0.0,0,1,0,0,-0.433883739117558,-0.9009688679024191,-0.651372482722222,-0.7587581226927911
1242,11.7,45,1.2,0.0,0.0,0,1,0,0,-0.433883739117558,-0.9009688679024191,-0.7907757369376986,-0.6121059825476627
1146,10.8,57,2.0,0.0,0.0,0,1,0,0,-0.433883739117558,-0.9009688679024191,-0.8978045395707417,-0.44039415155763423
1106,10.0,56,2.0,0.0,0.0,0,1,0,0,-0.433883739117558,-0.9009688679024191,-0.9680771188662041,-0.2506525322587213
851,9.7,56,1.3,0.0,0.0,0,1,0,0,-0.433883739117558,-0.9009688679024191,-0.9987165071710528,-0.05064916883871355
0,8.8,63,0.6,0.0,0.0,0,1,0,0,-0.9749279121818236,-0.2225209339563146,0.0,1.0
0,8.5,61,0.2,0.0,0.0,0,1,0,0,-0.9749279121818236,-0.2225209339563146,0.20129852008866006,0.9795299412524945
0,7.6,68,1.2,0.0,0.0,0,1,0,0,-0.9749279121818236,-0.2225209339563146,0.39435585511331855,0.9189578116202306
0,7.1,67,0.6,0.0,0.0,0,1,0,0,-0.9749279121818236,-0.2225209339563146,0.5712682150947923,0.8207634412072763
0,6.3,72,1.0,0.0,0.0,0,1,0,0,-0.9749279121818236,-0.2225209339563146,0.72479278722912,0.6889669190756866
0,6.1,75,1.0,0.0,0.0,0,1,0,0,-0.9749279121818236,-0.2225209339563146,0.8486442574947509,0.5289640103269624
0,5.5,78,0.6,0.0,0.0,0,1,0,0,-0.9749279121818236,-0.2225209339563146,0.9377521321470804,0.3473052528448203
0,5.2,79,1.3,0.0,0.0,0,1,0,0,-0.9749279121818236,-0.2225209339563146,0.9884683243281114,0.1514277775045767
0,5.4,75,0.4,0.0,0.0,0,1,0,0,-0.9749279121818236,-0.2225209339563146,0.9987165071710528,-0.05064916883871264
0,7.9,58,1.3,0.0,0.0,0,1,0,0,-0.9749279121818236,-0.2225209339563146,0.9680771188662043,-0.2506525322587204
0,11.0,49,0.7,0.0,0.0,0,1,0,0,-0.9749279121818236,-0.2225209339563146,0.8978045395707416,-0.4403941515576344
0,14.5,42,1.6,0.0,0.0,0,1,0,0,-0.9749279121818236,-0.2225209339563146,0.7907757369376989,-0.6121059825476626
0,16.5,37,1.8,0.0,0.0,0,1,0,0,-0.9749279121818236,-0.2225209339563146,0.6513724827222223,-0.758758122692791
0,17.8,29,2.0,0.0,0.0,0,1,0,0,-0.9749279121818236,-0.2225209339563146,0.48530196253108104,-0.8743466161445821
0,18.1,24,2.4,0.0,0.0,0,1,0,0,-0.9749279121818236,-0.2225209339563146,0.29936312297335804,-0.9541392564000488
0,18.5,25,1.6,0.0,0.0,0,1,0,0,-0.9749279121818236,-0.2225209339563146,0.10116832198743272,-0.994869323391895
0,18.7,25,2.1,0.0,0.0,0,1,0,0,-0.9749279121818236,-0.2225209339563146,-0.10116832198743204,-0.9948693233918952
0,16.7,45,2.2,0.0,0.0,0,1,0,0,-0.9749279121818236,-0.2225209339563146,-0.2993631229733582,-0.9541392564000488
0,14.2,51,1.5,0.0,0.0,0,1,0,0,-0.9749279121818236,-0.2225209339563146,-0.4853019625310808,-0.8743466161445822
0,13.4,62,1.6,0.0,0.0,0,1,0,0,-0.9749279121818236,-0.2225209339563146,-0.651372482722222,-0.7587581226927911
0,12.1,68,0.8,0.0,0.0,0,1,0,0,-0.9749279121818236,-0.2225209339563146,-0.7907757369376986,-0.6121059825476627
0,11.1,69,0.9,0.0,0.0,0,1,0,0,-0.9749279121818236,-0.2225209339563146,-0.8978045395707417,-0.44039415155763423
0,10.0,68,1.1,0.0,0.0,0,1,0,0,-0.9749279121818236,-0.2225209339563146,-0.9680771188662041,-0.2506525322587213
0,9.2,65,1.2,0.0,0.0,0,1,0,0,-0.9749279121818236,-0.2225209339563146,-0.9987165071710528,-0.05064916883871355
720,9.1,63,0.6,0.0,0.0,0,1,0,0,-0.7818314824680299,0.6234898018587334,0.0,1.0
517,8.6,60,1.1,0.0,0.0,0,1,0,0,-0.7818314824680299,0.6234898018587334,0.20129852008866006,0.9795299412524945
378,8.2,62,0.2,0.0,0.0,0,1,0,0,-0.7818314824680299,0.6234898018587334,0.39435585511331855,0.9189578116202306
296,7.6,66,0.9,0.0,0.0,0,1,0,0,-0.7818314824680299,0.6234898018587334,0.5712682150947923,0.8207634412072763
188,6.9,70,1.5,0.0,0.0,0,1,0,0,-0.7818314824680299,0.6234898018587334,0.72479278722912,0.6889669190756866
112,6.6,73,0.3,0.0,0.0,0,1,0,0,-0.7818314824680299,0.6234898018587334,0.8486442574947509,0.5289640103269624
141,6.2,73,0.3,0.0,0.0,0,1,0,0,-0.7818314824680299,0.6234898018587334,0.9377521321470804,0.3473052528448203
259,5.8,79,1.0,0.0,0.0,0,1,0,0,-0.7818314824680299,0.6234898018587334,0.9884683243281114,0.1514277775045767
481,5.7,78,1.1,0.0,0.0,0,1,0,0,-0.7818314824680299,0.6234898018587334,0.9987165071710528,-0.05064916883871264
632,7.5,60,0.5,0.0,0.0,0,1,0,0,-0.7818314824680299,0.6234898018587334,0.9680771188662043,-0.2506525322587204
747,11.1,51,0.8,0.0,0.0,0,1,0,0,-0.7818314824680299,0.6234898018587334,0.8978045395707416,-0.4403941515576344
963,14.8,46,2.0,0.0,0.0,0,1,0,0,-0.7818314824680299,0.6234898018587334,0.7907757369376989,-0.6121059825476626
1145,16.3,33,2.9,0.0,0.0,0,1,0,0,-0.7818314824680299,0.6234898018587334,0.6513724827222223,-0.758758122692791
1355,18.3,26,1.2,0.0,0.0,0,1,0,0,-0.7818314824680299,0.6234898018587334,0.48530196253108104,-0.8743466161445821
1511,19.3,28,1.7,0.0,0.0,0,1,0,0,-0.7818314824680299,0.6234898018587334,0.29936312297335804,-0.9541392564000488
1579,19.0,25,2.1,0.0,0.0,0,1,0,0,-0.7818314824680299,0.6234898018587334,0.10116832198743272,-0.994869323391895
1690,18.4,25,3.2,0.0,0.0,0,1,0,0,-0.7818314824680299,0.6234898018587334,-0.10116832198743204,-0.9948693233918952
1596,16.9,33,2.2,0.0,0.0,0,1,0,0,-0.7818314824680299,0.6234898018587334,-0.2993631229733582,-0.9541392564000488
1335,14.5,46,2.6,0.0,0.0,0,1,0,0,-0.7818314824680299,0.6234898018587334,-0.4853019625310808,-0.8743466161445822
1180,12.9,56,2.5,0.0,0.0,0,1,0,0,-0.7818314824680299,0.6234898018587334,-0.651372482722222,-0.7587581226927911
1077,12.7,59,1.2,0.0,0.0,0,1,0,0,-0.7818314824680299,0.6234898018587334,-0.7907757369376986,-0.6121059825476627
1001,11.8,62,0.7,0.0,0.0,0,1,0,0,-0.7818314824680299,0.6234898018587334,-0.8978045395707417,-0.44039415155763423
912,11.2,67,1.3,0.0,0.0,0,1,0,0,-0.7818314824680299,0.6234898018587334,-0.9680771188662041,-0.2506525322587213
656,10.6,73,1.3,0.0,0.0,0,1,0,0,-0.7818314824680299,0.6234898018587334,-0.9987165071710528,-0.05064916883871355
520,10.1,75,0.0,0.0,0.0,0,1,0,0,0.0,1.0,0.0,1.0
346,9.3,78,0.1,0.0,0.0,0,1,0,0,0.0,1.0,0.20129852008866006,0.9795299412524945
206,8.8,81,0.0,0.0,0.0,0,1,0,0,0.0,1.0,0.39435585511331855,0.9189578116202306
161,8.3,81,1.1,0.0,0.0,0,1,0,0,0.0,1.0,0.5712682150947923,0.8207634412072763
107,8.0,81,0.4,0.0,0.0,0,1,0,0,0.0,1.0,0.72479278722912,0.6889669190756866
166,8.0,84,0.7,0.0,0.0,0,1,0,0,0.0,1.0,0.8486442574947509,0.5289640103269624
448,7.2,83,0.8,0.0,0.0,0,1,0,0,0.0,1.0,0.9377521321470804,0.3473052528448203
1115,7.0,86,1.1,0.0,0.0,0,1,0,0,0.0,1.0,0.9884683243281114,0.1514277775045767
1975,7.2,80,0.8,0.0,0.0,0,1,0,0,0.0,1.0,0.9987165071710528,-0.05064916883871264
1005,8.9,67,1.1,0.0,0.0,0,1,0,0,0.0,1.0,0.9680771188662043,-0.2506525322587204
790,11.8,59,0.9,0.0,0.0,0,1,0,0,0.0,1.0,0.8978045395707416,-0.4403941515576344
829,13.8,47,1.2,0.0,0.0,0,1,0,0,0.0,1.0,0.7907757369376989,-0.6121059825476626
971,16.4,48,2.1,0.0,0.0,0,1,0,0,0.0,1.0,0.6513724827222223,-0.758758122692791
986,16.8,46,1.1,0.0,0.0,0,1,0,0,0.0,1.0,0.48530196253108104,-0.8743466161445821
993,17.5,38,1.2,0.0,0.0,0,1,0,0,0.0,1.0,0.29936312297335804,-0.9541392564000488
1100,18.0,39,1.0,0.0,0.0,0,1,0,0,0.0,1.0,0.10116832198743272,-0.994869323391895
1318,16.8,46,1.8,0.0,0.0,0,1,0,0,0.0,1.0,-0.10116832198743204,-0.9948693233918952
1664,15.7,49,2.0,0.0,0.0,0,1,0,0,0.0,1.0,-0.2993631229733582,-0.9541392564000488
2357,14.5,54,1.3,0.0,0.0,0,1,0,0,0.0,1.0,-0.4853019625310808,-0.8743466161445822
1618,13.2,66,1.7,0.0,0.0,0,1,0,0,0.0,1.0,-0.651372482722222,-0.7587581226927911
1464,12.7,75,2.0,0.0,0.0,0,1,0,0,0.0,1.0,-0.7907757369376986,-0.6121059825476627
1289,12.2,79,1.8,0.0,0.0,0,1,0,0,0.0,1.0,-0.8978045395707417,-0.44039415155763423
1215,11.6,81,1.2,0.0,0.0,0,1,0,0,0.0,1.0,-0.9680771188662041,-0.2506525322587213
829,10.9,82,0.1,0.0,0.0,0,1,0,0,0.0,1.0,-0.9987165071710528,-0.05064916883871355
0,10.0,73,0.5,0.0,0.0,0,1,0,0,0.7818314824680298,0.6234898018587336,0.0,1.0
0,9.8,75,0.5,0.0,0.0,0,1,0,0,0.7818314824680298,0.6234898018587336,0.20129852008866006,0.9795299412524945
0,9.7,78,0.0,0.0,0.0,0,1,0,0,0.7818314824680298,0.6234898018587336,0.39435585511331855,0.9189578116202306
0,9.4,81,0.3,0.0,0.0,0,1,0,0,0.7818314824680298,0.6234898018587336,0.5712682150947923,0.8207634412072763
0,9.1,81,0.0,0.0,0.0,0,1,0,0,0.7818314824680298,0.6234898018587336,0.72479278722912,0.6889669190756866
0,8.8,84,0.6,0.0,0.0,0,1,0,0,0.7818314824680298,0.6234898018587336,0.8486442574947509,0.5289640103269624
0,8.5,83,0.7,0.0,0.0,0,1,0,0,0.7818314824680298,0.6234898018587336,0.9377521321470804,0.3473052528448203
0,8.3,84,0.9,0.0,0.0,0,1,0,0,0.7818314824680298,0.6234898018587336,0.9884683243281114,0.1514277775045767
0,8.7,77,0.7,0.0,0.0,0,1,0,0,0.7818314824680298,0.6234898018587336,0.9987165071710528,-0.05064916883871264
0,10.1,68,0.2,0.0,0.0,0,1,0,0,0.7818314824680298,0.6234898018587336,0.9680771188662043,-0.2506525322587204
0,11.7,62,0.5,0.0,0.0,0,1,0,0,0.7818314824680298,0.6234898018587336,0.8978045395707416,-0.4403941515576344
0,13.0,55,1.0,0.0,0.0,0,1,0,0,0.7818314824680298,0.6234898018587336,0.7907757369376989,-0.6121059825476626
0,14.5,57,0.8,0.0,0.0,0,1,0,0,0.7818314824680298,0.6234898018587336,0.6513724827222223,-0.758758122692791
0,16.1,56,1.7,0.0,0.0,0,1,0,0,0.7818314824680298,0.6234898018587336,0.48530196253108104,-0.8743466161445821
0,17.4,50,2.4,0.0,0.0,0,1,0,0,0.7818314824680298,0.6234898018587336,0.29936312297335804,-0.9541392564000488
0,16.3,54,1.6,0.0,0.0,0,1,0,0,0.7818314824680298,0.6234898018587336,0.10116832198743272,-0.994869323391895
0,16.6,55,1.3,0.0,0.0,0,1,0,0,0.7818314824680298,0.6234898018587336,-0.10116832198743204,-0.9948693233918952
0,15.3,63,1.2,0.0,0.0,0,1,0,0,0.7818314824680298,0.6234898018587336,-0.2993631229733582,-0.9541392564000488
0,14.0,71,1.5,0.0,0.0,0,1,0,0,0.7818314824680298,0.6234898018587336,-0.4853019625310808,-0.8743466161445822
0,13.3,72,1.1,0.0,0.0,0,1,0,0,0.7818314824680298,0.6234898018587336,-0.651372482722222,-0.7587581226927911
0,13.2,73,1.1,0.0,0.0,0,1,0,0,0.7818314824680298,0.6234898018587336,-0.7907757369376986,-0.6121059825476627
0,13.0,76,0.9,0.0,0.0,0,1,0,0,0.7818314824680298,0.6234898018587336,-0.8978045395707417,-0.44039415155763423
0,12.3,73,1.2,0.0,0.0,0,1,0,0,0.7818314824680298,0.6234898018587336,-0.9680771188662041,-0.2506525322587213
0,12.2,74,1.1,0.0,0.0,0,1,0,0,0.7818314824680298,0.6234898018587336,-0.9987165071710528,-0.05064916883871355
639,11.9,74,1.6,0.0,0.0,0,1,0,0,0.9749279121818236,-0.22252093395631434,0.0,1.0
410,11.9,76,1.4,0.0,0.0,0,1,0,0,0.9749279121818236,-0.22252093395631434,0.20129852008866006,0.9795299412524945
136,12.0,81,1.3,0.0,0.0,0,1,0,0,0.9749279121818236,-0.22252093395631434,0.39435585511331855,0.9189578116202306
40,10.8,88,1.0,0.5,0.0,0,1,0,0,0.9749279121818236,-0.22252093395631434,0.5712682150947923,0.8207634412072763
47,10.6,95,0.7,0.0,0.0,0,1,0,0,0.9749279121818236,-0.22252093395631434,0.72479278722912,0.6889669190756866
71,11.1,95,0.2,0.0,0.0,0,1,0,0,0.9749279121818236,-0.22252093395631434,0.8486442574947509,0.5289640103269624
194,11.0,91,1.0,1.0,0.0,0,1,0,0,0.9749279121818236,-0.22252093395631434,0.9377521321470804,0.3473052528448203
526,10.8,91,1.3,0.0,0.0,0,1,0,0,0.9749279121818236,-0.22252093395631434,0.9884683243281114,0.1514277775045767
1171,11.3,89,1.1,0.0,0.0,0,1,0,0,0.9749279121818236,-0.22252093395631434,0.9987165071710528,-0.05064916883871264
740,11.2,86,1.0,0.5,0.0,0,1,0,0,0.9749279121818236,-0.22252093395631434,0.9680771188662043,-0.2506525322587204
555,11.9,84,0.9,0.0,0.0,0,1,0,0,0.9749279121818236,-0.22252093395631434,0.8978045395707416,-0.4403941515576344
608,12.4,82,0.6,0.0,0.0,0,1,0,0,0.9749279121818236,-0.22252093395631434,0.7907757369376989,-0.6121059825476626
697,13.2,77,1.3,0.0,0.0,0,1,0,0,0.9749279121818236,-0.22252093395631434,0.6513724827222223,-0.758758122692791
798,14.5,74,1.3,0.0,0.0,0,1,0,0,0.9749279121818236,-0.22252093395631434,0.48530196253108104,-0.8743466161445821
767,15.5,68,1.4,0.0,0.0,0,1,0,0,0.9749279121818236,-0.22252093395631434,0.29936312297335804,-0.9541392564000488
848,15.4,72,1.1,0.0,0.0,0,1,0,0,0.9749279121818236,-0.22252093395631434,0.10116832198743272,-0.994869323391895
834,15.2,72,1.2,0.0,0.0,0,1,0,0,0.9749279121818236,-0.22252093395631434,-0.10116832198743204,-0.9948693233918952
1115,14.9,73,0.9,0.0,0.0,0,1,0,0,0.9749279121818236,-0.22252093395631434,-0.2993631229733582,-0.9541392564000488
1347,14.4,77,1.0,0.0,0.0,0,1,0,0,0.9749279121818236,-0.22252093395631434,-0.4853019625310808,-0.8743466161445822
1176,13.8,81,1.5,0.0,0.0,0,1,0,0,0.9749279121818236,-0.22252093395631434,-0.651372482722222,-0.7587581226927911
1062,13.3,77,1.6,0.0,0.0,0,1,0,0,0.9749279121818236,-0.22252093395631434,-0.7907757369376986,-0.6121059825476627
1062,13.5,75,0.8,0.0,0.0,0,1,0,0,0.9749279121818236,-0.22252093395631434,-0.8978045395707417,-0.44039415155763423
1003,13.2,74,1.4,0.0,0.0,0,1,0,0,0.9749279121818236,-0.22252093395631434,-0.9680771188662041,-0.2506525322587213
679,12.9,72,1.4,0.0,0.0,0,1,0,0,0.9749279121818236,-0.22252093395631434,-0.9987165071710528,-0.05064916883871355
395,12.9,70,1.8,0.0,0.0,0,1,0,0,0.43388373911755823,-0.900968867902419,0.0,1.0
158,11.9,77,1.1,0.0,0.0,0,1,0,0,0.43388373911755823,-0.900968867902419,0.20129852008866006,0.9795299412524945
122,11.8,84,1.6,0.0,0.0,0,1,0,0,0.43388373911755823,-0.900968867902419,0.39435585511331855,0.9189578116202306
78,11.8,86,1.6,0.5,0.0,0,1,0,0,0.43388373911755823,-0.900968867902419,0.5712682150947923,0.8207634412072763
50,10.8,87,1.7,0.0,0.0,0,1,0,0,0.43388373911755823,-0.900968867902419,0.72479278722912,0.6889669190756866
49,10.8,89,1.6,0.0,0.0,0,1,0,0,0.43388373911755823,-0.900968867902419,0.8486442574947509,0.5289640103269624
136,10.6,90,1.6,1.5,0.0,0,1,0,0,0.43388373911755823,-0.900968867902419,0.9377521321470804,0.3473052528448203
174,10.9,88,1.8,0.0,0.0,0,1,0,0,0.43388373911755823,-0.900968867902419,0.9884683243281114,0.1514277775045767
148,10.6,89,1.5,0.0,0.0,0,1,0,0,0.43388373911755823,-0.900968867902419,0.9987165071710528,-0.05064916883871264
56,10.6,94,2.1,2.0,0.0,0,1,0,0,0.43388373911755823,-0.900968867902419,0.9680771188662043,-0.2506525322587204
17,10.8,94,1.8,0.0,0.0,0,1,0,0,0.43388373911755823,-0.900968867902419,0.8978045395707416,-0.4403941515576344
25,10.9,95,2.4,0.0,0.0,0,1,0,0,0.43388373911755823,-0.900968867902419,0.7907757369376989,-0.6121059825476626
17,11.4,95,2.5,5.5,0.0,0,1,0,0,0.43388373911755823,-0.900968867902419,0.6513724827222223,-0.758758122692791
18,11.5,95,2.1,0.0,0.0,0,1,0,0,0.43388373911755823,-0.900968867902419,0.48530196253108104,-0.8743466161445821
46,11.3,96,2.7,0.0,0.0,0,1,0,0,0.43388373911755823,-0.900968867902419,0.29936312297335804,-0.9541392564000488
56,11.4,96,2.0,9.5,0.0,0,1,0,0,0.43388373911755823,-0.900968867902419,0.10116832198743272,-0.994869323391895
14,11.7,96,1.4,0.0,0.0,0,1,0,0,0.43388373911755823,-0.900968867902419,-0.10116832198743204,-0.9948693233918952
30,11.9,97,0.7,0.0,0.0,0,1,0,0,0.43388373911755823,-0.900968867902419,-0.2993631229733582,-0.9541392564000488
40,12.9,97,0.0,9.0,0.0,0,1,0,0,0.43388373911755823,-0.900968867902419,-0.4853019625310808,-0.8743466161445822
19,12.8,97,0.9,0.0,0.0,0,1,0,0,0.43388373911755823,-0.900968867902419,-0.651372482722222,-0.7587581226927911
12,13.9,97,2.5,0.0,0.0,0,1,0,0,0.43388373911755823,-0.900968867902419,-0.7907757369376986,-0.6121059825476627
21,14.0,96,4.1,18.0,0.0,0,1,0,0,0.43388373911755823,-0.900968867902419,-0.8978045395707417,-0.44039415155763423
14,12.4,96,2.7,0.0,0.0,0,1,0,0,0.43388373911755823,-0.900968867902419,-0.9680771188662041,-0.2506525322587213
26,11.5,96,3.0,0.0,0.0,0,1,0,0,0.43388373911755823,-0.900968867902419,-0.9987165071710528,-0.05064916883871355
0,12.0,96,3.1,18.0,0.0,0,1,0,0,-0.433883739117558,-0.9009688679024191,0.0,1.0
0,11.4,89,2.6,0.0,0.0,0,1,0,0,-0.433883739117558,-0.9009688679024191,0.20129852008866006,0.9795299412524945
0,11.3,88,3.7,0.0,0.0,0,1,0,0,-0.433883739117558,-0.9009688679024191,0.39435585511331855,0.9189578116202306
0,10.8,82,2.8,0.5,0.0,0,1,0,0,-0.433883739117558,-0.9009688679024191,0.5712682150947923,0.8207634412072763
0,10.6,75,3.2,0.0,0.0,0,1,0,0,-0.433883739117558,-0.9009688679024191,0.72479278722912,0.6889669190756866
0,10.9,68,3.1,0.0,0.0,0,1,0,0,-0.433883739117558,-0.9009688679024191,0.8486442574947509,0.5289640103269624
0,11.0,70,3.1,0.0,0.0,0,1,0,0,-0.433883739117558,-0.9009688679024191,0.9377521321470804,0.3473052528448203
0,10.4,81,3.0,0.0,0.0,0,1,0,0,-0.433883739117558,-0.9009688679024191,0.9884683243281114,0.1514277775045767
0,10.1,85,2.4,0.0,0.0,0,1,0,0,-0.433883739117558,-0.9009688679024191,0.9987165071710528,-0.05064916883871264
0,10.8,78,2.6,0.5,0.0,0,1,0,0,-0.433883739117558,-0.9009688679024191,0.9680771188662043,-0.2506525322587204
0,11.3,68,4.7,0.0,0.0,0,1,0,0,-0.433883739117558,-0.9009688679024191,0.8978045395707416,-0.4403941515576344
0,13.3,59,4.1,0.0,0.0,0,1,0,0,-0.433883739117558,-0.9009688679024191,0.7907757369376989,-0.6121059825476626
0,13.9,50,4.1,0.0,0.0,0,1,0,0,-0.433883739117558,-0.9009688679024191,0.6513724827222223,-0.758758122692791
0,14.0,46,5.3,0.0,0.0,0,1,0,0,-0.433883739117558,-0.9009688679024191,0.48530196253108104,-0.8743466161445821
0,15.0,49,2.8,0.0,0.0,0,1,0,0,-0.433883739117558,-0.9009688679024191,0.29936312297335804,-0.9541392564000488
0,15.1,52,3.4,0.0,0.0,0,1,0,0,-0.433883739117558,-0.9009688679024191,0.10116832198743272,-0.994869323391895
0,14.3,59,3.6,0.0,0.0,0,1,0,0,-0.433883739117558,-0.9009688679024191,-0.10116832198743204,-0.9948693233918952
0,12.9,66,3.6,0.0,0.0,0,1,0,0,-0.433883739117558,-0.9009688679024191,-0.2993631229733582,-0.9541392564000488
0,12.3,69,2.1,0.0,0.0,0,1,0,0,-0.433883739117558,-0.9009688679024191,-0.4853019625310808,-0.8743466161445822
0,11.9,71,2.7,0.0,0.0,0,1,0,0,-0.433883739117558,-0.9009688679024191,-0.651372482722222,-0.7587581226927911
0,11.9,72,2.5,0.0,0.0,0,1,0,0,-0.433883739117558,-0.9009688679024191,-0.7907757369376986,-0.6121059825476627
0,11.4,74,1.9,0.0,0.0,0,1,0,0,-0.433883739117558,-0.9009688679024191,-0.8978045395707417,-0.44039415155763423
0,11.2,75,1.7,0.0,0.0,0,1,0,0,-0.433883739117558,-0.9009688679024191,-0.9680771188662041,-0.2506525322587213
0,10.9,76,1.2,0.0,0.0,0,1,0,0,-0.433883739117558,-0.9009688679024191,-0.9987165071710528,-0.05064916883871355
754,11.3,77,0.9,0.0,0.0,0,1,0,0,-0.9749279121818236,-0.2225209339563146,0.0,1.0
679,11.2,78,1.1,0.0,0.0,0,1,0,0,-0.9749279121818236,-0.2225209339563146,0.20129852008866006,0.9795299412524945
568,10.7,80,0.6,0.0,0.0,0,1,0,0,-0.9749279121818236,-0.2225209339563146,0.39435585511331855,0.9189578116202306
372,10.3,81,0.7,0.0,0.0,0,1,0,0,-0.9749279121818236,-0.2225209339563146,0.5712682150947923,0.8207634412072763
223,9.5,87,0.6,0.0,0.0,0,1,0,0,-0.9749279121818236,-0.2225209339563146,0.72479278722912,0.6889669190756866
137,9.4,87,0.8,0.0,0.0,0,1,0,0,-0.9749279121818236,-0.2225209339563146,0.8486442574947509,0.5289640103269624
167,9.5,85,0.6,0.0,0.0,0,1,0,0,-0.9749279121818236,-0.2225209339563146,0.9377521321470804,0.3473052528448203
309,9.5,86,0.6,0.0,0.0,0,1,0,0,-0.9749279121818236,-0.2225209339563146,0.9884683243281114,0.1514277775045767
589,9.3,85,0.3,0.0,0.0,0,1,0,0,-0.9749279121818236,-0.2225209339563146,0.9987165071710528,-0.05064916883871264
628,10.1,77,0.0,0.0,0.0,0,1,0,0,-0.9749279121818236,-0.2225209339563146,0.9680771188662043,-0.2506525322587204
699,12.2,73,1.9,0.0,0.0,0,1,0,0,-0.9749279121818236,-0.2225209339563146,0.8978045395707416,-0.4403941515576344
768,13.8,63,2.2,0.0,0.0,0,1,0,0,-0.9749279121818236,-0.2225209339563146,0.7907757369376989,-0.6121059825476626
1034,15.1,54,2.2,0.0,0.0,0,1,0,0,-0.9749279121818236,-0.2225209339563146,0.6513724827222223,-0.758758122692791
1094,15.9,48,2.7,0.0,0.0,0,1,0,0,-0.9749279121818236,-0.2225209339563146,0.48530196253108104,-0.8743466161445821
1113,17.1,39,2.0,0.0,0.0,0,1,0,0,-0.9749279121818236,-0.2225209339563146,0.29936312297335804,-0.9541392564000488
1229,16.6,36,2.5,0.0,0.0,0,1,0,0,-0.9749279121818236,-0.2225209339563146,0.10116832198743272,-0.994869323391895
1263,16.0,37,1.9,0.0,0.0,0,1,0,0,-0.9749279121818236,-0.2225209339563146,-0.10116832198743204,-0.9948693233918952
1379,14.8,47,1.3,0.0,0.0,0,1,0,0,-0.9749279121818236,-0.2225209339563146,-0.2993631229733582,-0.9541392564000488
1226,13.2,57,2.2,0.0,0.0,0,1,0,0,-0.9749279121818236,-0.2225209339563146,-0.4853019625310808,-0.8743466161445822
957,12.1,67,1.5,0.0,0.0,0,1,0,0,-0.9749279121818236,-0.2225209339563146,-0.651372482722222,-0.7587581226927911
877,11.3,74,1.2,0.0,0.0,0,1,0,0,-0.9749279121818236,-0.2225209339563146,-0.7907757369376986,-0.6121059825476627
847,10.8,78,1.0,0.0,0.0,0,1,0,0,-0.9749279121818236,-0.2225209339563146,-0.8978045395707417,-0.44039415155763423
885,10.6,81,1.2,0.0,0.0,0,1,0,0,-0.9749279121818236,-0.2225209339563146,-0.9680771188662041,-0.2506525322587213
676,10.3,84,1.3,0.0,0.0,0,1,0,0,-0.9749279121818236,-0.2225209339563146,-0.9987165071710528,-0.05064916883871355
655,9.4,85,0.6,0.0,0.0,0,1,0,0,-0.7818314824680299,0.6234898018587334,0.0,1.0
518,8.8,89,0.7,0.0,0.0,0,1,0,0,-0.7818314824680299,0.6234898018587334,0.20129852008866006,0.9795299412524945
370,7.9,85,1.1,0.0,0.0,0,1,0,0,-0.7818314824680299,0.6234898018587334,0.39435585511331855,0.9189578116202306
314,7.1,85,0.7,0.0,0.0,0,1,0,0,-0.7818314824680299,0.6234898018587334,0.5712682150947923,0.8207634412072763
189,6.9,82,0.5,0.0,0.0,0,1,0,0,-0.7818314824680299,0.6234898018587334,0.72479278722912,0.6889669190756866
111,6.8,83,0.6,0.0,0.0,0,1,0,0,-0.7818314824680299,0.6234898018587334,0.8486442574947509,0.5289640103269624
117,6.6,84,1.2,0.0,0.0,0,1,0,0,-0.7818314824680299,0.6234898018587334,0.9377521321470804,0.3473052528448203
228,6.4,84,1.3,0.0,0.0,0,1,0,0,-0.7818314824680299,0.6234898018587334,0.9884683243281114,0.1514277775045767
395,6.3,81,0.8,0.0,0.0,0,1,0,0,-0.7818314824680299,0.6234898018587334,0.9987165071710528,-0.05064916883871264
574,7.8,72,1.2,0.0,0.0,0,1,0,0,-0.7818314824680299,0.6234898018587334,0.9680771188662043,-0.2506525322587204
563,10.2,68,0.7,0.0,0.0,0,1,0,0,-0.7818314824680299,0.6234898018587334,0.8978045395707416,-0.4403941515576344
578,10.7,68,0.4,0.0,0.0,0,1,0,0,-0.7818314824680299,0.6234898018587334,0.7907757369376989,-0.6121059825476626
769,10.6,72,2.0,0.0,0.0,0,1,0,0,-0.7818314824680299,0.6234898018587334,0.6513724827222223,-0.758758122692791
758,9.8,70,1.7,0.0,0.0,0,1,0,0,-0.7818314824680299,0.6234898018587334,0.48530196253108104,-0.8743466161445821
810,10.1,58,0.9,0.0,0.0,0,1,0,0,-0.7818314824680299,0.6234898018587334,0.29936312297335804,-0.9541392564000488
832,10.2,58,2.0,0.0,0.0,0,1,0,0,-0.7818314824680299,0.6234898018587334,0.10116832198743272,-0.994869323391895
616,9.9,59,1.3,0.0,0.0,0,1,0,0,-0.7818314824680299,0.6234898018587334,-0.10116832198743204,-0.9948693233918952
660,8.9,57,3.0,0.0,0.0,0,1,0,0,-0.7818314824680299,0.6234898018587334,-0.2993631229733582,-0.9541392564000488
752,8.9,55,2.0,0.0,0.0,0,1,0,0,-0.7818314824680299,0.6234898018587334,-0.4853019625310808,-0.8743466161445822
685,8.7,52,0.8,0.0,0.0,0,1,0,0,-0.7818314824680299,0.6234898018587334,-0.651372482722222,-0.7587581226927911
711,8.2,53,0.6,0.0,0.0,0,1,0,0,-0.7818314824680299,0.6234898018587334,-0.7907757369376986,-0.6121059825476627
689,8.0,51,0.5,0.0,0.0,0,1,0,0,-0.7818314824680299,0.6234898018587334,-0.8978045395707417,-0.44039415155763423
690,7.0,60,0.0,0.0,0.0,0,1,0,0,-0.7818314824680299,0.6234898018587334,-0.9680771188662041,-0.2506525322587213
554,6.3,62,0.0,0.0,0.0,0,1,0,0,-0.7818314824680299,0.6234898018587334,-0.9987165071710528,-0.05064916883871355
456,5.4,64,0.8,0.0,0.0,0,1,0,0,0.0,1.0,0.0,1.0
344,5.0,67,1.3,0.0,0.0,0,1,0,0,0.0,1.0,0.20129852008866006,0.9795299412524945
187,4.8,66,1.6,0.0,0.0,0,1,0,0,0.0,1.0,0.39435585511331855,0.9189578116202306
122,4.6,65,0.1,0.0,0.0,0,1,0,0,0.0,1.0,0.5712682150947923,0.8207634412072763
109,4.0,68,0.0,0.0,0.0,0,1,0,0,0.0,1.0,0.72479278722912,0.6889669190756866
158,4.0,71,0.0,0.0,0.0,0,1,0,0,0.0,1.0,0.8486442574947509,0.5289640103269624
419,3.8,69,0.0,0.0,0.0,0,1,0,0,0.0,1.0,0.9377521321470804,0.3473052528448203
1004,3.4,72,1.0,0.0,0.0,0,1,0,0,0.0,1.0,0.9884683243281114,0.1514277775045767
1699,3.3,69,0.0,0.0,0.0,0,1,0,0,0.0,1.0,0.9987165071710528,-0.05064916883871264
931,5.2,55,1.4,0.0,0.0,0,1,0,0,0.0,1.0,0.9680771188662043,-0.2506525322587204
683,8.3,50,1.1,0.0,0.0,0,1,0,0,0.0,1.0,0.8978045395707416,-0.4403941515576344
785,10.3,40,0.7,0.0,0.0,0,1,0,0,0.0,1.0,0.7907757369376989,-0.6121059825476626
888,12.3,37,0.8,0.0,0.0,0,1,0,0,0.0,1.0,0.6513724827222223,-0.758758122692791
889,13.3,36,2.1,0.0,0.0,0,1,0,0,0.0,1.0,0.48530196253108104,-0.8743466161445821
886,14.2,33,1.5,0.0,0.0,0,1,0,0,0.0,1.0,0.29936312297335804,-0.9541392564000488
1084,13.8,34,2.4,0.0,0.0,0,1,0,0,0.0,1.0,0.10116832198743272,-0.994869323391895
1193,12.9,38,2.6,0.0,0.0,0,1,0,0,0.0,1.0,-0.10116832198743204,-0.9948693233918952
1472,11.8,43,1.8,0.0,0.0,0,1,0,0,0.0,1.0,-0.2993631229733582,-0.9541392564000488
2022,10.6,45,1.8,0.0,0.0,0,1,0,0,0.0,1.0,-0.4853019625310808,-0.8743466161445822
1466,9.8,46,2.8,0.0,0.0,0,1,0,0,0.0,1.0,-0.651372482722222,-0.7587581226927911
1292,9.0,48,1.9,0.0,0.0,0,1,0,0,0.0,1.0,-0.7907757369376986,-0.6121059825476627
1189,8.5,50,0.5,0.0,0.0,0,1,0,0,0.0,1.0,-0.8978045395707417,-0.44039415155763423
1023,7.6,55,1.7,0.0,0.0,0,1,0,0,0.0,1.0,-0.9680771188662041,-0.2506525322587213
702,6.9,60,0.8,0.0,0.0,0,1,0,0,0.0,1.0,-0.9987165071710528,-0.05064916883871355
587,6.2,63,0.8,0.0,0.0,0,1,0,0,0.7818314824680298,0.6234898018587336,0.0,1.0
487,5.6,68,0.5,0.0,0.0,0,1,0,0,0.7818314824680298,0.6234898018587336,0.20129852008866006,0.9795299412524945
330,5.6,64,0.1,0.0,0.0,0,1,0,0,0.7818314824680298,0.6234898018587336,0.39435585511331855,0.9189578116202306
205,5.3,62,0.0,0.0,0.0,0,1,0,0,0.7818314824680298,0.6234898018587336,0.5712682150947923,0.8207634412072763
133,4.9,63,0.0,0.0,0.0,0,1,0,0,0.7818314824680298,0.6234898018587336,0.72479278722912,0.6889669190756866
162,4.7,72,0.0,0.0,0.0,0,1,0,0,0.7818314824680298,0.6234898018587336,0.8486442574947509,0.5289640103269624
402,4.2,72,0.8,0.0,0.0,0,1,0,0,0.7818314824680298,0.6234898018587336,0.9377521321470804,0.3473052528448203
1066,4.4,72,0.3,0.0,0.0,0,1,0,0,0.7818314824680298,0.6234898018587336,0.9884683243281114,0.1514277775045767
1910,4.7,68,0.5,0.0,0.0,0,1,0,0,0.7818314824680298,0.6234898018587336,0.9987165071710528,-0.05064916883871264
990,6.0,59,1.0,0.0,0.0,0,1,0,0,0.7818314824680298,0.6234898018587336,0.9680771188662043,-0.2506525322587204
710,9.0,51,0.9,0.0,0.0,0,1,0,0,0.7818314824680298,0.6234898018587336,0.8978045395707416,-0.4403941515576344
789,11.4,46,0.8,0.0,0.0,0,1,0,0,0.7818314824680298,0.6234898018587336,0.7907757369376989,-0.6121059825476626
890,12.8,45,1.8,0.0,0.0,0,1,0,0,0.7818314824680298,0.6234898018587336,0.6513724827222223,-0.758758122692791
912,13.5,43,2.2,0.0,0.0,0,1,0,0,0.7818314824680298,0.6234898018587336,0.48530196253108104,-0.8743466161445821
928,15.0,37,1.6,0.0,0.0,0,1,0,0,0.7818314824680298,0.6234898018587336,0.29936312297335804,-0.9541392564000488
980,15.3,37,1.8,0.0,0.0,0,1,0,0,0.7818314824680298,0.6234898018587336,0.10116832198743272,-0.994869323391895
1188,14.2,37,2.0,0.0,0.0,0,1,0,0,0.7818314824680298,0.6234898018587336,-0.10116832198743204,-0.9948693233918952
1420,12.7,40,1.9,0.0,0.0,0,1,0,0,0.7818314824680298,0.6234898018587336,-0.2993631229733582,-0.9541392564000488
2159,11.3,42,1.2,0.0,0.0,0,1,0,0,0.7818314824680298,0.6234898018587336,-0.4853019625310808,-0.8743466161445822
1529,9.8,45,1.3,0.0,0.0,0,1,0,0,0.7818314824680298,0.6234898018587336,-0.651372482722222,-0.7587581226927911
1208,9.5,44,1.8,0.0,0.0,0,1,0,0,0.7818314824680298,0.6234898018587336,-0.7907757369376986,-0.6121059825476627
1163,8.5,42,1.1,0.0,0.0,0,1,0,0,0.7818314824680298,0.6234898018587336,-0.8978045395707417,-0.44039415155763423
1126,8.1,50,0.5,0.0,0.0,0,1,0,0,0.7818314824680298,0.6234898018587336,-0.9680771188662041,-0.2506525322587213
718,7.6,49,0.6,0.0,0.0,0,1,0,0,0.7818314824680298,0.6234898018587336,-0.9987165071710528,-0.05064916883871355
612,7.0,54,0.9,0.0,0.0,0,1,0,0,0.9749279121818236,-0.22252093395631434,0.0,1.0
517,6.5,60,0.5,0.0,0.0,0,1,0,0,0.9749279121818236,-0.22252093395631434,0.20129852008866006,0.9795299412524945
327,6.2,59,0.6,0.0,0.0,0,1,0,0,0.9749279121818236,-0.22252093395631434,0.39435585511331855,0.9189578116202306
210,6.1,66,0.5,0.0,0.0,0,1,0,0,0.9749279121818236,-0.22252093395631434,0.5712682150947923,0.8207634412072763
164,5.6,70,0.6,0.0,0.0,0,1,0,0,0.9749279121818236,-0.22252093395631434,0.72479278722912,0.6889669190756866
135,5.3,72,0.2,0.0,0.0,0,1,0,0,0.9749279121818236,-0.22252093395631434,0.8486442574947509,0.5289640103269624
362,5.1,76,1.1,0.0,0.0,0,1,0,0,0.9749279121818236,-0.22252093395631434,0.9377521321470804,0.3473052528448203
1047,5.2,78,0.3,0.0,0.0,0,1,0,0,0.9749279121818236,-0.22252093395631434,0.9884683243281114,0.1514277775045767
1916,5.0,77,1.5,0.0,0.0,0,1,0,0,0.9749279121818236,-0.22252093395631434,0.9987165071710528,-0.05064916883871264
1019,7.1,61,0.5,0.0,0.0,0,1,0,0,0.9749279121818236,-0.22252093395631434,0.9680771188662043,-0.2506525322587204
779,9.6,53,1.4,0.0,0.0,0,1,0,0,0.9749279121818236,-0.22252093395631434,0.8978045395707416,-0.4403941515576344
892,12.1,49,0.8,0.0,0.0,0,1,0,0,0.9749279121818236,-0.22252093395631434,0.7907757369376989,-0.6121059825476626
963,14.2,45,0.9,0.0,0.0,0,1,0,0,0.9749279121818236,-0.22252093395631434,0.6513724827222223,-0.758758122692791
1028,15.7,41,2.3,0.0,0.0,0,1,0,0,0.9749279121818236,-0.22252093395631434,0.48530196253108104,-0.8743466161445821
1001,16.1,32,1.4,0.0,0.0,0,1,0,0,0.9749279121818236,-0.22252093395631434,0.29936312297335804,-0.9541392564000488
1063,15.9,30,0.7,0.0,0.0,0,1,0,0,0.9749279121818236,-0.22252093395631434,0.10116832198743272,-0.994869323391895
1137,15.2,40,2.7,0.0,0.0,0,1,0,0,0.9749279121818236,-0.22252093395631434,-0.10116832198743204,-0.9948693233918952
1532,13.6,46,1.8,0.0,0.0,0,1,0,0,0.9749279121818236,-0.22252093395631434,-0.2993631229733582,-0.9541392564000488
2200,12.2,47,2.6,0.0,0.0,0,1,0,0,0.9749279121818236,-0.22252093395631434,-0.4853019625310808,-0.8743466161445822
1464,11.5,52,2.4,0.0,0.0,0,1,0,0,0.9749279121818236,-0.22252093395631434,-0.651372482722222,-0.7587581226927911
1269,10.5,52,1.4,0.0,0.0,0,1,0,0,0.9749279121818236,-0.22252093395631434,-0.7907757369376986,-0.6121059825476627
1239,9.8,52,0.5,0.0,0.0,0,1,0,0,0.9749279121818236,-0.22252093395631434,-0.8978045395707417,-0.44039415155763423
1074,8.8,58,0.5,0.0,0.0,0,1,0,0,0.9749279121818236,-0.22252093395631434,-0.9680771188662041,-0.2506525322587213
757,8.4,65,0.8,0.0,0.0,0,1,0,0,0.9749279121818236,-0.22252093395631434,-0.9987165071710528,-0.05064916883871355
610,7.7,67,0.4,0.0,0.0,0,1,0,0,0.43388373911755823,-0.900968867902419,0.0,1.0
489,7.3,64,0.3,0.0,0.0,0,1,0,0,0.43388373911755823,-0.900968867902419,0.20129852008866006,0.9795299412524945
313,7.1,68,0.6,0.0,0.0,0,1,0,0,0.43388373911755823,-0.900968867902419,0.39435585511331855,0.9189578116202306
219,6.5,75,1.1,0.0,0.0,0,1,0,0,0.43388373911755823,-0.900968867902419,0.5712682150947923,0.8207634412072763
154,6.1,72,0.5,0.0,0.0,0,1,0,0,0.43388373911755823,-0.900968867902419,0.72479278722912,0.6889669190756866
172,5.3,78,1.4,0.0,0.0,0,1,0,0,0.43388373911755823,-0.900968867902419,0.8486442574947509,0.5289640103269624
357,4.9,76,1.1,0.0,0.0,0,1,0,0,0.43388373911755823,-0.900968867902419,0.9377521321470804,0.3473052528448203
883,4.8,76,0.7,0.0,0.0,0,1,0,0,0.43388373911755823,-0.900968867902419,0.9884683243281114,0.1514277775045767
1686,5.3,75,1.0,0.0,0.0,0,1,0,0,0.43388373911755823,-0.900968867902419,0.9987165071710528,-0.05064916883871264
1300,6.8,64,1.0,0.0,0.0,0,1,0,0,0.43388373911755823,-0.900968867902419,0.9680771188662043,-0.2506525322587204
782,8.6,57,0.6,0.0,0.0,0,1,0,0,0.43388373911755823,-0.900968867902419,0.8978045395707416,-0.4403941515576344
770,11.1,47,1.2,0.0,0.0,0,1,0,0,0.43388373911755823,-0.900968867902419,0.7907757369376989,-0.6121059825476626
942,13.8,43,0.9,0.0,0.0,0,1,0,0,0.43388373911755823,-0.900968867902419,0.6513724827222223,-0.758758122692791
883,15.1,37,1.9,0.0,0.0,0,1,0,0,0.43388373911755823,-0.900968867902419,0.48530196253108104,-0.8743466161445821
899,15.1,33,1.5,0.0,0.0,0,1,0,0,0.43388373911755823,-0.900968867902419,0.29936312297335804,-0.9541392564000488
971,16.1,30,1.0,0.0,0.0,0,1,0,0,0.43388373911755823,-0.900968867902419,0.10116832198743272,-0.994869323391895
1123,15.4,34,1.4,0.0,0.0,0,1,0,0,0.43388373911755823,-0.900968867902419,-0.10116832198743204,-0.9948693233918952
1416,13.7,38,1.4,0.0,0.0,0,1,0,0,0.43388373911755823,-0.900968867902419,-0.2993631229733582,-0.9541392564000488
2034,12.1,46,1.4,0.0,0.0,0,1,0,0,0.43388373911755823,-0.900968867902419,-0.4853019625310808,-0.8743466161445822
1448,11.2,46,1.4,0.0,0.0,0,1,0,0,0.43388373911755823,-0.900968867902419,-0.651372482722222,-0.7587581226927911
1146,9.5,49,1.3,0.0,0.0,0,1,0,0,0.43388373911755823,-0.900968867902419,-0.7907757369376986,-0.6121059825476627
1123,9.6,52,1.3,0.0,0.0,0,1,0,0,0.43388373911755823,-0.900968867902419,-0.8978045395707417,-0.44039415155763423
1061,8.7,53,0.4,0.0,0.0,0,1,0,0,0.43388373911755823,-0.900968867902419,-0.9680771188662041,-0.2506525322587213
721,8.1,57,0.7,0.0,0.0,0,1,0,0,0.43388373911755823,-0.900968867902419,-0.9987165071710528,-0.05064916883871355
683,7.8,57,0.3,0.0,0.0,0,1,0,0,-0.433883739117558,-0.9009688679024191,0.0,1.0
520,7.8,59,0.6,0.0,0.0,0,1,0,0,-0.433883739117558,-0.9009688679024191,0.20129852008866006,0.9795299412524945
376,7.7,63,1.0,0.0,0.0,0,1,0,0,-0.433883739117558,-0.9009688679024191,0.39435585511331855,0.9189578116202306
262,7.4,63,0.6,0.0,0.0,0,1,0,0,-0.433883739117558,-0.9009688679024191,0.5712682150947923,0.8207634412072763
171,7.1,64,0.6,0.0,0.0,0,1,0,0,-0.433883739117558,-0.9009688679024191,0.72479278722912,0.6889669190756866
151,6.9,66,0.5,0.0,0.0,0,1,0,0,-0.433883739117558,-0.9009688679024191,0.8486442574947509,0.5289640103269624
412,7.1,65,0.5,0.0,0.0,0,1,0,0,-0.433883739117558,-0.9009688679024191,0.9377521321470804,0.3473052528448203
939,6.6,64,0.5,0.0,0.0,0,1,0,0,-0.433883739117558,-0.9009688679024191,0.9884683243281114,0.1514277775045767
1692,7.0,64,0.8,0.0,0.0,0,1,0,0,-0.433883739117558,-0.9009688679024191,0.9987165071710528,-0.05064916883871264
991,8.2,61,0.6,0.0,0.0,0,1,0,0,-0.433883739117558,-0.9009688679024191,0.9680771188662043,-0.2506525322587204
699,9.4,55,0.1,0.0,0.0,0,1,0,0,-0.433883739117558,-0.9009688679024191,0.8978045395707416,-0.4403941515576344
834,11.9,44,2.1,0.0,0.0,0,1,0,0,-0.433883739117558,-0.9009688679024191,0.7907757369376989,-0.6121059825476626
886,13.4,48,2.3,0.0,0.0,0,1,0,0,-0.433883739117558,-0.9009688679024191,0.6513724827222223,-0.758758122692791
920,14.4,49,3.5,0.0,0.0,0,1,0,0,-0.433883739117558,-0.9009688679024191,0.48530196253108104,-0.8743466161445821
915,13.3,53,2.6,0.0,0.0,0,1,0,0,-0.433883739117558,-0.9009688679024191,0.29936312297335804,-0.9541392564000488
995,13.2,61,3.9,0.0,0.0,0,1,0,0,-0.433883739117558,-0.9009688679024191,0.10116832198743272,-0.994869323391895
1126,11.8,66,3.0,0.0,0.0,0,1,0,0,-0.433883739117558,-0.9009688679024191,-0.10116832198743204,-0.9948693233918952
1346,11.0,70,2.9,0.0,0.0,0,1,0,0,-0.433883739117558,-0.9009688679024191,-0.2993631229733582,-0.9541392564000488
1956,9.9,74,2.6,0.0,0.0,0,1,0,0,-0.433883739117558,-0.9009688679024191,-0.4853019625310808,-0.8743466161445822
1303,8.7,78,2.5,0.0,0.0,0,1,0,0,-0.433883739117558,-0.9009688679024191,-0.651372482722222,-0.7587581226927911
995,7.6,76,3.9,0.0,0.0,0,1,0,0,-0.433883739117558,-0.9009688679024191,-0.7907757369376986,-0.6121059825476627
907,6.8,73,2.3,0.0,0.0,0,1,0,0,-0.433883739117558,-0.9009688679024191,-0.8978045395707417,-0.44039415155763423
894,6.2,72,1.4,0.0,0.0,0,1,0,0,-0.433883739117558,-0.9009688679024191,-0.9680771188662041,-0.2506525322587213
687,5.0,75,1.1,0.0,0.0,0,1,0,0,-0.433883739117558,-0.9009688679024191,-0.9987165071710528,-0.05064916883871355
626,4.2,76,2.1,0.0,0.0,0,1,0,0,-0.9749279121818236,-0.2225209339563146,0.0,1.0
597,3.4,76,0.5,0.0,0.0,0,1,0,0,-0.9749279121818236,-0.2225209339563146,0.20129852008866006,0.9795299412524945
456,2.9,77,1.8,0.0,0.0,0,1,0,0,-0.9749279121818236,-0.2225209339563146,0.39435585511331855,0.9189578116202306
288,2.5,77,2.3,0.0,0.0,0,1,0,0,-0.9749279121818236,-0.2225209339563146,0.5712682150947923,0.8207634412072763
195,1.7,74,1.7,0.0,0.0,0,1,0,0,-0.9749279121818236,-0.2225209339563146,0.72479278722912,0.6889669190756866
129,1.1,75,0.6,0.0,0.0,0,1,0,0,-0.9749279121818236,-0.2225209339563146,0.8486442574947509,0.5289640103269624
151,1.0,77,0.6,0.0,0.0,0,1,0,0,-0.9749279121818236,-0.2225209339563146,0.9377521321470804,0.3473052528448203
315,0.8,77,0.9,0.0,0.0,0,1,0,0,-0.9749279121818236,-0.2225209339563146,0.9884683243281114,0.1514277775045767
530,0.7,72,1.0,0.0,0.0,0,1,0,0,-0.9749279121818236,-0.2225209339563146,0.9987165071710528,-0.05064916883871264
644,2.2,53,0.5,0.0,0.0,0,1,0,0,-0.9749279121818236,-0.2225209339563146,0.9680771188662043,-0.2506525322587204
733,4.7,47,1.2,0.0,0.0,0,1,0,0,-0.9749279121818236,-0.2225209339563146,0.8978045395707416,-0.4403941515576344
830,7.8,38,0.8,0.0,0.0,0,1,0,0,-0.9749279121818236,-0.2225209339563146,0.7907757369376989,-0.6121059825476626
994,9.1,34,1.0,0.0,0.0,0,1,0,0,-0.9749279121818236,-0.2225209339563146,0.6513724827222223,-0.758758122692791
1037,10.9,32,2.1,0.0,0.0,0,1,0,0,-0.9749279121818236,-0.2225209339563146,0.48530196253108104,-0.8743466161445821
969,9.7,34,1.9,0.0,0.0,0,1,0,0,-0.9749279121818236,-0.2225209339563146,0.29936312297335804,-0.9541392564000488
1018,8.9,34,2.9,0.0,0.0,0,1,0,0,-0.9749279121818236,-0.2225209339563146,0.10116832198743272,-0.994869323391895
974,8.3,35,2.1,0.0,0.0,0,1,0,0,-0.9749279121818236,-0.2225209339563146,-0.10116832198743204,-0.9948693233918952
1031,7.7,34,2.6,0.0,0.0,0,1,0,0,-0.9749279121818236,-0.2225209339563146,-0.2993631229733582,-0.9541392564000488
877,7.1,40,0.6,0.0,0.0,0,1,0,0,-0.9749279121818236,-0.2225209339563146,-0.4853019625310808,-0.8743466161445822
735,6.0,44,0.8,0.0,0.0,0,1,0,0,-0.9749279121818236,-0.2225209339563146,-0.651372482722222,-0.7587581226927911
644,5.4,43,2.7,0.0,0.0,0,1,0,0,-0.9749279121818236,-0.2225209339563146,-0.7907757369376986,-0.6121059825476627
685,5.0,42,1.5,0.0,0.0,0,1,0,0,-0.9749279121818236,-0.2225209339563146,-0.8978045395707417,-0.44039415155763423
655,4.4,43,1.1,0.0,0.0,0,1,0,0,-0.9749279121818236,-0.2225209339563146,-0.9680771188662041,-0.2506525322587213
576,4.1,46,1.8,0.0,0.0,0,1,0,0,-0.9749279121818236,-0.2225209339563146,-0.9987165071710528,-0.05064916883871355
592,3.6,49,0.8,0.0,0.0,0,1,0,0,-0.7818314824680299,0.6234898018587334,0.0,1.0
443,3.2,54,1.2,0.0,0.0,0,1,0,0,-0.7818314824680299,0.6234898018587334,0.20129852008866006,0.9795299412524945
335,2.9,49,2.0,0.0,0.0,0,1,0,0,-0.7818314824680299,0.6234898018587334,0.39435585511331855,0.9189578116202306
258,2.5,49,0.2,0.0,0.0,0,1,0,0,-0.7818314824680299,0.6234898018587334,0.5712682150947923,0.8207634412072763
165,2.5,49,0.4,0.0,0.0,0,1,0,0,-0.7818314824680299,0.6234898018587334,0.72479278722912,0.6889669190756866
92,2.3,53,0.6,0.0,0.0,0,1,0,0,-0.7818314824680299,0.6234898018587334,0.8486442574947509,0.5289640103269624
114,1.9,53,0.4,0.0,0.0,0,1,0,0,-0.7818314824680299,0.6234898018587334,0.9377521321470804,0.3473052528448203
191,2.1,56,0.7,0.0,0.0,0,1,0,0,-0.7818314824680299,0.6234898018587334,0.9884683243281114,0.1514277775045767
371,2.6,53,0.7,0.0,0.0,0,1,0,0,-0.7818314824680299,0.6234898018587334,0.9987165071710528,-0.05064916883871264
457,3.5,53,1.0,0.0,0.0,0,1,0,0,-0.7818314824680299,0.6234898018587334,0.9680771188662043,-0.2506525322587204
583,4.8,40,1.1,0.0,0.0,0,1,0,0,-0.7818314824680299,0.6234898018587334,0.8978045395707416,-0.4403941515576344
645,7.6,35,0.8,0.0,0.0,0,1,0,0,-0.7818314824680299,0.6234898018587334,0.7907757369376989,-0.6121059825476626
776,9.2,47,2.5,0.0,0.0,0,1,0,0,-0.7818314824680299,0.6234898018587334,0.6513724827222223,-0.758758122692791
905,9.9,37,2.1,0.0,0.0,0,1,0,0,-0.7818314824680299,0.6234898018587334,0.48530196253108104,-0.8743466161445821
1054,10.1,37,2.4,0.0,0.0,0,1,0,0,-0.7818314824680299,0.6234898018587334,0.29936312297335804,-0.9541392564000488
1047,9.6,34,1.6,0.0,0.0,0,1,0,0,-0.7818314824680299,0.6234898018587334,0.10116832198743272,-0.994869323391895
1026,9.4,39,1.8,0.0,0.0,0,1,0,0,-0.7818314824680299,0.6234898018587334,-0.10116832198743204,-0.9948693233918952
1039,8.7,42,1.7,0.0,0.0,0,1,0,0,-0.7818314824680299,0.6234898018587334,-0.2993631229733582,-0.9541392564000488
902,8.4,46,2.4,0.0,0.0,0,1,0,0,-0.7818314824680299,0.6234898018587334,-0.4853019625310808,-0.8743466161445822
759,7.9,45,1.0,0.0,0.0,0,1,0,0,-0.7818314824680299,0.6234898018587334,-0.651372482722222,-0.7587581226927911
719,7.4,50,0.7,0.0,0.0,0,1,0,0,-0.7818314824680299,0.6234898018587334,-0.7907757369376986,-0.6121059825476627
682,7.1,52,0.8,0.0,0.0,0,1,0,0,-0.7818314824680299,0.6234898018587334,-0.8978045395707417,-0.44039415155763423
632,6.8,53,0.4,0.0,0.0,0,1,0,0,-0.7818314824680299,0.6234898018587334,-0.9680771188662041,-0.2506525322587213
532,7.0,55,0.2,0.0,0.0,0,1,0,0,-0.7818314824680299,0.6234898018587334,-0.9987165071710528,-0.05064916883871355
457,6.8,56,0.7,0.0,0.0,0,1,0,0,0.0,1.0,0.0,1.0
277,5.9,60,0.5,0.0,0.0,0,1,0,0,0.0,1.0,0.20129852008866006,0.9795299412524945
190,5.4,65,0.7,0.0,0.0,0,1,0,0,0.0,1.0,0.39435585511331855,0.9189578116202306
133,4.8,65,0.8,0.0,0.0,0,1,0,0,0.0,1.0,0.5712682150947923,0.8207634412072763
88,4.5,67,0.9,0.0,0.0,0,1,0,0,0.0,1.0,0.72479278722912,0.6889669190756866
167,4.1,70,1.0,0.0,0.0,0,1,0,0,0.0,1.0,0.8486442574947509,0.5289640103269624
418,3.8,71,0.7,0.0,0.0,0,1,0,0,0.0,1.0,0.9377521321470804,0.3473052528448203
991,3.4,73,1.1,0.0,0.0,0,1,0,0,0.0,1.0,0.9884683243281114,0.1514277775045767
1751,3.5,71,0.8,0.0,0.0,0,1,0,0,0.0,1.0,0.9987165071710528,-0.05064916883871264
889,4.6,60,0.8,0.0,0.0,0,1,0,0,0.0,1.0,0.9680771188662043,-0.2506525322587204
651,7.5,53,0.8,0.0,0.0,0,1,0,0,0.0,1.0,0.8978045395707416,-0.4403941515576344
745,9.8,51,0.5,0.0,0.0,0,1,0,0,0.0,1.0,0.7907757369376989,-0.6121059825476626
785,10.3,38,1.2,0.0,0.0,0,1,0,0,0.0,1.0,0.6513724827222223,-0.758758122692791
785,10.8,44,2.0,0.0,0.0,0,1,0,0,0.0,1.0,0.48530196253108104,-0.8743466161445821
793,10.6,34,2.8,0.0,0.0,0,1,0,0,0.0,1.0,0.29936312297335804,-0.9541392564000488
839,11.1,35,1.9,0.0,0.0,0,1,0,0,0.0,1.0,0.10116832198743272,-0.994869323391895
968,9.7,43,2.7,0.0,0.0,0,1,0,0,0.0,1.0,-0.10116832198743204,-0.9948693233918952
1233,8.7,48,1.7,0.0,0.0,0,1,0,0,0.0,1.0,-0.2993631229733582,-0.9541392564000488
1904,7.5,48,2.4,0.0,0.0,0,1,0,0,0.0,1.0,-0.4853019625310808,-0.8743466161445822
1304,6.8,52,0.8,0.0,0.0,0,1,0,0,0.0,1.0,-0.651372482722222,-0.7587581226927911
1030,6.0,50,1.5,0.0,0.0,0,1,0,0,0.0,1.0,-0.7907757369376986,-0.6121059825476627
1019,5.8,44,2.2,0.0,0.0,0,1,0,0,0.0,1.0,-0.8978045395707417,-0.44039415155763423
910,5.3,39,2.3,0.0,0.0,0,1,0,0,0.0,1.0,-0.9680771188662041,-0.2506525322587213
629,4.2,42,2.2,0.0,0.0,0,1,0,0,0.0,1.0,-0.9987165071710528,-0.05064916883871355
478,3.8,42,1.7,0.0,0.0,0,1,0,0,0.7818314824680298,0.6234898018587336,0.0,1.0
422,2.9,43,1.0,0.0,0.0,0,1,0,0,0.7818314824680298,0.6234898018587336,0.20129852008866006,0.9795299412524945
286,2.6,46,1.5,0.0,0.0,0,1,0,0,0.7818314824680298,0.6234898018587336,0.39435585511331855,0.9189578116202306
202,1.6,43,1.1,0.0,0.0,0,1,0,0,0.7818314824680298,0.6234898018587336,0.5712682150947923,0.8207634412072763
119,1.3,48,0.5,0.0,0.0,0,1,0,0,0.7818314824680298,0.6234898018587336,0.72479278722912,0.6889669190756866
141,0.7,49,0.4,0.0,0.0,0,1,0,0,0.7818314824680298,0.6234898018587336,0.8486442574947509,0.5289640103269624
369,0.7,50,1.0,0.0,0.0,0,1,0,0,0.7818314824680298,0.6234898018587336,0.9377521321470804,0.3473052528448203
934,0.5,53,1.1,0.0,0.0,0,1,0,0,0.7818314824680298,0.6234898018587336,0.9884683243281114,0.1514277775045767
1818,0.3,53,0.9,0.0,0.0,0,1,0,0,0.7818314824680298,0.6234898018587336,0.9987165071710528,-0.05064916883871264
955,2.3,43,1.2,0.0,0.0,0,1,0,0,0.7818314824680298,0.6234898018587336,0.9680771188662043,-0.2506525322587204
659,5.1,33,1.4,0.0,0.0,0,1,0,0,0.7818314824680298,0.6234898018587336,0.8978045395707416,-0.4403941515576344
699,7.5,29,1.3,0.0,0.0,0,1,0,0,0.7818314824680298,0.6234898018587336,0.7907757369376989,-0.6121059825476626
788,10.1,23,1.8,0.0,0.0,0,1,0,0,0.7818314824680298,0.6234898018587336,0.6513724827222223,-0.758758122692791
798,11.6,20,1.3,0.0,0.0,0,1,0,0,0.7818314824680298,0.6234898018587336,0.48530196253108104,-0.8743466161445821
790,12.3,16,2.5,0.0,0.0,0,1,0,0,0.7818314824680298,0.6234898018587336,0.29936312297335804,-0.9541392564000488
861,11.9,18,3.3,0.0,0.0,0,1,0,0,0.7818314824680298,0.6234898018587336,0.10116832198743272,-0.994869323391895
967,11.3,21,2.8,0.0,0.0,0,1,0,0,0.7818314824680298,0.6234898018587336,-0.10116832198743204,-0.9948693233918952
1269,9.8,28,2.4,0.0,0.0,0,1,0,0,0.7818314824680298,0.6234898018587336,-0.2993631229733582,-0.9541392564000488
1857,9.1,31,2.0,0.0,0.0,0,1,0,0,0.7818314824680298,0.6234898018587336,-0.4853019625310808,-0.8743466161445822
1317,8.7,34,2.2,0.0,0.0,0,1,0,0,0.7818314824680298,0.6234898018587336,-0.651372482722222,-0.7587581226927911
1078,8.5,32,2.6,0.0,0.0,0,1,0,0,0.7818314824680298,0.6234898018587336,-0.7907757369376986,-0.6121059825476627
1020,8.8,37,3.8,0.0,0.0,0,1,0,0,0.7818314824680298,0.6234898018587336,-0.8978045395707417,-0.44039415155763423
922,8.9,40,3.4,0.0,0.0,0,1,0,0,0.7818314824680298,0.6234898018587336,-0.9680771188662041,-0.2506525322587213
378,9.3,43,3.5,0.0,0.0,0,1,0,0,0.7818314824680298,0.6234898018587336,-0.9987165071710528,-0.05064916883871355
119,7.2,74,1.2,0.2,0.0,0,1,0,0,0.9749279121818236,-0.22252093395631434,0.0,1.0
159,6.9,86,0.7,0.0,0.0,0,1,0,0,0.9749279121818236,-0.22252093395631434,0.20129852008866006,0.9795299412524945
129,6.9,87,0.7,0.0,0.0,0,1,0,0,0.9749279121818236,-0.22252093395631434,0.39435585511331855,0.9189578116202306
112,6.5,87,1.0,1.0,0.0,0,1,0,0,0.9749279121818236,-0.22252093395631434,0.5712682150947923,0.8207634412072763
97,6.7,87,1.2,0.0,0.0,0,1,0,0,0.9749279121818236,-0.22252093395631434,0.72479278722912,0.6889669190756866
118,6.8,86,0.5,0.0,0.0,0,1,0,0,0.9749279121818236,-0.22252093395631434,0.8486442574947509,0.5289640103269624
299,6.7,86,0.3,0.0,0.0,0,1,0,0,0.9749279121818236,-0.22252093395631434,0.9377521321470804,0.3473052528448203
788,6.5,85,0.8,0.0,0.0,0,1,0,0,0.9749279121818236,-0.22252093395631434,0.9884683243281114,0.1514277775045767
1622,6.4,86,0.9,0.0,0.0,0,1,0,0,0.9749279121818236,-0.22252093395631434,0.9987165071710528,-0.05064916883871264
867,6.4,53,0.7,0.0,0.0,0,1,0,0,0.9749279121818236,-0.22252093395631434,0.9680771188662043,-0.2506525322587204
611,6.9,39,0.5,0.0,0.0,0,1,0,0,0.9749279121818236,-0.22252093395631434,0.8978045395707416,-0.4403941515576344
649,7.4,30,1.4,0.0,0.0,0,1,0,0,0.9749279121818236,-0.22252093395631434,0.7907757369376989,-0.6121059825476626
697,7.7,34,0.6,0.0,0.0,0,1,0,0,0.9749279121818236,-0.22252093395631434,0.6513724827222223,-0.758758122692791
623,8.0,35,1.3,0.0,0.0,0,1,0,0,0.9749279121818236,-0.22252093395631434,0.48530196253108104,-0.8743466161445821
474,6.7,47,2.4,0.0,0.0,0,1,0,0,0.9749279121818236,-0.22252093395631434,0.29936312297335804,-0.9541392564000488
550,5.7,53,2.0,0.0,0.0,0,1,0,0,0.9749279121818236,-0.22252093395631434,0.10116832198743272,-0.994869323391895
755,6.1,53,0.5,0.0,0.0,0,1,0,0,0.9749279121818236,-0.22252093395631434,-0.10116832198743204,-0.9948693233918952
1101,5.7,61,2.2,0.0,0.0,0,1,0,0,0.9749279121818236,-0.22252093395631434,-0.2993631229733582,-0.9541392564000488
1679,5.4,58,0.2,0.0,0.0,0,1,0,0,0.9749279121818236,-0.22252093395631434,-0.4853019625310808,-0.8743466161445822
1113,5.1,50,0.7,0.0,0.0,0,1,0,0,0.9749279121818236,-0.22252093395631434,-0.651372482722222,-0.7587581226927911
936,5.1,43,0.7,0.0,0.0,0,1,0,0,0.9749279121818236,-0.22252093395631434,-0.7907757369376986,-0.6121059825476627
838,4.6,44,1.1,0.0,0.0,0,1,0,0,0.9749279121818236,-0.22252093395631434,-0.8978045395707417,-0.44039415155763423
825,4.6,48,2.2,0.0,0.0,0,1,0,0,0.9749279121818236,-0.22252093395631434,-0.9680771188662041,-0.2506525322587213
571,3.9,46,2.0,0.0,0.0,0,1,0,0,0.9749279121818236,-0.22252093395631434,-0.9987165071710528,-0.05064916883871355
443,3.1,42,3.4,0.0,0.0,0,1,0,0,0.43388373911755823,-0.900968867902419,0.0,1.0
382,2.1,39,3.2,0.0,0.0,0,1,0,0,0.43388373911755823,-0.900968867902419,0.20129852008866006,0.9795299412524945
271,1.3,44,1.9,0.0,0.0,0,1,0,0,0.43388373911755823,-0.900968867902419,0.39435585511331855,0.9189578116202306
164,0.6,42,1.1,0.0,0.0,0,1,0,0,0.43388373911755823,-0.900968867902419,0.5712682150947923,0.8207634412072763
121,0.5,39,1.6,0.0,0.0,0,1,0,0,0.43388373911755823,-0.900968867902419,0.72479278722912,0.6889669190756866
133,-0.4,39,0.8,0.0,0.0,0,1,0,0,0.43388373911755823,-0.900968867902419,0.8486442574947509,0.5289640103269624
332,-1.0,41,0.7,0.0,0.0,0,1,0,0,0.43388373911755823,-0.900968867902419,0.9377521321470804,0.3473052528448203
848,-1.0,43,1.8,0.0,0.0,0,1,0,0,0.43388373911755823,-0.900968867902419,0.9884683243281114,0.1514277775045767
1671,-1.2,33,0.5,0.0,0.0,0,1,0,0,0.43388373911755823,-0.900968867902419,0.9987165071710528,-0.05064916883871264
883,0.2,28,1.9,0.0,0.0,0,1,0,0,0.43388373911755823,-0.900968867902419,0.9680771188662043,-0.2506525322587204
603,2.9,22,2.0,0.0,0.0,0,1,0,0,0.43388373911755823,-0.900968867902419,0.8978045395707416,-0.4403941515576344
644,5.1,21,3.2,0.0,0.0,0,1,0,0,0.43388373911755823,-0.900968867902419,0.7907757369376989,-0.6121059825476626
717,5.9,23,2.8,0.0,0.0,0,1,0,0,0.43388373911755823,-0.900968867902419,0.6513724827222223,-0.758758122692791
678,6.5,26,2.4,0.0,0.0,0,1,0,0,0.43388373911755823,-0.900968867902419,0.48530196253108104,-0.8743466161445821
692,6.7,27,3.1,0.0,0.0,0,1,0,0,0.43388373911755823,-0.900968867902419,0.29936312297335804,-0.9541392564000488
716,6.9,31,2.9,0.0,0.0,0,1,0,0,0.43388373911755823,-0.900968867902419,0.10116832198743272,-0.994869323391895
759,5.9,34,2.9,0.0,0.0,0,1,0,0,0.43388373911755823,-0.900968867902419,-0.10116832198743204,-0.9948693233918952
1101,4.9,41,3.3,0.0,0.0,0,1,0,0,0.43388373911755823,-0.900968867902419,-0.2993631229733582,-0.9541392564000488
1591,4.1,46,2.7,0.0,0.0,0,1,0,0,0.43388373911755823,-0.900968867902419,-0.4853019625310808,-0.8743466161445822
1032,3.6,48,2.6,0.0,0.0,0,1,0,0,0.43388373911755823,-0.900968867902419,-0.651372482722222,-0.7587581226927911
777,3.1,42,2.4,0.0,0.0,0,1,0,0,0.43388373911755823,-0.900968867902419,-0.7907757369376986,-0.6121059825476627
759,2.2,28,3.2,0.0,0.0,0,1,0,0,0.43388373911755823,-0.900968867902419,-0.8978045395707417,-0.44039415155763423
691,1.1,33,2.5,0.0,0.0,0,1,0,0,0.43388373911755823,-0.900968867902419,-0.9680771188662041,-0.2506525322587213
488,0.4,37,2.9,0.0,0.0,0,1,0,0,0.43388373911755823,-0.900968867902419,-0.9987165071710528,-0.05064916883871355
470,-0.3,41,3.1,0.0,0.0,0,1,0,0,-0.433883739117558,-0.9009688679024191,0.0,1.0
401,-0.6,44,2.3,0.0,0.0,0,1,0,0,-0.433883739117558,-0.9009688679024191,0.20129852008866006,0.9795299412524945
279,-1.0,43,3.1,0.0,0.0,0,1,0,0,-0.433883739117558,-0.9009688679024191,0.39435585511331855,0.9189578116202306
191,-1.2,45,1.1,0.0,0.0,0,1,0,0,-0.433883739117558,-0.9009688679024191,0.5712682150947923,0.8207634412072763
109,-2.0,42,0.7,0.0,0.0,0,1,0,0,-0.433883739117558,-0.9009688679024191,0.72479278722912,0.6889669190756866
129,-2.4,37,0.5,0.0,0.0,0,1,0,0,-0.433883739117558,-0.9009688679024191,0.8486442574947509,0.5289640103269624
339,-2.6,40,1.4,0.0,0.0,0,1,0,0,-0.433883739117558,-0.9009688679024191,0.9377521321470804,0.3473052528448203
727,-2.8,42,1.3,0.0,0.0,0,1,0,0,-0.433883739117558,-0.9009688679024191,0.9884683243281114,0.1514277775045767
1516,-3.0,43,1.1,0.0,0.0,0,1,0,0,-0.433883739117558,-0.9009688679024191,0.9987165071710528,-0.05064916883871264
800,-1.5,33,0.9,0.0,0.0,0,1,0,0,-0.433883739117558,-0.9009688679024191,0.9680771188662043,-0.2506525322587204
582,1.3,27,0.9,0.0,0.0,0,1,0,0,-0.433883739117558,-0.9009688679024191,0.8978045395707416,-0.4403941515576344
635,4.3,25,2.0,0.0,0.0,0,1,0,0,-0.433883739117558,-0.9009688679024191,0.7907757369376989,-0.6121059825476626
664,5.5,20,1.4,0.0,0.0,0,1,0,0,-0.433883739117558,-0.9009688679024191,0.6513724827222223,-0.758758122692791
731,6.5,18,2.2,0.0,0.0,0,1,0,0,-0.433883739117558,-0.9009688679024191,0.48530196253108104,-0.8743466161445821
719,6.3,16,2.9,0.0,0.0,0,1,0,0,-0.433883739117558,-0.9009688679024191,0.29936312297335804,-0.9541392564000488
752,6.4,16,2.0,0.0,0.0,0,1,0,0,-0.433883739117558,-0.9009688679024191,0.10116832198743272,-0.994869323391895
891,6.3,17,1.5,0.0,0.0,0,1,0,0,-0.433883739117558,-0.9009688679024191,-0.10116832198743204,-0.9948693233918952
1101,5.4,19,0.5,0.0,0.0,0,1,0,0,-0.433883739117558,-0.9009688679024191,-0.2993631229733582,-0.9541392564000488
1548,3.9,23,1.0,0.0,0.0,0,1,0,0,-0.433883739117558,-0.9009688679024191,-0.4853019625310808,-0.8743466161445822
1007,2.9,26,1.1,0.0,0.0,0,1,0,0,-0.433883739117558,-0.9009688679024191,-0.651372482722222,-0.7587581226927911
767,2.7,27,1.2,0.0,0.0,0,1,0,0,-0.433883739117558,-0.9009688679024191,-0.7907757369376986,-0.6121059825476627
679,2.2,28,0.8,0.0,0.0,0,1,0,0,-0.433883739117558,-0.9009688679024191,-0.8978045395707417,-0.44039415155763423
729,2.0,30,1.3,0.0,0.0,0,1,0,0,-0.433883739117558,-0.9009688679024191,-0.9680771188662041,-0.2506525322587213
548,2.1,32,1.5,0.0,0.0,0,1,0,0,-0.433883739117558,-0.9009688679024191,-0.9987165071710528,-0.05064916883871355
499,2.4,32,1.7,0.0,0.0,0,1,0,0,-0.9749279121818236,-0.2225209339563146,0.0,1.0
507,2.4,30,1.3,0.0,0.0,0,1,0,0,-0.9749279121818236,-0.2225209339563146,0.20129852008866006,0.9795299412524945
335,2.5,29,1.8,0.0,0.0,0,1,0,0,-0.9749279121818236,-0.2225209339563146,0.39435585511331855,0.9189578116202306
272,2.8,28,1.6,0.0,0.0,0,1,0,0,-0.9749279121818236,-0.2225209339563146,0.5712682150947923,0.8207634412072763
151,3.0,26,1.6,0.0,0.0,0,1,0,0,-0.9749279121818236,-0.2225209339563146,0.72479278722912,0.6889669190756866
95,3.2,27,1.6,0.0,0.0,0,1,0,0,-0.9749279121818236,-0.2225209339563146,0.8486442574947509,0.5289640103269624
79,3.7,25,2.3,0.0,0.0,0,1,0,0,-0.9749279121818236,-0.2225209339563146,0.9377521321470804,0.3473052528448203
30,1.2,87,1.9,0.0,1.3,0,1,0,0,-0.9749279121818236,-0.2225209339563146,0.9884683243281114,0.1514277775045767
33,0.4,96,3.1,0.0,4.0,0,1,0,0,-0.9749279121818236,-0.2225209339563146,0.9987165071710528,-0.05064916883871264
24,0.3,97,3.0,9.1,7.1,0,1,0,0,-0.9749279121818236,-0.2225209339563146,0.9680771188662043,-0.2506525322587204
62,0.4,97,1.8,0.0,8.8,0,1,0,0,-0.9749279121818236,-0.2225209339563146,0.8978045395707416,-0.4403941515576344
114,1.2,97,2.3,0.0,8.8,0,1,0,0,-0.9749279121818236,-0.2225209339563146,0.7907757369376989,-0.6121059825476626
167,2.5,84,1.9,1.8,7.0,0,1,0,0,-0.9749279121818236,-0.2225209339563146,0.6513724827222223,-0.758758122692791
241,2.6,83,1.9,0.0,6.0,0,1,0,0,-0.9749279121818236,-0.2225209339563146,0.48530196253108104,-0.8743466161445821
298,3.0,82,1.7,0.0,5.0,0,1,0,0,-0.9749279121818236,-0.2225209339563146,0.29936312297335804,-0.9541392564000488
330,3.7,78,2.0,0.0,4.1,0,1,0,0,-0.9749279121818236,-0.2225209339563146,0.10116832198743272,-0.994869323391895
436,3.5,82,1.6,0.0,3.6,0,1,0,0,-0.9749279121818236,-0.2225209339563146,-0.10116832198743204,-0.9948693233918952
435,2.9,85,1.6,0.0,3.5,0,1,0,0,-0.9749279121818236,-0.2225209339563146,-0.2993631229733582,-0.9541392564000488
426,2.6,86,1.1,0.0,3.5,0,1,0,0,-0.9749279121818236,-0.2225209339563146,-0.4853019625310808,-0.8743466161445822
420,2.6,85,1.2,0.0,3.3,0,1,0,0,-0.9749279121818236,-0.2225209339563146,-0.651372482722222,-0.7587581226927911
349,2.6,86,1.7,0.0,3.3,0,1,0,0,-0.9749279121818236,-0.2225209339563146,-0.7907757369376986,-0.6121059825476627
392,2.6,85,1.1,0.0,3.2,0,1,0,0,-0.9749279121818236,-0.2225209339563146,-0.8978045395707417,-0.44039415155763423
396,2.7,85,1.1,0.0,3.2,0,1,0,0,-0.9749279121818236,-0.2225209339563146,-0.9680771188662041,-0.2506525322587213
386,2.8,86,1.2,0.0,3.0,0,1,0,0,-0.9749279121818236,-0.2225209339563146,-0.9987165071710528,-0.05064916883871355
420,2.7,86,1.2,0.0,3.0,0,1,0,0,-0.7818314824680299,0.6234898018587334,0.0,1.0
370,2.7,86,1.0,0.0,2.9,0,1,0,0,-0.7818314824680299,0.6234898018587334,0.20129852008866006,0.9795299412524945
285,2.8,86,0.8,0.0,2.9,0,1,0,0,-0.7818314824680299,0.6234898018587334,0.39435585511331855,0.9189578116202306
184,2.6,88,0.9,0.0,2.8,0,1,0,0,-0.7818314824680299,0.6234898018587334,0.5712682150947923,0.8207634412072763
138,2.4,89,0.7,0.0,2.6,0,1,0,0,-0.7818314824680299,0.6234898018587334,0.72479278722912,0.6889669190756866
88,2.1,94,0.4,0.0,2.5,0,1,0,0,-0.7818314824680299,0.6234898018587334,0.8486442574947509,0.5289640103269624
75,1.7,95,0.7,0.0,2.5,0,1,0,0,-0.7818314824680299,0.6234898018587334,0.9377521321470804,0.3473052528448203
142,1.3,96,0.9,0.0,2.5,0,1,0,0,-0.7818314824680299,0.6234898018587334,0.9884683243281114,0.1514277775045767
250,1.4,96,1.0,0.0,2.5,0,1,0,0,-0.7818314824680299,0.6234898018587334,0.9987165071710528,-0.05064916883871264
355,2.3,88,1.1,0.0,2.5,0,1,0,0,-0.7818314824680299,0.6234898018587334,0.9680771188662043,-0.2506525322587204
430,4.0,76,1.3,0.0,2.4,0,1,0,0,-0.7818314824680299,0.6234898018587334,0.8978045395707416,-0.4403941515576344
522,6.0,66,0.9,0.0,2.3,0,1,0,0,-0.7818314824680299,0.6234898018587334,0.7907757369376989,-0.6121059825476626
700,6.9,59,0.9,0.0,2.2,0,1,0,0,-0.7818314824680299,0.6234898018587334,0.6513724827222223,-0.758758122692791
675,8.8,53,1.5,0.0,1.8,0,1,0,0,-0.7818314824680299,0.6234898018587334,0.48530196253108104,-0.8743466161445821
777,9.2,52,1.3,0.0,1.3,0,1,0,0,-0.7818314824680299,0.6234898018587334,0.29936312297335804,-0.9541392564000488
846,9.5,54,1.3,0.0,1.1,0,1,0,0,-0.7818314824680299,0.6234898018587334,0.10116832198743272,-0.994869323391895
872,9.5,56,1.1,0.0,0.8,0,1,0,0,-0.7818314824680299,0.6234898018587334,-0.10116832198743204,-0.9948693233918952
813,9.0,59,0.7,0.0,0.4,0,1,0,0,-0.7818314824680299,0.6234898018587334,-0.2993631229733582,-0.9541392564000488
663,7.3,72,0.7,0.0,0.4,0,1,0,0,-0.7818314824680299,0.6234898018587334,-0.4853019625310808,-0.8743466161445822
616,6.3,73,1.1,0.0,0.4,0,1,0,0,-0.7818314824680299,0.6234898018587334,-0.651372482722222,-0.7587581226927911
570,5.5,77,0.7,0.0,0.4,0,1,0,0,-0.7818314824680299,0.6234898018587334,-0.7907757369376986,-0.6121059825476627
546,4.7,81,1.0,0.0,0.4,0,1,0,0,-0.7818314824680299,0.6234898018587334,-0.8978045395707417,-0.44039415155763423
496,4.2,82,0.9,0.0,0.4,0,1,0,0,-0.7818314824680299,0.6234898018587334,-0.9680771188662041,-0.2506525322587213
379,3.8,83,1.1,0.0,0.4,0,1,0,0,-0.7818314824680299,0.6234898018587334,-0.9987165071710528,-0.05064916883871355
387,3.3,85,1.1,0.0,0.3,0,1,0,0,0.0,1.0,0.0,1.0
214,3.1,84,1.0,0.0,0.3,0,1,0,0,0.0,1.0,0.20129852008866006,0.9795299412524945
175,2.8,87,1.1,0.0,0.3,0,1,0,0,0.0,1.0,0.39435585511331855,0.9189578116202306
119,2.4,90,1.0,0.0,0.3,0,1,0,0,0.0,1.0,0.5712682150947923,0.8207634412072763
99,2.2,93,1.1,0.0,0.3,0,1,0,0,0.0,1.0,0.72479278722912,0.6889669190756866
115,2.1,88,1.4,0.0,0.3,0,1,0,0,0.0,1.0,0.8486442574947509,0.5289640103269624
339,1.8,88,1.1,0.0,0.3,0,1,0,0,0.0,1.0,0.9377521321470804,0.3473052528448203
819,1.7,89,1.3,0.0,0.3,0,1,0,0,0.0,1.0,0.9884683243281114,0.1514277775045767
1524,2.0,84,1.1,0.0,0.3,0,1,0,0,0.0,1.0,0.9987165071710528,-0.05064916883871264
795,3.1,77,0.9,0.0,0.2,0,1,0,0,0.0,1.0,0.9680771188662043,-0.2506525322587204
586,5.1,70,1.2,0.0,0.0,0,1,0,0,0.0,1.0,0.8978045395707416,-0.4403941515576344
643,7.2,66,1.5,0.0,0.0,0,1,0,0,0.0,1.0,0.7907757369376989,-0.6121059825476626
752,9.1,57,1.1,0.0,0.0,0,1,0,0,0.0,1.0,0.6513724827222223,-0.758758122692791
718,11.7,50,1.4,0.0,0.0,0,1,0,0,0.0,1.0,0.48530196253108104,-0.8743466161445821
796,12.8,47,1.2,0.0,0.0,0,1,0,0,0.0,1.0,0.29936312297335804,-0.9541392564000488
794,13.2,43,1.1,0.0,0.0,0,1,0,0,0.0,1.0,0.10116832198743272,-0.994869323391895
935,13.2,44,1.6,0.0,0.0,0,1,0,0,0.0,1.0,-0.10116832198743204,-0.9948693233918952
1156,11.4,48,0.4,0.0,0.0,0,1,0,0,0.0,1.0,-0.2993631229733582,-0.9541392564000488
1708,9.5,56,0.5,0.0,0.0,0,1,0,0,0.0,1.0,-0.4853019625310808,-0.8743466161445822
1181,8.4,61,0.3,0.0,0.0,0,1,0,0,0.0,1.0,-0.651372482722222,-0.7587581226927911
943,7.3,66,0.5,0.0,0.0,0,1,0,0,0.0,1.0,-0.7907757369376986,-0.6121059825476627
955,6.7,71,0.9,0.0,0.0,0,1,0,0,0.0,1.0,-0.8978045395707417,-0.44039415155763423
846,6.2,70,0.4,0.0,0.0,0,1,0,0,0.0,1.0,-0.9680771188662041,-0.2506525322587213
563,5.4,78,1.5,0.0,0.0,0,1,0,0,0.0,1.0,-0.9987165071710528,-0.05064916883871355
496,4.9,79,0.5,0.0,0.0,0,1,0,0,0.7818314824680298,0.6234898018587336,0.0,1.0
408,4.5,82,0.4,0.0,0.0,0,1,0,0,0.7818314824680298,0.6234898018587336,0.20129852008866006,0.9795299412524945
299,3.9,85,0.8,0.0,0.0,0,1,0,0,0.7818314824680298,0.6234898018587336,0.39435585511331855,0.9189578116202306
183,3.5,86,1.4,0.0,0.0,0,1,0,0,0.7818314824680298,0.6234898018587336,0.5712682150947923,0.8207634412072763
95,3.1,88,1.0,0.0,0.0,0,1,0,0,0.7818314824680298,0.6234898018587336,0.72479278722912,0.6889669190756866
140,3.6,84,0.6,0.0,0.0,0,1,0,0,0.7818314824680298,0.6234898018587336,0.8486442574947509,0.5289640103269624
317,3.8,83,0.7,0.0,0.0,0,1,0,0,0.7818314824680298,0.6234898018587336,0.9377521321470804,0.3473052528448203
815,3.6,83,0.9,0.0,0.0,0,1,0,0,0.7818314824680298,0.6234898018587336,0.9884683243281114,0.1514277775045767
1577,4.2,78,1.2,0.0,0.0,0,1,0,0,0.7818314824680298,0.6234898018587336,0.9987165071710528,-0.05064916883871264
800,5.0,75,0.3,0.0,0.0,0,1,0,0,0.7818314824680298,0.6234898018587336,0.9680771188662043,-0.2506525322587204
616,6.4,71,1.0,0.0,0.0,0,1,0,0,0.7818314824680298,0.6234898018587336,0.8978045395707416,-0.4403941515576344
623,7.9,64,1.2,0.0,0.0,0,1,0,0,0.7818314824680298,0.6234898018587336,0.7907757369376989,-0.6121059825476626
672,9.3,61,1.5,0.0,0.0,0,1,0,0,0.7818314824680298,0.6234898018587336,0.6513724827222223,-0.758758122692791
671,11.0,60,0.9,0.0,0.0,0,1,0,0,0.7818314824680298,0.6234898018587336,0.48530196253108104,-0.8743466161445821
600,11.6,70,1.5,0.0,0.0,0,1,0,0,0.7818314824680298,0.6234898018587336,0.29936312297335804,-0.9541392564000488
666,12.5,70,2.1,0.0,0.0,0,1,0,0,0.7818314824680298,0.6234898018587336,0.10116832198743272,-0.994869323391895
775,12.0,74,2.1,0.0,0.0,0,1,0,0,0.7818314824680298,0.6234898018587336,-0.10116832198743204,-0.9948693233918952
1033,11.1,72,2.3,0.0,0.0,0,1,0,0,0.7818314824680298,0.6234898018587336,-0.2993631229733582,-0.9541392564000488
1538,10.2,74,1.2,0.0,0.0,0,1,0,0,0.7818314824680298,0.6234898018587336,-0.4853019625310808,-0.8743466161445822
1023,9.3,52,2.7,0.0,0.0,0,1,0,0,0.7818314824680298,0.6234898018587336,-0.651372482722222,-0.7587581226927911
825,8.3,39,1.6,0.0,0.0,0,1,0,0,0.7818314824680298,0.6234898018587336,-0.7907757369376986,-0.6121059825476627
777,7.5,35,1.8,0.0,0.0,0,1,0,0,0.7818314824680298,0.6234898018587336,-0.8978045395707417,-0.44039415155763423
740,6.6,33,2.1,0.0,0.0,0,1,0,0,0.7818314824680298,0.6234898018587336,-0.9680771188662041,-0.2506525322587213
593,5.8,34,2.6,0.0,0.0,0,1,0,0,0.7818314824680298,0.6234898018587336,-0.9987165071710528,-0.05064916883871355
450,5.1,36,2.2,0.0,0.0,0,1,0,0,0.9749279121818236,-0.22252093395631434,0.0,1.0
434,4.9,26,2.6,0.0,0.0,0,1,0,0,0.9749279121818236,-0.22252093395631434,0.20129852008866006,0.9795299412524945
275,4.1,34,1.3,0.0,0.0,0,1,0,0,0.9749279121818236,-0.22252093395631434,0.39435585511331855,0.9189578116202306
167,3.5,38,1.6,0.0,0.0,0,1,0,0,0.9749279121818236,-0.22252093395631434,0.5712682150947923,0.8207634412072763
128,3.9,26,2.4,0.0,0.0,0,1,0,0,0.9749279121818236,-0.22252093395631434,0.72479278722912,0.6889669190756866
140,3.0,34,1.1,0.0,0.0,0,1,0,0,0.9749279121818236,-0.22252093395631434,0.8486442574947509,0.5289640103269624
287,2.6,33,1.5,0.0,0.0,0,1,0,0,0.9749279121818236,-0.22252093395631434,0.9377521321470804,0.3473052528448203
796,2.5,24,0.2,0.0,0.0,0,1,0,0,0.9749279121818236,-0.22252093395631434,0.9884683243281114,0.1514277775045767
1540,2.1,29,1.1,0.0,0.0,0,1,0,0,0.9749279121818236,-0.22252093395631434,0.9987165071710528,-0.05064916883871264
798,3.0,30,1.3,0.0,0.0,0,1,0,0,0.9749279121818236,-0.22252093395631434,0.9680771188662043,-0.2506525322587204
583,4.4,23,1.6,0.0,0.0,0,1,0,0,0.9749279121818236,-0.22252093395631434,0.8978045395707416,-0.4403941515576344
608,5.7,15,1.1,0.0,0.0,0,1,0,0,0.9749279121818236,-0.22252093395631434,0.7907757369376989,-0.6121059825476626
635,7.9,14,1.7,0.0,0.0,0,1,0,0,0.9749279121818236,-0.22252093395631434,0.6513724827222223,-0.758758122692791
681,9.2,13,1.6,0.0,0.0,0,1,0,0,0.9749279121818236,-0.22252093395631434,0.48530196253108104,-0.8743466161445821
675,10.3,14,1.1,0.0,0.0,0,1,0,0,0.9749279121818236,-0.22252093395631434,0.29936312297335804,-0.9541392564000488
798,10.5,16,2.7,0.0,0.0,0,1,0,0,0.9749279121818236,-0.22252093395631434,0.10116832198743272,-0.994869323391895
808,9.6,17,3.0,0.0,0.0,0,1,0,0,0.9749279121818236,-0.22252093395631434,-0.10116832198743204,-0.9948693233918952
1099,7.6,23,2.9,0.0,0.0,0,1,0,0,0.9749279121818236,-0.22252093395631434,-0.2993631229733582,-0.9541392564000488
1536,6.3,25,2.0,0.0,0.0,0,1,0,0,0.9749279121818236,-0.22252093395631434,-0.4853019625310808,-0.8743466161445822
1039,6.0,24,3.0,0.0,0.0,0,1,0,0,0.9749279121818236,-0.22252093395631434,-0.651372482722222,-0.7587581226927911
842,4.8,29,0.6,0.0,0.0,0,1,0,0,0.9749279121818236,-0.22252093395631434,-0.7907757369376986,-0.6121059825476627
846,4.2,31,1.1,0.0,0.0,0,1,0,0,0.9749279121818236,-0.22252093395631434,-0.8978045395707417,-0.44039415155763423
804,3.2,34,1.3,0.0,0.0,0,1,0,0,0.9749279121818236,-0.22252093395631434,-0.9680771188662041,-0.2506525322587213
555,2.9,31,1.7,0.0,0.0,0,1,0,0,0.9749279121818236,-0.22252093395631434,-0.9987165071710528,-0.05064916883871355
517,2.2,30,0.7,0.0,0.0,0,1,0,0,0.43388373911755823,-0.900968867902419,0.0,1.0
485,1.9,32,1.4,0.0,0.0,0,1,0,0,0.43388373911755823,-0.900968867902419,0.20129852008866006,0.9795299412524945
319,2.1,28,0.4,0.0,0.0,0,1,0,0,0.43388373911755823,-0.900968867902419,0.39435585511331855,0.9189578116202306
195,1.9,33,0.9,0.0,0.0,0,1,0,0,0.43388373911755823,-0.900968867902419,0.5712682150947923,0.8207634412072763
107,2.1,33,0.5,0.0,0.0,0,1,0,0,0.43388373911755823,-0.900968867902419,0.72479278722912,0.6889669190756866
126,1.8,34,0.9,0.0,0.0,0,1,0,0,0.43388373911755823,-0.900968867902419,0.8486442574947509,0.5289640103269624
328,1.1,39,1.3,0.0,0.0,0,1,0,0,0.43388373911755823,-0.900968867902419,0.9377521321470804,0.3473052528448203
800,0.8,41,0.6,0.0,0.0,0,1,0,0,0.43388373911755823,-0.900968867902419,0.9884683243281114,0.1514277775045767
1635,0.8,44,1.7,0.0,0.0,0,1,0,0,0.43388373911755823,-0.900968867902419,0.9987165071710528,-0.05064916883871264
825,1.8,37,0.9,0.0,0.0,0,1,0,0,0.43388373911755823,-0.900968867902419,0.9680771188662043,-0.2506525322587204
595,3.9,28,0.6,0.0,0.0,0,1,0,0,0.43388373911755823,-0.900968867902419,0.8978045395707416,-0.4403941515576344
623,5.2,26,0.5,0.0,0.0,0,1,0,0,0.43388373911755823,-0.900968867902419,0.7907757369376989,-0.6121059825476626
661,5.6,27,0.3,0.0,0.0,0,1,0,0,0.43388373911755823,-0.900968867902419,0.6513724827222223,-0.758758122692791
645,5.3,26,2.1,0.0,0.0,0,1,0,0,0.43388373911755823,-0.900968867902419,0.48530196253108104,-0.8743466161445821
668,6.0,27,0.6,0.0,0.0,0,1,0,0,0.43388373911755823,-0.900968867902419,0.29936312297335804,-0.9541392564000488
652,6.5,32,2.6,0.0,0.0,0,1,0,0,0.43388373911755823,-0.900968867902419,0.10116832198743272,-0.994869323391895
748,5.8,39,2.6,0.0,0.0,0,1,0,0,0.43388373911755823,-0.900968867902419,-0.10116832198743204,-0.9948693233918952
996,5.8,38,1.3,0.0,0.0,0,1,0,0,0.43388373911755823,-0.900968867902419,-0.2993631229733582,-0.9541392564000488
1577,0.0,46,0.9,0.0,0.0,0,1,0,0,0.43388373911755823,-0.900968867902419,-0.4853019625310808,-0.8743466161445822
1026,5.2,48,1.9,0.0,0.0,0,1,0,0,0.43388373911755823,-0.900968867902419,-0.651372482722222,-0.7587581226927911
818,4.1,54,1.3,0.0,0.0,0,1,0,0,0.43388373911755823,-0.900968867902419,-0.7907757369376986,-0.6121059825476627
792,3.8,55,2.1,0.0,0.0,0,1,0,0,0.43388373911755823,-0.900968867902419,-0.8978045395707417,-0.44039415155763423
726,3.0,59,1.1,0.0,0.0,0,1,0,0,0.43388373911755823,-0.900968867902419,-0.9680771188662041,-0.2506525322587213
559,2.6,56,1.9,0.0,0.0,0,1,0,0,0.43388373911755823,-0.900968867902419,-0.9987165071710528,-0.05064916883871355
474,1.8,62,1.6,0.0,0.0,0,1,0,0,-0.433883739117558,-0.9009688679024191,0.0,1.0
456,1.3,63,2.0,0.0,0.0,0,1,0,0,-0.433883739117558,-0.9009688679024191,0.20129852008866006,0.9795299412524945
300,0.6,66,0.5,0.0,0.0,0,1,0,0,-0.433883739117558,-0.9009688679024191,0.39435585511331855,0.9189578116202306
213,-0.1,69,0.9,0.0,0.0,0,1,0,0,-0.433883739117558,-0.9009688679024191,0.5712682150947923,0.8207634412072763
116,-0.5,71,0.4,0.0,0.0,0,1,0,0,-0.433883739117558,-0.9009688679024191,0.72479278722912,0.6889669190756866
149,-0.7,66,0.5,0.0,0.0,0,1,0,0,-0.433883739117558,-0.9009688679024191,0.8486442574947509,0.5289640103269624
293,-0.8,68,0.8,0.0,0.0,0,1,0,0,-0.433883739117558,-0.9009688679024191,0.9377521321470804,0.3473052528448203
750,-1.2,70,0.8,0.0,0.0,0,1,0,0,-0.433883739117558,-0.9009688679024191,0.9884683243281114,0.1514277775045767
1527,-1.5,68,1.1,0.0,0.0,0,1,0,0,-0.433883739117558,-0.9009688679024191,0.9987165071710528,-0.05064916883871264
809,-0.4,57,0.6,0.0,0.0,0,1,0,0,-0.433883739117558,-0.9009688679024191,0.9680771188662043,-0.2506525322587204
554,1.9,51,0.8,0.0,0.0,0,1,0,0,-0.433883739117558,-0.9009688679024191,0.8978045395707416,-0.4403941515576344
642,5.3,43,1.8,0.0,0.0,0,1,0,0,-0.433883739117558,-0.9009688679024191,0.7907757369376989,-0.6121059825476626
720,6.6,35,1.3,0.0,0.0,0,1,0,0,-0.433883739117558,-0.9009688679024191,0.6513724827222223,-0.758758122692791
740,7.1,24,2.8,0.0,0.0,0,1,0,0,-0.433883739117558,-0.9009688679024191,0.48530196253108104,-0.8743466161445821
761,7.8,20,2.2,0.0,0.0,0,1,0,0,-0.433883739117558,-0.9009688679024191,0.29936312297335804,-0.9541392564000488
768,7.0,20,3.3,0.0,0.0,0,1,0,0,-0.433883739117558,-0.9009688679024191,0.10116832198743272,-0.994869323391895
837,7.2,23,1.5,0.0,0.0,0,1,0,0,-0.433883739117558,-0.9009688679024191,-0.10116832198743204,-0.9948693233918952
1047,6.0,29,2.1,0.0,0.0,0,1,0,0,-0.433883739117558,-0.9009688679024191,-0.2993631229733582,-0.9541392564000488
1384,4.7,34,1.9,0.0,0.0,0,1,0,0,-0.433883739117558,-0.9009688679024191,-0.4853019625310808,-0.8743466161445822
1003,4.2,34,2.6,0.0,0.0,0,1,0,0,-0.433883739117558,-0.9009688679024191,-0.651372482722222,-0.7587581226927911
764,3.4,37,2.3,0.0,0.0,0,1,0,0,-0.433883739117558,-0.9009688679024191,-0.7907757369376986,-0.6121059825476627
694,2.6,39,0.3,0.0,0.0,0,1,0,0,-0.433883739117558,-0.9009688679024191,-0.8978045395707417,-0.44039415155763423
712,2.1,41,1.0,0.0,0.0,0,1,0,0,-0.433883739117558,-0.9009688679024191,-0.9680771188662041,-0.2506525322587213
584,1.9,43,1.3,0.0,0.0,0,1,0,0,-0.433883739117558,-0.9009688679024191,-0.9987165071710528,-0.05064916883871355
